id,label,review,split,source_row,group
"chnsenticorp-5487","0","环境很脏，不干净，床单好象很久没换过，破旧不堪宾馆反馈2008年6月29日：谢谢您提的宝贵意见，我们设施设备现已全面更换，欢迎您的下次入住！","train","5487","chnsenticorp-5487"
"chnsenticorp-6133","0","价格太高，性价比不够好。我觉得今后还是去其他酒店比较好。","train","6133","chnsenticorp-6133"
"chnsenticorp-6083","0","非常糟糕的服务态度,隔音非常差即使是在高层夜晚有火车声第二天搬到远洲国际","train","6083","chnsenticorp-6083"
"chnsenticorp-5646","0","电梯太慢，需要等很长时间才能上下楼一次。房间门卡进门也不方便，需要试很多次才能把门打开。条件太一般！携程房价与前台价完全一致。","train","5646","chnsenticorp-5646"
"chnsenticorp-6034","0","锦江贵宾楼房间装修还可以，环境一般，我认为本次入住餐饮服务比较差，比如我点菜时他告诉我68元，但结帐时时98元。而且价格比较高。","train","6034","chnsenticorp-6034"
"chnsenticorp-6491","0","住了一次民国楼，说实话感觉很一般。服务可以说算差的。早餐单早，另一份居然要45，9：30早餐就结束了，9：15去居然也收45，而且没有吃两口宾馆就开始收东西了，398的房价，45的早餐啊，说时候，198的房间，免费的早餐也不会出现这样的服务。民国楼的大床房不能住，房间也特小，下次不会再选择。","train","6491","chnsenticorp-6491"
"chnsenticorp-7539","0","服务态度-没有态度，也就无所谓好坏总台看人-用眼白门童-门童长什么样子，我没见过房内-锁是坏的酒店说明-连中文也有错（潮州在浙江），更不要说英文介绍了，哦，酒店说明本身的英文翻译就拼写错误早餐，吃完后，又在外面找了点东西吃房间价格：390/晚，押金800？？！！","train","7539","chnsenticorp-7539"
"chnsenticorp-6779","0","1.酒店走廊,房间有异味,走廊比较明显2.四星酒店很多没有宽带,有宽带的又需要adsl拨号,对于有些商务人士难以解决问题3.酒店位置相对来说,有点偏离市中心,与介绍不符补充点评2008年4月29日：PS:此酒店的各种房间应该来说,我都体验了，号称只有2间的不知道啥名字的房间也不如新的3星酒店！","train","6779","chnsenticorp-6779"
"chnsenticorp-6824","0","酒店服务不行，尤其是餐厅服务人员。房间较冷，没有暖气、电话。不方便。免费注册网站导航宾馆索引服务说明关于携程诚聘英才代理合作广告业务联系我们Copyright1999-2008,ctrip.com.allrightsreserved.","train","6824","chnsenticorp-6824"
"chnsenticorp-6659","0","可能是以上海地区而言不算贵吧,但是一切都乏善可陈,就是说不出甚么特别不好的,但是也说不出一点好的,反正如果住这种酒店,不如委屈点住廉价连锁酒店还可以省钱早餐没啥东西吃,又是一个扣分项目,前台和服务员动作很慢,还好离机场近,不然不早退房会赶不上飞机","train","6659","chnsenticorp-6659"
"chnsenticorp-7684","0","房间很一般，小，且让人感觉脏，隔音效果差，能听到走廊的人讲话，走廊光线昏暗，旁边没有什么可吃","train","7684","chnsenticorp-7684"
"chnsenticorp-7429","0","房间还比较干净,交通方便,离外滩很近.但外面声音太大,休息不好","train","7429","chnsenticorp-7429"
"chnsenticorp-5847","0","可以这样评价是我们住过的最差的酒店，简陋的大堂，肮脏的房间，可怕的卫生间，绝对是一场恶梦！！","train","5847","chnsenticorp-5847"
"chnsenticorp-7395","0","不建议大家住该酒店，我就是没有看网上点评，入住后很窝火。","train","7395","chnsenticorp-7395"
"chnsenticorp-6871","0","管理混乱，脏、乱、差当地名声不好出租司机找不到此宾馆","train","6871","chnsenticorp-6871"
"chnsenticorp-5542","0","招待所而已吧，唯一可取之处就是交通还行，三环边上。","train","5542","chnsenticorp-5542"
"chnsenticorp-7030","0","环境一般，卫生间不够合理，服务总台的服务待提高;距离浦东机场较远。","train","7030","chnsenticorp-7030"
"chnsenticorp-6827","0","家庭式旅馆，吵架，不干净。莫干山庄很好，但是携程上没有，还有山上有10多家酒店，携程只有2－3家，选择的余地太小。携程你要加油啊！","train","6827","chnsenticorp-6827"
"chnsenticorp-7650","0","服务太差了,堂堂的五星酒店房间里竟连一双拖鞋也没有,连一般的小旅馆也不如,调来调去调了一个垃圾酒店,让人太失望了.","train","7650","chnsenticorp-7650"
"chnsenticorp-7522","0","唉，怎么说呢，这是我住过的最差的的四星的酒店，还是贵宾楼，晕！硬件设施估计只有二星的标准。性价比太低！","train","7522","chnsenticorp-7522"
"chnsenticorp-7230","0","早餐30,不能退,也不能期,太理.以后不再酒店.房有味,修太.","train","7230","chnsenticorp-7230"
"chnsenticorp-5579","0","地面脏,非常不舒服,热水忽冷忽热,浴室太暗,与两年前入住时,差异非常大,原本预定住两晚,最后只住了一个晚上,前台服务不佳,刷卡刷了大半天,还是没成功,才说机器坏了,真是差劲.....","train","5579","chnsenticorp-5579"
"chnsenticorp-5444","0","设备很简单服务意识很差餐厅的设施就跟街边的小滩一样，卫生条件很不好。","train","5444","chnsenticorp-5444"
"chnsenticorp-6999","0","周边环境不太好，比较乱。房间设施简陋，收费偏贵。服务不太到位，中午1点你正在休息时，服务员来打扰要清理房间,真是令人烦恼。结果让他们下午晚些来，结果这一天房间也没打扫。这样的服务在别处是不可能遇到的。","train","6999","chnsenticorp-6999"
"chnsenticorp-6902","0","很典型的型酒店就是房很小,生也不大。并且设施非常的简陋。空得了些","train","6902","chnsenticorp-6902"
"chnsenticorp-7641","0","真的是老酒店了..硬件不好,服务可以,我定的是商务大床房但是一进去比一般酒店的大床房空间还小,真是虚有其名...唉","train","7641","chnsenticorp-7641"
"chnsenticorp-5705","0","这个店太差房间有霉味,最不能忍受的是前台工作效率极低极低!","train","5705","chnsenticorp-5705"
"chnsenticorp-5951","0","新年和太太了二天泉,最後是住了一天就走了,原因房感比不,洗手陋,前台管理十分混,Checkin入住人很多我可以理解,所以Checkout原因前台唯一的刷卡有,使我用信用卡下的金做不了取消,害我苦等了一小.本人很重服素,酒店唯一可取之是房服不,房服很貌,只可惜我再也不考再入住了....","train","5951","chnsenticorp-5951"
"chnsenticorp-7700","0","房间装修有点旧了，隔音较差，且没有宽带上网，服务中规中举，没什么特别，感觉往来的客人很复杂，有骚扰电话。","train","7700","chnsenticorp-7700"
"chnsenticorp-6578","0","房间小，服务水平差（原来开的房间房卡进不去，又换一间），环境吵（外面车来车往），卫生间不干净，价格不低，下次肯定不会去了。不过，天津总体感觉都不好，不光光是酒店，还不如南方的小城市。","train","6578","chnsenticorp-6578"
"chnsenticorp-6466","0","除了位置的优势,房间,服务都很一般...............","train","6466","chnsenticorp-6466"
"chnsenticorp-6677","0","NND!才迟半个小时退房就收我半天的房费！而且也不提前打电话来通知一下！退房时掉了东西在房里他们也不会帮你找的！房间臭死了！离外滩远得要死打的要３０块！以后也不会住这个烂酒店了！ＭＤ,气！","train","6677","chnsenticorp-6677"
"chnsenticorp-7443","0","相对来说，比起东莞，深圳的酒店，该酒店服务质量还是略有小疵。略欠热情与礼貌，有点爱搭不理的。举个例子，在该酒店住宿的最后一个晚上，他们忘了给新拖鞋，我总共打了三个电话，才送过来，当时看酒店环境，似乎并不是非常忙碌。","train","7443","chnsenticorp-7443"
"chnsenticorp-6713","0","要不是赶飞机，绝对不会入住这个酒店，一到前台就听到旁边的顾客和酒店人员在交涉，原来是他们放在大堂门口的私家车被撬了，车上的数码相机等东西被偷了，实在是太不可思议了！到房间之后本来想出去吃晚饭的，也不敢出去了，怕东西被人偷","train","6713","chnsenticorp-6713"
"chnsenticorp-7564","0","这家宾馆房间、服务都非常差，前台接待人员像和人有仇一样，一点笑容都没有，早餐说是到9点钟，可8点中去饭已经是冰凉的，问服务人员有没有热的，人家却是一幅爱吃不吃的样子，让我们很不舒服。房间还有一股发霉的味道。真不知道携程为什麽会和这家合作，再也不住这家，劝大家也不要去。","train","7564","chnsenticorp-7564"
"chnsenticorp-6241","0","性价比就算可以，但地点有点背，很多出租车不太认识，又是单行路所以交通不是很方便。但考虑到价格因素，这家店还可以。就是房间带个窗户是露在走廊里，没窗帘隔音不好。所以私密性不是很好。","train","6241","chnsenticorp-6241"
"chnsenticorp-7285","0","这种古老的没人住的酒店最好是不要在在携程网上出现了!","train","7285","chnsenticorp-7285"
"chnsenticorp-6440","0","位置一般,门口还在修路,沙尘滚滚,附近没有像样的食店,不建议入住","train","6440","chnsenticorp-6440"
"chnsenticorp-5570","0","走廊上极噪估计是乌合之众的住所根本没睡好害得我考试时候晕糊糊的","train","5570","chnsenticorp-5570"
"chnsenticorp-5448","0","这是我住过的最差的五星级酒店！8月5日住的所谓经济间，504元/晚；房间很小，通道小的只容下一条腿。卫生间没门，淋浴房居然也没门，洗澡水下不去，快漫出卫生间！换了一间，还是这样。地毯很脏！没有服务！再不住了！白送也不住！有被大刀砍的感觉。","train","5448","chnsenticorp-5448"
"chnsenticorp-5883","0","这是我有生以来住过的最差的酒店，竟然早上六点多会有个疯女人来砸门，而酒店的保安无动于衷，我去投诉竟然说是敲错了门。酒店的监控形同虚设，以后绝不会再住了。服务质量绝对需要提高，不配挂准四星的牌。","train","5883","chnsenticorp-5883"
"chnsenticorp-7475","0","房间里的设施没有广告中理想！价格也没有网上所说的那样分明清楚~~","train","7475","chnsenticorp-7475"
"chnsenticorp-6610","0","挂的是四星，但房间的家具及家居用品都很差，象招待所的设备；而且电视还是放在像衣柜的柜子里，要看电视还要先打开柜门才能看，并且无免费矿泉水饮用。","train","6610","chnsenticorp-6610"
"chnsenticorp-6888","0","酒店开业较早,硬件设施老化严重,1天之内在楼层中没有找到服务员","train","6888","chnsenticorp-6888"
"chnsenticorp-5914","0","在当地算是比较好的酒店，所以每次去当地出差基本上都会住这家酒店。酒店服务一般，设施不是很理想，如果能够有针对性的进行改进会更好。","train","5914","chnsenticorp-5914"
"chnsenticorp-5586","0","我们是今年五一期间入住酒店的标间，卫生一般，房间有点异味。酒店对面有个超市，要买东东要赶早，好像晚上8点多就关门了。晚上路边小吃很多。","train","5586","chnsenticorp-5586"
"chnsenticorp-7599","0","位置不错,在市中心,而且离周边几家4,5星酒店都只有10分钟路程.","train","7599","chnsenticorp-7599"
"chnsenticorp-5408","0","酒店在路边，但是很多司机都不认识，可能是靠近云龙湖比较偏吧。酒点的单人间实在太小了，床的一边竟然靠在墙边，把窗帘都压住了，电视都要斜着才能看，11月份了中央空调还没有暖风！！！冷啊。","train","5408","chnsenticorp-5408"
"chnsenticorp-6696","0","早餐的碗碟刚洗出来不消毒就拿来用，水淋淋的；电视机遥控器电池没电；下水道漏水；走廊舍不得开灯，黑乎乎的；游泳池边庭院租给一家饭馆；临近公路，有点吵。","train","6696","chnsenticorp-6696"
"chnsenticorp-6135","0","外表还算过得去，一出电梯就是一股浓重的发霉味；在房间时服务员不敲门不按门铃就进入我的房间，吓出一身冷汗；结账时居然不会刷卡，由于我的信用卡没有密码,居然连刷2次，刷了2倍房费；12点就没有热水，正月初8空调只能达到15度;这样的酒店早就应该降级！","train","6135","chnsenticorp-6135"
"chnsenticorp-6048","0","房间很差，暖气非常不阻，被子又薄，居然连个电话都没有，还是豪华房。下次千万不要住。","train","6048","chnsenticorp-6048"
"chnsenticorp-7432","0","环境一般，住了之后让人感觉价格和服务不成比例！","train","7432","chnsenticorp-7432"
"chnsenticorp-5667","0","典型的垃圾酒店，和同档次的王府饭店和李汪大酒店差得很远，服务差，设施差，给我的感觉是酒店的服务生是上帝好像我签了他们钱似的，checkin的时候无缘无故态度极其恶劣更别说笑容了，建议不要住那里。","train","5667","chnsenticorp-5667"
"chnsenticorp-6960","0","对该酒店不是很满意.预定入住2天.结果入住当日查询无客人姓名.通过协成沟通没问题了以后..再CHECKOUT那天收到协程短信说预定只为一天,另一天客人已退房,这完全是该酒店对协程的欺骗.很没好感.","train","6960","chnsenticorp-6960"
"chnsenticorp-6823","0","没有想到携程会提供这样的酒店,房间小,卫生差,毛巾和床单都有可疑的污渍,走廊和房间都有味,卫生间就更不用说了!跟周围50-90元的宾馆没有什么区别,酒店的大门上挂着88元特价标准间!我们是凌晨2点入住的,房间非常不隔音,住在走廊的尽头,","train","6823","chnsenticorp-6823"
"chnsenticorp-6985","0","感觉不是太好，也许前台是看了其他网友的点评吧，感觉一直都在对顾客假笑，令人毛骨悚然。订酒店后还特意去问了一下说是从早上6点就可以入住并不加收房费，可是到酒店之后前台却说要等到12点才能入住。好不容易等到12点40分入住了，才发现前台给的405房间里面住着其他的房客，而前台居然一直都不知道。还有房间的被子上有超级多的毛发，太恐怖了。","train","6985","chnsenticorp-6985"
"chnsenticorp-6561","0","很一般的酒店，不过汕尾也就这样的水平了，无奈","train","6561","chnsenticorp-6561"
"chnsenticorp-5616","0","晚上到的酒店，大堂灯都关了，来客人还舍不得开，打手电开的房，绝了！前脚刚进房间后脚按摩电话就打进来，牛叉！社会主义好啊！","train","5616","chnsenticorp-5616"
"chnsenticorp-6941","0","一个垃圾酒店，徒有其表。完全不管住客的安全，供住客使用的浴巾居然有血迹，恐怖啊，不知道其他的地方是否消过毒，如果染上什么病，真是跳到黄河都洗不清啊。对你的投诉置之不理。服务素质极差。总之再不会住这家酒店及其分店了。","train","6941","chnsenticorp-6941"
"chnsenticorp-6642","0","真没想到，在现代化的北京，还有如此低档而收费却不低的酒店！！！所谓经济标间，窄小、简陋得不可理喻，怎么对得起挂牌3星？？？？？？","train","6642","chnsenticorp-6642"
"chnsenticorp-7727","0","套房面积挺大。最吃惊的是案头上放了文房四宝，差点动了留下到此一游的墨宝的念头，最后还是罢了。床很大，但被单不是太舒服。景观餐厅东西太贵，强烈不推荐。住房客人素质不高，感觉到了乡镇企业家聚会场。下次还是选择4星的吧。","train","7727","chnsenticorp-7727"
"chnsenticorp-5921","0","对新月阁只有失望两个字,我敢说那些评论都是他们自己写的,在丽江太多又便宜又好的客栈根本不用提前预定,新月阁的价钱可以住别的更好的客栈好几天了,他的房间又小东西都没地方放,建议大家去住万古楼那条路的客栈,又大景观又好又便宜,大家把钱留着去玩吧!","train","5921","chnsenticorp-5921"
"chnsenticorp-5412","0","住的房间靠近马路，比较吵。房间有股味道。不如锦江干净。不推荐入住，早饭还可以。","train","5412","chnsenticorp-5412"
"chnsenticorp-6131","0","就值5元的浴盐瓶要赔40元,这不是主要的,最主要的是质量差的东西能伤人,我打开没用力就破,我可不是什么大力士","train","6131","chnsenticorp-6131"
"chnsenticorp-6943","0","听朋友说这家酒店是新装修的，装修的确挺新的。房间里面也挺简洁。只是房间隔音效果很差，对门放的电视声音都可以听到，所以基本没有休息好。早餐很一般。如果去安大和中国科技大学，这家酒店地理位置有优势，步行10分钟即到。","train","6943","chnsenticorp-6943"
"chnsenticorp-7166","0","1.房间有较重的装修气味！2.隔音效果差3.预订的内容不能保证，我订的双人床房间成了双人大床房间！","train","7166","chnsenticorp-7166"
"chnsenticorp-5371","0","由于房间里面的水是锈水，大堂副理免费升级到套间，由于我预定3天，讲好头2晚是478，第三晚是578。结果第三天直接告诉只能是678，经过与携程反映也没有效果，原因就是第三天有一批人来此开会，房间不够，故意把住客赶走。坚决再也不住这里了。态度十分差劲。","train","5371","chnsenticorp-5371"
"chnsenticorp-5769","0","床很大，但房间靠大街，路灯通过卫生间的玻璃照到房间里，影响睡眠。空调装在写字台的正上方，对着头吹，无法工作。","train","5769","chnsenticorp-5769"
"chnsenticorp-6252","0","酒店在铁路旁，晚上火","train","6252","chnsenticorp-6252"
"chnsenticorp-6437","0","这次的感觉一点也不好，定了一天房，因为有事情，下午四点退了房间，居然收了一天房钱，前台服务十分不好，那个男服务生没有水平，希望如家可以过问一下。","train","6437","chnsenticorp-6437"
"chnsenticorp-6807","0","叫酒店早上6点50叫醒，但是在7点10还没有人叫，差点误了飞机！","train","6807","chnsenticorp-6807"
"chnsenticorp-6448","0","后悔!不值!唯一优点交通方便.在很深的小巷里,楼下浴足,恶心!建议取消","train","6448","chnsenticorp-6448"
"chnsenticorp-7704","0","5。1。---5。3。入住一直没敢在房间洗澡。太冷。房间太陈旧。设施太差。房间里提供桶装水还单收费","train","7704","chnsenticorp-7704"
"chnsenticorp-6487","0","点评点啥呢，不知应该说什么了。。。。。。。。。。。。。。。。。。。。。。。。。。。","train","6487","chnsenticorp-6487"
"chnsenticorp-6598","0","就是一般睡觉的地方，和如家差不多吧，还算干净，但住惯了大宾馆的人，住在这里还是有点别扭。","train","6598","chnsenticorp-6598"
"chnsenticorp-5624","0","10-3号入住:卫生间极差,臭气熏天!携程有欺骗嫌疑!","train","5624","chnsenticorp-5624"
"chnsenticorp-6486","0","又要对他进行点评了，呜呜。。。说什么好呢","train","6486","chnsenticorp-6486"
"chnsenticorp-6181","0","因为近昆百所以住了这家五星，感觉最多是个三星。设备老化，环境也不好在闹市也没什么空间给住客如花园什么的。服务员态度也不热情，前台给人感觉业务不熟练，不太会礼貌用语。半夜还被蚊子叮醒了。总之住的不爽。还不如四星的锦江。","train","6181","chnsenticorp-6181"
"chnsenticorp-5577","0","无宽带成为最大问题，周边无工商银行成为第二问题。补充点评2007年1月13日：无可吃的早餐吃成为不可原谅问题。","train","5577","chnsenticorp-5577"
"chnsenticorp-5446","0","太脏，停车场太小，建议携程不要推荐这样的旅馆","train","5446","chnsenticorp-5446"
"chnsenticorp-5623","0","8月刚住过,奉劝大家不要入住这家国营企业,客房服务员极恐怖,还未到中午12点退房时间,就把你的房间磁卡给取消了,私人的物品还都在房间里面,和他们大吵一架才解决,还打电话给携程的人求助,浪费不少时间.补充点评2006年9月18日：早餐也不怎么地","train","5623","chnsenticorp-5623"
"chnsenticorp-6316","0","缺点：房间过于狭小，毛巾更换不勤，而且毛巾有异味儿，不太干净，没有窗户造成房间内霉味儿很浓，没有矿泉水装置，前台服务员态度极其一般，宽带速度太慢。","train","6316","chnsenticorp-6316"
"chnsenticorp-7652","0","黑店啊！！！12点半退房就要加收半天房费还很横房间很暗！！！！比较旧！！","train","7652","chnsenticorp-7652"
"chnsenticorp-5815","0","酒店环境还不错，装修也很好。早餐不怎么样，价格偏高。","train","5815","chnsenticorp-5815"
"chnsenticorp-7544","0","酒店周边环境尚可,离火车站5公里左右,算远,房间空气不行,较旧.不推荐.","train","7544","chnsenticorp-7544"
"chnsenticorp-6347","0","房内设施简陋,客人很少,很冷清,很没落,没有象样的温泉,早餐是有人吃才开火,而且什么都没有,下次不会再选择.","train","6347","chnsenticorp-6347"
"chnsenticorp-6312","0","服务态度不好，换个房间都不给换，弄个最差的给住！","train","6312","chnsenticorp-6312"
"chnsenticorp-7196","0","房间设施与4星的标准差了很远的一个酒店个人认为房间的设施至多达到1颗星就足以匹配的一个酒店由于住的的是1层的原因吧房间里白天几乎都必须开灯而且弥漫了一股潮湿发霉的气味房屋隔音很差一早就被走道过往的客人嘲杂的声音吵得不能好好睡个懒觉","train","7196","chnsenticorp-7196"
"chnsenticorp-5846","0","尽管是四星的宾馆，但这里的服务员都不会笑，不知是何原因！！早餐差劲不说，冰冷的馒头要求打热一下都遭到拒绝。服务太差！和四星的标准根本不符。","train","5846","chnsenticorp-5846"
"chnsenticorp-6257","0","第一：预订时要求免费宽带上网，可最终是“免费不能上网”，饭店解释由于饭店宽带设施原因，只能提供IP地址等，其他没有办法...－－－晕倒！第二：早餐20元质量还不如外面的地摊。第三：前台的服务因该再加强，不要有什么问题就找经理，然后下一句是经理不在。好在只住了一天，下次不在去住","train","6257","chnsenticorp-6257"
"chnsenticorp-5889","0","电梯维修，只能爬楼，房间不大，设施一般。房间里居然连个大灯都没有，只有一盏远远的台灯晃着暗暗的光。最恐怖的是窗户外面就是走廊，隔音基本为零，只要有人走路说话，都会有回音，特响。清晨就有酒店人员穿着拖鞋嘻嘻哈哈的走过，您就别想睡了。","train","5889","chnsenticorp-5889"
"chnsenticorp-7043","0","晚上竟然停电!!!房间还可以，结帐时竟然不返还预授权时签字的单据，跟他们要时，好象哥伦布发现了新大陆!!!!!!请问我都已经结帐了，你们还保留预授权的单据做什么!!!!!!","train","7043","chnsenticorp-7043"
"chnsenticorp-7271","0","一.房间外面是中央空调外机的声音.无法入睡二.酒店服务员好象都是别人欠她钱的表情,不过对那些小日本却非常热情.三.酒店送的早餐品种小也就吧了,但是卫生非常不干净那些碗筷根本和没有洗一样.四.这样的酒店以后免费也不住了.","train","7271","chnsenticorp-7271"
"chnsenticorp-5337","0","位置尚可，离孔府孔庙很近，可以步行过去。环境太差，服务员素质很差，房间连衣架都没有。价格没有吸引力，比相距20米的国际青年旅舍差的太远，那里不仅价格便宜，而且卫生整洁，可以结认一些自助游的同行人，还可以自助洗衣。建议携程取消对该酒店的合作，影响携程的声誉。","train","5337","chnsenticorp-5337"
"chnsenticorp-7716","0","房间装修差设施也不好,早餐很一般.位置偏僻.","train","7716","chnsenticorp-7716"
"chnsenticorp-5872","0","从门面来看，该酒店就显得不够气派，虽然楼层很高。房间从来没有安排到过正面湖景的，尤其是前台的接待的水准实在差，有怨妇状的，有面无表情的。","train","5872","chnsenticorp-5872"
"chnsenticorp-6924","0","副楼的房间很差简直是学生公寓，下水道阻塞，已经维修后还是没有得到改善。建议广大驴友不要预定该酒店的副楼。","train","6924","chnsenticorp-6924"
"chnsenticorp-7033","0","邯郸地区基本没有一家好宾馆。说实话，这也庭难为携程了！就这么几家：邯郸宾馆、邯郸大酒店、迎宾国际。但都很不好。还都乱收费！死贵！","train","7033","chnsenticorp-7033"
"chnsenticorp-7169","0","酒店是挂星四星，但也就二星水平，早餐花样太少。如果是四星就按四星去做，如果说房价低就不要挂四星，以后考虑换其它酒店。另外宽带还得收20块。","train","7169","chnsenticorp-7169"
"chnsenticorp-6630","0","Checkin时入住的承诺到了第二天结帐就不承认了。。。另外前台Checkout速度慢的惊人！再也不住了！","train","6630","chnsenticorp-6630"
"chnsenticorp-6516","0","酒店有餐厅但只提供早餐,没有午饭和晚饭,要跑到酒店外面自己找饭店去吃,非常不方便.","train","6516","chnsenticorp-6516"
"chnsenticorp-5681","0","完全达不到四星标准,前台小姐臭着一张脸,南楼的服务小姐还是瞒热情的.被子有一股怪味,洗手间地板不整洁,电视没有国际台,半夜还接到按摩小姐的电话.唯一觉得还可以的是中餐厅的菜还可以.用餐也不贵.","train","5681","chnsenticorp-5681"
"chnsenticorp-6264","0","个人认为不符合4星的条件,房间很潮湿,酶味太重,,根本没办法入睡,浴室的条件也不怎么样,总之感觉更像个快捷式酒店","train","6264","chnsenticorp-6264"
"chnsenticorp-5398","0","大堂太让人失望了.房间也很小.性价比超低.下次不会再住了.","train","5398","chnsenticorp-5398"
"chnsenticorp-7352","0","感觉不好，房间太旧而房价太贵，早餐也很差！","train","7352","chnsenticorp-7352"
"chnsenticorp-7434","0","房间太小,到总台拿房间居然说我没有预定,还要在打电话到携程去确认!","train","7434","chnsenticorp-7434"
"chnsenticorp-5928","0","酒店很旧，很小，楼道里黑暗，其实就是个小旅馆的设施。建议不要去，吉林省宾馆还不错。","train","5928","chnsenticorp-5928"
"chnsenticorp-7361","0","酒店一般，最受不了的是骚扰电话，一晚上能响4～5回，而且每晚都会打来，只真对单身男客，信息非常准确，严重怀疑是小姐摆平了前台服务员，拿到客人的入住信息。在这样的房间住，心里很不踏实。","train","7361","chnsenticorp-7361"
"chnsenticorp-6302","0","我忘记东西打电话两次，但是没回复。我用信息联络依赖运费宾馆附送我们。但是运费没附送过来。服务台不好。","train","6302","chnsenticorp-6302"
"chnsenticorp-6662","0","房间设施太旧、太差，环境也不好，房间大而无用。非常不喜欢","train","6662","chnsenticorp-6662"
"chnsenticorp-7634","0","很一般的设施,很陈旧.服务也很一般,价格和设施是完全不相关的一个酒店.不会再考虑去入住.","train","7634","chnsenticorp-7634"
"chnsenticorp-5852","0","补充一下：洗发水也要自备。如果您认为洗洁精同样可以洗发的话，那就无所谓啦！","train","5852","chnsenticorp-5852"
"chnsenticorp-7549","0","酒店设施老化，服务互相推委，没有4星的设施怎能享受4星的服务，连空调都不能用的4星，餐饮就是大众食堂的标准，价格是`````````","train","7549","chnsenticorp-7549"
"chnsenticorp-7694","0","在线预订大床房，携程网介绍过于简单，由于18：00后到达，信用卡担保，结果到达在发现是阁楼房，简直.....哎，只希望携程今后能够担负起推荐酒店的审查责任，否则携程会员就无法.......","train","7694","chnsenticorp-7694"
"chnsenticorp-7459","0","前台服务态度不好，不能替客户考虑，宾馆装修，噪音很大，","train","7459","chnsenticorp-7459"
"chnsenticorp-5445","0","房间很大味道，服务差，态度差，房单设施差~~永远不会再去了。差就一个字","train","5445","chnsenticorp-5445"
"chnsenticorp-6679","0","老牌宾馆，设施很旧，两百多元一点都不值，网速较慢。","train","6679","chnsenticorp-6679"
"chnsenticorp-6158","0","这个３星实在太差了，住的房间开始么空调很低，简直没有，到后来么就拉倒空调坏了，住的房间都是一股霉味，床上面也都是发霉的，千万不要住这个酒店，我是一晚上没睡着，太差了．早餐简直就是没东西吃的，简直是一塌糊涂．服务元态度还算可以．","train","6158","chnsenticorp-6158"
"chnsenticorp-7732","0","本来打算在这里入住2天的，但是由于网络极差，导致本人的网络会议数度中断，严重影响工作，所以匆忙离开。对客房的映像很模糊了，唯有哪位业余的IT令我映像深刻！大堂的装修还算可以，服务员也比较热情。对于那些要求高品质网络的用户，不提倡入住。","train","7732","chnsenticorp-7732"
"chnsenticorp-7523","0","一般，就是宾馆设计比较有特色，但是服务实在一般。","train","7523","chnsenticorp-7523"
"chnsenticorp-7675","0","夜景不错，房间不错，早餐很不错，离海边和商业区有点距离，服务满意度也有些距离。","train","7675","chnsenticorp-7675"
"chnsenticorp-5474","0","性价比太差,一个小县城的房价比北京上海广州深圳同级酒店的房价还高,服务跟一般招待所差不多,不值得住!","train","5474","chnsenticorp-5474"
"chnsenticorp-5860","0","帮朋友预定了2个晚上的房间，第二天早上服务员竟然说没有定2个晚上，要求退房，而且态度极其不好，还我朋友担心，跟我电话联系很多次。","train","5860","chnsenticorp-5860"
"chnsenticorp-7087","0","1。卫生间小得不得了，没办法洗澡；2。首次入住居然给我一个没有窗户的房间，后经交涉换了一个，为什么不可以第一次就给客人一个好点的印象呢？傻！","train","7087","chnsenticorp-7087"
"chnsenticorp-7668","0","交通还比较方便,价格相对便宜,但是设施有些陈旧,没有网络可上网,服务生的素质相对较低些,如果重新装修在这个位置应该还是不错.","train","7668","chnsenticorp-7668"
"chnsenticorp-6682","0","终于发现酒店没有被淘汰的原因，因为地处中心地段，第三产业相当的发达。","train","6682","chnsenticorp-6682"
"chnsenticorp-6495","0","感觉很一般，房间的空间太小想比起来赶不上如家！","train","6495","chnsenticorp-6495"
"chnsenticorp-6775","0","交通很方便，离建国门地铁站步行5分钟，但是房间太小，感觉很老气的房子，进屋后觉得很压抑。房间内味道也不是很好。个人认为性价比差。","train","6775","chnsenticorp-6775"
"chnsenticorp-5811","0","地理位置实在太差，就是在城乡结合部。服务意识也没有。出门叫车是完全不可能的。早饭吃了煎鸡蛋后，1个小时后就和同伴一起在轮流找厕所，拉了1天才好。。。。补充点评2008年5月4日：楼下的估计好多都是马甲，居然还有人说这家酒店好的。","train","5811","chnsenticorp-5811"
"chnsenticorp-6866","0","酒店设施和汉庭差不多，但电视不是液晶的（住别的是），酒店旁边比较荒凉，推荐住陕西路附近那几家。但我入住那天的服务员的素质太差，会员卡都办不明白。应加强对他们的基本素质培训。补充点评2008年5月7日：携程的价格实在没有竞争力，可以考虑入汉庭会","train","6866","chnsenticorp-6866"
"chnsenticorp-6049","0","此酒店硬件设施非常差，比如：房间是KTV包房改的，被子很薄，早餐在简陋的包房里就餐（早餐太简单），服务员叼着烟往餐厅里送早餐，大堂只有一个男女公用的卫生间，里面还放着两辆自行车，等我到了酒店服务员还找不到我的订单等等。所有这些都是客观事实，并非我捏造。","train","6049","chnsenticorp-6049"
"chnsenticorp-6080","0","交通不方便不是自己车的话，很不方便的。尤其是在早上叫车他们没有时间观念！客房服务员爱骗人！前台的还可以！房间里有蚂蚁和不名小虫！我以后绝对不会在住那里了！同样的钱我宁愿去开元的！总体来说就可以用一个字概括就是“差”","train","6080","chnsenticorp-6080"
"chnsenticorp-6382","0","只能说，还可以住住。硬件，环境没什么可点评的。免费注册网站导航宾馆索引服务说明关于携程诚聘英才代理合作广告业务联系我们Copyright1999-2008,ctrip.com.allrightsreserved.","train","6382","chnsenticorp-6382"
"chnsenticorp-6431","0","泰达商务酒店的价格比较吸引人房间硬件不错，洗手间也很好。网速比较慢位置很好，在城关区周边的环境太差了。一边是马路，很多卡车。一边是铁路，很多火车。夜里的噪音很大，很难入睡","train","6431","chnsenticorp-6431"
"chnsenticorp-7414","0","同样的价格相差一个月，房间小了一倍！忽悠，接着忽悠！","train","7414","chnsenticorp-7414"
"chnsenticorp-7461","0","总体感觉一般，结账的时候等候时间太长，很慢。。","train","7461","chnsenticorp-7461"
"chnsenticorp-5678","0","该酒店最大的缺点就是：吵闹！对面的大喇叭白天一直在放，里面又有餐厅在吵！白天几乎没发休息！","train","5678","chnsenticorp-5678"
"chnsenticorp-6945","0","房间小的可怜,写字台前如果放个椅子那就和床是零距离了.服务很差,凌晨3点多前台服务员同客人吵架约一个小时,整个楼道房客都无法休息,也许对方是无理取闹,但是事后酒店并没有向客人说明情况并道歉,把所有责任都推给对方,总之长沙之行很失望,小地方毕竟是小地方,但是反过来讲,湖南台办的还是不错的.","train","6945","chnsenticorp-6945"
"chnsenticorp-5762","0","整个酒店一股羊肉的臊味,11月了还没暖气,有空调,居然没有暖风,挨冻.......找遍整个房间没找到酒店任何服务电话,只有一个按摩的......半夜被汽车喇叭惊醒,以为窗户没关好,后来发现关的很严......只有开着电视,昏昏沉沉的居然听到了火车声......","train","5762","chnsenticorp-5762"
"chnsenticorp-6228","0","按常理赣州饭店应该是赣州最好的宾馆,但我错了!它是我住过的最差的宾馆","train","6228","chnsenticorp-6228"
"chnsenticorp-6162","0","浴陋,有水可洗澡,或水不","train","6162","chnsenticorp-6162"
"chnsenticorp-6441","0","记得是3月18日入住，通过携程预定一个3－4楼的商务大床，结果给的1楼，我要求的洗澡设施良好也没有达到，喷头根本固定不住。因为这次是1天也就没有要求更换房间，比起第一次在这里的预定（不是携程），这次非常不满意，终于体验到预定要求无法达到是什么感觉了！！！","train","6441","chnsenticorp-6441"
"chnsenticorp-5810","0","海兴慕名而去！我的评价：地段差，服务一般般，硬件还可以！","train","5810","chnsenticorp-5810"
"chnsenticorp-5750","0","房间设施比较简单。服务员服务也一般，隔音比较差。晚上的骚扰电话，唉，不提了","train","5750","chnsenticorp-5750"
"chnsenticorp-6754","0","闽泰酒店不好.1.卫生:房间有老鼠,有异味2.服务:房间有老鼠,致电前台两次,等了1小时也没人来.挂了""请即打扫""牌,整天也没人来打扫.3.设备:电视遥控坏的.早餐食物种类少,而且难吃.企缸漏水.","train","6754","chnsenticorp-6754"
"chnsenticorp-6511","0","如果你没有足够的耐心可以忍受差劲的服务，就不要入住了","train","6511","chnsenticorp-6511"
"chnsenticorp-6477","0","超级的差，用信用卡预付房费时和结帐时，都是把信用卡扔出来的。房间又脏，而且订的并不是那种经济间，是商务间。房间还有蚊子，要电蚊片却没有机器。","train","6477","chnsenticorp-6477"
"chnsenticorp-7203","0","总体说来,应该是二星级宾馆.因为定的时间比较晚,所以只有这家酒店了.入住时,问前台一些黄山城市的信息,她们说不知道.一个入住也要办理二十几分钟,而且就我们几个人.房间的设施很陈旧,住的也不舒服.","train","7203","chnsenticorp-7203"
"chnsenticorp-6787","0","早餐不好.周围环境还行.一早CHECK-OUT时,大冷的天,我们两女生有好几件行李,叫坐在那门口的保安帮忙叫TAXI,他冲冲的说没空!!!前台小姐说他也不听!怎么有这种人在酒店!炒他100次都不为过.","train","6787","chnsenticorp-6787"
"chnsenticorp-7117","0","酒店前台小女孩子服务太次,态度很差.好象没干过这行.建议经理好好管理管理.酒店位置好,别的就没有什么可以赞扬的了.","train","7117","chnsenticorp-7117"
"chnsenticorp-6542","0","第一次接触速8酒店，感觉比较失望。相比以往接触过的如家、7days、锦江之星等连锁经济酒店，感觉速8无论从硬件到软件都还很有差距。房间小得出乎想象，设施也比较陈旧。服务人员的态度尚算和善，但还是比较呆板僵硬，丝毫没有体现出全球连锁酒店员工的职业素养。","train","6542","chnsenticorp-6542"
"chnsenticorp-6745","0","总体印象：不好。暖气说要晚上十二点来，结果一直都没有，有欺骗嫌疑，由于第二天着急走，就没有去跟酒店理论了。","train","6745","chnsenticorp-6745"
"chnsenticorp-6556","0","房间很小,早餐应当是九点结束,但八点三刻左右餐厅内还有近二十人坐着时","train","6556","chnsenticorp-6556"
"chnsenticorp-6882","0","绝对不值!!!刚住进去卫生间水管爆裂,,匆忙找服务员,半天才来,非常麻木,看了看去找修理工,大概5分钟后回来,此时房间积水有1厘米,半天没修好,要求换房间,然后漫长的","train","6882","chnsenticorp-6882"
"chnsenticorp-6339","0","175元入住标房B。大厅和电梯里有异味。房间里桌子也没擦干净,洗浴间装潢等设备太旧。早饭很差。不值。补充点评2008年8月6日：看了点评去入住的,上当了。估计yangming的点评是托!!","train","6339","chnsenticorp-6339"
"chnsenticorp-6187","0","已经是第三次入住该酒店了，虽然换了一些新床和桌椅，但还是越来越久了．无论是服务还是其他，也就只有一星而已．只是在南戴河的话没办法了．","train","6187","chnsenticorp-6187"
"chnsenticorp-5991","0","该洒店设施不全且不洁净,让客户感觉不太敢放心使用,且服务人员态度不是太好,早上入住客人收拾房间的速度太慢","train","5991","chnsenticorp-5991"
"chnsenticorp-6958","0","门面小，房间也差劲，服务业不行，大堂连个坐的地方都没有，五一路的汉庭快捷就比它强多了，离机场大巴也近，住着也舒服，推荐大家移步去那里。","train","6958","chnsenticorp-6958"
"chnsenticorp-6194","0","服务很差,房间供暖不足。换啦两次房间才行。态度恶劣。新房间床上有别人的毛发。叫服务员换还很不高兴。","train","6194","chnsenticorp-6194"
"chnsenticorp-6127","0","我们住的是13楼,不过因为是延马路,所以到了晚上还是有很吵的声音,隔音不太好,房间内的设施很旧,有可能是年代久远的缘故,都不及如家,莫泰168....性价比很差另外还有","train","6127","chnsenticorp-6127"
"chnsenticorp-5651","0","酒店太陈旧，2-3星的标准！！！！！没安全感！","train","5651","chnsenticorp-5651"
"chnsenticorp-5662","0","看了携程的其他用户评价不错就选择了这家酒店。挺失望的前台的小姐出奇的慢说话也很生硬。更郁闷的是我们住的368一晚的房间房间小浴室和卫生间在一起都是玻璃透明的即使拉下卷帘也有一面是无法遮挡的所以上洗手间觉得十分尴尬。","train","5662","chnsenticorp-5662"
"chnsenticorp-7288","0","房间的环境不好!阴暗潮湿!一点不像星级的宾馆!失望.不过服务还是可以的!","train","7288","chnsenticorp-7288"
"chnsenticorp-7541","0","酒店外面的环境很脏,酒店里面不仅地毯是黑的,连瓷砖地面都是黑的,离市区太远","train","7541","chnsenticorp-7541"
"chnsenticorp-5636","0","在前台不能刷卡预授权，有点不方便。搞不懂，为什么可以刷卡消费，却不能刷预授权？","train","5636","chnsenticorp-5636"
"chnsenticorp-7603","0","位置很好,房间和设施很旧.服务1*.结帐时还经历前台服务员凶客人.补充点评2007年12月9日：携程为什么不把对面的香格里拉发展为伙伴呢?下次去住香格里拉,可能要通过亿龙网定了.","train","7603","chnsenticorp-7603"
"chnsenticorp-6018","0","这个价格来说酒店糟透了.大堂很差很脏,我订的是商务套房,客厅里居然窗户都没有,灯光昏暗.所有的洗淑用品包括毛巾质量都很差.房间有一股味道.用我的笔记本上网时好时坏,到后来索性就连不上了,我只好用自己的无线都比它的强.反正以后不会再考虑这家了","train","6018","chnsenticorp-6018"
"chnsenticorp-5995","0","设施不是一般的差，就是一个招待所。我的毛巾挂在卫生间，等要用的时候，竟然发现上面爬了臭虫。只能把它扔了。餐厅价格也高，一个大葱炒鸡蛋要25元，其他菜可以推想。地段倒是不错，服务态度也还可以，还能够全程刷卡。","train","5995","chnsenticorp-5995"
"chnsenticorp-5891","0","建议不要入住！简直就是2星级以下的宾馆。根本体会不到啥服务。只有嘈杂的人声。整个就是接待旅游会议团队的只顾赚钱的宾馆。早上吃饭更是乱。吃个饭都不安宁。","train","5891","chnsenticorp-5891"
"chnsenticorp-6609","0","订的是豪华标准间,房间里的霉味让人简直不能呼吸,好在服务台给换了一个房,虽然霉味还是有,但比第一间好了很多.这,难道就是传说中的豪华标间?","train","6609","chnsenticorp-6609"
"chnsenticorp-7672","0","有可能是世界上最差的星级酒店，电视都没有，床头柜只配一个，如厕需经走廊......一句话,烂尾楼改装酒店,又不肯花钱,连民工出租屋都不如.","train","7672","chnsenticorp-7672"
"chnsenticorp-5331","0","酒店服务态度极差，设施很差，建议还是不要到那儿去。","train","5331","chnsenticorp-5331"
"chnsenticorp-5874","0","入住退房慢,电梯慢,超市破,房间旧,服务态度差!","train","5874","chnsenticorp-5874"
"chnsenticorp-6557","0","不知前面几位朋友怎么评价的，反正我自己入住后感觉实在不好，CHACKIN","train","6557","chnsenticorp-6557"
"chnsenticorp-5718","0","太差了是在没见过这样的4星级下车没有门童帮着拿行李房间没有冰箱没有小吧台没有保险柜洗手间的水是黄色的昨天晚上气温6度房间没有热风半夜被冻醒。实在不知道4星是怎么得来的，永远不会再去~！！","train","5718","chnsenticorp-5718"
"chnsenticorp-6459","0","有蟑螂！具可怕。解决问题的方法是想送个果盘完事。态度恶劣，只能拎包走人。","train","6459","chnsenticorp-6459"
"chnsenticorp-6279","0","所谓高级大床房，超级无量小。洗脸盆是在卧室里的，淋浴房也是在卧室里的。一大早还没睡醒就有人使用电动钻施工修理。价格偏高，携程价毫无优势，只比前台价便宜9元，而且其他的客人所付房前均比携程低。","train","6279","chnsenticorp-6279"
"chnsenticorp-7643","0","价格在贵阳算便宜的，不过房间太旧，够大，空调暖风白天不开，生气！","train","7643","chnsenticorp-7643"
"chnsenticorp-6515","0","前台服务差，尤其是入住时接待我的那位，男性，圆脸，戴眼镜。另外，我并没有见房间里有欢迎果盘。餐厅饭菜水平较差。价格贵、服务差，看样子真的不能住了。","train","6515","chnsenticorp-6515"
"chnsenticorp-5908","0","除了地理位置很好之外，服务差，房间味道大，隔音效果差，早餐简直无法下箸另外，服务员经常拒绝客人使用信用卡！！！","train","5908","chnsenticorp-5908"
"chnsenticorp-5757","0","很有趣的酒店,设施什么的都还好了,但是早上我还在睡觉,居然有人拿钥匙开了门就进来了,吓了我一跳,减分不少...","train","5757","chnsenticorp-5757"
"chnsenticorp-7118","0","我本来点评是一分的，不知怎么变成了2分，所以再来改一下。","train","7118","chnsenticorp-7118"
"chnsenticorp-5532","0","装修的味道太重，商务标准间的房间太小。旺季的原因吧，我结帐的时候听到当天的房价又提价了，坐地起价，没办法。","train","5532","chnsenticorp-5532"
"chnsenticorp-6927","0","太旧了，房间设施也很差，我还在洗手间看到了蟑螂。而且酒店内有KTV，晚上睡觉非常吵！","train","6927","chnsenticorp-6927"
"chnsenticorp-6725","0","空调声音太大，象拖拉机。服务一般般，不是很热情。","train","6725","chnsenticorp-6725"
"chnsenticorp-5463","0","住过差的，但没有住过这么差的！！昨晚00：00，一少妇在里面捉丈夫奸在房，大喊大闹，要死要活，炒得大家一晚没有睡好。提醒大家，酒店的保密工作很好！住起很放心。","train","5463","chnsenticorp-5463"
"chnsenticorp-7247","0","位置没有携程说的那么中心，距离天河购物中心开车约6-7分钟，走路的话就免了吧。酒店设施和装修很一般，最多一个三星标准。不会再选择这个地方住。","train","7247","chnsenticorp-7247"
"chnsenticorp-6463","0","我客人投诉他11月30日入住的房间，床上有小东西咬人，咬了十多个小红点。请酒店消毒工作做好点。","train","6463","chnsenticorp-6463"
"chnsenticorp-5335","0","设施还将就,但服务是相当的不到位,休息了一个晚上我白天出去,中午回来的时候居然房间都没有整理,尽管我挂了要求整理房间的牌子.","train","5335","chnsenticorp-5335"
"chnsenticorp-6667","0","很老的酒店，箱柜旧的都没法看了，前台服务跟门童都值得夸奖。不然真的是一无是处了。270的价格让人诧异，有点疯。不会再去了。","train","6667","chnsenticorp-6667"
"chnsenticorp-6897","0","我是在正月住过的，感觉装修不错，但是服务一般！感觉服务员服务很是没有培训好！早点吃的也不是很舒服，吃的东西不是冷的就是半热！现在去太仓在看他们房间价格比过年的时候贵２倍，太仓宾馆的房价太高！","train","6897","chnsenticorp-6897"
"chnsenticorp-5329","0","前台checkin花了20分钟，checkout25分钟，这是服务态度和没有做到位。信用卡刷了好几次，不愿意用手工打电话授权。典型国营企业的极差的服务态度。","train","5329","chnsenticorp-5329"
"chnsenticorp-5340","0","与其说是饭店不如说是招待所。早餐品种少而且质量也不高，最不能令人接受的是盛早餐的餐具（盘子，碗）里面都汪着水。唰过后的水根本就被弄干净，恐怕更提不上消毒。补充点评2007年10月8日：哦，忘记了，酒店送水果，这点是不错的。","train","5340","chnsenticorp-5340"
"chnsenticorp-7154","0","房间的卫生间较差，不尽人意。总的感觉不是很好。但是个人用品的卫生还是很规范的，整洁而且包装的很完整。","train","7154","chnsenticorp-7154"
"chnsenticorp-6174","0","房价非常贵,几乎没有房间可以看到对岸的象鼻山.送的水果饼干又少又不好吃.装修很低档的,离市区很远,附近没有吃的地方,吃个米粉都要打的去市区!(附带的说超难打)!!!!谁想烧钱谁去住这个号称桂林第一第二老旧的酒店","train","6174","chnsenticorp-6174"
"chnsenticorp-6324","0","酒店位置比较偏远，按照地址打车去被送到另外一个相同地址的地方，希望酒店引起注意。房间格调很前卫。也许年轻人还可以接受。","train","6324","chnsenticorp-6324"
"chnsenticorp-7659","0","只能说...恐怖...,特价房里面居然有两扇门，虽然大不太，但也让你睡不好...","train","7659","chnsenticorp-7659"
"chnsenticorp-6832","0","刚刚入住就有服务员开门进来问是否要退房，搞到你欲哭无泪，管理肯定有问题，硬件也没有别人说的好，退房的时候遇到其他的退房客才200元一间，郁闷！下次不住这里了。","train","6832","chnsenticorp-6832"
"chnsenticorp-5890","0","如要入住住以下,我提最好不要入住,通程有很多.1.要投金苑酒店1.我是定12/26-12/28共二晚金苑酒店.定要求三房在同一.可是有一房在A座($450).另外在($330)在B座.我到前台的工作","train","5890","chnsenticorp-5890"
"chnsenticorp-5492","0","大床房是有电脑可以上网的（但地毯很脏），还有自费的食品和日用品；标房比较干净，我在卫生间里２次看见有虫虫在爬，没有自费的食品和日用品，也没有电脑上网。大堂经理处理事情的能力极差！我们这批入住的人整体感觉都不满意，性价比实在太低！","train","5492","chnsenticorp-5492"
"chnsenticorp-7721","0","酒店看起来设施都比较陈旧，房间里居然没有中控，非常不方便。热水到还不错。前台态度一般.","train","7721","chnsenticorp-7721"
"chnsenticorp-6752","0","以前在南通、无锡住过很多次格林豪泰，感觉还不错，这次来马鞍山就住在这里。不过床上有虫子，不知道是虱子还是跳蚤，住了2天，全身上下被咬了17个疙瘩，感觉很不爽，都痒了5天了，还没好","train","6752","chnsenticorp-6752"
"chnsenticorp-7569","0","预定的时候注明了要二楼房间，入住时是一楼，网上说加一份早餐10元，实际收15元。住酒店还要交停车费10元。豪华单间房间的地毯湿呼呼的，我真是无语了。但酒店大环境是不错，可惜这环境了","train","7569","chnsenticorp-7569"
"chnsenticorp-7164","0","酒店根本没有装修，屋子里一股霉味。收费的宽带，有的房间还没有。餐厅一他弧度。没有任何值得推荐的地方。强烈建议大家以后不要住这里。","train","7164","chnsenticorp-7164"
"chnsenticorp-7565","0","早餐很一般.房间里还算干净,就是噪音太大,价格相对来说还是贵的","train","7565","chnsenticorp-7565"
"chnsenticorp-6337","0","真的不好..........................................................................................","train","6337","chnsenticorp-6337"
"chnsenticorp-6928","0","酒店的通风不好，感觉很闷，设施很陈旧，根本达不到四星标准，早餐还过得去。","train","6928","chnsenticorp-6928"
"chnsenticorp-5974","0","总体感觉很不好.酒店实际就是一个公寓短租房形式的.藏在一个公寓里的一层.不是很好找.房间的味道很重,感觉脏西西的。估计是卫生人员不勤于打扫.看的出来，酒店想模仿些情人酒店的感觉和商务酒店的简单.不过两个都学的不像.细节做的太差了","train","5974","chnsenticorp-5974"
"chnsenticorp-5684","0","实在比较差的酒店，强烈不推荐！CTRIP现在也越来越不象话！！定的还是豪标房，一进房间，居然两个床靠在一","train","5684","chnsenticorp-5684"
"chnsenticorp-6672","0","酒店比较老旧,早餐种类很少,房间也比较老旧,没什么特色,而且餐饮已承包出去,与酒店财务分开不能挂房帐.据说是阳谷县县政府的招待所,听出租车司机说这里的保安超牛,警察都敢打的.","train","6672","chnsenticorp-6672"
"chnsenticorp-6326","0","酒店的装修颜色实在比较恐怖,黄的,红的,橙色,真的很难看.而且装修很旧,只能讲究点","train","6326","chnsenticorp-6326"
"chnsenticorp-7594","0","12月4日～7日我们一行7人住进了皇嘉，给我和同事感觉都不好，一房间没有暖气，而且换房间态度不好，房间换后还是没有暖气；二房间卫生间设施差，台盆龙头出水很小，洗澡淋浴区，下水不畅，设施陈旧，卫生间洗澡环境很冷；三早餐尚可。希望皇嘉应该重新装修，现在的房间设施和服务不符合4星级的标准和要求。","train","7594","chnsenticorp-7594"
"chnsenticorp-5925","0","以为和温州的华侨饭店一个系统，入住发现像校办酒店，房间隔音很差，而且不仅是左右，楼上的动静也听的到，房间有一股陈年的霉味，行政房就是大些，湖景一般，是湖的一小部分。服务像国企。","train","5925","chnsenticorp-5925"
"chnsenticorp-7126","0","酒店位置还可以，离江边很近。房间因为没窗，所以很热，很闷。早餐不是自助，是份饭，不好吃。","train","7126","chnsenticorp-7126"
"chnsenticorp-7085","0","千万不要相信酒店宣传的什么“环保”！！房间的味道非常重！如果你愿意不断地上楼下楼和总台交涉换房的话，可以考虑。","train","7085","chnsenticorp-7085"
"chnsenticorp-6513","0","Thepositionofthishotelisverybad.补充点评2008年4月6日：1。没有暖气2。有人评论“房间有窗打不开，窗户有玻璃不透明，房间显得非常闷”，试过打开窗户，看到很多坟墓","train","6513","chnsenticorp-6513"
"chnsenticorp-7561","0","房间算大服生也有礼貌周到.可惜其它都太差了.房间充了霉味.洗个浴洗手间全是水.每晚遭到蚊子合攻电蚊香全不管用.家酒店最多星.太失望了....IhavestayedinmanyhotelsalloverAsiaandAmericas.Thishotelisfarfrom4-Starhotel....Whoevergavethishotelthe4-starratingshouldhavehis/herheadexamed.Veryverydisappointed!!!","train","7561","chnsenticorp-7561"
"chnsenticorp-7287","0","感觉相当差劲，异味很大，性价比太低，绝不会再入住。","train","7287","chnsenticorp-7287"
"chnsenticorp-5528","0","已经入住了很多次尼盛万丽酒店，但是感觉服务一次比一次差！作为一个国际连锁的品牌酒店，居然退房的时候要查房,感觉对客户没有一点信任！","train","5528","chnsenticorp-5528"
"chnsenticorp-6690","0","酒店太脏且设施陈旧，不符合三星标准，前台价格低于携程价格","train","6690","chnsenticorp-6690"
"chnsenticorp-5343","0","房间的格局在风水中属败相,卫生间马桶堵塞,无奈的一晚!!!","train","5343","chnsenticorp-5343"
"chnsenticorp-6873","0","本来定了3天，不过实在冷死了，，，没空调，也没有给暖气之类的打电话问前台，说没办法。那只能退房。根本不是4星级。延吉这个地方，找个小一点，干净一点的酒店住住更好换的是国贸附近的，有民俗房有地暖，还有空调舒服死了才160元。","train","6873","chnsenticorp-6873"
"chnsenticorp-5406","0","这是我住过的最差的酒店，房间气味难闻，刚打了灭蚊药水，换了三个房间还是如此，服务员说：“住久了就习惯了，每个宾馆都有自己的味道。”考！我又不是来体验生活的。周围环境复杂，脏乱差。","train","5406","chnsenticorp-5406"
"chnsenticorp-5648","0","早餐很差，check-in服务也差，我预定的无烟大床，结果进房间发现是2张床的房间，要他们换，发现是大床没错，但是是吸烟房间，唉，将就了。后来发现床垫上放屁股处有一个大大的凹陷，绝对是劣质货。","train","5648","chnsenticorp-5648"
"chnsenticorp-6929","0","酒店的服务员口音比较重，听不太懂总机（好象是总台）说的是什么，多问一句她还不耐烦，这是酒店吗？晕！！！","train","6929","chnsenticorp-6929"
"chnsenticorp-6113","0","酒店服务人员态度不是很好,卫生一般,也因为价格不贵,所以如果下次有机会可能还会入住.","train","6113","chnsenticorp-6113"
"chnsenticorp-7225","0","没有比这更差的酒店了。房间灯光暗淡，空调无法调节，前台服务僵化。用早餐时，服务员居然叫我回房间把拖鞋换成皮鞋再下来，到底谁是上帝，这家酒店的老总应该马上辞职。建议大家不要住这家酒店，有被骗的感觉！","train","7225","chnsenticorp-7225"
"chnsenticorp-5642","0","悔啊！！500多的价格，房间一般也忍了，服务太差了，特别是前台那几个，那个效率，那脸上的表情――有点职业素质好不好！","train","5642","chnsenticorp-5642"
"chnsenticorp-6706","0","非常差的酒店!前台竟然把预授权取消做成了一般消费,现在还要通过银行来沟通.结帐的时候,不给看消费清单就要刷卡,还把房间号给搞错.入住用了一小时,退房用了一小时.太可怕了,下次坚决不住了.","train","6706","chnsenticorp-6706"
"chnsenticorp-6137","0","为什么把一个小房间留给携程网预定的，服务员态度不怎么样。","train","6137","chnsenticorp-6137"
"chnsenticorp-7507","0","这样的酒店一般,前台服务员善意提醒预定房间有些吵(靠近高架),因为只有这样的房间才有收费的宽带,查看房间后感觉还可以,可服务员就不能等待10min再下楼登记,而是要求必须马上登记,好像担心我们会偷他们的东西似的.","train","7507","chnsenticorp-7507"
"chnsenticorp-7476","0","特价房内一股霉味,门面不象携程拍的那么漂亮.","train","7476","chnsenticorp-7476"
"chnsenticorp-6150","0","很小的一个酒店，在小区里，去马路大约要走2-3分钟，酒店淋浴水比较小，特别不满意的是竟然不能延迟至2点退房，只能到12点半，否则要加收半天房费，在外吃饭或中午要小休一会的朋友要注意了。现在的酒店不延迟退房的还没遇到，这是我遇到的第一家。","train","6150","chnsenticorp-6150"
"chnsenticorp-6625","0","手机已收到短消息回复订房OK，前台自己没查到，却叫我打电话给携程，要我自己搞定，即使我给前台看确认的短消息，一样不理，后来我自己打了电话，让携程的客服跟前台通话后，他们就找到了，这就是锦江之星（上海张江店）的服务态度","train","6625","chnsenticorp-6625"
"chnsenticorp-5866","0","这个酒店的所有设施是在是太陈旧了。早餐简直没法下咽。洗澡水小得没法洗澡。房间里尽然没有写字台，害我要座在自己的行李箱上，趴在行李架上上网。本来我想算了就住两天，将就一下吧。可是晚上看电视的时候尽然有一只大老鼠在我面前跑过，吓死我了。没办法第二天一早换酒店。","train","5866","chnsenticorp-5866"
"chnsenticorp-7223","0","没有比这个更差劲的房间了，近火车站。服务一般般","train","7223","chnsenticorp-7223"
"chnsenticorp-6735","0","听当地公安机关说其士酒店服务人员不是特别厚道，据说已经出现过案件。建议换，信阳的阳光宾馆就不错，四星，建议重新考察。","train","6735","chnsenticorp-6735"
"chnsenticorp-6906","0","其实就是原来的招待所，重新装修了一下。倒是比较干净，服务也还可以，设施不是很好，最重要的是那个院子晚上12点要关大门的，结果有一天晚上回来晚了，怎么敲门也没人搭理，后来有个保安出来说走后面的门，真是郁闷啊！","train","6906","chnsenticorp-6906"
"chnsenticorp-6977","0","建议携程取消推荐该酒店,环境很差,楼下有迪厅,不仅有噪音,整个房间都在颤动,根本无法入睡!另外7月31日还没有早餐!","train","6977","chnsenticorp-6977"
"chnsenticorp-6173","0","刚为朋友29号预定的北方担心过，不料30号结房时，前台问我朋友房间的有线电视摇控器不见了，后来在我强烈要求下，酒店人员可能动用百度搜索到摇控器，这才罢休！我就纳闷了：我怎么就这么倒霉啊？每次预定北方都会有麻烦，我想这不是偶然吧，北方的前台服务真的有待提高。","train","6173","chnsenticorp-6173"
"chnsenticorp-6051","0","订了两次这家酒店,遇到都是几乎相同的问题,我在备注里写的很清楚,""不临街,安静,高层,不要KTV上的房型,""不知道什么原因,是携程没有把信息传给酒店,还是酒店的理解有问题,第一次给了我","train","6051","chnsenticorp-6051"
"chnsenticorp-5724","0","很很的酒店星差不多！不知道3星怎么上去的？房首先光很暗，壁非常！上有水的痕，浴室非常非常小！！！竟然用一浴隔着有浴盆等等，毛巾非常破，我是有用得太了！！！房光重不足，服度不好，一直自己房很，可是也看人登的！房推三阻四！就是三星的。。","train","5724","chnsenticorp-5724"
"chnsenticorp-5632","0","房间设施差，房间里一股发霉的味道价格出奇的贵早餐比较差与对面的际豪酒店相比，完全没有竞争力不建议入住此酒店","train","5632","chnsenticorp-5632"
"chnsenticorp-7080","0","不能当时提供发票,说给邮寄,现在还没有收到发票,感觉被欺骗了","train","7080","chnsenticorp-7080"
"chnsenticorp-5691","0","不如新开张时候好了，房间的地毯比较脏，网速是很慢的，电视的操作也非常不人性化。淋浴的地漏下水很慢，一不小心就要水漫金山！酒店内的按摩和足疗的价格就是让你去一次再也不要去第二次，而且会一直鼓动你增加消费项目！！优点也有，就是前台check-in的女孩倒确实很漂亮，呵呵。","train","5691","chnsenticorp-5691"
"chnsenticorp-6169","0","房间只能算很一般.设施已经相当陈旧.前台的服务水准有很大的问题.没有预授权,2天的房租需要先结算,还要支付押金.住遍中国及国外那么多酒店,没有遇到这样的事情.地理位置还可以!只是这个价位,在深圳别的选择多的是.以后不会再安排客户住去那里.","train","6169","chnsenticorp-6169"
"chnsenticorp-5594","0","太吵闹。服务不好。房间隔音不好。总之很不好。以后不会住了。。55555555","train","5594","chnsenticorp-5594"
"chnsenticorp-7015","0","五一期间，“好心的酒店”居然送我们早餐，但是一个房间只送一份。结果，就是，我们五个房间9个人，只有五个人有早餐，其他4个每人要多付98元一份早餐。我们想把4号的早餐改成2号也不行（我们四号的早上的飞机，早餐６点开始，我们５点要出门）。太不人性化了。其中一个房间居然浴室没有帘子。。。。。。。。。。。","train","7015","chnsenticorp-7015"
"chnsenticorp-5473","0","在临安还是不错的一个酒店，干净。不足的是：1窗的隔音不好，很早就能听到外面的汽车声。2电视频道太少，临安已经是数字有线电视了但不知酒店为什么还没有。3没有免费的饮用水提供。4前台服务员不够专业、热情和礼貌。","train","5473","chnsenticorp-5473"
"chnsenticorp-7079","0","要不是飞机到达时间22点才不会选择此酒店,外面飞机的声音很大,隔音效果很差,房间也一般.晚上有骚扰电话,下次不会选择.","train","7079","chnsenticorp-7079"
"chnsenticorp-6867","0","住过得最烂的酒店，房间隔音非常不好，隔壁电视机声音、走廊人说话声音和开关们声音都非常大，倒霉的是赶上一拨旅行团，晚上有人喝多了大声喧哗还打架，简直没办法睡觉。最让人难以忍受的是晚上11点左右多次有电话打过来问需不需要特殊服务，太可怕了！以后倒找钱都不会住了。","train","6867","chnsenticorp-6867"
"chnsenticorp-5515","0","房间环境尚可,卫生让人担忧,床单圬迹斑斑!有骚扰电话补充点评2008年4月6日：停车场没有灯,还污水满地留,建议取消该店","train","5515","chnsenticorp-5515"
"chnsenticorp-6331","0","就在美美百","train","6331","chnsenticorp-6331"
"chnsenticorp-7255","0","前天入住,感觉没有上次好,2年前住过同一个房间,现在的设施也旧了,早餐也很差,停车场的人员服务也很次,下次不会选择住这里了,我觉得都没有如家舒服!","train","7255","chnsenticorp-7255"
"chnsenticorp-5905","0","服务比较差，晚上经常有骚扰电话。我最不满意的是，我就打了2分钟长途电话，他们说我电话没挂好，计费系统还是继续计算，结果收了我60块电话费。早餐听说很差，没有去试。","train","5905","chnsenticorp-5905"
"chnsenticorp-5939","0","酒店前台服务差，对待客人不热情。号称携程没有预定。感觉是客人在求他们，我们一定得住。这样的宾馆下次不会入住！","train","5939","chnsenticorp-5939"
"chnsenticorp-5792","0","酒店设施陈旧，浴缸排水不畅，入住无房，一间16：00，一间22：00，早餐差","train","5792","chnsenticorp-5792"
"chnsenticorp-5663","0","住去感不是那回事,很,不很干.旁的海很,有大水往海注入水.真想逃走.","train","5663","chnsenticorp-5663"
"chnsenticorp-7278","0","隔音很差，交通尚可，设施较陈旧，总体感觉不像三星的酒店。","train","7278","chnsenticorp-7278"
"chnsenticorp-6535","0","房间","train","6535","chnsenticorp-6535"
"chnsenticorp-7436","0","专门定的宽带房，竟然无法上网，酒店也没有技术人员","train","7436","chnsenticorp-7436"
"chnsenticorp-5696","0","可能是周总理住过房间比较朴素陈设与服务简单不过早餐丰盛","train","5696","chnsenticorp-5696"
"chnsenticorp-7460","0","上网的宽带不太稳定，同事入住的时候都会带一个CDMA上网卡。。","train","7460","chnsenticorp-7460"
"chnsenticorp-6057","0","强烈不推荐靠马路的房间特别是单人间,因为整个房间除了凌晨1点到5点是稍安静的以外其他时间都是在刺耳的噪音中.虽然挂5星却有2星的房间和最差的服务.以后再不会入住.","train","6057","chnsenticorp-6057"
"chnsenticorp-7021","0","服务很差，晚上竟然停电了2-3个小时。周边很荒凉。房间里面一张圆床占了很大面积，其他都显得很拥挤，床头边上就是洗手池，头顶对着淋浴房和马桶！设计很不合理！","train","7021","chnsenticorp-7021"
"chnsenticorp-6261","0","根本不是酒店，不是人住的，房间加洗手间一共就6个平方，走路的地方都没有，而且卫生设施非常差，电视机小的看不到，加起来才3频道，简直就是难民营！！强烈建议大家不要图便宜住这家酒店！！","train","6261","chnsenticorp-6261"
"chnsenticorp-7705","0","白天没有热水，洗手间里竟然还有蚂蚁在爬，很小的淋浴房，没有浴缸，没有电梯。早餐简单的难以想象。电脑还有病毒，隔音很差，窗台上可以爬进爬出，很不安全。反正，不像三星的酒店。","train","7705","chnsenticorp-7705"
"chnsenticorp-7004","0","千万别去，虽然员工很尽心，但先天条及不足。在齐市没住过好酒店。我看还是试试如家吧。免费注册网站导航宾馆索引服务说明关于携程诚聘英才代理合作广告业务联系我们Copyright1999-2008,ctrip.com.allrightsreserved.","train","7004","chnsenticorp-7004"
"chnsenticorp-5423","0","我们共5人,其中有外宾.一共住了2天前台的服务态度很冷淡,让人感觉很不好房间还是干净的但感觉对不起它4星的招牌同行中一人没有使用房间内的服务指南本,甚至没有打开过退房却被说在服务指南上留下了一道圆珠笔印子要求赔偿40元因为急赶飞机，申辩无效后就气愤的付钱走了这样的服务态度,真让人失望下次我应该不会再选择它了","train","5423","chnsenticorp-5423"
"chnsenticorp-6445","0","就１７８的价位来说还是不错的，就是床太硬了．酒店没餐厅的，吃饭不太方便，相当与经济行酒店","train","6445","chnsenticorp-6445"
"chnsenticorp-6843","0","可能是酒店比较老的缘故,房间看起来很一般,设施也比较一般.","train","6843","chnsenticorp-6843"
"chnsenticorp-6839","0","隔音实在太差，隔壁房间人睡觉打呼的声音你都能听见，就象在你耳边一样，一个晚上都没睡好，晕～实在差强人意，下次不会再住了！","train","6839","chnsenticorp-6839"
"chnsenticorp-6184","0","客房和前台服务都不错但酒店太陈旧，房间不如一般3星宾馆，阳台卫生间极小位置也不好，花园泳池都很小尤其要说的是酒店花园里的餐厅，叫东海渔家还是东海渔村的太黑了市场8元一斤的海瓜子，他卖50元一斤，还少秤味道也差一盘炒黄瓜要18元根本是露天排档的环境，桌子都脱漆摇晃了很过分","train","6184","chnsenticorp-6184"
"chnsenticorp-6594","0","硐衄跺□:\觞\船\挂□最彻跺□跤堤磁丿叹船腔嬴虚.","train","6594","chnsenticorp-6594"
"chnsenticorp-6848","0","太差了还算国际连锁弄的跟街边店一样的电视没遥控器热水器冷水热水标致相反的害的我开了很久也没出热水房间被子看上去很恶心总之这种饭店呆一次就不会再去了。","train","6848","chnsenticorp-6848"
"chnsenticorp-6185","0","1、门童不专业，我们是晚上10点到的，下出租时，没人开门不说，连箱子都要自己拿。2、房间太小，浴室也小，不象是四星的标准。3、结帐时竟然说两间浴袍不见了，我们入住时根本就没见过浴袍。还想问酒店要呢！4、入住和结帐都慢，总之以后再去，不会再入住了。","train","6185","chnsenticorp-6185"
"chnsenticorp-6016","0","普通的公寓房，服务水平差，不适合商旅人事入住。","train","6016","chnsenticorp-6016"
"chnsenticorp-7499","0","酒店位置还可以价格也勉强房间比较陈旧卫生状况也不太近人意总之不象三星级酒店","train","7499","chnsenticorp-7499"
"chnsenticorp-5817","0","我在国庆前住了6楼的一间朝街的房间，特别吵。晚上很晚的时候，外面还是大卡车开来开去。早上天还没亮，就是卡车的声音。也许不朝街的房间会好点。还有就是卫生间特别小，小得只能容一个人转身。酒店不提供一次性的香皂，我是跟他们要才给的，还好，免费。卫生状况一般，将就吧。","train","5817","chnsenticorp-5817"
"chnsenticorp-5803","0","硬件设施太旧挨着大街，环境很吵价格偏高不符4星","train","5803","chnsenticorp-5803"
"chnsenticorp-5968","0","选择浩海的理由：无不选择浩海的理由：房间隔音效果差；住了４天，停了２次电，反复打电话，才要来了一根蜡烛；浴缸是坏","train","5968","chnsenticorp-5968"
"chnsenticorp-6414","0","上菜速度奇慢,3菜1汤居然用了半小时,差劲!上网另外收费35元,不爽!!免费注册网站导航宾馆索引服务说明关于携程诚聘英才代理合作广告业务联系我们Copyright1999-2008,ctrip.com.allrightsreserved.","train","6414","chnsenticorp-6414"
"chnsenticorp-7377","0","紧邻马路和高架，房间非常吵闹！严重影响休息。宾馆反馈2008年3月13日：您好，非常感谢您提出的宝贵意见，现在我酒店进行全面装修后，已安装了双面隔音玻璃，吵闹声已得到很大改善，期待你下一次入住银河大酒店！","train","7377","chnsenticorp-7377"
"chnsenticorp-5605","0","前台接待太差，酒店有AB楼之分，本人check－in后，前台未告诉B楼在何处，并且B楼无明显指示；房间太小，根本不像4星级设施，下次不会再选择入住此店啦。","train","5605","chnsenticorp-5605"
"chnsenticorp-5552","0","实在不建议大家住在那里，如果你自己没有车的话，价格贵，位置差，我第一次遇上连车都不帮你叫的酒店。竟然让客人自己提着大箱子走上20分钟去打黑车。这是我遇上的最差的酒店。如果有零分第一个打给它。","train","5552","chnsenticorp-5552"
"chnsenticorp-6844","0","便宜没好货!!可能用来当作炮房还嫌周围环境噪音太大!","train","6844","chnsenticorp-6844"
"chnsenticorp-7227","0","酒店的地理位置还算便利，但是酒店的设施非常成旧。前台一听说是携程订的，给的房间全部是陈旧的客房，设施很差，但房价很高。和当地朋友一说，他们认为价格比他们去订高多了！唉……","train","7227","chnsenticorp-7227"
"chnsenticorp-5639","0","门前的解放西街正在全线翻修，汽车根本进不去，也不事先告知。大床是用两个单人床拼凑而成，床垫的塑料外包装还保留完整，褥子又极薄，可以感受到凉意。骚扰电话太多。结帐速度太慢。","train","5639","chnsenticorp-5639"
"chnsenticorp-6962","0","住了几次，价格高，房间差，床又小。要不是在携程上宜宾就这几个宾馆，我早不住了。今天去了，服务态度极差，我发誓再也不去了。郁闷","train","6962","chnsenticorp-6962"
"chnsenticorp-5420","0","接站免费司机是四川人很实在,在路上告诉了一些初到拉萨的注意事项,宾馆很小,不是我们内地的星级标准.早餐还行,卫生间很大,就是价格稍高,我们到的第二天停电,所以我们换宾馆了.","train","5420","chnsenticorp-5420"
"chnsenticorp-5617","0","卫生条件比较差，真的很差！毛巾白里透着黑，马桶和地面已经分家，一碰就要倒。没有停车场，车放在马路边不是太安全","train","5617","chnsenticorp-5617"
"chnsenticorp-6914","0","1,交通离石龙路地铁站步行10分钟，算是比较方便。2、房价和屋内设施不太相符，屋内设备太简陋。3、商务电脑上网还要5元/小时。总值，感觉性价比不好。","train","6914","chnsenticorp-6914"
"chnsenticorp-7421","0","建议订别的酒店,省得心痛,因为这家酒店在我看来是多么的糟糕","train","7421","chnsenticorp-7421"
"chnsenticorp-6108","0","服务还可以，硬件条件一般般，十分的吵，想睡个好觉的千万别住；火车站早已经搬家，坐火车也不方便，倒是晚上饿了吃东西很方便。呵呵，我只住了一晚就跑了。。。","train","6108","chnsenticorp-6108"
"chnsenticorp-6232","0","酒店的房间装修得飞常好，空间也很大，可是我非常不能理解的是，300多一晚的酒店居然房间不提供免费上网。另外，枕巾洗得不干净，说实话下次不考虑住了。","train","6232","chnsenticorp-6232"
"chnsenticorp-6698","0","明明在携程上用信用卡担保定了房，入住时居然前台说没有此信息，而且房间已经住满了，打电话到携程投诉，说是酒店预订部与前台没沟通好，折腾了半天，非常气人!","train","6698","chnsenticorp-6698"
"chnsenticorp-6562","0","这是在携程能找到的、汕尾最好的酒店。没办法","train","6562","chnsenticorp-6562"
"chnsenticorp-5931","0","这酒店的管理实在太有毛病了!10.22号通过携程订1晚.等要续房的时候说房间满?!!没有任何提前的告知,人还没走就把房间租给别人？!","train","5931","chnsenticorp-5931"
"chnsenticorp-5927","0","这个饭店真的很一般，感觉不太好。服务人员态度也不是很好，房间的水龙头出来的水开始相当长时间也是黄黄的。下次不会再去了","train","5927","chnsenticorp-5927"
"chnsenticorp-5384","0","这个如家实在是太小了,房间很小很小,就不舒服了","train","5384","chnsenticorp-5384"
"chnsenticorp-6482","0","没有车的朋友最好慎重考虑,从长途车站到酒店需要45分钟路程100元大洋。本来订的木屋，随后在卫生间下水道爬出15厘米长通体发红蜈蚣一条，在房内肆虐。吓得我们够呛，随后换了480的房间，根本不值这个价，毛巾消毒不到位，浴缸也有问题。","train","6482","chnsenticorp-6482"
"chnsenticorp-6681","0","一到晚上生意就非常的好，这么破的酒店还能吸引人的原因是因为价格还算便宜。","train","6681","chnsenticorp-6681"
"chnsenticorp-5993","0","酒店位置较差，交通极其不便。房间较小，顶多三星级标准，周边环境较差。我是住上后，感觉不太好，在下午6点前退房，结果要收全价，真令人失望。","train","5993","chnsenticorp-5993"
"chnsenticorp-6198","0","酒店服务态度还不错，就是感觉地点比较偏，周围没有什么吃饭的地方。早餐感觉也没有以前好了。宾馆反馈2008年4月5日：酒店离市中心,只有三分钟车程,周围有很多吃饭的地方,欢迎到总台咨询.早餐的品种已调整","train","6198","chnsenticorp-6198"
"chnsenticorp-5578","0","服务还可以。房间奇差，我住的是商务楼层，味道特浓，空调像大马力鼓风机，只能开窗睡觉，整夜与蚊共舞（我是凌晨入住的）。还要表扬一下，携程的客服，当天不知道为什么，几乎所有南宁的酒店都没有大床房，客服还是很有耐心帮我联系好几家酒店。","train","5578","chnsenticorp-5578"
"chnsenticorp-6480","0","方便倒是真方便。可是晚上噪音太大了。正好是个十字路口。整个晚上全过车。鸣笛不止。睡觉轻的还是不要去住了","train","6480","chnsenticorp-6480"
"chnsenticorp-7110","0","第一次去潍坊,第一次住如家,酒店服务一般,房间的纯净水第二天过期,没敢喝,空调声音大,一晚上没睡好.而且晚上还征询需要按摩服务吗?????","train","7110","chnsenticorp-7110"
"chnsenticorp-7246","0","携程推荐不怎么样,总台登记后房间在打扫,让在大堂等一下,但等了一小时也没人过问,经过与大堂副理交涉亲自领进房,说赔礼送水果,等退房后没见水果送来,如不送就不要说,下次不会在住此酒店了.","train","7246","chnsenticorp-7246"
"chnsenticorp-6588","0","服务员不热情,卫生设备有点老化,如莲蓬头的开关调节不灵.补充点评2008年5月27日：路边的车的声音很明显,可能是那两天在试工的原故.","train","6588","chnsenticorp-6588"
"chnsenticorp-5547","0","很差，相当差，搞得我们的外国客人都发大火了！！！服务不符合四星级的酒店标准！","train","5547","chnsenticorp-5547"
"chnsenticorp-6863","0","虽然是四星级的酒店，但是房间内部装修比一般宾馆还差，但服务员的服务还是不错。宾馆反馈2008年7月10日：赵王宾馆有普通间、标准间、商务间、套间等多种房型，目前，大部分普通间已经完成升级改造，携程客户预订普通间享受免费升级到新改造房型的优惠。","train","6863","chnsenticorp-6863"
"chnsenticorp-5959","0","定了两间一样的房，一间有宽带，一间没有？为什么？有宽带的一间，上网有时能上，有时上不了，急死活人！卫生间房顶漏水，房间里没有任何饮料，问服务员要饮料，回答必须现金结账，不可以挂房帐，岂有此理？","train","5959","chnsenticorp-5959"
"chnsenticorp-6022","0","非常不好，我们渡过了一个让人难以忍受的纪念日.com/thread-1368750-1-2.html补充点评2008年1月30日：.com/thread-1368750-1-2.html","train","6022","chnsenticorp-6022"
"chnsenticorp-7733","0","从重庆过来，机场下来已经是下午5点多了，结果房间没有打扫好，半小时OK，6点，还没有好，15分钟。晕！7点，还没有好，和总台交涉，“我也没有办法”，7点半才进房间。电梯上去走道黑啊。真不知4星怎么挂上去的？从来没有遇到这么差的4星酒店。强烈不推荐！！！","train","7733","chnsenticorp-7733"
"chnsenticorp-7430","0","从04年到06年，常带同事和家人住在主楼1号楼。此次CHECK－IN时，被告知住在2号楼，2号楼没有电梯，带着3岁的小孩很麻烦，另外窗外不象1号楼有风景、房间设置陈旧，价格却与1号楼一样，有一种上当的感觉，将来如果不能事先确认，不打算住在这个酒店了。","train","7430","chnsenticorp-7430"
"chnsenticorp-6417","0","这个酒店太没有职业精神了！等半天打不到一辆taxi，结帐时没给发票……客房条件一般……性价比太低。以后肯定不会再住这酒店。早餐很差，周围环境很差。","train","6417","chnsenticorp-6417"
"chnsenticorp-6286","0","该酒店位置较为偏僻，实在不是好找。酒店的设施与想象的商务酒店有相当的差距，卫生、干净程度比起莫泰、如家等差的较远，房间里烟味极重！而且宽带上网速度极慢！本计划住两天的房间，第二天我就退了房。","train","6286","chnsenticorp-6286"
"chnsenticorp-5942","0","酒店位置就在火车站对面，车流密集，环境也很嘈杂，不适合女士前往。入住时，要注明住贵宾楼的，房间装修稍微好点。另外，服务人员的效率比较慢，不能太心急。","train","5942","chnsenticorp-5942"
"chnsenticorp-5611","0","房间总体来说不错，比较干净，性价比还可以，只是晚上太晚回去大门是关的，要得叫人起来开门，不太方便。还有空调不是中央空调，冬天挺冷，开着空调噪音又太大。洗澡的地方没有隔断，一洗澡就满地都是水。","train","5611","chnsenticorp-5611"
"chnsenticorp-7551","0","自称4星，实际上顶多2星。贵宾楼比较好，房内还挺干净。","train","7551","chnsenticorp-7551"
"chnsenticorp-5599","0","设施很陈旧，卫生间真的有够脏的，没有电梯","train","5599","chnsenticorp-5599"
"chnsenticorp-7302","0","地点偏僻,比较难找到.出租车司机都不知道这个酒店的.早上的自主餐没有什么东西的,用餐环境就在一个走廊上,环境比较差.一张地图要10元钱.","train","7302","chnsenticorp-7302"
"chnsenticorp-6892","0","太差了！！！建议大家千万不要去那里住，服务态度极差，房间极脏，全是虫子！","train","6892","chnsenticorp-6892"
"chnsenticorp-6045","0","地理位置不好，快到民族路顶头了，太偏，出来周围没有什么吃饭和逛的地方。酒店房间小，床太小了。早餐简直太差了，除了凉菜和咸菜，基本没有热菜。而且，8点半刚到，就要撤餐。","train","6045","chnsenticorp-6045"
"chnsenticorp-6782","0","网速非常慢，玩qq游戏都卡了很长时间结帐也挺慢服务员过于积极房间还比较大，就是电视效果很差性价比不高，还要200多","train","6782","chnsenticorp-6782"
"chnsenticorp-7738","0","酒店确实是旧了，房间家具有些都不能用了，连床头灯都坏了，毛巾也感觉脏脏的，房间的隔音效果也特别差，隔壁房间的说话声听得清清楚楚。服务一般，态度不是很好，早餐品种少得可怜。要不是因为离机场非常近，实在是没有优点啊。","train","7738","chnsenticorp-7738"
"chnsenticorp-7571","0","1.早餐很差。2.服务态度很差。3.地理位置也不好。周围没有什么吃的。综合来说，很差。我是2008年4月28日入住的。","train","7571","chnsenticorp-7571"
"chnsenticorp-6624","0","由于火车时间,不得不在早上六点到酒店,等到快八点才入住!好惨!通过携程预订,标明是双早,却给了一张早餐卷券,害得要回房间吃方便面!房间宽带总是断!!不过环境真是不错!","train","6624","chnsenticorp-6624"
"chnsenticorp-6932","0","房间比较大,但是设备显陈旧,最不喜欢是蹲厕,另外每层楼都是出租的办公室和酒店客房一起","train","6932","chnsenticorp-6932"
"chnsenticorp-6157","0","最大的优势是距火车站很近,坐公交去龙门石窟、关林庙等景点十分方便。宾馆设施太陈旧，电视效果差。","train","6157","chnsenticorp-6157"
"chnsenticorp-7276","0","房间细小、地毡恐布，空调不够、服务差劣。应立刻取消预订服务。免费注册网站导航宾馆索引服务说明关于携程诚聘英才代理合作广告业务联系我们Copyright1999-2008,ctrip.com.allrightsreserved.","train","7276","chnsenticorp-7276"
"chnsenticorp-6566","0","位置还比较好找，交通、娱乐、购物都比较方便，服务一般化，进门都没人理，房间太小了，隔音很差，早餐品种太少又不好吃，弄脏了一块小毛巾又不是洗不掉就让我陪10块钱，房费已经预付了，结帐时只需要退我押金就好了，结果等了将近半个小时，前台就一个人，对这个酒店很失望！","train","6566","chnsenticorp-6566"
"chnsenticorp-7181","0","房间太旧,太吵.洗手间没有热水,建议携程取消和其合作.补充点评2007年11月11日：服务态度恶劣,言语不是太冲就是冷冰冰的,房间设施陈旧.卫生间小.","train","7181","chnsenticorp-7181"
"chnsenticorp-6859","0","网路修了2个小时没修好，换房时告知没有房间，明明刚到的客人没有预定都能给商务大床房，怎么我们金卡会员反而没有？换了一间，没有窗户的，没给闷死。强烈要求换房，找来经理，态度很好，马上给换了有窗户的。前台的做法让人很失望。以前一直住这里，下次会改其他酒店。","train","6859","chnsenticorp-6859"
"chnsenticorp-6842","0","充其量是二星的水平.卫生间里没有单独的淋浴间,正对着台盆的墙壁上装个花洒就是淋浴了,所以每次洗完澡整个卫生间都是湿漉漉的,感觉非常不好.服务人员态度差,可能根本没有服务意识,特别是管餐厅的那个负责人(女的,MS是汉族的),我们吃早饭时因为导游未与酒店","train","6842","chnsenticorp-6842"
"chnsenticorp-7607","0","前台服的貌有待改善，做事欠效率，因三名服竟同理一位客人的，其他客人站在服台前，竟不加理，而且的欠佳、冷淡，不，不能符合四星的酒店服。酒台房的施，尤其是生，我想比三星要差，整晚睡得不好。唯一可以美的是bellboy，他的服度良好，笑容可掬。如果要500元住一晚的，在不划算。","train","7607","chnsenticorp-7607"
"chnsenticorp-6036","0","作为一家准四星，居然不能使用信用卡，各位要注意带足money。酒店园内有拉萨著名的纵横夜总会，夜夜笙歌，声音极大，不到一二点不会歇，打到大堂副理也无能为力，因为不属于酒店管，8月21日入住一夜后第二天赶快逃跑。这样的地方居然标间敢收520？！其实，拉萨有很多性价比很高的酒店，建议携程多考察。","train","6036","chnsenticorp-6036"
"chnsenticorp-7744","0","我们7人同行，订了2间标房，1间三人房，到酒店入住时告知三人房与两间标房分别在两幢楼的，三人房checkin的时候又告知房间有问题，还要给了我们两间标房，房间内设施齐全，但是洗澡水放出来就象泥水，要放15分钟才干净，楼内服务台没有服务人员，总体感觉不是很满意。","train","7744","chnsenticorp-7744"
"chnsenticorp-7011","0","后悔看了评价。上面老兄的要求也够低的。1）隔音太差2）早餐太差3）卫生间太小4）房间装修太差总的来说就是一经济性酒店。","train","7011","chnsenticorp-7011"
"chnsenticorp-6357","0","交通非常方便，娱乐也方便。可是环境太差，太吵。晚上的骚扰电话实在太多。不知道为什么酒店不能隔绝这些骚扰电话。不知道住客姓名的外来电话应该一一阻挡。","train","6357","chnsenticorp-6357"
"chnsenticorp-6444","0","如家店的地址都是很偏僻的，不在主干道上，我要求携程帮我订一间楼层稍高的房间，为了安静一点，结果入住是给我一间1楼，真的很高！！！房间的电视机根本没法看，反正这次的预定是非常不让人满意的！！！！","train","6444","chnsenticorp-6444"
"chnsenticorp-7210","0","本来是订的3个晚上，住了2个晚上实在受不了了，我到贵阳的第一个晚上是住在锦江鲜花酒店，第二天委托携程帮我定3个晚上在瑞金酒店，电视比我11年前结婚的电视还破，服务员素质太差了，连基本的礼貌也没有，好象我上辈子欠她们什么一样；敲了一下门马上就开门，我还在房间里面呢，结帐的时候面无","train","7210","chnsenticorp-7210"
"chnsenticorp-7236","0",">三星级的大堂；=零星级的房间；<-三星级的卫生；早餐尚可","train","7236","chnsenticorp-7236"
"chnsenticorp-6115","0","酒店比较偏了，虽然是在东方路上，周围也没什么餐馆可以吃饭的","train","6115","chnsenticorp-6115"
"chnsenticorp-5937","0","该酒店严重名不副实，所谓的商务间豪华间就是一般的标准间，套间就是标准间多出一块，设施陈旧，严重上当。","train","5937","chnsenticorp-5937"
"chnsenticorp-6100","0","该酒店地段不方便，超难打车，服务不到位，酒店设备有点旧","train","6100","chnsenticorp-6100"
"chnsenticorp-5821","0","我是代同事们预订此酒店，之前听说此酒店不错，但没想到几次打电话到酒店咨询事情，前台服务员的态度非常不耐烦，非常差。作为酒店，前台是举足轻重的部门，竟然有这样的服务，令我非常失望。","train","5821","chnsenticorp-5821"
"chnsenticorp-6334","0","顶多附合三星标准,电梯灯光昏暗，房间隔音奇差，房间装修较陈旧,地毯较脏,基本的小形吧台、冰箱都没有，保龄球、游泳池等设施形同虚设，早餐很差。更特别的是，由入住到离店都未能有幸听到服务员的一句“谢谢”，是我住过的最差的四星酒店。","train","6334","chnsenticorp-6334"
"chnsenticorp-6191","0","海口的酒店特别便宜，这家也不例外。不过实际情况应该和价钱成正比，酒店设施比较旧，游泳池是户外的，特别小。下次不会再住了","train","6191","chnsenticorp-6191"
"chnsenticorp-7123","0","于山宾馆服务非常差,是我从未见过的恶劣.柜台动作慢,态度凶,脸色臭,房间没空调又冷又潮,餐厅更差.可能是政府公营,不在乎吧","train","7123","chnsenticorp-7123"
"chnsenticorp-5729","0","经常入住京伦酒店，感觉还不错。但是3月份去的一次，安排了一个最拐角的房间有一张双人床，服务人员说要是豪华间多交钱才能给大双人床，以后去北京会考虑入住别的酒店。","train","5729","chnsenticorp-5729"
"chnsenticorp-6355","0","位置稍偏,好在曲阜本来地方就不大.房间设施一般,较陈旧.","train","6355","chnsenticorp-6355"
"chnsenticorp-5826","0","酒店员工态度超级恶劣。特别是前台。餐厅没有接待客人就坐。最气愤的是话还没说完就把电话挂了。劝大家最好是不要去，不然会被气死，交通又不方便，周围环境复杂。","train","5826","chnsenticorp-5826"
"chnsenticorp-7328","0","不像三星的酒店，根本就是一个2星的酒店啊","train","7328","chnsenticorp-7328"
"chnsenticorp-7283","0","改成淄博招待所比较好，1111111111111111111111111111111111111111111111","train","7283","chnsenticorp-7283"
"chnsenticorp-5714","0","“差“就一个字！以后再也不去这里了。价格还贵的离谱，感觉被坑了。","train","5714","chnsenticorp-5714"
"chnsenticorp-7029","0","该酒店无论硬件还是软件都达不到4星级。院内停车要交费，房间小，装修档次低，房间床和电视机等档次太低，卫生间小且配套用品品种少档次低。与420元豪华房间价格及4星级酒店标准差距太大。如果挂牌4星，山东旅游局相关人员肯定受贿了。给曲阜，给山东丢脸，有骗人之嫌。","train","7029","chnsenticorp-7029"
"chnsenticorp-6789","0","身处在一个风景区的园林式酒店环境空气很好，但房间很旧、地毯很脏、卫生间很小，最可笑的是房门关上后竟然还露着大缝子，隔音级差旁边的任一房间按门铃都以为是敲自己的房间，搞得半夜没睡着大早晨又给吵醒。","train","6789","chnsenticorp-6789"
"chnsenticorp-5990","0","我们在天津玩三天，就这家酒店最差。首先管理混乱，到达酒店各种原因解释没有你想订的房间，入住房间通风极差，控制开关老化失灵，晚上睡觉想关灯只能拧灯泡，前台服务态度糟糕透了，一家严重影响天津形象的酒店。","train","5990","chnsenticorp-5990"
"chnsenticorp-7577","0","真的差得没话说，但说起来又有一堆。住进去的时候发现没有浴巾，第二天却一直打电话说我们拿了那两块浴巾，害得我们6个人一直在等所谓的经理出现解决这两块浴巾的事情。环境还很差，住的房间又小又暗。不要被它的外境给骗了","train","7577","chnsenticorp-7577"
"chnsenticorp-5466","0","酒店服务意识很差，餐厅不能签单，说是怕消费的高于预授权。服务生明显没有经过培训。","train","5466","chnsenticorp-5466"
"chnsenticorp-7088","0","订房间时说,免费延迟退房至16：00点.但是,完全不可能..延迟退房要收半天房费.","train","7088","chnsenticorp-7088"
"chnsenticorp-7120","0","房间有漏水痕迹，内部感觉也不好，价格也不便宜，不想再次入住","train","7120","chnsenticorp-7120"
"chnsenticorp-5731","0","差差差，太差了！不是一般的差，我希望以后携程不要再推荐这样的酒店给我！！！","train","5731","chnsenticorp-5731"
"chnsenticorp-5484","0","酒店不承认此次预定，与携程交涉7、8次才解决！！补充点评2007年6月20日：明明入住了酒店！300多无窗房，勉强3星级别的标准，还不如住如加快捷","train","5484","chnsenticorp-5484"
"chnsenticorp-6469","0","房间整洁，空间狭小，椅子和床之间太近了，坐在桌前不舒服，电视为吊挂式，只能躺在床上看，而且必须抬着头，建议换成壁挂式小液晶。","train","6469","chnsenticorp-6469"
"chnsenticorp-5867","0","此酒店位置太偏，附近没有商业网点，很不方便。房间的墙壁，厕所有点不干净。虽有早餐，但早上7点前不提供。我因要赶早班车，需7点前离店，只能去吃他们付费餐厅的早餐。很奇怪，同样的厨房，付费的就有，附送的早餐就没有。","train","5867","chnsenticorp-5867"
"chnsenticorp-6288","0","至少在目前阶段，这个酒店不适合居住；同时，携程方面提供的信息未能真实反映酒店的情况，比较遗憾。","train","6288","chnsenticorp-6288"
"chnsenticorp-6267","0","环境不怎样，住了一天就换了！性价比不高，服务有待改进！","train","6267","chnsenticorp-6267"
"chnsenticorp-5417","0","如果不是因为他是4星不会入住，但入住后才知道上当了，房间很旧，只有高级房才能提供上网，早餐品种很少，服务员服务质量很差。","train","5417","chnsenticorp-5417"
"chnsenticorp-5513","0","房间打扫的不干净（桌下竟然有一只脏袜子），设备比较旧，早餐太差，还有就是在洗澡时洗一半竟然没冷水，差点烫伤，总的来说比较差，以后不会再选择入住该家酒店","train","5513","chnsenticorp-5513"
"chnsenticorp-6533","0","陈旧不堪，朝向不好。有众多不文明的现象。老板在吧台内的动作滑稽可笑。","train","6533","chnsenticorp-6533"
"chnsenticorp-7019","0","住过的最差的酒店之一，房间有霉味，我住的是套间，外间有个电脑，网速很慢。早餐奇差！为了和其他的人一起，凑合住吧！","train","7019","chnsenticorp-7019"
"chnsenticorp-5863","0","以前住过一次，发现了一只老鼠，后来看到别人说他们重新装修过，所以这次还是选了这个酒店。可是实在是让我失望，一切如旧，什么也没有变，只住了一个晚上，我就生病了。下次再也不会住这个酒店了。","train","5863","chnsenticorp-5863"
"chnsenticorp-5351","0","不太好，晚上被卡拉OK的声音干扰到很晚。楼下的饭店也搞出很多污染。","train","5351","chnsenticorp-5351"
"chnsenticorp-6864","0","在佳木斯这个地方我还有什么选择？没有热水，其他都还好。他们说的热水就是相对与冰冷的冷水而言的，早晚其实都没有能舒服洗澡的热水的。","train","6864","chnsenticorp-6864"
"chnsenticorp-7660","0","条件根本够不上星级，只有价格不让三星，老房子、老设施、老装修，房间非常陈旧，建议携程在预定的时候能够说明房间情况，以后肯定不会住到这里。","train","7660","chnsenticorp-7660"
"chnsenticorp-6503","0","什么破烂酒店，可以说是携程提供酒店里面最差的了，而且差到无法形容，什么都不好，唯一地段好","train","6503","chnsenticorp-6503"
"chnsenticorp-5435","0","我住在6楼,3楼KTV的声音很吵!打电话到大堂投诉居然把电话挂掉就算了......以后肯定不会再入住这酒店","train","5435","chnsenticorp-5435"
"chnsenticorp-5409","0","总台冷冰冰，酒店冷清清。性价比不高，价格偏贵，不如住嘉利。","train","5409","chnsenticorp-5409"
"chnsenticorp-6413","0","交通不方便，没什么车，隔音很差，虽然是新开的，但是同价位还是选择汉庭和莫泰吧，房间感觉就像是纸糊的，浴室太差了","train","6413","chnsenticorp-6413"
"chnsenticorp-6525","0","也就适合做个落脚点，环境嘈杂，房间陈旧，连窗户都关不上。","train","6525","chnsenticorp-6525"
"chnsenticorp-5978","0","这是我第二次住该酒店，感觉明显不如以前了，看来酒店的管理不够。","train","5978","chnsenticorp-5978"
"chnsenticorp-7339","0","这个酒店到还可以。但是最近两次住那里两晚以上，结果酒店每次都给携程说我只住了1晚就离店了，太不象话了，影响我的积分。酒店使这点小心眼，太不应该了！！！","train","7339","chnsenticorp-7339"
"chnsenticorp-5742","0","这家也能叫三星级的?屋里进去，不知道啥味道，浴室的毛巾脏得要命，洗澡没有热水。第二天就换了隔壁的宾馆，价格要便宜，而且又干净。希望携程不要再推荐这家宾馆了，太另人失望！！！！！！","train","5742","chnsenticorp-5742"
"chnsenticorp-6947","0","周边环境还是不错的，但是酒店的服务人员态度奇差，房间比较小，是我住过酒店中间服务最差的一个。","train","6947","chnsenticorp-6947"
"chnsenticorp-7135","0","一般，总的来说不及莫泰。交通也不是特别便利。以后不会在去这家酒店","train","7135","chnsenticorp-7135"
"chnsenticorp-7573","0","很好的地理位置，一蹋糊涂的服务，萧条的酒店。","train","7573","chnsenticorp-7573"
"chnsenticorp-6425","0","因为工作关系，这里位置还是可以的，周围环境呢就不是很好，房间还行，干净就好。","train","6425","chnsenticorp-6425"
"chnsenticorp-5349","0","说是4星的，居然没有设置无烟房，实在是无语。宾馆反馈2008年4月28日：尊敬的宾客，非常感谢您入住七星商务酒店！本酒店10楼为无烟楼层客房，楼层及客房均设有明显无烟楼层标志。我们诚挚地期待您下次光临我们酒店，我们将尽量满足您的订房需求。","train","5349","chnsenticorp-5349"
"chnsenticorp-5670","0","很普通的一间酒店，应该说不值这个价格。酒店老，房间小，早餐差。周围正在修路，乱得一塌糊涂。想找个好一点儿的饭店，很难！在酒店吃了一顿饭，居然连正规的餐牌都没有，蹊跷！不过服务还是不错的，这也是唯一值得称道的地方！","train","5670","chnsenticorp-5670"
"chnsenticorp-6381","0","这个酒店啊，不务正业!奉劝该管理层，心思用到正地方。","train","6381","chnsenticorp-6381"
"chnsenticorp-6665","0","房间地毯还有沙发都很脏,床的弹簧都要出来了,很不舒服,以后不会再住了","train","6665","chnsenticorp-6665"
"chnsenticorp-5702","0","房间设施太陈旧，缺少衣橱，卫生间的瓷砖以及毛巾都发黄了，好象是别的酒店淘汰下来的．总的来讲有点对不起２０９元的房价．","train","5702","chnsenticorp-5702"
"chnsenticorp-7257","0","酒店比较旧，设施也比较老，客房服务人员态度比较冷漠，而不讲普通话，让我们外地人觉得有点麻烦。客房里不能烧开水,需要打电话叫服务员送开水过来。","train","7257","chnsenticorp-7257"
"chnsenticorp-6595","0","酒店卫生条件一般，没有纱窗，入住时窗户大开，也没有蚊香，蚊子挺多。酒店有小蟑螂出现。早起赶飞机，6点多钟了，服务员仍呼呼大睡，叫了半天才来其他人结帐。感觉这家锦江之星，是我住过最差的一家连锁店，以后肯定不会入住了。","train","6595","chnsenticorp-6595"
"chnsenticorp-7496","0","单人间房间极小，只能放下张小床和一张小沙发，第一个房间空调坏了，换了个房间，连沙发都没了！房间设施陈旧，只是卫生间还可以。根本达不到四星级标准，连如家这类商务酒店都赶不上，强烈不推荐","train","7496","chnsenticorp-7496"
"chnsenticorp-7749","0","早上自助餐极差，脏得无法吃，居然还每人20.中餐厅服务员极差，要想吃饭，先气死。再也不会去了。免费注册网站导航宾馆索引服务说明关于携程诚聘英才代理合作广告业务联系我们Copyright1999-2008,ctrip.com.allrightsreserved.","train","7749","chnsenticorp-7749"
"chnsenticorp-5805","0","入住这个酒店，应该算是被携程给误导了，把它放在了第一选择位置。如果酒店介绍加上一条说明“紧邻坟场”，估计生意全没了。丽悦（还有丽都）真该好好感谢携程。","train","5805","chnsenticorp-5805"
"chnsenticorp-7209","0","客房环境级差，房间里时常可以看见“小强”，新铺的床单上由占整个面积3分之2的不知道是什么液体留下的印记，还夹杂着3、4个黑鞋印，恶心之极。卫生间所有的下水都很慢，在浴缸里冲澡每5、6分钟得听一小会儿，要不就水淹七军了，毛巾都是灰色的，实在是差劲。建议想入住德请慎重考虑。","train","7209","chnsenticorp-7209"
"chnsenticorp-6315","0","房间冷的受不了，让服务员那条被子足足半小时，电话打了好几个，那床比木板还硬洗澡的水没有热气，这样的就店实在差劲，就是免费我也不会再住了","train","6315","chnsenticorp-6315"
"chnsenticorp-6761","0","三个字：脏、乱、差！房间里面看上去还可以，但是仔细看，很多地方极其脏，服务人员貌似没有培训上岗的,永远封杀了!不明白的是携程竟有这样的协议宾馆,无语!所以也不能太相信携程,自己还要擦亮眼睛.","train","6761","chnsenticorp-6761"
"chnsenticorp-7099","0","令人恐怖的记忆！一个停水停电的酒店在零下十几度的山顶上，居然敢继续叫卖，真是让人后怕不已。幸好最后换了酒店，否则我们都将冻死在山上！！！","train","7099","chnsenticorp-7099"
"chnsenticorp-7188","0","酒店比较陈旧,房间也不大,有股味道.早餐一般.房价也不便宜!总之很一般.","train","7188","chnsenticorp-7188"
"chnsenticorp-7130","0","感觉硬件太差,下次不会去,价格还不低,服务态度一般.","train","7130","chnsenticorp-7130"
"chnsenticorp-6804","0","房间条件太差了，完全浪费了紧邻什刹海、北海的有力位置。或许定位就是给那些到此一游的游客服务吧，方方面面条件都相当差，充其量是一个招待所水平。","train","6804","chnsenticorp-6804"
"chnsenticorp-7365","0","这个所谓的四星级酒店是相当的差，非常旧的房间，非常简陋的设施，通过携程预定，还要将近五百元的高价。当然，也没有办法，因为是周末，又是承德的旅游旺季。可是，其他的酒店却没有这么高的价格，相比之下，天宝假日要比这里强百倍！","train","7365","chnsenticorp-7365"
"chnsenticorp-7155","0","很偏远，外面修路，很脏乱，房间还行，服务一般","train","7155","chnsenticorp-7155"
"chnsenticorp-5801","0","入住的经济客房,一开门进去浓厚的霉味,且无窗户255的房价是不值的,如果住别的酒店的话,可能会更好","train","5801","chnsenticorp-5801"
"chnsenticorp-5956","0","服务差，怎有一酒店水呢?我之前看到是一月的点评说没热方不到现去还是没有，投诉说要换另一家他们居然说叫我可考芦，我马上搬去别家。","train","5956","chnsenticorp-5956"
"chnsenticorp-6314","0","入住宾馆很失望,环境比较差,房间像招待所,正个房间充满着一股下水道的味道.早晨起来,赶紧逃走.","train","6314","chnsenticorp-6314"
"chnsenticorp-7297","0","这个价位，感觉还没有锦江之星好。房间比较旧。隔音不好，可以听到服务员的对讲机声音，有人关门开门都很大声音。热水出得很慢，空调不凉。下次不来了","train","7297","chnsenticorp-7297"
"chnsenticorp-7229","0","像是仓库改的拖鞋不错卫生间还可以早餐很差","train","7229","chnsenticorp-7229"
"chnsenticorp-5655","0","住这里很多次了。但是感觉酒店的服务质量在下降，价格反而是不断上升。我住的房间的楼下正在装修，味道很大，打电话给前台，前台居然说没有房间，要我忍耐一下。找了前台经理理论才解决的。","train","5655","chnsenticorp-5655"
"chnsenticorp-7629","0","服务太不到位了本来住一天押金三百,我们先交了三百,但因故要多住一天,早上也没退房,去大堂领餐票时也跟服务员说过,但服务员什么也没说.但当","train","7629","chnsenticorp-7629"
"chnsenticorp-7074","0","很一般的酒店……性价比一般……酒店是旧式房子，门感觉不太安全，洗手间相对来说还算装修的可以，只能算宾馆，不能称作酒店，隔音很差，环境很一般","train","7074","chnsenticorp-7074"
"chnsenticorp-6479","0","＊服务人员态度差，效率底；＊房间小，床不舒服，椅子是烂的；＊结帐，查房速度极慢；＊＊＊结论＊＊＊＊＊＊绝对不再光顾＊＊＊","train","6479","chnsenticorp-6479"
"chnsenticorp-5876","0","以前对和春有着很好的感觉，亲自入住后比较失望……房间很旧了，一切都很旧而显得有些脏，还有些味道儿，给携程的价格也太贵了，不值！今后考虑新开的两家什么星河假日，还有百汇或者新国际假日酒店。","train","5876","chnsenticorp-5876"
"chnsenticorp-6346","0","房间设施质量不是很好，房间很大有20多平方，但感觉不温馨。酒店价格在当地来讲，不算实惠。","train","6346","chnsenticorp-6346"
"chnsenticorp-5930","0","房间超大，噪声巨响，浙江老板，总缺分量。","train","5930","chnsenticorp-5930"
"chnsenticorp-7387","0","酒店位置还好，设施太陈旧，太老了！房间面积太小，硬件的设施糟糕！枕头太低！床垫也硬！","train","7387","chnsenticorp-7387"
"chnsenticorp-6065","0","酒店太脏、太旧、太破！房间厕所都是下水道的臭味！地毯已经旧的看不清楚颜色了。电视机只有6个频道！我真是晕哦！前台服务员都是坐着看着报纸工作的，而且前台只有1个服务员。客房服务员不敲门就开门进来的，受不了哦！！","train","6065","chnsenticorp-6065"
"chnsenticorp-6564","0","房间长时间没有通风了，只有个小窗户在床背，进去后发现整个房间一股霉气，听总台说是因我来迟了，好的都住满了，留下的是最后二个房间了，一楼的。虽然我来迟了点，但是用信用卡预订的，怎么会是最后最差的二个？","train","6564","chnsenticorp-6564"
"chnsenticorp-6549","0","我订的是普通标准间B,感觉非常的糟糕.尤其是淋浴房没设计好,洗完澡之后水流的一地都是,第二天都没干,严重影响心情,本来计划住二天,无奈第二天早上退房了.","train","6549","chnsenticorp-6549"
"chnsenticorp-6881","0","游泳池不错,其他很一般,房间设施差,房间太小,不过价格很便宜,属于一般选择.","train","6881","chnsenticorp-6881"
"chnsenticorp-6872","0","洗澡太不方便了,淋浴一开,水趟满整个卫生间!差差差!","train","6872","chnsenticorp-6872"
"chnsenticorp-5753","0","这家酒店实在不敢恭维房间差，服务差，就是地方还可以，价格便宜。入住后给的第一间房噪音巨大（前台肯定知道，故意给的），换第二间，外面大雨房间小雨（前台肯定也知道这个房间漏雨，故意的），换到第三间才能安稳睡个觉，这个酒店实在太烂了，服务不是一般的差。","train","5753","chnsenticorp-5753"
"chnsenticorp-6239","0","特价房环境非常不好，只有一扇非常小的气窗通向宾馆过道，有点象住在地下室的感觉。房间下水道还往上翻难闻的臭气。请慎重选择此宾馆。","train","6239","chnsenticorp-6239"
"chnsenticorp-6699","0","服务态度很差，房间很破旧，居然还是4星！！！看电视的时候千万要小心，很容易会按错遥控器上的按钮，有很多收费电视，按一下按钮就确认收费了！","train","6699","chnsenticorp-6699"
"chnsenticorp-7138","0","大床房的面积实在太小了！除了床和写字台就没有空间了，没有衣柜，床头柜也只有一个！和如家一样，但价格要贵100元，实在不值得！以后不会再住了！","train","7138","chnsenticorp-7138"
"chnsenticorp-7397","0","1.有急事出去，要们童叫出租车，他们就叫酒店里的黑车，价格是普通出租价的两倍。你提出不要酒店的黑车时，他们就告诉你外面拦不到出租车，我们自己走出去时，外面出租车随时可以拦到。住店期间不止一次发生。","train","7397","chnsenticorp-7397"
"chnsenticorp-6734","0","房间很小，设备很旧，感觉不到家的温馨，环境一般．","train","6734","chnsenticorp-6734"
"chnsenticorp-6995","0","太差了,千万不要订这家酒店!!!!表面看着很气派,其实房间在后院,而且一边在锅炉旁边,一边在路边,房间还不隔音,所谓的大床房其实是最小的房间,就一张床的大小,关键是吵的睡不着,厕所有味道.早餐就更普通了,总之,千万不要订这家酒店!!!!","train","6995","chnsenticorp-6995"
"chnsenticorp-7402","0","27日入住正赶上附近施工，第一印象不好，29日离开时，大厅有钢琴小提琴的表演。订房时（大/双）没得挑，入住时被告知是两间豪标双人间，其实想要一大一双。总之不尽如人意。","train","7402","chnsenticorp-7402"
"chnsenticorp-6319","0","上海的商务成本越来越高这样差的酒店，居然也能得到不错的评价吃：早餐不是一般的难吃住：床特别的不舒服行：打的一般，需要走段路提醒：前台的服务特别差。","train","6319","chnsenticorp-6319"
"chnsenticorp-7298","0","房间太小.设施太垃圾.洗澡水半天都是凉水.放很久才有热水啊.洗澡间放5分钟就水漫金山了，所以原定住10天,结果住了2天就退定了,冰箱没接电,宽带还可以.","train","7298","chnsenticorp-7298"
"chnsenticorp-6784","0","非常糟糕的酒店,住了1天,停电两次,酒店装修的材料很劣质,甲醛的味道让人睁不开眼睛.地理位置也很差,打车很不方便,每次出去都要让前台提前叫车.","train","6784","chnsenticorp-6784"
"chnsenticorp-5439","0","2006年12月16号住了一晚，因为看过ctrip的住户点评区，直到比较吵，专门要了一间8楼的，不靠街面的房间，结果还是吵到不行。而且房间隔音很不好，室外的一点点动作都听的清楚。其次，水龙头的流水真叫那个小啊，虽然中央空调打到30度，淋浴的时候还是冻得不行了，只要随便冲洗一下作罢。","train","5439","chnsenticorp-5439"
"chnsenticorp-6204","0","这破饭店还敢说是2007年新装修，除了墙纸、窗帘换过了，开关、家具、浴缸、马桶都是旧的，房间里那灯和电视机不知是哪个朝代的，携程该给大家好好把把关。","train","6204","chnsenticorp-6204"
"chnsenticorp-5910","0","是拿原来一栋老楼改建的，装修很新，但房间内地面没有地毯，感觉冷冰冰。隔墙隔音很差，晚上被隔壁做爱的声音吵得没法睡。电视频道太少，只有5个。网络带宽太小，只能收发电邮，下载东西简直是做梦。价格还算便宜。","train","5910","chnsenticorp-5910"
"chnsenticorp-6883","0","升为一家三星级的酒店，服务质量相当的差，服务员在电梯里面遇到客人连招呼都不打~还摆一张臭脸，看见就不舒服！以后再也不会住该酒店！~~","train","6883","chnsenticorp-6883"
"chnsenticorp-5722","0","帮朋友订的，反馈说不好！所以咯下次不再订这个酒店了！","train","5722","chnsenticorp-5722"
"chnsenticorp-5382","0","晚餐吃出长头发，服务员竟不以为然！洗完澡时，发现浴巾上竟也有长头发！如家在我心目中一直是快捷酒店的楷模，但这次入住北京团结湖店，令人大跌眼镜。","train","5382","chnsenticorp-5382"
"chnsenticorp-5485","0","这里服务各方面不达五星级标准，早餐特别不好","train","5485","chnsenticorp-5485"
"chnsenticorp-7092","0","如家应该不错才对，可是没想到很让人失望，一进入方间就被噪音吓了一跳，12楼啊，打开窗户正对越秀的建筑工地，要求换房被告知不行，下雨天，雨伞，吹风机前台说全部俄出去了，没有了。有标visa却被告知不能使用外币卡授权","train","7092","chnsenticorp-7092"
"chnsenticorp-7129","0","房间残旧，天花发霉，卫生间马桶冲洗不干净。没有窗户，排气不好。以后不用钱都不去哪里住了","train","7129","chnsenticorp-7129"
"chnsenticorp-6526","0","如果不是实在订不到其它酒店，怎么也不能住这啊！条件差就差呗，价格还不便宜。我打算至少50年内不会再去了，建议携程删除此酒店。","train","6526","chnsenticorp-6526"
"chnsenticorp-5831","0","酒店环境一般服务却极差动不动所有经理都出来侮辱游客不舍得给钱不房费还把政治搬出来吓人态度太差我去过的酒店都有中午退房前电话询问是否要续房我是凌晨4点才去的什么都不知道一睡到下午一点就吵着要我交钱我说为什么不提醒我他说我们就是这种规定从经理到员工一个德行劝大家千万别去","train","5831","chnsenticorp-5831"
"chnsenticorp-6739","0","饭店坐地起价！协程上面6月份就定好8月10号6日6个标准间，每个300，到了那里变成380了，我们坚决不肯多出钱，饭店就说是没有6个房间，只有4个了。这不是故意变相加价吗？我们坚决不肯就范，要求协程出面解决！！最后给了总统套房，由协程出多出来的部分。如果大家以后碰到这种事情千万不能妥协，要求协程出面解决！","train","6739","chnsenticorp-6739"
"chnsenticorp-6589","0","极差！停车收十元钱！穷则思变！房间招待所、服务员优越感极强！","train","6589","chnsenticorp-6589"
"chnsenticorp-5871","0","下次如果我去到,情愿睡桥底也不住这个酒店.","train","5871","chnsenticorp-5871"
"chnsenticorp-5827","0","服务态度极差。预定的房间告诉我没有，说要加钱升级才有。我说我已经用信用卡担保，服务员很坚决地说没有收到，没钱可以走。","train","5827","chnsenticorp-5827"
"chnsenticorp-5397","0","原来去重庆出差一直住这个酒店,早餐虽然差点也就算了,但是最近一次,他们的行为让我实在不敢恭维.明明我没有消费的东西,硬说是我消费的,让我很不爽,以后不住了.","train","5397","chnsenticorp-5397"
"chnsenticorp-6846","0","酒店的硬件真的很不怎样,房间的隔音奇差无比,隔壁洗澡的声音、说话的声音都很清楚，走廊里人走路、开门、关门的声音也很清楚，一晚上都睡不好觉","train","6846","chnsenticorp-6846"
"chnsenticorp-6053","0","房间设施象招待所，卫生间里的设备很久，房间的卫生很差免费注册网站导航宾馆索引服务说明关于携程诚聘英才代理合作广告业务联系我们Copyright1999-2008,ctrip.com.allrightsreserved.","train","6053","chnsenticorp-6053"
"chnsenticorp-5566","0","设施陈旧不堪,又小!灯光昏暗!早餐还可以!补充点评2008年6月5日：另外健身房早就没有了,希望携程信息应及时更新","train","5566","chnsenticorp-5566"
"chnsenticorp-6289","0","感觉环境,服务方面还不够位,房间里面的洗浴设施有点发黄,需要改善!!","train","6289","chnsenticorp-6289"
"chnsenticorp-6762","0","三个字：脏、乱、差！房间里面看上去还可以，但是仔细看，很多地方极其脏，服务人员貌似没有培训上岗的，从前台到餐厅的服务人员都是这样，走廊上停着服务车，24小时没有换地方，四周环境乱得很，和照片完全不相符。饮食很差！","train","6762","chnsenticorp-6762"
"chnsenticorp-6648","0","2月10日刚刚住了,先定的2号楼的房间,进去一看吓了一跳!""号称挂牌四星,简直不敢想,就连招待所都不如!天花板的三角板吊顶是用胶带纸粘住的!赶紧加假换房,住了一号楼,还看的过去,大概相当于二星级!还有一点不满的是,房间里的毛巾特别破旧,跟招待所的毛巾有的一比!总之,我是不会再住了.","train","6648","chnsenticorp-6648"
"chnsenticorp-6715","0","离步行街不远，步行大概10分钟。早餐一般，没什么吃的。房间好像办公室改的，粗燥简陋。服务不好，尤其是前台的一个男服务生，我早晨退房时向他要一个礼品袋好把一些杂乱的东西装起来，可他竟然要我自己再回房拿，房卡都交给他了，还要我再回房，基本的礼仪都做不到！","train","6715","chnsenticorp-6715"
"chnsenticorp-7256","0","房间还可以,设施简单,不像是四星标准。早餐还算丰富,不过要早去。前台接待、结算速度和态度还不错。后院停车场很有特点，一晚上有两台车被划伤，真恐怖，最关键的是保安及小头目还不想认帐，气愤啊","train","7256","chnsenticorp-7256"
"chnsenticorp-6763","0","房间设备陈旧而且不齐全,一点也不象四星的酒店.所以房价显高.我就不明白河南的所谓四星级酒店凭什么比成都、南宁等省会城市的四星房价还高。","train","6763","chnsenticorp-6763"
"chnsenticorp-7204","0","第一次到贵阳，通过携程订了两晚。说是三星。走进房间，发现设施太旧，卫生条件不如人意。地毯太脏还有洞，墙壁已经发黄了，本想退掉一晚。后来上街，发现整个贵阳的城市建设都不怎么样，所以将就着住了两晚。","train","7204","chnsenticorp-7204"
"chnsenticorp-5674","0","环境和设施都不好,提前预订的不靠铁轨的房间没给保留,整晚的火车汽笛声影响了睡眠","train","5674","chnsenticorp-5674"
"chnsenticorp-5688","0","酒店周末都系学生情侣入住，噪音实在恐怖，发现很多学生在前台的价格系120元哦.环境，设施实在系太差了!不建议住","train","5688","chnsenticorp-5688"
"chnsenticorp-5585","0","这是我住过的最差的星级酒店,连招待所都不如，房间小，潮湿，连张桌子都没有，最多的就是蚊子.还特毒.叮的腿肿了一个星期，我住的房间墙上还留着沾着我鲜血的蚊子的尸体.如果有奉献精神的建议你住这里.","train","5585","chnsenticorp-5585"
"chnsenticorp-5771","0","房间外声音太大，比较吵闹！直接到前台预定费用更合理。","train","5771","chnsenticorp-5771"
"chnsenticorp-7653","0","其他没什么，就是房价便宜。很老的星级宾馆了，愧对4星的标准了。补充点评2008年5月31日：不过在安庆也就这家好一点，其他的要么很远，要么更差。","train","7653","chnsenticorp-7653"
"chnsenticorp-7273","0","我入住的饭店装修陈旧，中央空调晚上冻得还要给服务生要被子，害得我都感冒了。四星有名无实！！","train","7273","chnsenticorp-7273"
"chnsenticorp-5452","0","房间不干净，设施陈旧。以后不会再住，还是格林豪泰或如家比较好。","train","5452","chnsenticorp-5452"
"chnsenticorp-6806","0","酒店位置还行，就是服务一般。我在携程上预定的两晚房，却只给我登记了一天，第二天中午续房收了押金，结果服务员晚上十一点还跑到房间来收押金，说中午续房的押金不够：（。","train","6806","chnsenticorp-6806"
"chnsenticorp-6608","0","在常德，酒店价格偏高，房间很小，床很窄，屋内地毯较脏，味道也很难闻，不知道携程对宾馆的条件有没有要求，太让我失望了。","train","6608","chnsenticorp-6608"
"chnsenticorp-6499","0","差的不能在差了，厕所垃圾桶旁边发现一只3厘米的蟑螂，床单被罩有血迹，打电话让换，服务员来了竟然说是刚换的，血迹是洗不掉的。","train","6499","chnsenticorp-6499"
"chnsenticorp-6490","0","酒店应该加强服务意识，配套很差，该有的服务没有，环境比较旧，应该加以修葺，翻新，配套设施与服务应加强。","train","6490","chnsenticorp-6490"
"chnsenticorp-6366","0","差的很，建议推出携程网推荐用户。强烈建议！！！！！！！！！！！！！！！","train","6366","chnsenticorp-6366"
"chnsenticorp-5489","0","标准大床间,面积较小.宽带每天20元(其他连锁店一般免费).床垫上只有很薄的床单有很硌的感觉.服务生年龄一般都很大,老油条服务,较差.步行到世纪公园站约5分钟.如果参观上海新展览中心而入住该店,性价比刚刚及格.","train","5489","chnsenticorp-5489"
"chnsenticorp-7280","0","房间不错,但服务质素极低,服务员态度生硬,冷淡.入住两晚,虽然大部份时间都在外游玩,但也没少看服务员白眼,好象咨询下的士的状况也打扰了该酒店高贵的服务员.","train","7280","chnsenticorp-7280"
"chnsenticorp-6666","0","南阳就只有这两个酒店可以选择，另外一个东方比较远建国在市中心，交通方便，但硬件不如金凯悦，靠路边比较吵在建国系酒店算是比较差的了补充点评2008年5月4日：补充一下，虽然硬件不怎么样，但服务人员尤其前台很专业，给人的感觉很舒服","train","6666","chnsenticorp-6666"
"chnsenticorp-5504","0","北京的酒店，也就是这么着了！五星级酒店也就三星的水平，何况四星的呢，凑合着住吧","train","5504","chnsenticorp-5504"
"chnsenticorp-6465","0","差得要命,很大股霉味,勉强住了一晚,第二天大早赶紧溜","train","6465","chnsenticorp-6465"
"chnsenticorp-6727","0","地理位置还可以，房间的隔音不好，如果隔壁在嘿咻，你就有的听了。","train","6727","chnsenticorp-6727"
"chnsenticorp-6103","0","入住前询问态度还不错,但是朋友说房间莲蓬头水很小,还漏水,吵的睡不著,隔天要求退房,也许是不同服务人员,态度很差","train","6103","chnsenticorp-6103"
"chnsenticorp-6601","0","服务质量不好,四星级的酒店,连矿泉水都没用,还得自己出钱买!","train","6601","chnsenticorp-6601"
"chnsenticorp-6452","0","住了2天，受不了，好像地毯很不干净，床也不干净。后来搬到圣地（比香港酒店还新点），也就凑合吧。反正在济宁也别指望有什么酒店了，最后一天终于受不了，半夜赶到济南住CROWNEPLAZA了。","train","6452","chnsenticorp-6452"
"chnsenticorp-5390","0","住这个酒店实在是太享受了,不仅可以使用五彩缤纷的白毛巾,还可以免费听赏别人KTV包厢里的高音演奏.!!以下是某某歌奏家的话,,,,,谢谢谢谢大家首先我要感谢我的父母还要感谢背后支持我的朋友们让我有了以噪音感化大家的机会现在我再为大家献上一首!!希望大家夜不能眠!!!!!!!","train","5390","chnsenticorp-5390"
"chnsenticorp-7714","0","大家都说平湖君悦酒店床铺太小，很不幸我中招了，我是预订完了之后才看到大家评价的。这家酒店的内部设施偏老，早餐不好吃，房间有点小，设施还算全，卫生间也很旧！补充点评2008年6月3日：我建议大家在平湖多走走，比君悦酒店性价比高的宾馆多得是！","train","7714","chnsenticorp-7714"
"chnsenticorp-7563","0","地理位置比较偏僻，但是不是不喜欢它的主要原因。280的房间，装修烂的不得了，地毯油黑油黑的，洗了澡都不敢光脚踩上去。卫生消毒肯定不到位。宽带不稳定，常掉线。","train","7563","chnsenticorp-7563"
"chnsenticorp-6202","0","周边环境较差，服务的速度慢，态度还可以，价格太高。","train","6202","chnsenticorp-6202"
"chnsenticorp-6076","0","房间小，地点差，交通不便，最可恶的是变相恶意宰客。建议到连云港千万不要入住该处。否则后果很严重。","train","6076","chnsenticorp-6076"
"chnsenticorp-6075","0","设施陈旧，看上去不干净。在携程订的酒店中，这间的感觉最不好。","train","6075","chnsenticorp-6075"
"chnsenticorp-7462","0","环境不太好，大堂灯光也不行，没开几个灯，一进门感觉挺暗的。","train","7462","chnsenticorp-7462"
"chnsenticorp-5779","0","酒店设施、环境很差，很不舒适，非常不满意！","train","5779","chnsenticorp-5779"
"chnsenticorp-6634","0","1.酒店饭菜一般,上菜特慢2.免费宽带上网不好使3.该酒店不是在市中心,比较偏,打车到五一广场至少20元,到省博物(看马王堆)至少40元","train","6634","chnsenticorp-6634"
"chnsenticorp-7687","0","这鬼地方真的太烂了，哪像人住的，简直难民营，一帮老头老太在楼道里聊天，空调想是出土文物，一股很重酶味，电视也装了有线的，可就是只能收3个频道，还看不清人像，当晚差点晕过去阿。希望各位同仁别去住，另外我觉得携程对酒店的硬件评估有问题，或者在与酒店狼狈为奸","train","7687","chnsenticorp-7687"
"chnsenticorp-6060","0","下次绝对不住！设施简陋，隔音差不说给了间公共洗手间旁边的房间，半夜饱受巨大的水管噪音折磨早上找他们干涉，个个装傻，推说值班经理不在，未果严重鄙视他们对客户不负责任的行为！补充点评2008年1月2日：忘了说一下，住的是336的酒店标准间","train","6060","chnsenticorp-6060"
"chnsenticorp-6299","0","酒店位置比较偏，交通不方便，出租车还有拒载的情况，另外该酒店会告知携程客人提前退房这样与事实不符的情况，很让人不舒服，希望酒店可以改正。宾馆反馈2008年4月29日：所有客人不管是通过什么渠道预订,只要入住本酒店,均可以在下午1点前退房,比一般酒店退房时间晚一个小时!","train","6299","chnsenticorp-6299"
"chnsenticorp-7586","0","酒店地理位置还不错，交通比较便利。但酒店外观、房间设施比较陈旧。","train","7586","chnsenticorp-7586"
"chnsenticorp-5634","0","差，太差了，希望不要推荐给携程用户。。。。。。。。。。。。免费注册网站导航宾馆索引服务说明关于携程诚聘英才代理合作广告业务联系我们Copyright1999-2008,ctrip.com.allrightsreserved.","train","5634","chnsenticorp-5634"
"chnsenticorp-5800","0","什么破4星，热水要10分钟后才来。没有中央空调。宾馆反馈2008年3月26日：没有中央空调，信息不实。热水可能白天客人洗澡的较少，管道内有一些冷水需要放净，此类事情在哪家酒店都会出现，请客人谅解！","train","5800","chnsenticorp-5800"
"chnsenticorp-7389","0","优点：价格适中，位置方便；缺点：房间奇小，怪味刺鼻；周围施工，吵闹非凡。结帐奇慢，开个发票半小时。","train","7389","chnsenticorp-7389"
"chnsenticorp-5520","0","一个字,差啊,冷啊,暖气没有.空调太差!","train","5520","chnsenticorp-5520"
"chnsenticorp-7151","0","酒店比较旧，靠近机场，能听到很大的噪音。空调也不开，关上窗屋内的气味让人头晕，开窗基本被吵的睡不着而且早餐非常差，简直就是没东西吃。","train","7151","chnsenticorp-7151"
"chnsenticorp-5902","0","下飞机时长沙竟然35度.结果这个酒店,空调都没有,只有一个所谓的通风口,窗户又全订死了,只能伸个头出去透气,差点热死人了.而且酒店里什么东西都要钱,手能碰到的东西几乎都贴着价格,太恐怖了,以后免费请我住都不住了.","train","5902","chnsenticorp-5902"
"chnsenticorp-7420","0","纯粹就是国企招待所的作风和质量.整个酒店看上去显得比较陈旧.","train","7420","chnsenticorp-7420"
"chnsenticorp-5395","0","酒店有异味，无空调，给人的整体感觉很破旧，根本不能称为四星","train","5395","chnsenticorp-5395"
"chnsenticorp-5989","0","购物较方便，上外滩也近，但房间太小。没有早餐不方便，较为嘈杂，装修较老","train","5989","chnsenticorp-5989"
"chnsenticorp-6107","0","是晚上到上饶的，打电话给酒店问路，态度不好，还总指错路。在上饶绕了好久才找到酒店。入住后发现，房间小且不太干净。厕所马桶很脏。烧水器连个指示灯都没有。下次来肯定不住这儿了。","train","6107","chnsenticorp-6107"
"chnsenticorp-7315","0","10月25日入住单人大床间一晚,感觉较差:1.晚上22:30左右入住,前台接待很冷淡,无笑容,感觉不亲切;2.最可怕的是冲澡3分钟后淋浴龙头停水,2分钟以后浴缸龙头也完全停水.没办法浴室内打电话给大堂,说派人上来看一下,这时发现房间内未配浴袍.后大堂副理上来,告诉也有其它房间有类似情况,因最近酒店附近管理维修.只是建议给换房间","train","7315","chnsenticorp-7315"
"chnsenticorp-6207","0","服务太不好了，晚上房间的蚊子太多了，人性的关怀不好","train","6207","chnsenticorp-6207"
"chnsenticorp-5744","0","因为来不及上网查，只好电话定，结果携程拼命向我推荐。结果：标准大床房奇小，只有12平米，我住的530窗外就是一个平台，安全性非常不好；毛巾非常旧，又黑又硬，是我见过最差的；早餐还好，品种还有几个；大堂还行，总台的服务还有4星。宾馆反馈2008年5月5日：","train","5744","chnsenticorp-5744"
"chnsenticorp-6898","0","前几天到江阴,住的是158的房间!房间设施非常不合理!小,非常特别以及及其的小!在这种地方要158实在是亏!而且个人感觉很脏(具体没看到什么,就是感觉很脏)建议还是找个别的地方住吧!158在江阴这种地方还是可以找到一些比较好的酒店的!","train","6898","chnsenticorp-6898"
"chnsenticorp-5571","0","房间隔音真差，隔壁有人鱼水之欢，让我一夜没有睡好！房价也不算低，只比华阳便宜了50来块钱！","train","5571","chnsenticorp-5571"
"chnsenticorp-7620","0","优点：位置佳，房间大，网速快缺点：不太清洁(卫生间及餐厅地上均发现小强)，整理房间方面有些疏忽(沐浴液用光没补充、热水壶内的水已有一段时间无清理)，外面比较嘈杂但房间隔音差，离开办生续时用了20分钟。","train","7620","chnsenticorp-7620"
"chnsenticorp-6573","0","本来对这家酒店的印象不错的,但临走时却有些生气;门口的15:20的机场大巴等到15:40都没有来,酒店也没有提前预告,只好打车去机场;提醒各位,坐酒店门口的机场大巴要谨慎,经常会无故取消的;","train","6573","chnsenticorp-6573"
"chnsenticorp-7113","0","隔音太差，走廊有人说话就像在自己房间说话一样。房间门关闭不顺畅，要用力推。服务员爱理不理的，前台服务员连英语也不会说。卫生一般。","train","7113","chnsenticorp-7113"
"chnsenticorp-6313","0","隔音太差，稍微大点声，三和板的传音效果较好。黄金周的价格是平时的一倍，明显有上当的感觉。特别是结帐时听到别人才260，我的居然是370！！！！！！！！！！！！","train","6313","chnsenticorp-6313"
"chnsenticorp-5358","0","一个晚上,要是能打死12个山蚊子,有生以来第一次.而且宾馆提供的电蚊香是不能使用的.后果是:房间由于客户打蚊子墙壁上血迹斑斑,非常恐怖.","train","5358","chnsenticorp-5358"
"chnsenticorp-7545","0","非常一般的酒店，服务台上挂的特色宾馆牌子一点不能得到体现，服务态度也冷淡。环境也相当一般，完全么有传说中养眼的出现，不值","train","7545","chnsenticorp-7545"
"chnsenticorp-7630","0","大堂是喧闹的，房间地毯是脏的，浴室淋浴龙头是坏的，毛巾是黄颜色的。补充点评2007年9月11日：虽然号称是5星级酒店，但是感觉其档次很低。很多欢场女子出入其中，让人又不安的感觉。","train","7630","chnsenticorp-7630"
"chnsenticorp-6066","0","真不象是一家四星级的酒店，评三星都觉得高，房间很小并且很旧，到处都觉得乱糟糟的，一楼大堂很吵。","train","6066","chnsenticorp-6066"
"chnsenticorp-7505","0","老四星，设备陈旧，不如一般的三星。要的大床房也成了标间。免费注册网站导航宾馆索引服务说明关于携程诚聘英才代理合作广告业务联系我们Copyright1999-2008,ctrip.com.allrightsreserved.","train","7505","chnsenticorp-7505"
"chnsenticorp-6214","0","建议旅游的人住道里区，这个酒店太远了，交通不方便，客房新装修，但浴室小且有异味。白天水温不热。自己去的价格比携程的价格要便宜，约150到180就能拿下。不过服务态度停不错的。","train","6214","chnsenticorp-6214"
"chnsenticorp-6942","0","房间非常小，一张床＋写字台就满了。对于只需要睡一觉，且想省钱的朋友来说，是合适的。Motel168的房价比它便宜，房间比它大。如家的房间和它差不多，但是房假比它便宜。总之，挺干净，挺省钱的。","train","6942","chnsenticorp-6942"
"chnsenticorp-7740","0","此酒店门面很小，完全不像一个三星级酒店。入住率好像也不高，反正我住的时候，人很少。房间大小比较标准，但是光线不是很好。网络奇差无比，经常连不上。服务很一般","train","7740","chnsenticorp-7740"
"chnsenticorp-5628","0","房间卫浴水准太差，面盆的下水是坏的，居然要用手去把下水给抠出来。。。衣橱的灯的开关是坏的，把门关上灯还亮着。卫生间里粘两个灭蟑螂的盒子，让人看了很不舒服。","train","5628","chnsenticorp-5628"
"chnsenticorp-6935","0","想着比原来住过的泰逸酒店便宜一百多就去了,结果........房间小气的不能转身,卫生间得横着进去,晚上酒店节能吧,关了空调,又打不开窗,早餐糊弄人,同事在","train","6935","chnsenticorp-6935"
"chnsenticorp-5543","0","8月份为签证，入住该旅馆，也许是首都北京吧，260元一夜，只会想住一次的，一切都是那么旧，好像260元钱不是钱似的。","train","5543","chnsenticorp-5543"
"chnsenticorp-6012","0","酒店位置在交通十字路口，服务员一问三不知！该酒店原名叫什么华夏酒店，估计为了吸引顾客，起了个洋名成了“雷梦得。。。。。”，不必住此店了！","train","6012","chnsenticorp-6012"
"chnsenticorp-6732","0","房间太旧了,价格上也不实惠,不过在信阳这样的城市估计也没有什么好酒店,也只能将就了!","train","6732","chnsenticorp-6732"
"chnsenticorp-5926","0","外观还行,但是里面的环境就没法提了.卫生间有一股说不清的味道,本来想洗澡,但是看过卫生间后,还是打消了念头!早餐只有面包\粥\咸菜\,以及鸽子蛋大小的鸡蛋.吃完之后居然","train","5926","chnsenticorp-5926"
"chnsenticorp-7525","0","我为朋友通过携程预订了该酒店。朋友入住时，宾馆里空房很多。但我的朋友居然被安排在空调漏水，墙面长期潮湿而发霉的房间。太不象话。经与宾馆人员交涉换了另外的房间。比第一间房好一些。","train","7525","chnsenticorp-7525"
"chnsenticorp-6655","0","真的不怎么样的酒店,房间十分狭小,一股异味,卫生间简陋,虽然对于这样规格酒店不能要求太高.但是同样等级同样价格的速8就做的比这好多了,真后悔选择不一样的酒店作尝试.","train","6655","chnsenticorp-6655"
"chnsenticorp-7195","0","订的豪华标间，738元的价格，住过的同等对比是最差的。周边环境除了一地铁口没有其它，餐厅不行，周边也找不着吃的。房间小，住了两天还有一天晚上没水，宽带收费40，打印贡献了几十个10元。绝对不值。","train","7195","chnsenticorp-7195"
"chnsenticorp-6116","0","日本人的酒店，居然日本料理做的那么差。房间很旧，早知道还不如住锦江。早餐味道不好，品种少。超难吃。我住的528元的房间。完全谈不上性价比。我不会再选择这里了。","train","6116","chnsenticorp-6116"
"chnsenticorp-5521","0","服务极差,价格高,地点环境偏,房间条件能有一星..","train","5521","chnsenticorp-5521"
"chnsenticorp-5462","0","这家酒店绝对没有四星级,而且房间的隔音太差,马路上的车声\楼上的乱七八糟的声音,硬是让我一晚上没睡着.强烈建议携程取消这家.大堂餐厅承包给了个人，所以自助早餐只能在大堂咖啡厅内，设施不完善，品种也少。强烈建议携程取消该酒店的推荐。","train","5462","chnsenticorp-5462"
"chnsenticorp-7661","0","有待提高，在桌子上放laptop时，发现有一块油污迹，用毛巾擦掉，后又发现桌子下边的横档的右边有一块污迹，擦不掉，但是看着不舒服，空调的效果很差，几乎不热，只有冷风","train","7661","chnsenticorp-7661"
"chnsenticorp-6951","0","入住了单人间，房间不是非常小，而是只能用“袖珍”来形容,连窗户也没有，房间面积仅仅能够放下一张单人床与一张放着电视机的写字台。感觉好像是个监狱单人房改造的，不过即使是监狱单人房的话或许也应该会有一个小窗吧?!建议大家绝对不要住单人间!","train","6951","chnsenticorp-6951"
"chnsenticorp-5694","0","房间真差啊，我住的是高级大床间，结果房间里一股油漆味...房间的卫浴系统太差了，都没能洗好澡，空调基本属于没有....","train","5694","chnsenticorp-5694"
"chnsenticorp-7710","0","河南人就是河南人！不被懵一次，那算白来一回；在全国乃至全世界那种叫做经济房的房间，在河南济源雅士达叫做“贵宾楼”，真够逗的！！！","train","7710","chnsenticorp-7710"
"chnsenticorp-7269","0","如果去周庄旅游，体验水乡风情的，还是去景区里面的私人旅馆比较好，环境不比私人旅馆好，服务我觉得也不好！本来去市区的班车就少，一个半小时一辆了，那天我赶着去浦东机场，他索性还说班车取消了一班，让我足足等了2个小时50分钟。。。。。。。","train","7269","chnsenticorp-7269"
"chnsenticorp-6596","0","隔音太差,值班人员整夜看电视的声音,吵得我一夜未睡,床单有异味不干净,早晨起来身上都是红疹,","train","6596","chnsenticorp-6596"
"chnsenticorp-7533","0","酒店太旧,不象4星,房间隔音太差,隔壁打了一晚麻将,太吵了","train","7533","chnsenticorp-7533"
"chnsenticorp-5661","0","环境一般，设施较旧，豪华标准间看不出哪豪华来，浴室特滑，差点扭伤脚，以后不再住这了","train","5661","chnsenticorp-5661"
"chnsenticorp-7346","0","因为春节参加朋友的婚礼就住在这里,感觉不是很好!房间小不说还很暗,房间里居然没有一个大灯,床单不晓得本来是这种颜色还是怎么着,感觉有点脏!床还很小!早餐没什么可吃的!但因为是送的,也就不说什么了!","train","7346","chnsenticorp-7346"
"chnsenticorp-7591","0","酒店比较旧，不符合四星标准，出行不是很方便。","train","7591","chnsenticorp-7591"
"chnsenticorp-7645","0","给父母订的~回来说房间远不及盛华的,早餐也不行.唯一好的就是在风景区内了~","train","7645","chnsenticorp-7645"
"chnsenticorp-6092","0","标准间较大，接站服务不错。总台服务不太好，退房结帐后，在总台打一市话，告知：需2角！","train","6092","chnsenticorp-6092"
"chnsenticorp-7050","0","内部管理太差，客房服务员监守自盗，然后赖到客户头上，已经两次了，一次是扑克牌，一次是洗发水。","train","7050","chnsenticorp-7050"
"chnsenticorp-5822","0","酒店在沙田的河边，风景不错。但是似乎因为都是大陆人入住的原因，服务员的态度十分恶劣。我晚上问他们要求上网，有个服务员骗我到外面买上网卡，后来投诉也不理我。","train","5822","chnsenticorp-5822"
"chnsenticorp-7066","0","酒店是旧房改造，怪味根本无法忍受，若不是酒店不肯退当天的钱，我连这一晚也决不会呆。酒店没有提供饮食，旁边的永和超贵，没有什么好吃的。不明白其他朋友怎么给这么高分？","train","7066","chnsenticorp-7066"
"chnsenticorp-5892","0","所谓的携程四星，电梯又小又脏，从电梯到楼道到房间充满低档招待所的味道，半夜2点居然有自称服务员（女）的人敲门，不会再住这家酒店了，对携程的推荐也表示怀疑！","train","5892","chnsenticorp-5892"
"chnsenticorp-5493","0","酒店很干净，房间不错，早餐一般，但是周围环境不好，基本上没有什么可以吃饭的地方。","train","5493","chnsenticorp-5493"
"chnsenticorp-5887","0","一般一般,以后肯定不会再住这里了，服务一般","train","5887","chnsenticorp-5887"
"chnsenticorp-6795","0","便宜倒是蛮便宜的，就是环境有点不太好，服务态度也一般。","train","6795","chnsenticorp-6795"
"chnsenticorp-7013","0","很遗憾,不清楚万达集团用了什么装修材料,整个Hotel到处弥漫着刺鼻的油漆味,在我入住之前,已经有朋友警告过我,但我还是没有想到雅高集团的管理会疏忽到这样的地步,住进去以后只有打开","train","7013","chnsenticorp-7013"
"chnsenticorp-7213","0","我于6月1日再次入住,住的是1312房,首先价格由238元涨到278元,是整个乌鲁木齐酒店旺季都涨了,据说每年7月和8月乌鲁木齐酒店都还要涨,这也可以理解,毕竟就那么几个月可以赚钱,冬天都是零下20几度,人很少.但是我发现房间的迷你吧撤了,只有留了两瓶矿泉水.卫","train","7213","chnsenticorp-7213"
"chnsenticorp-6744","0","客房硬件过的去，由于我经常出差在外看过的酒店实在不少。不过服务的质量存在很大问题，我在大堂酒吧使用的饮料竟然有脏东西在里面。服务员态度也没太多在意。这点让我不满意，希望酒店方着手提高服务员的素质。","train","6744","chnsenticorp-6744"
"chnsenticorp-7514","0","特价房间根本没有窗户，空气十分差，房间设施也十分差，是原来饭馆包房改造的，预定时，携程根本没有对此情况进行告知，十分气愤！！！！","train","7514","chnsenticorp-7514"
"chnsenticorp-6208","0","酒店设施很差，根本不像四星酒店。卫生间的镜子边上已破烂不堪，马桶也下不去水。酒店里吃晚饭时，只有3桌，但等菜半个多小时，服务员都搞不清菜该上哪一桌。唯一感到满意的是房间很大。","train","6208","chnsenticorp-6208"
"chnsenticorp-6383","0","1、自助餐：自助方式很经济，但是每个菜都要刷卡，麻烦！酒店员工不知道礼让客人？首次遇见啊！各位如果想知道被服务员拥挤的感觉，请入住该“汉爵”。","train","6383","chnsenticorp-6383"
"chnsenticorp-5606","0","我不知道这里的早餐餐具到底是否消毒，我看到服务生直接就拿收下来的餐具在水龙头上手洗以后又放回到了盘中供客人取用。想想真恶心","train","5606","chnsenticorp-5606"
"chnsenticorp-6697","0","简单的说，当时是因为看到这个酒店07年新装修的，所以才选择他。不过，我想这辈子再也不会选这个酒店了，包括这个品牌。","train","6697","chnsenticorp-6697"
"chnsenticorp-7688","0","酒店设施陈旧,由于是商务出行,需要使用宽带,换了三个房间宽带插座都没有信号,只能作罢,其中两个房间的电视也有问题,不知让人晚上干什么.早餐质量实在很差.差不多是我住过最差的四星酒店了.","train","7688","chnsenticorp-7688"
"chnsenticorp-5896","0","照片与事实不符，房间太小，昆山实际上有很多酒店比这个好，价格也更便宜，携程的价格在该酒店无优势。","train","5896","chnsenticorp-5896"
"chnsenticorp-7610","0","用餐一般，价格比一般稍贵，签单付账时千万注意，因为它没有明细，只会写""零点餐""然后一个总金额""如""零点餐－－1032.00"").如果是集团划账请千万注意多收费现象,而且周期很长,可能会花一个月时间在对账上.(请分清是销售在和您对账而不是财务).","train","7610","chnsenticorp-7610"
"chnsenticorp-6585","0","位置不是很好，离泰山脚下比较远。房间3楼不靠街道的那面较好，虽然后面有市场，但是双窗，关闭后噪音还好。靠街道面的噪音很大，特别是二楼。附近吃饭的地方很少。","train","6585","chnsenticorp-6585"
"chnsenticorp-5595","0","总体感觉很差！房间设施、服务，还有自助早餐非常差（品种少，本人曾问服务员怎么没有荤菜肉菜，答复：鸡蛋不是荤菜吗？）","train","5595","chnsenticorp-5595"
"chnsenticorp-6458","0","房间的隔音效果太差，中午入住时还能听到同一楼层的赶活声音。另外，208的价格还没有早餐。","train","6458","chnsenticorp-6458"
"chnsenticorp-7263","0","还有，早餐稍晚点，就没什么可吃的了，做的也很一般","train","7263","chnsenticorp-7263"
"chnsenticorp-6954","0","宜宾还有很多好的酒店，比如说叙府宾馆就不错，不知道为什么携程没有签这个酒店。","train","6954","chnsenticorp-6954"
"chnsenticorp-6664","0","强烈建议CTRIP取消这个酒店的预定.本人5月2X日入住,当天晚上还没8点,就不断的有女人敲门,相信大家知道""她""是做什么的.这些也就算了,为","train","6664","chnsenticorp-6664"
"chnsenticorp-7598","0","房间太小。其他的都一般。。。。。。。。。","train","7598","chnsenticorp-7598"
"chnsenticorp-7504","0","入住前的期待还是很高，不过到达后感觉还是比较失望，这个价值和七斗星、如家等不到200元房价的经济型酒店还是有一定的差距，同去的同事的评价也不高，有点后悔没要什么服务，这方面不清楚退房速度还可以","train","7504","chnsenticorp-7504"
"chnsenticorp-6773","0","我是头一次到九寨沟,通过携程预先订了格桑.去到后发现自己被误导了,这个酒店较旧,感觉很脏,服务一般.旁边有很多酒店,没进去,但感觉比格桑要好.下次去,首选是不住格桑了,挑其他的试试.","train","6773","chnsenticorp-6773"
"chnsenticorp-7408","0","酒店除了地理位置靠近火车站(50米)以外,没有任何可圈可点之处了,房间还算干净,但是设备和面积都不是很符合性价比,卫生间的马桶还有时堵塞;房费里包含的自助早餐更是差,还没到早餐结束时间,所有的盘子就都空了,只剩下咸菜和牛奶了...下次不会再住了.","train","7408","chnsenticorp-7408"
"chnsenticorp-7674","0","房间很小，与行政间的名字不符。另外这家酒店的按摩可千万不能叫，超级黑！结帐时居然会有打手上来，请大家注意！决不会再入住此酒店。","train","7674","chnsenticorp-7674"
"chnsenticorp-7089","0","设施非常旧，周边环境也不好，最奇怪是房间内没有暖气，只有挂壁空调，要知道，这种空调室外-5度时候，不会工作的，洛阳可是在淮河以北了。","train","7089","chnsenticorp-7089"
"chnsenticorp-6306","0","这酒店很臭，我订的经济单间，房间小的可怜。房间除了床就没有其它空间了，挂衣柜占据了大部分的空间（我认为没有必要做那么柜子）。在那么个破地方，价钱就像是宰人","train","6306","chnsenticorp-6306"
"chnsenticorp-5985","0","服务一般,房间太差了点,里面东西太旧了,妈妈的,还要这么贵,四星根本达不到嘛,第二天终于忍不住,换了个酒店.","train","5985","chnsenticorp-5985"
"chnsenticorp-5350","0","前台服务超差，基本的笑容都没有，看都不看你，连招待所都不如，很明显四星级的牌子是买回来的。房间装修也很一般，幸亏价钱还不算很高，但这样的服务就算高了。住了两次，没有任何改观的迹象，下次不住它了！","train","5350","chnsenticorp-5350"
"chnsenticorp-6268","0","前台服务员着装不整洁，有穿工作服的，有穿便装的；使用信用卡，本以为是刷预售权，谁知道刷完才说不能刷预售，只能刷消费，也不提前通知，而且态度恶劣，恶狠狠的说：“住一天！刷600！”，搞的好像我欠他们钱一样。房价与当地的一些单位的协议价格还是有差距。","train","6268","chnsenticorp-6268"
"chnsenticorp-5576","0","很不好我订金刷卡房费付现金刷卡的也一样跟我收我打电话去尽然要我到厦门拿现金实在是无理","train","5576","chnsenticorp-5576"
"chnsenticorp-6159","0","酒店设施较陈旧，我们入住的房间紧靠厨房的排烟道，躁声非常大，要求调换房间，酒店答复晚9：30分餐厅就休息，不会影响休息。可是早晨5-6时，餐厅做早餐再次影响休息，酒店采取此种推委隐瞒的做法太不象话了。","train","6159","chnsenticorp-6159"
"chnsenticorp-5574","0","携程定的房，但是朝向是墓地方向的，大家要注意。服务极差，房间地上还有拖鞋没收拾，勺子也是脏的。第二天居然不来打扫卫生了。卫生间的浴帘没用的，洗个澡水会喷的到处都是。是我住过的最差的酒店了。郁闷！","train","5574","chnsenticorp-5574"
"chnsenticorp-7392","0","很一般。性价比很差。跟上海的快捷酒店相比，价格贵，服务差；外面空气不错。但是内部装修亟待改善；窗户的高度太低，不小心会摔下去；令人匪夷所思的是，订的是大床房，但是床却是坏的；感觉很不好。","train","7392","chnsenticorp-7392"
"chnsenticorp-6786","0","差、差、差！携程的星级评定有问题，同志们仅供参考。","train","6786","chnsenticorp-6786"
"chnsenticorp-7282","0","无论从任何角度讲，该酒店最多只能评为2星级。携程首先推荐该酒店，我认为只有一个原因：酒店的返点最高？补充点评2008年3月11日：教训！","train","7282","chnsenticorp-7282"
"chnsenticorp-5587","0","住店后真实感受：根本没法睡觉，房间的隔音太差了，是我住过的隔音最差的酒店，隔壁2个人正常的对话我都能听得特别清楚，2个房间里的衣柜位置根本没有墙，就是衣柜的背板隔开的，早上服务员居然在我房间门口打手机，电话不听的响，听得特别清楚，总之，你跟本没法睡觉。","train","5587","chnsenticorp-5587"
"chnsenticorp-7072","0","宾馆在小巷里,周围环境差,室内施舍一般,218元一定要求住4楼(有宽带,房间大),218绝对不值.不如锦江之星免费注册网站导航宾馆索引服务说明关于携程诚聘英才代理合作广告业务联系我们Copyright1999-2008,ctrip.com.allrightsreserv","train","7072","chnsenticorp-7072"
"chnsenticorp-7100","0","酒店个映效果太差！而且窗户打开之后居然是楼道内的广告牌，地板有高低甚至我没穿鞋子起来上厕所脚被硬生生的磕了一下。~这是我在携程上定到现在环境最差的一家酒店了！！！补充点评2008年6月15日：说错了！是隔音效果太差太差了！！！","train","7100","chnsenticorp-7100"
"chnsenticorp-6498","0","经济型酒店虽然没有太高的要求但房间实在是太小了，很有种做牢的感觉，如果是无窗的房间那就更糟糕了，建议大伙不要住无窗房。","train","6498","chnsenticorp-6498"
"chnsenticorp-6015","0","五星级的酒店，三星级的房间，两星级的服务，零星级的环境。以后再也不会来这家酒店了。","train","6015","chnsenticorp-6015"
"chnsenticorp-7324","0","早餐不好,服务不到位,晚餐无西餐,早餐晚餐相同,房间条件不好,餐厅不分吸烟区.房间不分有无烟房.","train","7324","chnsenticorp-7324"
"chnsenticorp-7720","0","一个充满铜臭的酒店。吸氧，每小时要收90元。办理入住，直接扣除2天房费，并声称若不足2天，不退款。热水龙头出水奇慢。相关问题，前台一问三不知。","train","7720","chnsenticorp-7720"
"chnsenticorp-6464","0","只有一个好处离虹桥很近.....赶早飞机不用起太早......","train","6464","chnsenticorp-6464"
"chnsenticorp-7300","0","我订的行政房，房间很小，而且楼比较旧，除了能上网没觉得跟普标有什么差别。酒店本身也很小。","train","7300","chnsenticorp-7300"
"chnsenticorp-5525","0","酒店房间没有桌子第一次遇到竟然还有蜘蛛吓了我一跳房间设备比较老","train","5525","chnsenticorp-5525"
"chnsenticorp-6311","0","1.早餐是我迄今为止见到的最差的!简直绝无仅有啊!还好有几个鸡蛋可以稍微安慰一下肚子.2.地毯好像经过2次描绘:地毯+污垢!","train","6311","chnsenticorp-6311"
"chnsenticorp-7379","0","晚上有电话来！！一个字，烦！！！！！！！！！！！！！！！！！！！！！！！！！！！！！！！！！！！！！！！！！！","train","7379","chnsenticorp-7379"
"chnsenticorp-6683","0","一个很破，很古老的酒店，估计即将被淘汰，设施设备很差。","train","6683","chnsenticorp-6683"
"chnsenticorp-6544","0","酒店隔音效果极差,没有把团队和散客分开楼层居住,导致早上6:00和晚上1:00团队客人在走廊大声喧哗,我在房内被吵醒2次以上(给电话总台让根本无人理会,最后还是我自己去和客人协商,要求他们回房间聊天.","train","6544","chnsenticorp-6544"
"chnsenticorp-6099","0","真不可思意，一周后再次入住该酒店还是给我上次入住的1017房（单人间），因房间靠近酒店内部的风道控制系统，噪声实在太大，第二天在强烈要求更换房间，酒店答应了我的要求，当晚才得以安睡。","train","6099","chnsenticorp-6099"
"chnsenticorp-6937","0","因为办事处要装修的原因，我住在这旅馆里．这家靠关系得到所谓４星的旅馆，是怎么样的我现在告诉大家一下，在宜宾去那家都比这家好，晚上这里的鸡叫不停．而且不分公母的．会一直叫到２点，我晚上火了，总台会将那个是男的住的房间告诉给鸡婆，晚上你就别想睡的好．投诉了他们说他们没告","train","6937","chnsenticorp-6937"
"chnsenticorp-6879","0","携程推荐的3星级酒店，但实际感觉房间里不如个招待所，小不说，而且脏乱。停车场不敢恭维，只能纵向停3路车，如果是早进去的话，出来很麻烦。我是早上7点要出去，结果后面堵了个皮卡（不是住宿的，是保安的关系户，附近小区的居民），愣是8点半才给我挪开。所以我给它服务评分1分。希望改进！","train","6879","chnsenticorp-6879"
"chnsenticorp-5503","0","房间太小，无电梯，周围环境还可以，但正在修路，非常嘈杂","train","5503","chnsenticorp-5503"
"chnsenticorp-7281","0","不想多说，酒店所有的条件都很差，以后再也不会入住该酒店！","train","7281","chnsenticorp-7281"
"chnsenticorp-5844","0","价格不低，档次不高，环境糟糕，大厅很小，房间一般，早餐难吃，感觉一般！","train","5844","chnsenticorp-5844"
"chnsenticorp-7450","0","上次出差住的套房，以下几点感受：1，房间大；2，装修很一般；3，好像没有卫星电视节目，上了两晚上网；4，早餐极其一般，就餐环境像食堂；5，附近什么设施也没有；","train","7450","chnsenticorp-7450"
"chnsenticorp-5460","0","你们怎搞了？怎么会推荐这种破酒店？还准五星？充其量三星。1月7日入住，700元大床房不能上网，连续换了三间房，半夜三更拆腾一小时…那个卫生间？唉…连招待所也不如，那个毛巾、浴巾，是不是抹布？电梯、走道充斥着隔壁如一坊火锅气味，说五星，其实就是写字楼里几层酒店。","train","5460","chnsenticorp-5460"
"chnsenticorp-7034","0","不可礼遇的垃圾酒店，房间设施陈旧，服务人员没有基本素质，宽带不能使用，床单上有头发，早上八点开始楼顶传来刺耳的钻头打孔的声音。能做的只有逃跑，结帐还花了25分钟。。。。","train","7034","chnsenticorp-7034"
"chnsenticorp-6536","0","酒店一般般。服务态度也不是很好，主要是人家太忙了。需要等很长时间。要不是要办事里那里很近；应该不会再住这个了。没有停车的地方。只能停在旁边的有个很大的洗浴的地方。不过那里不错，有兴趣的朋友可以去试试：）","train","6536","chnsenticorp-6536"
"chnsenticorp-7333","0","我朋友住了2个小时就给我电话让我帮忙退房。她说酒店设备非常陈旧，服务也不好。具体我没有细问。不过可以肯定住了会后悔。","train","7333","chnsenticorp-7333"
"chnsenticorp-5851","0","第一次订到这么差的房间，可能是黄金周的关系，价格和档次根本不等同，纱窗是坏的，马桶是坏的，空调到灌水，在山庄的饭店吃饭没放盐，价格还和上海差不多，整个宾馆好像没有人搞卫生工作似的，总结出来三个字：脏、乱、差！！！下次来不住这里了！怕怕！！","train","5851","chnsenticorp-5851"
"chnsenticorp-7044","0","酒店着实很旧,旁边都有很好的酒店,吃饭比较不容易找地方,旁边都是咖啡店,真不知道在这样的小镇,怎么消费还那么高.酒店价格与实际设施严重不符.不划算.","train","7044","chnsenticorp-7044"
"chnsenticorp-7759","0","房间比较差，尤其是洗手间，房间隔音和餐饮服务都不好。","train","7759","chnsenticorp-7759"
"chnsenticorp-6352","0","很失望。不过也很正常，因为在北京这个价格就是这样的住宿条件。宾馆的建筑好像和商务楼连接在一起的，4部电梯用一道墙隔开，2部商务楼用，2部住宿用。房间毫无享受的感觉，也就住一天凑合。周边也没有什么餐饮和超市，不太方便。","train","6352","chnsenticorp-6352"
"chnsenticorp-5401","0","这是我在携程定过的酒店中最差的，价钱又贵，以后不会再住了。","train","5401","chnsenticorp-5401"
"chnsenticorp-7320","0","地方不好找,其实就是国际青年旅社.环境一般,设施简陋到地铁站要走10多分钟.","train","7320","chnsenticorp-7320"
"chnsenticorp-7148","0","管理混乱各种设施不到位进了房间发现未打扫卫生又换了房间但卫生还是感觉不好没有一次性拖鞋等很不方便很失望好不容易捱到早上立马换酒店！","train","7148","chnsenticorp-7148"
"chnsenticorp-7534","0","服务有出错，让人大跌眼镜的那种，房卡会被搞错！","train","7534","chnsenticorp-7534"
"chnsenticorp-6551","0","6月16号就从网上订了房间,晚上到酒店时前台说房间了,也没找到我的订单.后来打电话给携程说已经酒店已经将订单回传过.酒店前台一直让我等待了五十分钟才给了房间.到房间后居然还有别人剩下的垃圾没有清理.而且环境还不好,外面就是马路,吵死了,反正这次弄得相当不愉快,相当差劲点","train","6551","chnsenticorp-6551"
"chnsenticorp-5751","0","大堂的服务的入住登记与离店付款很慢，服务员回答问题爱搭不理，房间内的IC卡电源是坏的，电子控制毛病多多，洗澡盆的下水不畅，早餐要7点以后......。不会再去了。","train","5751","chnsenticorp-5751"
"chnsenticorp-5885","0","垃圾,服务生爱理不理.房间残旧不堪,还有异味.酒店最少有20年历史,资料打是开业两年?","train","5885","chnsenticorp-5885"
"chnsenticorp-6599","0","大堂经理服务意识不足,房务员把我的隐形眼镜盒子丢了,大堂经理查了竟说没这事","train","6599","chnsenticorp-6599"
"chnsenticorp-7485","0","广大携程会员请注意:此酒店旁边在造地铁之类的施工,有噪音和灰尘.等完工还有一段日期.出门叫出租车也不方便.入住请考虑这些方面因素.客房里的茶叶不是免费的,是要收钱啦,也要注意.","train","7485","chnsenticorp-7485"
"chnsenticorp-7501","0","地方偏僻，而且部根本是人服的，前天去住的候，空都有，酒店借口，已了，但是一都有，了省，搞的，好。下次一定不入住店了。","train","7501","chnsenticorp-7501"
"chnsenticorp-5518","0","看到网友的点评还有些不信，去了以后才知道什么叫全世界最脏，最差的酒店。","train","5518","chnsenticorp-5518"
"chnsenticorp-7445","0","这家酒店太让我失望了,房间小的简直不能再小了而且服务态度一般除了天台泳池还可以以外,还不如住海景酒店离天后车站又近价钱又便宜,下次去香港我肯定不住这家","train","7445","chnsenticorp-7445"
"chnsenticorp-5422","0","本人5月3日入住。设施太陈旧，一股霉味，住店还收停车费，强烈不推荐。另外，协程给出的地址有误，是浔阳路，不是浔阳东路。","train","5422","chnsenticorp-5422"
"chnsenticorp-7728","0","枕头太低了不好睡，不过在驻马店这种地方算可以了","train","7728","chnsenticorp-7728"
"chnsenticorp-5545","0","房间设备比较陈旧，没五星标准客人非常不满意","train","5545","chnsenticorp-5545"
"chnsenticorp-5841","0","敬告各位,再不要去这住了,晚上11点就关空调,上网一会有信号一会没有.早饭一般般,价格还不低,是我定过最差的宾馆,","train","5841","chnsenticorp-5841"
"chnsenticorp-6323","0","有上网但是是无线,停车在隔壁地下停车场,具说没有转人看管,结果提心吊胆一晚上","train","6323","chnsenticorp-6323"
"chnsenticorp-6852","0","1、酒店比较陈旧，房间小；2、临街的房间噪音很大，从早到晚汽车、摩托车喇叭声不绝，路人高声讲话至深夜，无法安静休息。补充点评2008年6月21日：酒店弥漫着烟酒味道，每天如此，特别是像那种醉酒的人吐了之后的味道，很不舒服。","train","6852","chnsenticorp-6852"
"chnsenticorp-5901","0","蚊子一大把,一大堆,有洗的,有小姐服的,像野,吵得你快掉,真的要改","train","5901","chnsenticorp-5901"
"chnsenticorp-7083","0","酒店说是可以免费上网,但只是自带网线而言,如要借用酒店提供的网线,要交使用费10元,好象有点过份了.","train","7083","chnsenticorp-7083"
"chnsenticorp-6429","0","老酒店,设施都很旧很简单,只住一晚所以将就了;交通倒挺便利的,房间整体感觉有点脏,应该是因为旧的原因.下次再去换另外一家,不想去住了,没什么值得留恋的.网线也没有.","train","6429","chnsenticorp-6429"
"chnsenticorp-5893","0","交通不便是地方最最令我失望的地方，住了三天，第一天，打不到的士，酒店的司了商竟然收我40去一上打只要不到20的地方。不是的，而是趁火打劫的行在令我怒。房的第二晚上，竟然有空，只慢吹。而且房的隔音也不怎么，白天晚上都可以到KTV和夜的歌。本酒店的房，和格我喜的，不以上的，以後真的不敢恭。","train","5893","chnsenticorp-5893"
"chnsenticorp-7678","0","非常的差,定的是豪华套房可是给我的感觉是刚刚做过真空处理,什么都没有真的很差服务方面就更不用说了我在","train","7678","chnsenticorp-7678"
"chnsenticorp-7312","0","岱宗这个三星领教一次就够了，是这样的，这种酒店应该马上从携程的合作客户中去掉，携程应该给我们最好的推荐，而不是这种所谓的三星，简直是比招待所还不如，让我们不敢相信携程的推荐是很不值得的事情。","train","7312","chnsenticorp-7312"
"chnsenticorp-5886","0","春节是住的，位置不错，交通方便，周围环境也不错，购物很方便。房间大，卫生间超大，个人感觉完全是浪费空间，房间老旧。前台服务一般。早餐只有韭菜猪肉馅的饺子跟米汤。是我吃过的最糟糕的酒店早餐。电梯很恐怖。不过一楼的老大爷很亲切。","train","5886","chnsenticorp-5886"
"chnsenticorp-5984","0","第一次去西宁，通过携程定的房间。我住的一个房间,卫生间的味道非常大,另外前台有个别服务员服务生硬,象是黑脸的包公,位置也较偏，总体来说与四星级的标准差距很大,性价比也不高。不知道携程怎么会把它定为银牌酒店，因为在西宁也没有住过其它酒店。","train","5984","chnsenticorp-5984"
"chnsenticorp-7764","0","盐城来了很多次，第一次住盐阜宾馆，我的确很失望整个墙壁黑咕隆咚的，好像被烟熏过一样家具非常的破旧早餐品种少的可怜，水果只有西瓜，房间的电视是90年代的价格和房间严重不成比例的宾馆还说是江曾经住过的最后才知道他当年住的是总统套房我晕如果你有好奇心倒是可以去住啊呵呵","train","7764","chnsenticorp-7764"
"chnsenticorp-5765","0","我河南之旅住过最差的酒店，酒店年代久远，非常残旧，房间光线也不好，洗手间有异味，除了离相国寺近以外，离其他景点都不是很近。可能开封这个城市本身到处都是灰尘，酒店也好像到处都灰蒙蒙。免费自助早餐没有什么吃的，不过还算吃得饱","train","5765","chnsenticorp-5765"
"chnsenticorp-6114","0","是我遇到的最差的4星酒店，进门没人管，进去要我和大堂打招呼，退房也很慢，不会再去住了","train","6114","chnsenticorp-6114"
"chnsenticorp-7042","0","号称三星，顶多招待所的标准，房间前面是个施工工地，晚上也在施工，很吵。还有这个迎宾员感觉有像索要小费的样子，不知道是不是","train","7042","chnsenticorp-7042"
"chnsenticorp-7028","0","太差的酒店，房间设施最多2星。服务人员素质太差，让不是一个房间的人把行李拿走。","train","7028","chnsenticorp-7028"
"chnsenticorp-7368","0","办入住的时候，说没有收到携程的预定，但还是给了携程的价格。问了早餐的事情才给了餐卷，早餐很差，房间非常不干净，床上有西瓜子，床头柜后面还有吃剩的果冻的空盒。最可气的是退房的时候，结账之后没有把信用卡还给我，晚上吃饭结账的时候才发现。","train","7368","chnsenticorp-7368"
"chnsenticorp-7202","0","我订了豪华房，不知为什么是副楼最里边最靠犄角的房间302。没有任何风景，对着一个拆了的广告牌铁架子。。。我没明白为什么前台给我这间，也没有为此跟他们辩论，不愿意影响度假的心情。所以房间，环境，服务都给了1分。携程的介绍也过于简单了，也不清楚。","train","7202","chnsenticorp-7202"
"chnsenticorp-7073","0","就住了两天，第一天晚上就发现了一只大小强。第二天下午回来让服务员喷了药，早上起来发现了一只殉职的小小强。早餐没有牛奶，勉强可以吃几片廉价的面包，喝点豆浆，冲的果珍，白粥。别的反正我都不感兴趣。房间临街，晚上剧吵，幸好俺睡得比较死。","train","7073","chnsenticorp-7073"
"chnsenticorp-6217","0","普通游客旅馆还三星让我伤心店名好大奇差无比补充点评2006年12月8日：还说有地下车库谁敢下去晕狭小黑暗要卡壳儿的CTRIP上怎么让它这么忽悠顾客的？！！！！！！！","train","6217","chnsenticorp-6217"
"chnsenticorp-5365","0","网上评价不错，但是实际情况并不尽如人意，与2-3星的水平差不多~~总的来说，性价比不高！","train","5365","chnsenticorp-5365"
"chnsenticorp-7003","0","房间隔音极差,邻房说话声音清晰可闻,任何杂音清晰入耳,提供的设施品质极差,电熨斗品质不佳还得要客户买单,劝大家别用,空调三催四请才打开,房间闷热无比却要求开窗通风,从没见过如此服务品质,值班经理躲在暗地里不敢面对客户,笑掉人大牙了!以后去成都绝不光临此店.","train","7003","chnsenticorp-7003"
"chnsenticorp-5360","0","很少上来点评，但是为了让大家有个正确地认识，我愿意花点时间来点评下：我的建议是请你选择别的酒店，因为此酒店较陈旧，最重要的是房间的隔音效果非常差，我本人非常的不适应，当然如果您对噪音觉得无所谓的话，此酒店还是可以的。","train","5360","chnsenticorp-5360"
"chnsenticorp-6584","0","房间那是相当的差，不过也是挺便宜的。交通不太方便。建议不要选。免费注册网站导航宾馆索引服务说明关于携程诚聘英才代理合作广告业务联系我们Copyright1999-2008,ctrip.com.allrightsreserved.","train","6584","chnsenticorp-6584"
"chnsenticorp-6948","0","酒店从价格来讲还算便宜。但前台有特价房68，而在携程只能顶到98的，这一点我接受不了。酒店服务还算不错，只是周边的配套不足。","train","6948","chnsenticorp-6948"
"chnsenticorp-6374","0","离泰山较远，实际环境与价格不符，漂亮的外观，陈旧破烂的内里，隔音极差","train","6374","chnsenticorp-6374"
"chnsenticorp-7709","0","网上介绍的比较好，但是实际却是另一番现象。交通非常不便，晚上除非包车，否则根本没法出行；另外酒店性质为居家酒店，服务态度、服务质量比较一般，周围环境也没有传说中的那么诗意化。如果想体验农村生活的话可以一住，否则可以考虑阳朔街上一带的住宿。","train","7709","chnsenticorp-7709"
"chnsenticorp-7357","0","这个酒店真是差啊，非常不好！房间是大，就是显得不干净，估计是过去的招待所改的。","train","7357","chnsenticorp-7357"
"chnsenticorp-5405","0","相当的不好！他的城景房就是靠街的！山景房就是靠远的！没啥区别！服务态度好差！本来定的山景房未经同意换成城景房还不带电脑！","train","5405","chnsenticorp-5405"
"chnsenticorp-7600","0","房间小得不像话，早餐差得不像话，绝对不会再光顾。隔壁的南国大酒店看上去不错。晚上想在酒店的餐厅吃饭，结果人家办婚宴，谢绝散客，郁闷！优点是地理位置不错，朝南的房间可以看富春江，可惜给我的所谓高级房是朝北的，怪不得人家说携程的客人比较受歧视。","train","7600","chnsenticorp-7600"
"chnsenticorp-6646","0","酒店周围倒是很安静，偶尔还有出租车停近院子。酒店比较旧。早餐很早就结束了，好像9点吧，感觉每天都要赶时间去吃早餐。","train","6646","chnsenticorp-6646"
"chnsenticorp-7041","0","有些差就和小旅店差不多离机场还有一些距离不建议去住","train","7041","chnsenticorp-7041"
"chnsenticorp-6234","0","从小事看不像四星级酒店：车到门口，门童似看不见，自顾自聊天说话，连啦一下门也没有，早餐品种很少，房间的设施不如三星。但这酒店在黟县算是最好的了，想住的话只能将就了","train","6234","chnsenticorp-6234"
"chnsenticorp-5879","0","房间太差,电梯爱坏,差点被锁在电梯里出不来,爬到六楼快累死了,再也不会住.强烈建议大家考虑其他经济型酒店,如家越来越差了.","train","5879","chnsenticorp-5879"
"chnsenticorp-6329","0","给携程的是一个小的房间，浴室设施很一般，大堂的前台居然在有人的时候才从里面出来，没有出租车，早餐不好","train","6329","chnsenticorp-6329"
"chnsenticorp-7715","0","时隔2年又住这家宾馆，当时给了4～5分的评价，可今天再也看不到2年前正在申请3星时的服务和环境了，服务员没了微笑，早餐没了品种，设施正在老化，失望啊。","train","7715","chnsenticorp-7715"
"chnsenticorp-6006","0","号称四星的酒店，可是房间之小，内部设施最多也就相当于Motel168，锦江之星等简易旅馆，真的让人大失所望...下次一定不会再住了","train","6006","chnsenticorp-6006"
"chnsenticorp-6918","0","毛巾等东西太旧了，而且连小方巾也没有，瓶装水也没有，这些小处没看出是个四星，唯一的好处就是离江近。","train","6918","chnsenticorp-6918"
"chnsenticorp-6889","0","预订时已说明是一家三口人，可旅馆内的设施用品只有两套，要加收费才给第三套，前台的服务员一听说要开发票似乎不太满意，以致结帐花费了20分钟。","train","6889","chnsenticorp-6889"
"chnsenticorp-5713","0","10月5号到6号，只住一天，中午12点左右到的宾馆，竟然房间还没有收拾，屋里一股臭味，酒店理由是人员不够，收拾不过来~~无语！2点才弄好，建议大家选择别的酒店，顺便说一句，一次性拖鞋10元一双还有酒店出门边上好像是BTV的餐厅，自助30一位，绝对超值，单点就不用了，又贵量又少。","train","5713","chnsenticorp-5713"
"chnsenticorp-6575","0","总体感到如家房间较干净的就是房间太小了，性价比不高，比隔壁的条件一样的快捷酒店价格上高出21元了。","train","6575","chnsenticorp-6575"
"chnsenticorp-6024","0","设施是很一般，但是服务人员的态度不敢恭维的。早饭很差，一大群服务员乱哄哄围在一起，就是没有一个人理你","train","6024","chnsenticorp-6024"
"chnsenticorp-6318","0","位置还行,而且旁边就有个1+1超市.唯一让我不爽的是,入住后不到一小时,因行程有变,要退房,竟然称收半天房租!!!而我入住后就去吃饭,怎么样都不肯让步,真郁闷!!!看来还是住石歧好了.","train","6318","chnsenticorp-6318"
"chnsenticorp-6532","0","1服务员态度一点都不好,像是欠她多少钱似的,说话很像地主婆.2进了房间像地下小旅馆,极其不满意,永远不会住这里了.3是这辈子都不会住里了,4大家可以去附近的如家83559989这个店就在他的旁边.","train","6532","chnsenticorp-6532"
"chnsenticorp-7453","0","帮同事订的酒店....反馈回来的信息说这个酒店实在是太差了,和招待所差不多!唐山的酒店性价比一点都不高啊.","train","7453","chnsenticorp-7453"
"chnsenticorp-6574","0","前台人员太少，我住进酒店当天前台只有一名服务人员，而且是实习生。而后面却排着10名顾客在等。","train","6574","chnsenticorp-6574"
"chnsenticorp-7132","0","房间设施很差，给我的电子门卡居然不能打开房门，换了一个电子门卡还是不行。最后只能给我一把钥匙。房间里的毛巾洗得黑糊糊的样子，很硬。前台服务倒还周到，还给免费升级为大床房了。不过大床房的空间很小，隔音也不好。性价比不是很高。","train","7132","chnsenticorp-7132"
"chnsenticorp-6920","0","theroomistoosamll,andtherestrauntisterrible.thesurroundingareaisdirty宾馆反馈2008年7月21日：Wearesosorryforanyuncomfortableandinconveniencecausedbyourfacilities.Wesupposedyoucouldchooseourdeluxeroomorsuiteforyournextstayformorespace,andwilltryourbesttoimproveourrestaurant.Sincerelywishcanhaveyouwithusagain.","train","6920","chnsenticorp-6920"
"chnsenticorp-5548","0","两星级的设施(可能还没有)，四星的收费标准。真不知道四星级是怎么评下来的。和携程宣传有很大的区别。比如说有酒吧，原来是房间内食品。","train","5548","chnsenticorp-5548"
"chnsenticorp-6229","0","房间的隔音太差!我定的房朝内街,对讲机声和空调声极大!建议加装双层玻璃窗!","train","6229","chnsenticorp-6229"
"chnsenticorp-5607","0","还是房价贵了点，如果房价在200就可以了。","train","5607","chnsenticorp-5607"
"chnsenticorp-6104","0","门缝太阔,晚上都要被蚊子叮.晚间有异味,又潮又湿跟其他人的评分一样,是我往最差的一间如家.","train","6104","chnsenticorp-6104"
"chnsenticorp-5590","0","最滥的酒店什么都不行。这种酒店千万别去。80年代的3星","train","5590","chnsenticorp-5590"
"chnsenticorp-6560","0","事实上只能算一个好一点的招待所，只是大堂装修得好一点而已","train","6560","chnsenticorp-6560"
"chnsenticorp-6895","0","酒店地理位置较好，离南京西路近在咫尺，但是酒店的设施太过简陋，商务酒店之名不符实。。。","train","6895","chnsenticorp-6895"
"chnsenticorp-7348","0","07年曾经住过一次，感觉还可以。这次感觉不好，被子、床单太、太、太旧了，早该换新的了。其他服务业都一般。","train","7348","chnsenticorp-7348"
"chnsenticorp-6122","0","差差差，房间大而家具太差，有早餐而早餐质量太差，有宽带而网速极差，几乎等于零。环境好而交通太差。","train","6122","chnsenticorp-6122"
"chnsenticorp-6088","0","该酒店蛮有经济头脑滴，接机这一窝心服务让人毫不设防地扎进租车旅游队伍中。后来的各位驴友可要吸取经验，该杀价时就杀价，决不能心软，否则将来就换您心疼银子啦！","train","6088","chnsenticorp-6088"
"chnsenticorp-5776","0","如果你想一个晚上不睡觉想心事,强烈推荐入住该宾馆。同样是高架边的饭店，其他宾馆都采用隔音玻璃，而陕西大厦却没有采用，夜深人静的时候就听到高架上滚滚的车流声！","train","5776","chnsenticorp-5776"
"chnsenticorp-6799","0","设施2星，服务零星。担保订单都敢取消，管理混乱，冷淡。免费注册网站导航宾馆索引服务说明关于携程诚聘英才代理合作广告业务联系我们Copyright1999-2008,ctrip.com.allrightsreserved.","train","6799","chnsenticorp-6799"
"chnsenticorp-5589","0","烧水壶不会自停，烫到手，撒了一盒好茶！向服务员反映也无结果。","train","5589","chnsenticorp-5589"
"chnsenticorp-6567","0","总体来讲，对登封的印象比较差，基本上是脏乱差的典型！酒店的设施极端简陋，洗手间里连浴帘都没有，洗个澡满屋子的水！而且，没有挂衣服的地方。酒店里的餐厅，竟然不到7点去就已经黑灯瞎火了。总之比较阴暗老旧的酒店，条件很一般。不过，地理位置不错，对面是超市，还有小吃一条街。","train","6567","chnsenticorp-6567"
"chnsenticorp-7290","0","肯定我不会再住这里了,太陈旧了,霉味太重,感觉不好!","train","7290","chnsenticorp-7290"
"chnsenticorp-6628","0","单人间实在太小了，桌子柜子都没有，连放旅行包的地方都没有，吃饭只能坐在床上，拉唯一的椅子当桌子，不通过携程预定的话，这个房子150只要98，算特价房了！","train","6628","chnsenticorp-6628"
"chnsenticorp-5777","0","服务很差！！！服务员的态度很不好！环境也一般","train","5777","chnsenticorp-5777"
"chnsenticorp-5426","0","总体感觉比较差,房间家具老旧,商务套间的地毯居然到处是黑斑,让人看了心里非常不舒服。我们因为工作关系，每个月都有几天住在昆山，我的同事们也一致评价誉兴太脏。以后只要有其他的选择，坚决不住誉兴。","train","5426","chnsenticorp-5426"
"chnsenticorp-5988","0","房间很旧，很差，后来我就换酒店了，不到3星标准。宾馆反馈2008年7月22日：请您提出具体的方面！我们将尽力完善改正！谢谢！","train","5988","chnsenticorp-5988"
"chnsenticorp-7168","0","环境太吵，晚上有卡拉OK，影响睡觉，服务人员服务态度较差。","train","7168","chnsenticorp-7168"
"chnsenticorp-6840","0","相对于长春的物价，这个价格有点贵。条件一般，硬件设施比较普通，没有北京如家的温馨。房子也比较小，希望价格上有些优惠，如果没有优惠，希望携程能联系到长春其他连锁的经济型酒店，有很多条件不错的。","train","6840","chnsenticorp-6840"
"chnsenticorp-7174","0","老掉牙的五星酒店，我们入住的客房窗外就是酒店的封闭露台，窗下堆放疑似废弃的棉被等物品，还好就住一天，拉上窗帘将就一夜，第二天就赶紧离店了。","train","7174","chnsenticorp-7174"
"chnsenticorp-6559","0","见过差的四星，没见过这么差的四星。千万不要住，晚上还有骚扰电话","train","6559","chnsenticorp-6559"
"chnsenticorp-7401","0","熟悉的酒店都住满了，迫不得已又住了一次。发现更垃圾了。总之，如果不是迫不得已，千万不要住次酒店。枕头发黑，床单发黄，房间超级小，卫生间异味和公共厕所差不多，房间异味更不用说了。","train","7401","chnsenticorp-7401"
"chnsenticorp-7428","0","除了地段可以，其他是一塌糊涂，惨不忍睹。和招待所差不多。","train","7428","chnsenticorp-7428"
"chnsenticorp-5573","0","这是个以会议、活动为主的酒店，不适合散客周末闲居。房间较大，但家具粗劣。最糟糕的是卫生间，装修质量很差。预订两夜，因是受不了房间的寒冷而提前退房，那可是初冬啊。建议：带上睡袋，以免感冒。","train","5573","chnsenticorp-5573"
"chnsenticorp-7717","0","酒店离开市区挺远，很不方便。除了大堂气派，房间根本没有五星，充其量较差的四星，更莫名其妙的是房间竟然没有暖空调，下次决不考虑入住。","train","7717","chnsenticorp-7717"
"chnsenticorp-5530","0","8月头通过携程订的两间标房，340元一间，原想四星级的标房应该很不错的，可到那一看，简直就是一个招待所的水准，装修陈旧，房间又小，25寸的电视机还锁在柜子里。很不值，下次肯定不会再去这里了。","train","5530","chnsenticorp-5530"
"chnsenticorp-6500","0","房间小得无法转身，晚上十时没有热水冲凉，找人帮忙，坚持说水是热的，只是不够热，因为有客人中午时提出水太热，所以调到低温，如果嫌凉，可以重新调到高温，但必须一小时后现能有热水。他们说这话时，我女儿就可怜兮兮地裹着条浴巾看着他们发呆。","train","6500","chnsenticorp-6500"
"chnsenticorp-6539","0","服务一般，房间卫生太差，居然有蟑螂弄的我和我老公身上满是疙瘩，退房时把时间逼的太紧，还必须是12点以前，让我最中意的是他们的浴室，大大的莲蓬洗澡舒服的很","train","6539","chnsenticorp-6539"
"chnsenticorp-6423","0","最初给我的270的大床间是临街的，要命的是窗户还是坏的，根本没办法隔音，所以要求换到了不临街的豪华标间，房间有味，所幸得是只需要住一个晚上，早餐另收了10元，结账时前台非常不专业，发票自己随手搞到地上了，还一个劲问是不是拿给我了，印象差","train","6423","chnsenticorp-6423"
"chnsenticorp-7633","0","跟住招待所没什么太大区别。绝对不会再住第2次的酒店！","train","7633","chnsenticorp-7633"
"chnsenticorp-7131","0","门面很小，房间隔音较差，一直听到隔壁房间的声音。电子门锁是坏的，提出后只能给了钥匙。不过离市区还是比较近的，打的起步费就到正大广场。","train","7131","chnsenticorp-7131"
"chnsenticorp-5373","0","某些酒店人员对待顾客不诚恳。说给你换房间，骗你说是价钱贵的房间。其实是把你的房间档次调低了。没有房间就实话实说，别骗人啊，什么态度。有些房间的隐私性也不好","train","5373","chnsenticorp-5373"
"chnsenticorp-6422","0","总体来说还比较满意,但主要的是临街,窗户的隔音效果不好.酒店价格单间在200--220元,比较合适也比较接近酒店的装修档次.","train","6422","chnsenticorp-6422"
"chnsenticorp-5454","0","建议酒店餐厅预备当地产的酒水,以备外地客人品尝.","train","5454","chnsenticorp-5454"
"chnsenticorp-7447","0","最好别去,很差,看完很差想换酒店,他们竟跟我要服务费.也没待那房间2分种,居然解决了问题,可觉的下次不能去的,","train","7447","chnsenticorp-7447"
"chnsenticorp-7419","0","以前我们的客人入住该酒店，一直对酒店印象不错，但是这次","train","7419","chnsenticorp-7419"
"chnsenticorp-6365","0","房间比较脏，尤其是地毯，像80年代的东西。最令人难以忍受的是早餐，由于有旅行团，人比较多，而酒店也不加强管理，自助早餐就像抢早餐，因为不抢的话盘子就空了。哈哈！我很多年没见过这阵势了。","train","6365","chnsenticorp-6365"
"chnsenticorp-7411","0","房间较旧，墙纸有霉变。环境一般，感觉不象携程上介绍的那样古色古香，而是感觉破旧不堪。不过周围交通比较方便，离景点和汽车站都很近。","train","7411","chnsenticorp-7411"
"chnsenticorp-6000","0","房间和走廊里味道很重，楼外下面马路上的声音很吵，早上隔壁的电视机的声音听的很清楚，可以当闹钟使用，但时间是隔壁定的，没有给“闹钟”定时，结帐的时候发票没有给我盖章，总的感觉是让人失望。今后不会再住了。","train","6000","chnsenticorp-6000"
"chnsenticorp-5656","0","两间房只给两条毛巾，加一条毛巾要收费5元，太过份了吧？？？","train","5656","chnsenticorp-5656"
"chnsenticorp-6705","0","临近道路边,相当的吵,隔音效果差............","train","6705","chnsenticorp-6705"
"chnsenticorp-5730","0","早餐很差劲,不过一般这种地方的四星也差不多就这样了.","train","5730","chnsenticorp-5730"
"chnsenticorp-5786","0","酒店设备一般，套房里卧室的不能上网，要到客厅去。千万不要到酒店的餐厅吃饭，价钱贵不说了，态度极差，端上来菜竟然是冷的，上来的米饭也是冷的，要求他们热一下竟然和我们理论！！下次肯定不会住了！","train","5786","chnsenticorp-5786"
"chnsenticorp-7517","0","房间旧了点，有一次让我感觉有点失望，另外不含早餐，在二楼单点比较贵","train","7517","chnsenticorp-7517"
"chnsenticorp-6812","0","临街的房间，特别的吵，晚上几乎无法睡觉。房间隔音不好，白天听到隔壁“嘿咻”的声音，晚上听到隔壁打呼噜，让人无法睡觉。","train","6812","chnsenticorp-6812"
"chnsenticorp-5770","0","隔音太差，好像开着窗户一样。吵的没法睡。再出差不敢住这里了房间设施还可以，床上被褥很干净","train","5770","chnsenticorp-5770"
"chnsenticorp-7313","0","位置不是很好，交通一般，离地铁站比较远，一般只能打车，房间里空调老化，一晚上不停的响，还有蚊子，刚进房间就发现被单上有很大块的污渍，后来叫服务生才还掉的，感觉不是很好。","train","7313","chnsenticorp-7313"
"chnsenticorp-6293","0","位置比较怪,旁边是个菜市场,味道就...到达的时候下雨,所以前台有点混乱,等了10分钟左右,态度倒还好,房间蛮好,舒服.就是走廊的味道是我对这家店的印象降到底了,套","train","6293","chnsenticorp-6293"
"chnsenticorp-6226","0","晚上没完没了的骚扰电话，让人真的不敢恭维补充点评2007年12月14日：我打的都是1分，怎么平均出来是2分？莫名其妙","train","6226","chnsenticorp-6226"
"chnsenticorp-5783","0","在携程预定酒店这么多次，遇到的最烂的酒店。住在行政豪华房，早上7点半起来连洗澡的热水也没有。开发票时说没有发票，请携程帮帮忙，不要把这种酒店放在你们网上害人。谢谢！","train","5783","chnsenticorp-5783"
"chnsenticorp-7646","0","第一次，也是最后一次，服务与星级不成正比，房间设施也非常一般！","train","7646","chnsenticorp-7646"
"chnsenticorp-5380","0","酒店设施老化严重。作为一家五星级酒店，居然没有无烟楼层（这是前台登记的时候酒店服务员说的）","train","5380","chnsenticorp-5380"
"chnsenticorp-6718","0","类似于80年代的招待所，要自己下到一楼打开水，开水瓶看的倒是挺结实的。没有电话，叫服务生只能靠人工。洗澡水据说要放20分钟凉水后才会热，我们确实很有耐心放了20分钟，还是冻人。实在心疼水就凑合冲了。空调只有冷风。两张超小的床。总而言之是我住过最为辛苦的房间。","train","6718","chnsenticorp-6718"
"chnsenticorp-6687","0","怎么说呢，跟这个城市一样的毛病，脏吧。交通不算便利。","train","6687","chnsenticorp-6687"
"chnsenticorp-7624","0","离市区远，浴池下水不畅，晚上外面施工，服务员态度恶劣，垃圾酒店","train","7624","chnsenticorp-7624"
"chnsenticorp-7493","0","我定的大床房，房间靠主干道加上隔音很差，吵得要命，我整晚都没睡着，如果睡眠不好的朋友要考虑一下！","train","7493","chnsenticorp-7493"
"chnsenticorp-6529","0","前台服务态度很差我是6月28好上午11点左右到酒点大堂的到了以后一男一女两位前台接待根本就不跟你打招呼问好其实也就一人在开房一人在退房把我量那儿大概有6，7分钟等他们忙好了直接从我手上接过身份证和信用卡其间一句话也没说那时候我已经有点火了我主动说我是携程订的男接待找了半天才找到单子我原先预定的大床房因为看到前面朋友的点评特意没要15号的房间我在订的时候还特地注明了男接待看也不看也不跟我说明原因直接开了15号的房间等我问他怎么是15号房间的他说已经满了我又问到我已经订好了为什么没帮我留既然没有我还要订房间干嘛他哑口了然后又查了下说有大床说要打扫房间等了10多分钟说有416然后又换了1216反正这次入住极其不爽好在房间还算干净但是设施陈旧都掉漆了以后再也不会住这家了","train","6529","chnsenticorp-6529"
"chnsenticorp-6236","0","特价房非常小四步走到房间墙角基本是用不隔音的板材隔出来的隔壁的电视声音还有临近房间夜晚男女做事的呻吟和同浴的声音都能很清楚的听见简直就是网友见面的炮房房间里空气质量很差且无法通过换气排出携程价格与门市价相同主要考虑办事地点在附近才去住的","train","6236","chnsenticorp-6236"
"chnsenticorp-6005","0","太烂了，房间小，门口停车还要收费，屋里霉味很重，不知道那些说好的人是怎么体验的。","train","6005","chnsenticorp-6005"
"chnsenticorp-5376","0","我感觉不行。。。性价比很差。不知道是银川都这样还是怎么的！","train","5376","chnsenticorp-5376"
"chnsenticorp-6489","0","好小的门面，没有电梯，房间也不是很一致！最郁闷的是我不知道我们公司跟他们有合约，他就让我的客人（另外一次）直接用我们公司的名义住的酒店，而没有通过ctrip。还好第二天ctrip打电话给我确认，让我退单了。","train","6489","chnsenticorp-6489"
"chnsenticorp-5907","0","除了地理位置靠近王府井，其他实在不敢恭维。入住时发现茶杯里有半杯水，通知服务员更换，惊愕的发现，服务员把杯子中的水倒在卫生间后用水洗洗就放回原处，问她杯子不消毒吗，竟然毫无反应的离去。","train","5907","chnsenticorp-5907"
"chnsenticorp-6991","0","俗话说""便宜没好货"",""一分价钱一分货"",建议携程网不要再向客户推荐该酒店.","train","6991","chnsenticorp-6991"
"chnsenticorp-7510","0","性价比太差了！严重不复合所谓的4星标准，周围环境空气较差，最麻烦空调系统的冷气夹杂浓重的烟味，不开窗简直没法生存。","train","7510","chnsenticorp-7510"
"chnsenticorp-6384","0","缺点：服务员太少，忙的时候能排大队，用餐需要出酒店到外面吃，索性还不如不提供早餐呢，房间狭小，卫生纸供应不充足。优点：交通方便。","train","6384","chnsenticorp-6384"
"chnsenticorp-6296","0","房&#38388;不及168,居然用复合地板,走廊是地&#30742;,空&#35843;是分体的,房&#38388;窗外即&#39532;路,人喊,狗叫,汽&#36710;高音喇叭,&#26080;法睡&#35273;.&#25658;程向我推荐是4星&#32423;酒店,有欺&#39575;之嫌,使我&#23545;&#25658;程的信任大打折扣.","train","6296","chnsenticorp-6296"
"chnsenticorp-7149","0","预订标准间：拐角房间（为什么携程订的都是拐角间），房间很小，隔音超差，房间非常冷，空调几乎不好用，卫生间更冷，几乎没法淋浴！三个字＂不满意＂！","train","7149","chnsenticorp-7149"
"chnsenticorp-7478","0","出于不信邪的原因，入住了该酒店。之前查阅了携程上的点评，最近的点评已经有大半年时间了，一厢情愿的以为酒店设施有所改善。但是，去了只能用三个来形容，差！差！差！一次恐怖的入宿。电梯依旧吓人，房间一股霉味，一个灯是坏的！第二天就换到隔壁的一百假日去了。","train","7478","chnsenticorp-7478"
"chnsenticorp-5434","0","房间很小，洗手间不干净，我住的标间，浴缸里面脏死了，我都不敢站，而且下水的速度好慢啊，不过地处北京丰台区，做公车20分钟就可以到前门，服务员的态度还是很好的。但相比如家、锦江之星，这里真不像是连锁的，就是一个旅馆。","train","5434","chnsenticorp-5434"
"chnsenticorp-5719","0","房间配置很差，真可惜太仓没有如家和锦江之星，下次不会再入住这家酒店","train","5719","chnsenticorp-5719"
"chnsenticorp-6845","0","对这个酒店的整体我不想多评论什么，希望携程在今后找合作酒店的时候多把把关。","train","6845","chnsenticorp-6845"
"chnsenticorp-5970","0","订了一房间，保险链是坏的，叫了半天没人来，还是自己修的！里面的设施显得旧了点！据说就要翻修成汉庭了，不会房价也要跟着涨吧","train","5970","chnsenticorp-5970"
"chnsenticorp-7143","0","订的是288的标房，房间相当小，设施简单，卫生间连转身都感觉相当困难，前台的服务态度也很差，退房时足足等了十多分钟，不推荐大家入住。","train","7143","chnsenticorp-7143"
"chnsenticorp-5798","0","酒店装修气味很浓，房间感觉一般，与4星有不少差距。入住期间居然不开空调，热得要死，刚好房间又向阳，期间打了几次电话，最后同价升级成单人套房，郁闷的心情总算好点！卫浴品太旧给人感觉不爽，总之感觉不好，下次不会再住！！","train","5798","chnsenticorp-5798"
"chnsenticorp-7425","0","房间一般，真的很一般。没有早餐。还是个办公楼，人很杂。宾馆反馈2008年4月25日：房间视个人喜好而定,可能您不喜欢我们的客房类型,关于办公楼,我们大厦办公房间所占比例很小,还不到10%,希望您给予谅解和支持!","train","7425","chnsenticorp-7425"
"chnsenticorp-6488","0","好小的门面，没有电梯，房间也不是很一致！豪华房居然要400多，马桶还是坏的！酒店太自作主张了。。。。","train","6488","chnsenticorp-6488"
"chnsenticorp-5424","0","简直受不了啊，居然有蟑螂，一共消灭了3只，作为1家4星的酒店居然这样很失望，而且上网速度简直太慢了","train","5424","chnsenticorp-5424"
"chnsenticorp-6984","0","上次入住，半夜两点，宾馆突然测试电压，将我的笔记本适配器以及手机充电器全部烧坏，幸亏笔记本电脑处于关闭状态以及手机没有插在充电器上，否则不堪设想；而且上次入住早晨停电，没有早饭、洗脸水都没有，东北人的服务意识太差。","train","6984","chnsenticorp-6984"
"chnsenticorp-6304","0","房间狭窄、简陋。酒店外观倒不错。旅游景点的度假型酒店而已。结帐时看到客人和前台大声争执，看来是酒店说毛巾弄脏了，要求赔偿。实在小家子气。总体看性价比不高。","train","6304","chnsenticorp-6304"
"chnsenticorp-6063","0","受不了，基本隔壁所有的声音都听的一清二楚。因为隔壁没睡，所以我也跟着无法入睡，见过隔音不好的，可没见过如此不好的。听一个出租车司机说这个如家是厂房改造而成的。真是很有疑问：经济型酒店，到底经济了谁？","train","6063","chnsenticorp-6063"
"chnsenticorp-6151","0","超差！！！建议所有人不要来住！大门开在胡同里，找不着。每天早上你会被服务员聊天吵醒，都不用闹钟的！该提供的服务长话网络你在前台不声明，是全都不能用的，投诉无用，态度够你喝一壶的。哈尔滨的形象就这样破坏的。","train","6151","chnsenticorp-6151"
"chnsenticorp-5966","0","酒店设施非常一般，连三星都不如，甚至连一些新开的无星级的商务酒店都不如。房间也很小，服务也很一般。价格非常不值，性价比太差。以后不会再入住。","train","5966","chnsenticorp-5966"
"chnsenticorp-6543","0","拿到房间钥匙，打开门竟然发现了别人的东东，如果房间中有别人，或者是一位异性，如何处理？可怕？后来自己下楼又换了一个房间才好。结帐时竟然没有发现我预授权时的签单？让前台处理掉预授权的单据，竟然说找不到了!!可怕？好象速8酒店都不当面处理预授权的单据，为什么？让人没有信任感!!!!!!","train","6543","chnsenticorp-6543"
"chnsenticorp-6058","0","床发出吱嘎吱嘎的声音，房间隔音太差，赠送的早餐非常好吃。补充点评2008年7月22日：我们住的是度假村的标准间。","train","6058","chnsenticorp-6058"
"chnsenticorp-5963","0","酒店房间小，设施陈旧，酒店靠马路，窗户很不隔音，影响休息","train","5963","chnsenticorp-5963"
"chnsenticorp-7226","0","酒店比较旧，听说有十几年的历史，房间也比较小。一个所谓三星酒店连一次性的剃须刀都不提供，要另外花15块钱买。总体上还不如火车站周边的商务酒店。","train","7226","chnsenticorp-7226"
"chnsenticorp-5438","0","实在一般，这样的酒店还要这个价钱，令人费解！","train","5438","chnsenticorp-5438"
"chnsenticorp-6387","0","这不是星级酒店,而是一间很差的招待所.早餐很","train","6387","chnsenticorp-6387"
"chnsenticorp-5366","0","这是一家相当烂的酒店，我不知道其他人是如何评价它的，对客户那种极不信任的表情以及工作作风，自以为是，狂妄自大，肆意欺骗顾客，他们根本就没把客户放在眼里，我奉劝看过此贴的朋友，千万不要住这家黑店啊！切记！！！","train","5366","chnsenticorp-5366"
"chnsenticorp-6136","0","第三次入住该酒店，以前的经历都还可以，所以一直都选择该酒店，不过这次遇到了不能刷卡，感觉是酒店为了节约手续费故意的，幸好现金有结余，不然真的很麻烦，下回不想住了。","train","6136","chnsenticorp-6136"
"chnsenticorp-6038","0","本次预定有两点不满意1、由于航班原因我在21日凌晨2点到达酒店，可酒店仍然收取20日房费。2、酒店房间格局极差。网上预定时，不能了解房型。建议增加。3、房间设施陈旧。最可恨的是房间竟然有蟑螂。与服务人员理论时告知：已经是优惠价（言外之意，有蟑螂我也得忍了！没天理！望携程认真核实！","train","6038","chnsenticorp-6038"
"chnsenticorp-5864","0","该酒店很差,服务实在无法忍耐,属于老土级酒店,四星级价格,比附近的安阳宾馆和中原宾馆差远了.价格还贵,下次不会住.","train","5864","chnsenticorp-5864"
"chnsenticorp-5986","0","办理入住手续时花了30分钟以上，且服务态度不佳，地理位置也不是太好，不推荐！","train","5986","chnsenticorp-5986"
"chnsenticorp-5969","0","非常不好,房间的装修太旧,就像90年代的感觉.入住的168的所谓豪华标准间,只能说普通标准间罢了,老公睡觉起来","train","5969","chnsenticorp-5969"
"chnsenticorp-7277","0","一个字：差！设施差，服务差，环境差。能想到的一切都差！！！！！宾馆反馈2007年12月10日：酒店已注意到了,部分房间已开设改建","train","7277","chnsenticorp-7277"
"chnsenticorp-5723","0","太潮了，根本不是人住的！价位倒是不高，但是携程价没有竞争力！","train","5723","chnsenticorp-5723"
"chnsenticorp-7221","0","非常差，入住半小时就想退房了，地毯很脏，浴缸里特别恶心，什么都有：头发，灰泥等而且，根本没有什么游泳池，携程的宣传也有问题我本来定了两天，住了一晚就退房了，很巧，退房的时候旁边一个哥们跟我遭遇一样，他边退房边打携程的电话定下一个酒店……我是online定好了~","train","7221","chnsenticorp-7221"
"chnsenticorp-7228","0","这是本人用携程预定的最糟糕的酒店，建议取消该酒店的合作。","train","7228","chnsenticorp-7228"
"chnsenticorp-6748","0","第一住的房都是味，地上有好香灰，后了另外一味那麽重！建酒店清生必注意，及最好有非吸","train","6748","chnsenticorp-6748"
"chnsenticorp-5533","0","房间陈旧，设施简单，尤其是早餐品种极少，但能吃饱。服务人员主动服务意识差，但你主动的话她们倒是比较热情。可能是黄山游客多，酒店生意好，你下次来不来住无所谓。酒店的院落大，停车方便，环境较佳。因他们不是专业酒店，所以要原谅包涵他们。","train","5533","chnsenticorp-5533"
"chnsenticorp-5819","0","借壳原来的天津乐园宾馆现在居然是“4”星级酒店，环境太乱,和演艺场在一起,像娱乐场所,不像宾馆,到处是穿着睡衣的人们在走动，特别是早餐，连2星的宾馆都不如；真不知道那些评论星级酒店的官员们在这里的洗浴中心享受过什么特别待遇。。。。","train","5819","chnsenticorp-5819"
"chnsenticorp-6372","0","这几次入住感觉不如以前了，服务质量在下降，原来房价含早的，现在早餐也不送了，原来餐厅就餐感觉很不错，现在明显上菜的份量比以前少了很多，下次再去南通考虑换一家试试了","train","6372","chnsenticorp-6372"
"chnsenticorp-5333","0","房间的环境非常差,而且房间还不隔音，住的不舒服。","train","5333","chnsenticorp-5333"
"chnsenticorp-7187","0","房间非常小房间设施非常旧，因为装修至今已经10年了。房间空气非常差，一打开门一股非常大的烟味和霉味迎面扑来服务还不错，虽然帮我从6楼换到了9楼，但是房间空气依然非常差非常差非常差得不能接受！！！","train","7187","chnsenticorp-7187"
"chnsenticorp-6805","0","1、大床房其实是一个很小的房；2、新装修的房其实一点都不新，看起来挺旧的。补充点评2008年5月23日：我入住的是新装修的豪华房","train","6805","chnsenticorp-6805"
"chnsenticorp-5940","0","大家千万不要去住这间酒店;那里的服务员好像你欠了钱一样;特别是前台;好像你杀了他们全家一样;但是收费确是4星的收费喔;房间的空调就像拖拉机;我真不知携程现在越来越差了'我现在只能每去一个地方跟人酒店去了协议了!","train","5940","chnsenticorp-5940"
"chnsenticorp-5706","0","住了一次可以让你不想再住第二次的酒店一次痛苦的经历不想再提","train","5706","chnsenticorp-5706"
"chnsenticorp-5614","0","房间小得无法想象,建议个子大的不要选择,一般的睡觉脚也伸不直.房间不超过10平方,彩电是14寸的,晕死,交通还算方便,离地铁不行10分钟内,但你必须知道哪条是正确的路,如果入住,必须要有心理准备,一个字""小""!","train","5614","chnsenticorp-5614"
"chnsenticorp-5911","0","10月2号入住12楼大床房,房间太小,隔音差,3号换11楼双人间,淋浴间下水管堵塞,水漫金山啊.工程人员半夜来处理(辛苦了!).另早餐餐桌布菜渍很多.还好床上用品够干净,否则我很怀疑这是四星级酒店","train","5911","chnsenticorp-5911"
"chnsenticorp-6109","0","环境和各方面的设施都很老旧，房间小，次所小得离谱，服务态度也一般。实在连3星级都算不上","train","6109","chnsenticorp-6109"
"chnsenticorp-5775","0","性价比极低,根本够不上4星的标准.送单早,早餐另外收费,68元/位,上网收费,60元/天.下次再也不住了!","train","5775","chnsenticorp-5775"
"chnsenticorp-5759","0","头一天订的是标间（大床）房，结果大床不大，两个人太拥挤，房间也太小。最不能容忍的是马桶居然和淋浴在一起，高的湿乎乎的，很不方便。第二天换了一间双床标间，房间倒是宽敞了许多，没想到的是楼下歌厅唱歌没完，搞到12点睡不着觉，这样的宾馆谁还敢住？","train","5759","chnsenticorp-5759"
"chnsenticorp-7305","0","告知所有的朋友，这个酒店，简直就是一个黑店1，一楼大堂吃饭，白水5块一杯。2。小卖部里的东西，市场5-8倍。3，深夜12点有色情电话。转天问服务员，他们说是一楼的美发，和他们没关系。奉劝各位千万不要入住。","train","7305","chnsenticorp-7305"
"chnsenticorp-5676","0","我住的是豪华套房,折后价是2990,但是入住后发现性价比极低,套房是在前面一幢楼,最高是9楼,完全看到不前面人民广场的风景,而且房间比较小,是我住过的五星级套房中最小的,以后绝对不会再选择这个酒店了.","train","5676","chnsenticorp-5676"
"chnsenticorp-7741","0","1房间很小，地毯很脏，白毛巾显黑色2中央空调有异响，后半夜只好关掉3洗澡水忽冷忽热","train","7741","chnsenticorp-7741"
"chnsenticorp-7670","0","早晨8点多,已经没什么吃的,而且十元限额的.餐厅服务员态度差,我住的是158元的标间,房间很黑.很旧,下次决不住这里.旁边晋元大酒店我去看了比这好多了.","train","7670","chnsenticorp-7670"
"chnsenticorp-7179","0","简直不知道携程会选这家店的，除了地段好以外，简直一无是处！房间旧，床垫的钢丝都出来了，单号的房间在6月天开了空调温度都在30度以上。吃早餐没空调。小姐电话乱打，都在12点左右。","train","7179","chnsenticorp-7179"
"chnsenticorp-6751","0","房间奇型怪状，环境一般，厕所超大，床超小，价格较高，送餐居然还要收服务费，要不是如家客满，我才不会去住。","train","6751","chnsenticorp-6751"
"chnsenticorp-7546","0","酒店条件非常差！明明说有网络，就是用不了！而且蟑螂成堆，永远不会选择这个酒店了！！！补充点评2007年7月20日：极差！！！！","train","7546","chnsenticorp-7546"
"chnsenticorp-7102","0","很烂，真的很烂。标榜3星，如果是3星，那么如家就是5星了。强烈不推荐！！！！！！！免费注册网站导航宾馆索引服务说明关于携程诚聘英才代理合作广告业务联系我们Copyright1999-2008,ctrip.com.allrightsreserved.","train","7102","chnsenticorp-7102"
"chnsenticorp-5326","0","地理位置还不错，到哪里都比较方便，但是服务不象是豪生集团管理的，比较差。下午睡了一觉并洗了一个澡，本来想让酒店再来打扫一下，所以，打开了，请打扫的服务灯，可是到晚上回酒店，发现打扫得服务灯被关掉了，而房间还是没有打扫过。","train","5326","chnsenticorp-5326"
"chnsenticorp-6161","0","房间设施相当差，马桶圈居然小了一大圈，浴缸的水直接排到卫生间的下水道，洗个澡弄的卫生间里全是水，门卡居然也没有，说是给交警大队队长了，进出得要服务员开门。对面就是火车站，以后绝对不能找火车站附近的酒店，太坑了！","train","6161","chnsenticorp-6161"
"chnsenticorp-6592","0","岛上没有像样的宾馆，这家马马虎虎过得去。硬件设施很差，没有暖气，最多只能算1+。免费注册网站导航宾馆索引服务说明关于携程诚聘英才代理合作广告业务联系我们Copyright1999-2008,ctrip.com.allrightsreserved.","train","6592","chnsenticorp-6592"
"chnsenticorp-7619","0","地理位置是公认的不错，但是缺点也不少，主要是电梯慢，走廊狭窄，房间设施有些陈旧了，临时住一晚可以，时间长了不建议入住。","train","7619","chnsenticorp-7619"
"chnsenticorp-7589","0","房间阴暗，有异味，总之非常失望，肯定不会再住了。","train","7589","chnsenticorp-7589"
"chnsenticorp-6240","0","卫生间特别小。内部设施不人性化，尤其烧热水的设施明显接触不良，且他后面的插线板在下面，不方便使用。","train","6240","chnsenticorp-6240"
"chnsenticorp-6579","0","太差啦,不知道是怎么评的4星.结帐时还非说有房间点了歌,每首2圆,懒得跟他废话就多掏了4块钱.","train","6579","chnsenticorp-6579"
"chnsenticorp-5330","0","有或者很少房!梯部不吸,但是有一些吸者仍然有服!我是不抽的人,成二手的受害者!(中13人口中,民只有3.2.不到1/4!!!)看到的民,自好?.","train","5330","chnsenticorp-5330"
"chnsenticorp-5631","0","这个宾馆太差了，我一辈子都不会再住了，电梯坏，设施陈旧，电视差，洗澡的液体质量差，和星级完全不符呀。","train","5631","chnsenticorp-5631"
"chnsenticorp-5825","0","酒店位置还不错，附近就有不少饭店。由于是单行道车子只能停在酒店的后门，到前台要走点路，这点不是很方便。酒店的门童如同虚设既不会帮客人开门，更不要说帮客人拿行李了。前台态度也不好，对客人爱理不理的。房间设施一般，网速不仅慢还会经常断网。","train","5825","chnsenticorp-5825"
"chnsenticorp-7081","0","1、空调噪音大，换了两个房间都这样；2、有蚊子；3、内部空间较为凌乱。","train","7081","chnsenticorp-7081"
"chnsenticorp-5432","0","在天津是很差的酒店，定了４个单人间，结果２个没有窗户，２个只能看见相距很近的楼房屋顶，价格还偏高，又不含早，真是差极啦，结果定了２天一天就退房了，因为离天津＼南开大学比较近才选择，永远不会在这里住，充其量也就是一个准二星．","train","5432","chnsenticorp-5432"
"chnsenticorp-7108","0","缺点是房间里一点信号都没.这点很恼火,试问一下万一家中有急事,却联系不到本人怎么办?问题很严重,一往坏的地方想,以后就不会入住此店了.","train","7108","chnsenticorp-7108"
"chnsenticorp-6726","0","隔音效果太差，窗外空调机闹得一晚上没睡着觉，第二天就退店，换地方住了。","train","6726","chnsenticorp-6726"
"chnsenticorp-6733","0","差，停车厂很小，才几个车位，到了酒店还没有保安迎导你，并且还要收费；房间酶迹斑斑，还号称高级房，换了一间还一样。建议携程：宁缺勿烂。","train","6733","chnsenticorp-6733"
"chnsenticorp-6742","0","这个酒店的设备很老，不像3星酒店。房间的设施像80年代的。","train","6742","chnsenticorp-6742"
"chnsenticorp-7068","0","这地方千万别去住了，绣花枕头一个。样子好看，。别的没什么的，大冷天不开空调还说他们觉得没必要开，气的你要死呢。第2天我就搬家了，","train","7068","chnsenticorp-7068"
"chnsenticorp-6968","0","住了两晚，宾馆的墙除了外墙外，基本上是由木板隔成，隔音效果较差。房间里打扫不够干净，卫生间里的长达20来CM的头发就这么放在地上，是不是现在的经济酒店都不用打扫地面的？早餐对于南方人来说，有点不习惯，两天的早餐都是在外面解决的。酒店的设施有点老化，电梯味很重，受不了。","train","6968","chnsenticorp-6968"
"chnsenticorp-6802","0","一个字差，入住时给我开的房卡就刷不开门，这是管理差。从前台到房间居然要换乘电梯，难道他以为自己是地铁啊，这是硬件差。房间小，没中央空调还要4XX元，性价比差。均给一分吧。","train","6802","chnsenticorp-6802"
"chnsenticorp-7516","0","房间安排非常不合理，要穿过很远的厨房才能到达房间，闻到厨房一股做饭的味道后到了房间都没法休息；大床房间反而不能上网，而标准间能上网，不合理；服务态度也很一般。","train","7516","chnsenticorp-7516"
"chnsenticorp-6982","0","优点;有电梯(4层开封宾馆连电梯都没有),晚上好像没有小姐电话骚扰(开封宾馆骚扰到最后干脆和按摩小姐电话聊天起来了)缺点;房间象招待所,设备老化,能算3星?价格偏高,性价比不好!门口乱哄哄的,感觉不好!","train","6982","chnsenticorp-6982"
"chnsenticorp-6196","0","酒店实在差，房间又小又脏，卫生间环境太差，整个酒店有点像马路边上的招待所。","train","6196","chnsenticorp-6196"
"chnsenticorp-6211","0","55555555，我住过最差的酒店之一，奉劝大家还是跑远一点吧。","train","6211","chnsenticorp-6211"
"chnsenticorp-5536","0","非常差，服务差。房间比较大，但也很差，更重要的是临近铁路，很吵！难怪酒店生意不好，人很少！","train","5536","chnsenticorp-5536"
"chnsenticorp-5909","0","这个宾馆就在王府井步行街旁.地点相当好.价格也算优惠.但原本预定住5天,结果第二天就退房了.因该宾馆的空竟然停用.原因是北京市的供暖系已停用.後和其他店求才知道是胡扯...害我度了一寒冷的北京之夜.","train","5909","chnsenticorp-5909"
"chnsenticorp-5812","0","388元的房间,也就值248元.上网居然收费且人工配制IP.打死也不再住.","train","5812","chnsenticorp-5812"
"chnsenticorp-6430","0","环境不太好，比较脏，基本没有什么服务。","train","6430","chnsenticorp-6430"
"chnsenticorp-5746","0","房间巨小，电视成了摆设，开不了，服务员态度冷漠。以后不会再进这家酒店","train","5746","chnsenticorp-5746"
"chnsenticorp-7519","0","这酒店太黑，要求开通宽带，服务生送来网线，叫你签名，没有任何文字","train","7519","chnsenticorp-7519"
"chnsenticorp-7055","0","再也不会住这家店了。首先房间隔音差了要命，隔壁的一举一动清清楚楚，半夜居然还关了空调，这么冷的天，都冻感冒了，实在差劲。","train","7055","chnsenticorp-7055"
"chnsenticorp-7082","0","酒店确实是位于乐山的中心位置，只是饭店的住宿条件太差，感觉已经开业很多年了，但是从该酒店的价位来说的话，算差一点的。","train","7082","chnsenticorp-7082"
"chnsenticorp-5612","0","本以为该酒店象其名字一样豪气万千，谁承想却是名不副实。我是五一去的，酒店设施陈旧，卫生环境差。房间设备简陋陈旧，色调灰暗。算不上星级标准，也就是个旅馆，早餐品种很少，将就能吃饱，下次绝对不会再住！","train","5612","chnsenticorp-5612"
"chnsenticorp-6027","0","该酒店是携程所介绍的最差的，早饭很差，一大群服务员坐在一旁的挖鼻屎、化妆、大声说话，恶心！补充点评2006年11月6日：大房间里没有小床，设施简单。","train","6027","chnsenticorp-6027"
"chnsenticorp-7095","0","中庸的酒店,本来冲着环保房去的,可是,哎,有些失望啊","train","7095","chnsenticorp-7095"
"chnsenticorp-6998","0","单人房紧邻锅炉房有点吵，房间里也没有桌子，，空间很狭隘，总之一般","train","6998","chnsenticorp-6998"
"chnsenticorp-6611","0","硬件设施还可以，服务很‘好’，一个晚上竟然打了好几个电话上来问需不需要小姐服务。。。。。。","train","6611","chnsenticorp-6611"
"chnsenticorp-5622","0","为什么我们每天订房间，就不送水果、咖啡！协程网上有果盘送的！简直不讲道理！","train","5622","chnsenticorp-5622"
"chnsenticorp-7186","0","这决对是个黑心店,完全把河南人的丑陋特性全展现出来了.一个床单被我掉色的内衣染红了一点.事实证明可以洗掉的,但他(她)们却收了我40元钱.其实床单只值10元.刚开始还不想开发票.我要找税务他们才作罢.朋友们千万别住了.","train","7186","chnsenticorp-7186"
"chnsenticorp-7631","0","特价房相当的吵。临近高价桥，晚上吵死拉。不过在背面的房间倒还不错，价格也很有吸引力。就是房间很旧！服务员态度一般，而且还很忙，入住和退房都等了很久，差不多10-30分钟才能搞定。","train","7631","chnsenticorp-7631"
"chnsenticorp-5710","0","想延迟1小时退房,被告知延迟退房按钟点房收费,每小时50元,太没有人性了.不知道提前退房有没有奖励","train","5710","chnsenticorp-5710"
"chnsenticorp-7232","0","性价比低，感觉很贵。选择酒店主要是离附近的企业近一些。房间总是能听得很响的水声。希望酒店能降低价格。目前的设施同安徽省内其它酒店相比只值250元不到啊","train","7232","chnsenticorp-7232"
"chnsenticorp-7702","0","简单的一个字，差，就像是招待所，酒店比较偏，周边没有吃饭的地方，只有一家酒店自己开的餐馆，里面的东西两个字，难吃。","train","7702","chnsenticorp-7702"
"chnsenticorp-6894","0","酒店房间太脏了，我刷牙的时候差点没吐了，，他们的水龙头上都是污垢，浴缸里有的地方都生锈了，唉，我睡觉的时候看到他们的被罩没有套紧，里面的东西都露出来了。地毯也不清洁，屋子里有股味道。","train","6894","chnsenticorp-6894"
"chnsenticorp-5550","0","这是我住过的最糟糕的所谓的4星酒店!酒店的装修很粗糙，我住的大床房,很硬.地毯很脏，大片的污渍。卫生间洗澡的喷头喷出的水打在身上要多难受有多难受!酒店特别靠近马路,早晨想睡个懒觉早早就被吵醒了.我不知道他们的星级是怎么评的,要我说连三星都不算!不如住如家。","train","5550","chnsenticorp-5550"
"chnsenticorp-7009","0","强烈建议大家不要住这个酒店，预订的时候没有说酒店二楼是卡拉OK厅，到晚上12点多了还在蹦迪，噪音吵得我睡不着觉。房间设施跟全国的如家都差不多，强烈抵制这样的店","train","7009","chnsenticorp-7009"
"chnsenticorp-7341","0","前台服务态度十分恶劣,总体印象很不好.影响到出行心情.","train","7341","chnsenticorp-7341"
"chnsenticorp-6926","0","较其他地方的莫泰，这家大床间面积很大，经济型酒店感觉莫泰比如家住的舒服。餐厅套餐28块，比较贵，如家才18","train","6926","chnsenticorp-6926"
"chnsenticorp-5523","0","硬件设施太旧,和房价不相符,价格还是贵了补充点评2008年7月29日：大床房的床太小,两人睡感觉不舒服","train","5523","chnsenticorp-5523"
"chnsenticorp-6042","0","房间有点旧,应该要重新装修,不然将会走下坡","train","6042","chnsenticorp-6042"
"chnsenticorp-7177","0","住过的最差的酒店，怀疑上面留言的全都是酒店的托，还说是衡水唯一的四星级酒店，刚进房间的时候地上还有瓜子皮，房间很不好，服务态度也很差，屋子里还有一股味道。再也不会去住了。","train","7177","chnsenticorp-7177"
"chnsenticorp-7703","0","酒店确实很差，而且价格很贵！山景房居然就是对着一个小秃山，实在是无语！！","train","7703","chnsenticorp-7703"
"chnsenticorp-6893","0","房间设施远达不到四星水平,勉强也就是三星.","train","6893","chnsenticorp-6893"
"chnsenticorp-6936","0","位置有点篇，房间不是很隔音，不过100多的房价也就这个样了。免费注册网站导航宾馆索引服务说明关于携程诚聘英才代理合作广告业务联系我们Copyright1999-2008,ctrip.com.allrightsreserved.","train","6936","chnsenticorp-6936"
"chnsenticorp-6855","0","电梯很慢,而且只有一部.门面不行.房间小的可以,2个人入住房间里转个身都难!还有就是第2天发现洗手间没纸了,打了3个电话才送上来...不过房间挺温馨,书桌上有3本书籍提供,在其他酒店挺少见","train","6855","chnsenticorp-6855"
"chnsenticorp-6569","0","性价比还不错，门面很不起眼，房间的设施还好，白天也不会太吵","train","6569","chnsenticorp-6569"
"chnsenticorp-7606","0","作为一家4星级酒店，完全达不到要求。房间设施陈旧而简陋，服务态度象国营企业，皮笑肉不笑的让人心寒。餐厅的菜难吃而且贵。最受不了的是上网收费，而且速度不快。携程的房价也高的吓人。下次绝对不会再住这个酒店了","train","7606","chnsenticorp-7606"
"chnsenticorp-6709","0","救命呀，遇到黑店了,房间小而且脏呀,服务态度也差(员工都是上海人，没有客人的时候保安,前台服务员都坐在一起聊天),天拉!怎么给推荐这种酒店呀!","train","6709","chnsenticorp-6709"
"chnsenticorp-5795","0","酒店比较一般，隔音不是很好，比较令人不满的是早餐，口味及品种皆不理想，希望能够改进。","train","5795","chnsenticorp-5795"
"chnsenticorp-6149","0","酒店的装修比较陈旧，房间的隔音，主要是卫生间的隔音非常差，只能算是一般的","train","6149","chnsenticorp-6149"
"chnsenticorp-5912","0","酒店空调有问题!蚊子太多!简直无法入睡!!!服务员的态度还不错的!","train","5912","chnsenticorp-5912"
"chnsenticorp-6647","0","感觉大连好的酒店也不多，这个酒店房间比较小，早餐不大好。","train","6647","chnsenticorp-6647"
"chnsenticorp-7752","0","酒店老化,房间装修差,服务过于生硬,中午退房时间过不到两小时收取半日房费，而其它酒店基本从人性化考虑，不收此项费用．","train","7752","chnsenticorp-7752"
"chnsenticorp-6684","0","较烂以及让你绝望的烂且无法选择的烂。缺少竞争啊","train","6684","chnsenticorp-6684"
"chnsenticorp-6343","0","房间和卫生间连在一起，晚上睡觉总是有心理阴影。即使最贵的房间也一样。水床房起码格个屏风呀。大床房就更一塌糊涂了，像在鸡笼里一样。房间和卫生间格一下成本很高吗？","train","6343","chnsenticorp-6343"
"chnsenticorp-6195","0","预订是携程小姐推荐的，怎么说，一个字，烂，两个字，真烂，三个字，实在烂。典型的政府国营单位的痕迹，根本不懂什么叫服务，房间既小又破，三星都勉强。花400多买了瓶红酒，馊的！","train","6195","chnsenticorp-6195"
"chnsenticorp-5904","0","很难相信通过携程会订到这么污秽不堪的酒店,浴室的水龙头和花洒已生锈,房间地毯是黑色的。","train","5904","chnsenticorp-5904"
"chnsenticorp-5820","0","服务人员的服务态度很不好，不按照酒店规定收取房费，并且乱收费，","train","5820","chnsenticorp-5820"
"chnsenticorp-7725","0","味道太重了，晚上睡不着，希望邯郸宾馆有点公德心，装修刚好就开始营业，想毒死人啊！","train","7725","chnsenticorp-7725"
"chnsenticorp-6766","0","网上订的，注明早晨8点入住，9点多才有房间。与约好的人谈完事后，因急于赶到下一个城市办事，于下午1点左右退房，本以为付半天的房费就可以了，居然被要求付全天的房费。不知是什么规矩，携程下面还有这样的合作酒店？让人感觉不舒服。","train","6766","chnsenticorp-6766"
"chnsenticorp-6966","0","有的房间在地下是，酒店位置不好找。在小弄唐里。","train","6966","chnsenticorp-6966"
"chnsenticorp-6142","0","真算不上四星级酒店！不过在什邡没有什么象样的酒店了，没得选择！郁闷！","train","6142","chnsenticorp-6142"
"chnsenticorp-6825","0","我定的是大床房，到酒店报了携程却给了我一间电梯边的房间，窗外也无任何景色之谈，客房小的就只放一张大床，还被告知就只有这间房，不满意也没有房间可以换，没想到通过携程订的房会是这样，反正下次是不会入住了。但房间的洗浴卫生方面还是满意的。","train","6825","chnsenticorp-6825"
"chnsenticorp-6031","0","首先感谢携程网的协助，对携程网此次服务感到满意。入住经贸宾馆，首先感觉房间空间太小，双人商务标准间达不到应有标准，倒像单间面积；房间内卫生状况不佳，地面有明显得泥灰等，卫生间门前脚踏垫脏污；室内座椅感觉特脏，不愿落座。","train","6031","chnsenticorp-6031"
"chnsenticorp-5837","0","酒店外观相对气派,但房间确实很简陋,设施陈旧,卫生一般,最多就是个90年代未的水平。不过大庆宾馆较少，找了一遍发现也的确再没有什么宾馆了。","train","5837","chnsenticorp-5837"
"chnsenticorp-6636","0","本来定阙里宾舍，定单提交后携程打来电话说没有房间啦，推荐该饭店，结果入住后发现房间脏、乱、差，前台服务员态度冰冷，号召大家抵制该酒店。","train","6636","chnsenticorp-6636"
"chnsenticorp-7161","0","设施老化，紧靠马路噪音太大。晚上楼上卫生间的水流声和空调噪音非常大，无法入眠，跟总台反映后，服务员姗姗来迟，强调就是如此。建议入住开发区安庆大酒店和市区人民路的锦江之星","train","7161","chnsenticorp-7161"
"chnsenticorp-7666","0","除了便宜之外，基本再找不出其他什么优势，卫生间设施相当简陋，房间只有两个床头灯，没有宽带，偶尔能接收到附近居民家中的无线路由信号；所谓的双早是每个房间10块钱早餐券，仅有的几个品种均标有价格，连花生米都要卖到2块钱一碟，每个人超过5块钱后需现金支付。","train","7666","chnsenticorp-7666"
"chnsenticorp-6377","0","房间差，12点后无热水，早餐品种少，房价贵。","train","6377","chnsenticorp-6377"
"chnsenticorp-6730","0","确实不太像三星的，不知道信阳其他三星酒店怎么样。补充点评2008年3月13日：家具比较老旧，不太喜欢，而且空调也不太好。","train","6730","chnsenticorp-6730"
"chnsenticorp-5818","0","服务态度很不好，除了免费的水，1瓶衣云收60，太黑了，那天去开什么外资企业洽谈会，全是些中国老表在哪里混，有鬼的外资企业。真烦！","train","5818","chnsenticorp-5818"
"chnsenticorp-6514","0","入住两个晚上（5/30-6/1日），第一晚上被蚊子咬的无法睡觉，5月31日找前台换房间，既然还告诉我这房间是他们最好的，就是有点蚊子而已；离店时还无法提供发票，说是税务部门还没有批发票给他们（税务部门没批也可以营业吗？）。整体服务实在让人难以接受。","train","6514","chnsenticorp-6514"
"chnsenticorp-5936","0","很久了,想起基本上还是产生不了","train","5936","chnsenticorp-5936"
"chnsenticorp-5486","0","如果去成都,在这里居住不错,行程方便,其他的都很差.最气的是请客人吃饭结完帐,很久以后到房间说台布被烫了,硬是要赔500大洋.","train","5486","chnsenticorp-5486"
"chnsenticorp-5650","0","这个酒店根本不是5星，骗人，他们的服务和设备都是最差的，尤其是服务态度极端恶劣，请大家不要住这个酒店。","train","5650","chnsenticorp-5650"
"chnsenticorp-6774","0","酒店实在太差了,房间隔音极差,北塔挨着迪吧，快曲放到半夜3点；换到南塔，又挨着KTV音乐响到半夜2点，根本睡不着觉！换房间的时候服务员态度又很差，真是从来没住过这么差的酒店","train","6774","chnsenticorp-6774"
"chnsenticorp-7294","0","前台服务人员的态度差到极点！下次绝对不会再入住这家酒店了。","train","7294","chnsenticorp-7294"
"chnsenticorp-7343","0","10多年来住过的近百家3星酒店中，这家酒店的服务、房间、餐饮简直是“好”的无话可说！！！向大堂经理反映问题，大堂经理的答复是“去315投诉吧”（入住当天是3月12日），真强悍！！！","train","7343","chnsenticorp-7343"
"chnsenticorp-6957","0","房间感觉还可以，但是洗漱用的毛巾浴巾质量不好，感觉没有洗干净，房间隔音效果不好","train","6957","chnsenticorp-6957"
"chnsenticorp-5324","0","标准间太差房间还不如3星的而且设施非常陈旧.建议酒店把老的标准间从新改善.","train","5324","chnsenticorp-5324"
"chnsenticorp-7058","0","你们说是3星的，环境好差，还没小旅店好，墙都发霉脱落，电视也是好久前的，连遥控器都没有,","train","7058","chnsenticorp-7058"
"chnsenticorp-5455","0","卫生设施太差，毛巾又黑又硬，下水道堵塞，床垫不好，睡上去不是很舒服。觉得服务态度还可以。对面就是长途汽车站，出租车蛮多的，出行还是很方便。","train","5455","chnsenticorp-5455"
"chnsenticorp-6971","0","房门锁不上，冲凉房半透明-不适合带着孩子的家庭补充点评2008年5月17日：半夜有骚扰电话。。。","train","6971","chnsenticorp-6971"
"chnsenticorp-7690","0","酒店位置比较偏僻，交通也非常不方便，而且酒店居然是没有电梯的，不太适合带着行李出游的，也不适合行动不便的人。","train","7690","chnsenticorp-7690"
"chnsenticorp-5456","0","很差劲的地方。是人都不要住。设施什么都不好还贵。真是晦气","train","5456","chnsenticorp-5456"
"chnsenticorp-6674","0","房间隔音效果超级差，晚上竟然能听到外面在搓麻将和讲话声！半夜被吵醒好几次，我晕死！！","train","6674","chnsenticorp-6674"
"chnsenticorp-7426","0","非常失望，定了一周第二天就换了酒店，是个康体中心，房间设施最多也就是个2星的标准，却要498。真是奇怪，携程还有这样的酒店。晚上9点到酒店，黑乎乎的一片，以为是出租车把我送错了地方。","train","7426","chnsenticorp-7426"
"chnsenticorp-5359","0","能不住就尽量别住吧，差就一个字，反正住了一天我就换地方了","train","5359","chnsenticorp-5359"
"chnsenticorp-6986","0","酒店的星级与实际不符,房间相当与好一点的招待所,交通也不方便.住的不爽!","train","6986","chnsenticorp-6986"
"chnsenticorp-7067","0","酒店的怪味根本无法忍受，设施也不方便，全然不是如家的风格，住了一晚就迫不及待地逃跑了，若不是酒店不肯退当天的钱，我连这一晚也决不会呆。","train","7067","chnsenticorp-7067"
"chnsenticorp-7739","0","泰和楼房间还不错。单入住和退房手续时间太长。入住时先告诉我房间未整理好，但不能先办入住和放行李入房间（因急着有其他事情）。后来房间OK后还是用了40分钟才办好入住手续。","train","7739","chnsenticorp-7739"
"chnsenticorp-5584","0","照片是假的,一个家庭招待所,垃圾到家的旅馆.我住过最垃圾的地方","train","5584","chnsenticorp-5584"
"chnsenticorp-7747","0","渡假村周围景色不错,但较落乡.硬件太差,服务水准有待提高!查房时故意用陈旧的烟蒂烫痕讹人,虽未得逞,但给人留下的感觉不好,以后不去就是了.","train","7747","chnsenticorp-7747"
"chnsenticorp-5569","0","很破的宾馆和招待所差不多，服务也有问题多找钱还给她连声谢谢都不说气死我拉，早饭跟本不是人吃的，房间送餐送完了就没人来拿餐具了晕倒，点了一个红烧牛肉牛肉上都是淋巴都不敢吃而且要48元一份。只有网速很快能到2M，不过建议不要入住太差拉。","train","5569","chnsenticorp-5569"
"chnsenticorp-5464","0","非常一般的酒店,最过分的是早餐居然在地下负一层,而且基本没什么吃的!酒店的位置也非常一般,四周景色非常不好!","train","5464","chnsenticorp-5464"
"chnsenticorp-5643","0","各方面都很一般，象个小旅店，也没什么太出格缺陷，价格略贵啊。","train","5643","chnsenticorp-5643"
"chnsenticorp-6607","0","硬件老旧，态度生硬，国营企业作风，实在不值。怎么可能是四星？？？","train","6607","chnsenticorp-6607"
"chnsenticorp-6068","0","6月26日予定7月2日入住的房间1、6月27日得到确认。2、7月2日早上来电说给我们房间升级。3、办理入住，却把我们放到了离开海边很远的天津工人疗养院，曰：有会议，没有房间，周围事工地、房间霉味严重、离海500米。原来这就是升级！3、很官僚的机关作风。以上就是经历。","train","6068","chnsenticorp-6068"
"chnsenticorp-5869","0","刚从九洲环宇换到这个酒店，感觉差距太大了，这里号称在市中心，但周围除了天宁寺，没别的。房间有点旧了，老式格局，洗澡水很小。价钱比九洲环宇要高30%多，觉得非常非常不值。再也不会选择这里了，除非价钱降到200以下。","train","5869","chnsenticorp-5869"
"chnsenticorp-6502","0","位置比较好卫生条件也还行就是房间太小高级大床房的大床还不如一般酒店的标间的床而且床实在是睡的不是很舒服","train","6502","chnsenticorp-6502"
"chnsenticorp-6272","0","距二环高架桥太近，有噪音。附近小吃还是不少的。","train","6272","chnsenticorp-6272"
"chnsenticorp-7442","0","这是第一次订这家酒店，酒店位置还可以，但肯定开业已经有一段年月，装修有点旧，办了入住手续，进入房间，感觉房间的状况不好，所以决定亏半天房租，还是另外找其它酒店","train","7442","chnsenticorp-7442"
"chnsenticorp-6201","0","标准间的卫生间居然热水都上不来，后来叫来了服务生和经理折腾了半个小时才弄好。。。第一次住这么差的房间！！","train","6201","chnsenticorp-6201"
"chnsenticorp-5629","0","推荐天目湖宾馆,各方面设置比这家好多了.值得推荐的是他们的餐厅还算过得去,鱼头还能吃吃.但是前台小姐的服务太差了。","train","5629","chnsenticorp-5629"
"chnsenticorp-6817","0","感觉这个酒店很一般,隔音特别不好,窗户都不是中空玻璃的,又临者马路,相当吵人,一夜都睡不好,房间的隔断也挺次,旁边房间讲电话,这屋听","train","6817","chnsenticorp-6817"
"chnsenticorp-7439","0","一开始住在7楼，正对2个工地，本来想市区施工到10点也就停工了，可苦苦等到0点不见停，巨大的桩机声响搞得无法入睡，玩了一天累啊！后来叫总台换房间，总台居然说只有标准房了，我爱人和宝宝挤一个单人床，一晚没睡好，酒店还不肯退差价。","train","7439","chnsenticorp-7439"
"chnsenticorp-5512","0","房间装修陈旧，下水管堵塞，晚上折腾了2个多小时，还是没有修好。","train","5512","chnsenticorp-5512"
"chnsenticorp-5794","0","性价比一般，主要体现在早餐难以令人满意，希望增加花色品种。","train","5794","chnsenticorp-5794"
"chnsenticorp-6262","0","一个字:差,2个字:很差.3个字:非常差.实在不能住人.哎!要不是其他饭店太贵的话，我是绝对不会定这间的.CTRIP没有把真实的房间照片反应出来.","train","6262","chnsenticorp-6262"
"chnsenticorp-5796","0","早餐不错，房间太小，网上的地图不清楚、不仔细！","train","5796","chnsenticorp-5796"
"chnsenticorp-5888","0","除大堂像一个挂牌五星级酒店外，其他真的没找到可以达标的。设施陈旧，比如地毯差，而且脏！床和被子跟一般的小酒店差不多，卫生间也一般，总之在大堂感觉很好，到了房间就发现被大堂忽悠了！","train","5888","chnsenticorp-5888"
"chnsenticorp-5483","0","外部环境不错，但房间太旧了，晚上睡觉阳台门须用东西顶住。性价比不高。","train","5483","chnsenticorp-5483"
"chnsenticorp-6675","0","地方有点远，不过打车过去还可以，起步价搞定，服务员态度恶劣，下次不到万不得已不会去的。","train","6675","chnsenticorp-6675"
"chnsenticorp-6206","0","这个酒店可真是太差了~我住的还是行政房呢，空调漏水，声音非常大，地毯很脏，家具很旧然后有蚊子，管客房部要蚊香，告知没有~","train","6206","chnsenticorp-6206"
"chnsenticorp-5793","0","非常差的酒店，还不如连锁经济酒店，要不是襄樊没有其他酒店靠近东风，肯定不会再选它。差劲！！","train","5793","chnsenticorp-5793"
"chnsenticorp-6925","0","老板很省得，公共空间再热都不开空调，等一次电梯就是一头汗。补充点评2008年7月19日：写字台莫名其妙的多了一溜边边，用电脑一直就这么咯着，很不爽，不知是那个脑残设计的。","train","6925","chnsenticorp-6925"
"chnsenticorp-5955","0","不咋地不象四星标准也没按摩的倒是有热水哪天","train","5955","chnsenticorp-5955"
"chnsenticorp-5949","0","携程当天预定的房间，在1个小时都不到的时间到达酒店，却被告知已经没有该房型了，我不知道这个酒店是怎么管理的，如果没有诚信做预定，那就不要挂靠在携程上！而且还向携程反馈了不真实的信息，明明是入住了，却反馈没有！这次预定是给我的客户预订的，却搞出这等麻烦事来！以后不会再考虑这个酒店了！","train","5949","chnsenticorp-5949"
"chnsenticorp-7562","0","宾馆前台的服务极差，竟然将携程网本人的客房订单弄丢，最终又经历了三次换房经验，惨痛的教训啊！早餐比太阳神饭店稍好吧！","train","7562","chnsenticorp-7562"
"chnsenticorp-6531","0","由于飞机晚点,我到达酒店的时候已经凌晨2点,酒店的服务生好象根本就没有想到那个时候还会有客人入住,(也许是一个临时的员工),一切的手续办理都显得不熟练.","train","6531","chnsenticorp-6531"
"chnsenticorp-7241","0","酒店设施陈旧.家具很旧.电视很小.浴衣好像不是新洗的,而且就一件单布的.房门不隔音.没有免费的速溶咖啡和茶.预订时携程说酒店设施是四星级的,太失望了!","train","7241","chnsenticorp-7241"
"chnsenticorp-7518","0","酒店员工比较s板，也许我们用携程的缘故，反正以后不去了！！！宾馆反馈2008年7月24日：尊敬的宾客,感谢您的点评.希望在您方便的情况下,将意见和建议反映给酒店的大堂副理,我们将尽力改善,谢谢!","train","7518","chnsenticorp-7518"
"chnsenticorp-5647","0","该酒点实在太差,携程非常不负责,我花308住豪华房,性价比也就是150,就是一个鸡窝,建议所有的朋友不要去住!本人发言实际,请如住前三思再三思!后毁!!!!!!!!!!!!!!","train","5647","chnsenticorp-5647"
"chnsenticorp-6335","0","还有一个问题就是，酒店的早餐品种太少，而且味道也很一般，早餐的牛奶不是鲜奶，而且没有果汁。不过房间送餐倒是还行，特别是15块的水果沙拉，每天都要点一份。","train","6335","chnsenticorp-6335"
"chnsenticorp-6263","0","这是我住过最烂的酒店了,比招待所还差,外观看起来还好,一进去吓一跳,箱子只能往床下放!热水器还要自己烧水,都不是自动的!哎,厕所也看起来恐怖!反正就是差,差,差!幸亏只定了一天,连澡都没洗,第2天一大早就换酒店了!","train","6263","chnsenticorp-6263"
"chnsenticorp-6094","0","接机服务还不错,那天是酒店喊了辆出租车把我们送回酒店的,但房间太小,布置也不温馨,其他房间一直有人进出,隔音条件很不好,最可气的是,第二天一早七点,隔壁房间竟然在打冲击钻施工,太差了!下次绝对不住了!","train","6094","chnsenticorp-6094"
"chnsenticorp-7173","0","5月初入住这家酒店，只可以用2个字形容“糟糕”，是我见过的最差的5星级，晚上1楼的disco舞厅一直会营业到凌晨2：30，声音吵杂，还有重音鼓点让住在18楼的客人也无法入睡，不可想象低楼层的客人们怎么忍受这种5星级的待遇!早餐简陋，这个也是我第一次给住过的酒店点评，实在是住得太窝囊了！如果有0分得选项，我会毫不犹豫选0分","train","7173","chnsenticorp-7173"
"chnsenticorp-5497","0","地方真是偏,连出租车司机都找了N久啊房间到是很大啊里面的设施台陈旧了啊一住进去就有骚扰电话跟踪而来,真是强啊!免费注册网站导航宾馆索引服务说明关于携程诚聘英才代理合作广告业务联系我们Copyright1999-2008,ctrip.com.al","train","5497","chnsenticorp-5497"
"chnsenticorp-6426","0","不知道是不是我身边的朋友对酒店都太挑还是真的是酒店环境只是那么好。本来预订几个晚上的，可是他们只住了一个晚上就换了地方。","train","6426","chnsenticorp-6426"
"chnsenticorp-5840","0","敬告各位,再不要去这住了,晚上11点就关空调,上网一会有信号一会没有.早饭一般般,价格还不低,是我定过最差的宾馆补充点评2008年8月3日：最多两星,也就是过去的招待所","train","5840","chnsenticorp-5840"
"chnsenticorp-6216","0","位置挺好，可服务态度不行。装修的也挺一般的","train","6216","chnsenticorp-6216"
"chnsenticorp-5721","0","428的房间连窗户都没有，房间隔音效果太差，晚上老听见隔壁的说话声和隔壁洗手间的冲水声。下次不会再住了.","train","5721","chnsenticorp-5721"
"chnsenticorp-7354","0","请各位注意酒店提供的饮用水是自来水，这是前台服务员说的。所以各位千万不能生喝酒店提供的饮用水。2008年了，北京的酒店还是这种水平，真是令人心寒。","train","7354","chnsenticorp-7354"
"chnsenticorp-5903","0","里面的装修太旧了，洗手间和浴室觉得不太干净，我住的房间所有的水龙头都不太好使，晚上的电话多，服务也比较一般","train","5903","chnsenticorp-5903"
"chnsenticorp-5881","0","典型的国营酒店，管理层缺乏责任心，管理混乱。房间里的大灯镜灯台灯都是坏的，只有一盏床头灯可用，不知道酒店是怎么维护的。最可气的是结帐时竟然要求客人赔偿房间里已损坏很久的鞋盒，简直是讹诈。","train","5881","chnsenticorp-5881"
"chnsenticorp-7311","0","不能兑现预订的酒店是全世界最差的酒店，譬如这家万里路国际青年酒店。补充点评2008年1月14日：订好了的，到了酒店说没房。……","train","7311","chnsenticorp-7311"
"chnsenticorp-5481","0","房间干净，但加床后无法动弹，设施有二星水平，在山上算不错了。房间只配二件羽绒服，加床小孩必须挨冻能力极强，前台无法商量，260元/天只是加床费用，不含羽绒服。餐厅绝对是五星的价格，二星的服务。","train","5481","chnsenticorp-5481"
"chnsenticorp-5833","0","我要强烈投诉，携程的接线小姐电话里说，这间酒店客人反应很好，我们才入住。谁知道入住，这里的条件如此恶劣，建议大家不要入住这家酒店。","train","5833","chnsenticorp-5833"
"chnsenticorp-5697","0","差劲呀，还市中心的酒店呢，上网还要另外接线，４块钱一小时，抢钱啊！！！！！","train","5697","chnsenticorp-5697"
"chnsenticorp-7471","0","设施陈旧，饭店各区域之间的交通混乱，早餐品种少、品质差，优胜之处是周边的交通方便。","train","7471","chnsenticorp-7471"
"chnsenticorp-5666","0","房间地毯太脏，临近火车站十分吵闹，还好是双层玻璃。服务一般，酒店门口的TAXI讲是酒店的长期合作关系，每月要交费给酒店。从酒店到机场讲得是打表147元，到了后非要200元，可能被小宰30-40元。","train","5666","chnsenticorp-5666"
"chnsenticorp-5332","0","我3.6预定好的180的标间，当我到的时候竟然说有会议房间满了，我订的房间没有了，太不讲信誉了。唉！下次再也不会住了。","train","5332","chnsenticorp-5332"
"chnsenticorp-5824","0","房间设施陈旧，气味太重，床单上有黄色斑点。免费注册网站导航宾馆索引服务说明关于携程诚聘英才代理合作广告业务联系我们Copyright1999-2008,ctrip.com.allrightsreserved.","train","5824","chnsenticorp-5824"
"chnsenticorp-7252","0","此酒店是一座住宅大，由31以上改酒店，我入住的是一一房位，然有放式房，煮食灶，可是任何煮食用具都有。很大可惜只有坐位梳化，床房小得可，床只有一米，洗手也很小，淋浴小企缸跟坐及洗手在一起，剩空只能容一人。一可取的是下酒茶相。附近都是高的住宅，有甚物，$370的房在是不值。","train","7252","chnsenticorp-7252"
"chnsenticorp-7623","0","距离市区远，因为有接机服务就选择了，司机态度不好，酒店感觉有点老旧，看到房间内有电脑以为设施不错，可问后知道，只要你用就收一正天费用60，狠啊！就算我不睡觉的用也不值啊！综合：不适合背包客或年轻人","train","7623","chnsenticorp-7623"
"chnsenticorp-7508","0","非常糟糕,简直不是人住的地方,无法兑现预定时接机承诺,本人不得不在晚上11点拖着行李步行近二公里到达,服务态度差,房间过道既潮湿又充满霉味,晚上头顶有或明或暗绿灯闪烁(太过频繁).与我曾住过的其他二星相去甚远.","train","7508","chnsenticorp-7508"
"chnsenticorp-6011","0","除了卫生间还算干净，其他都很脏，地毯、毛巾都不干净。午餐在酒店餐厅用餐，亲眼看到服务员将游客吃剩的饭倒回到饭桶中，再剩给别的客人用。建议自驾游的客人不要住在溪口，溪口安排一天足够了，交通很方便，可以住到附近较大的城市去。溪口的吃、喝、玩、睡都很贵，不实惠。","train","6011","chnsenticorp-6011"
"chnsenticorp-6593","0","酒店位置距离南苑机场打车￥31元。性价比差。建议住大红门附近，距南苑机场近些。","train","6593","chnsenticorp-6593"
"chnsenticorp-6847","0","158元和178元的房间感觉没什么差别,退房时问了一下,说是空间要大一点点......","train","6847","chnsenticorp-6847"
"chnsenticorp-5555","0","酒店只能用几个字来形容，脏乱差，半夜三更有按摩小姐骚扰你，让你休息不好！如果你抗议，小姐会告诉你这是他们的协议！不知道什么协议？","train","5555","chnsenticorp-5555"
"chnsenticorp-6880","0","酒店房间真不怎么样，但位置不错。如果有出行计划，一定要提前至少半小时结帐，前台结帐的速度真不敢恭维――我做了笔预授权完成竟然花了一个小时，只见收银员交头接耳嘀咕，好像是不怎么会用POS。","train","6880","chnsenticorp-6880"
"chnsenticorp-7601","0","淋浴头竟然自己掉了下来，后来修理好了。马桶一直堵。请求修理两次，态度很好，无奈技术不佳，最终没有解决，大便硬是憋着！","train","7601","chnsenticorp-7601"
"chnsenticorp-7427","0","房间的条件实在是很一般，很陈旧的感觉。我们的房间也是正好对这个停车场。早餐也不怎么样，种类很少。也就是3星级的标准，房价却很贵。去圣亚海洋世界的时候无意中看到了星海假日酒店，外面看上去感觉就特别好，蛮好多花点钱订这个的呢","train","7427","chnsenticorp-7427"
"chnsenticorp-7075","0","一入住,给的IC卡就打不开门,","train","7075","chnsenticorp-7075"
"chnsenticorp-6190","0","我是带孩子去的.电视画面一打开就是不堪入目的镜头.怕孩子乱摁,只有把遥控器藏起来.作为五星酒店怎么可以象街头旅馆?酒店应该反思一下.","train","6190","chnsenticorp-6190"
"chnsenticorp-7766","0","我们去盐城的时候那里的最低气温只有4度，晚上冷得要死，居然还不开空调，投诉到酒店客房部，得到的答复是现在还没有领导指示需要开暖气，如果冷到话可以多给一床被子，太可怜了。。。","train","7766","chnsenticorp-7766"
"chnsenticorp-6078","0","初五住的，这么冷的天没有暖气，没有热水。携程预定前台说没有收到。总之感觉很业余。","train","6078","chnsenticorp-6078"
"chnsenticorp-7568","0","此酒店设施陈旧，谈不上是星级酒店，只能算是招待所级别。房间小，走路地板摇动，总之，在我此住印象一般。下次不会再考虑！","train","7568","chnsenticorp-7568"
"chnsenticorp-5458","0","这应该是我见过能称为五星最恶心的酒店了，服务不好，房间不好，早点不好，听说是个没老板开的，太不讲究了，好好改改吧！麻烦携程推荐好的酒店！","train","5458","chnsenticorp-5458"
"chnsenticorp-7026","0","用信用卡付房费时居然要收2%的手续费。后来结账时却没有收手续费，不知道为什么？真是晕啊。酒店设施一般。另外，附近有卡拉OK，很吵，一直闹到半夜里。外面吃饭的地方很多，这点很方便。","train","7026","chnsenticorp-7026"
"chnsenticorp-7758","0","到半夜竟然没暖气,怎么住啊????!!!!!!!!!!","train","7758","chnsenticorp-7758"
"chnsenticorp-6462","0","帮客户订的，一开始还非常担心，因为地段不是很好，不过最终还是比较满意的，没有什么特别不好的地方，下次还是不追求特价房了，换莫泰好点的地段和房间。","train","6462","chnsenticorp-6462"
"chnsenticorp-5857","0","房间设施陈旧，服务一般，由于中午到的酒店，网络调试需要帮助，居然说中午人都休息了，得等1点以后上班，靠。早餐还是很丰富的，下次不会住了，性价比不高。","train","5857","chnsenticorp-5857"
"chnsenticorp-7706","0","看了网上的留言才定的假日酒店，到后有些失望，很一般的招待所而已嘛．为了安静定了山景房，可是三更半夜的，人说话声加上共鸣比自己房间说话还响，太吵没睡好．","train","7706","chnsenticorp-7706"
"chnsenticorp-6691","0","设施太陈旧了，位置离火车站近，但附近差不多条件却价格更便宜的酒店多得很！我住九层，晚上睡觉的环境都不好，比较吵，糟杂，我房间对面及左右的房间门都不关，玩通宵牌的，人多嘴杂（也没有酒店工作人员制止）！这酒店真的不太好！","train","6691","chnsenticorp-6691"
"chnsenticorp-5754","0","前台人员不但英语不好,普通话也不好.不过,大堂吧的服务人员很赞.","train","5754","chnsenticorp-5754"
"chnsenticorp-5877","0","房间备太差,连空调都没安装,下次如有机会再去不会再选此酒店.","train","5877","chnsenticorp-5877"
"chnsenticorp-6801","0","住过几次，总感不好。很多房间靠街很吵，换房还要加钱且服务态度不好。有些房间装饰气味难闻。6点半早餐拖时准备好，煎蛋工7点还不到位。","train","6801","chnsenticorp-6801"
"chnsenticorp-7206","0","1.只有一小部份房有,不是免的,要加收15元/天.2.生差,房地毯很,一一不知道是什液留下的黑色圈圈痕,具洗得不乾,本是白色的,但是色看起灰.上面有很多小洞.另外,看到蟑螂坦然的桌子上爬去......","train","7206","chnsenticorp-7206"
"chnsenticorp-6019","0","因为客户就在旁边一栋楼，所以就近住了，不过这个地方好象也就只要这么一个大点的宾馆吧，同事说好象是日本人开的","train","6019","chnsenticorp-6019"
"chnsenticorp-5739","0","服务一般，房价相对太高，房间不满意，有味还比较脏.......最要命的是服务员没有经过训练，一点没有服务意识，态度恶劣！！！！！！！！","train","5739","chnsenticorp-5739"
"chnsenticorp-6219","0","太一般了，比他原来办的如家要略差些！另外，一楼手机是没有信号的，不知道其它楼层怎么样？对不熟悉成都的人来说对会，不过后来得知成都有许多产权式公寓酒店，才138,比它强多了！","train","6219","chnsenticorp-6219"
"chnsenticorp-5393","0","黑店,黑店,绝对黑店.黑店,黑店,绝对黑店.黑店,黑店,绝对黑店.","train","5393","chnsenticorp-5393"
"chnsenticorp-6055","0","整体感觉酒店比较小，从大堂、电梯、走廊、客房到卫生间都比较小，最不能容忍的是那个小坐便，大小便几乎不能同时进行，还有传染性病的危险。客房的壁纸坏的很厉害，停车场房客还收费，感觉不好。建议酒店尽快把那个小坐便换掉，否则真的没人敢入住了。","train","6055","chnsenticorp-6055"
"chnsenticorp-6777","0","酒店的设施太差了，估计连1星级都没有，房间空调都不开的，简直就是一塌糊涂。建议大家不要去预订该酒店","train","6777","chnsenticorp-6777"
"chnsenticorp-7330","0","这个酒店是我住的酒店里最最差的，居然在半夜里装修，给前台打电话居然说，他没听见，不知道他是聋子还是傻子，那么吵闹的电转声音竟然没有听见，我上到五星下到招待所都住过，还没见过半夜三点装修的呢，大家千万别上当了，支持下啊！","train","7330","chnsenticorp-7330"
"chnsenticorp-7345","0","服务蛮差的,房间说是豪华其实也很一般...","train","7345","chnsenticorp-7345"
"chnsenticorp-6590","0","令人失望的酒店！！！晚上到酒店，只见服务人员就是看着你自己搬行李，没人理睬，上去叫帮忙，竟然说人下班了，他们只管负责登记，停车也没人管，啥酒店？？？！！！第二天下去想到沙滩但被封锁，不能靠近，极其令人失望，立刻走人，再也不去了，奉劝大家也别再上当了！！！","train","6590","chnsenticorp-6590"
"chnsenticorp-6493","0","酒店实际的情况比网上要差，也许是因为太远了。而且前台价比协程还便宜了十几块。真实山高皇帝远了阿","train","6493","chnsenticorp-6493"
"chnsenticorp-5906","0","地点在十字路口边上，十分嘈杂，巴士车呼啦啦直到夜里11点。房间很小，洗漱用品不全：沐浴液、洗发液和洗手液是三合一的，很不好用。服务态度不好。电话查询时总是让你听音乐等待很长时间，然后无故将你电话挂断。多算了我一份早餐。","train","5906","chnsenticorp-5906"
"chnsenticorp-7394","0","酒店位置离火车站有点远，房间环境非常一般，而且晚上环境太乱，尤其是前台结账简直慢的从来没见过，让我等了40分钟，以后坚决不住这里","train","7394","chnsenticorp-7394"
"chnsenticorp-7309","0","对当地的酒店做了实地比较，这里硬件还算好的，装修比较新但实在不能给分太高。住的是套房，但卧室里没有电视，宽带不能用，说是在维修！聋子的耳朵-摆设。","train","7309","chnsenticorp-7309"
"chnsenticorp-5367","0","服务实在太差!7月9日入住的,晚上11店打1168总机拜托第二天早上645分叫醒服务,房号:2319(便于查询与确认)。竟然没有做到!!这是我这个长期出差者第一次碰到的事情,因为10日早上830分有会议才提前一天住酒店的,还好这个酒店的床板硬得不能好好入睡,才""救""了我。特此评价。","train","5367","chnsenticorp-5367"
"chnsenticorp-7755","0","太令人失望了。通过携程预定的，应含双早，可是，总台没给餐券，餐厅要收每人10元，才上餐。浴室的龙头坏的，头天入住报修后，到第二天退房也没人修。浴帘脏得看不出本来的颜色。太差劲了。","train","7755","chnsenticorp-7755"
"chnsenticorp-7455","0","想知道什么叫心痛的感觉吗?请入住就知道了","train","7455","chnsenticorp-7455"
"chnsenticorp-6402","0","房间陈旧,服务差,设备也陈旧.垃圾酒店!","train","6402","chnsenticorp-6402"
"chnsenticorp-6332","0","退房时竟然说没有发票，由于急于赶飞机，没有时间和他们理论，留下一张名片，要求他们按照名片联系方式把发票寄来。结果到现在还没有收到发票，害得我出差费至今无法报销！","train","6332","chnsenticorp-6332"
"chnsenticorp-6007","0","我主在709房间，该房间空调声音巨大(门外都可以听到)，浴缸没有防滑垫，浴缸水龙头把手轻轻一碰便会整个脱落，房间没有灯光总控制。电话竟然是坏的，没有声音。饭店入口很难找，前台不但小，而且一片混乱。","train","6007","chnsenticorp-6007"
"chnsenticorp-7359","0","房价要四百多，但感到非常失望，陈旧，脏，比锦江之星还差。以后肯定不会再去了。这样的硬件设施和服务怎么吸引客人呢。","train","7359","chnsenticorp-7359"
"chnsenticorp-5541","0","只是招待所而已，设施不怎么样，毛巾都是破的。而且我前一天洗的短裤和袜子挂在浴室里，退房的时候忘记了。结果再去问说没看见。就不了了之了。","train","5541","chnsenticorp-5541"
"chnsenticorp-7056","0","看到门口的样子，就知道不是真正的凯莱了，门厅零落要的商务房，对马路，跟没有玻璃一样，晚上吵闹，非常不隔音早餐特别乱，就豆浆可以喝喝","train","7056","chnsenticorp-7056"
"chnsenticorp-6273","0","房间较小，配置一般，如家越来越差，如果不在现在基础上加以提高，不出几年就要找不到了，现在只想赚加盟费去了吧？","train","6273","chnsenticorp-6273"
"chnsenticorp-5407","0","非常不行，三星的携程定290元，说景观房，其实什么都看不到，连大马路都不繁华。火车站附近佳丽4星，协议价298。只能说这变价高了，而且很老破破的样子，一点花园的感觉都没！其余一般。","train","5407","chnsenticorp-5407"
"chnsenticorp-6098","0","价格贵，房间设施老旧，居然没有电梯。房间大，但都是没有用的设施，比如麻将桌，又占地方，又没用。热水器插座就设在花洒上方，感觉不安全。","train","6098","chnsenticorp-6098"
"chnsenticorp-6555","0","8月8日晚上到的，到了以后立刻开电视，发现没有信号。10多分钟后保安才上来。打开电视，都已经开始运动员入场式~好慢好慢....等阿等阿。终于等完了，火炬进场了~一个一个一个一个传，传到张军的时候。叭嚓，华丽丽的停电了~~我的奥运梦想阿~~破裂了","train","6555","chnsenticorp-6555"
"chnsenticorp-7711","0","房间太旧，卫生间是很多锈迹，房间比较大，大床不错，我喜欢。价格还可以，就是太旧了，不舒服，服务员水平差不多二十年前老国营的水平。下次会换一家住。不过据说小姐不错，俺没试。","train","7711","chnsenticorp-7711"
"chnsenticorp-6199","0","我在网站上预定的是一间大床房,到CHECKIN的时候变成了双人房,虽然后来给我调换了.酒店地理位置不错,门口时高速和轻轨.但酒店的房间整理装修时非常的差,非常的陈旧,完全对不住这个房价!!!!!以后也不会住这个酒店了!","train","6199","chnsenticorp-6199"
"chnsenticorp-6668","0","同意下的.完全正.酒店是不是童啊?水果是粒橙啊?其中一了!是五星酒店?差!差!差!600多一晚!真不可思!","train","6668","chnsenticorp-6668"
"chnsenticorp-6356","0","一个字：差！招待所的水平，地毯很葬，卫生间很陈旧。补充点评2007年9月12日：离三孔有一段距离，有停车位。号称其装修和布置是儒家风格，但本人无论如何也没有看出来。据说曲阜的宾馆都是如此水平。","train","6356","chnsenticorp-6356"
"chnsenticorp-5789","0","之前还可以,这次去,房间地毯都是黑的,很赃,自助餐有够难吃,服务员比经理人数还少,整个酒店好像有点要关门大吉的感觉.","train","5789","chnsenticorp-5789"
"chnsenticorp-5838","0","这个酒店整体素质非常差,房间里面有很浓的油烟味道.","train","5838","chnsenticorp-5838"
"chnsenticorp-6597","0","简直不敢恭维什么,千万别住楼层高的房间,因为它11楼说的是茶楼,其实是KTV,晚上会吵得你半死!免费注册网站导航宾馆索引服务说明关于携程诚聘英才代理合作广告业务联系我们Copyright1999-2008,ctrip.com.allrightsreserved.","train","6597","chnsenticorp-6597"
"chnsenticorp-6017","0","位置尚可，但距离海边的位置比预期的要差的多，只能远远看大海，没有停车场","train","6017","chnsenticorp-6017"
"chnsenticorp-6056","0","我预订的这个房间是这个宾馆最小的房间，也是我住过的所有酒店中最小的，小到不能再小。没有衣橱，没有茶几，没有浴缸。我一共住5晚，入住第3日半夜1点40分有按摩小姐敲门，打电话到总台投诉，虽说立刻有保安过来，但未得到宾馆任何道歉。","train","6056","chnsenticorp-6056"
"chnsenticorp-6156","0","地址错误环境糟糕服务不到位有点上当的感觉","train","6156","chnsenticorp-6156"
"chnsenticorp-7470","0","前台的服务很差，10月1日的值班经理徐经理有意欺诈，将220元一晚的标准间欺骗我成380元的商务房，好在携程地客服打电话给我确认才没有上当。","train","7470","chnsenticorp-7470"
"chnsenticorp-6140","0","这家酒店的网络简直太差了，耽误了很多工作，换了几个房间，永远发不出邮件，打不开网页。","train","6140","chnsenticorp-6140"
"chnsenticorp-7762","0","我去年的时候去过该酒店，那时候住的是无烟房，感觉还好，这回去住的是高级标准间，进去了房间就有一种怪味道要求前台换房，换过了以后还是多少有一点怪味。不过房间的墙壁特脏，后来想算了，就没在换，不过感觉今年的金鼎要比去年卫生环境差很多，装修也旧了！","train","7762","chnsenticorp-7762"
"chnsenticorp-6120","0","酒店太旧了,中午进房的时候吓了一跳,晚上进屋就好多了.因为灯光昏暗的关系.第一次住经济型酒店,搞得感觉很不好.不过床还是蛮干净的,淋浴的水也很大,这个价钱在北京也只能住这酒店了!","train","6120","chnsenticorp-6120"
"chnsenticorp-6394","0","请不要相信携程上的照片，三张照片中第三张房间内的与事实还比较相近，第一张不知是什么地方，度假村环境虽然尚可，但绝对没有照片中那么美；第二张，相信是国际会议中心贵宾楼而不是度假村。","train","6394","chnsenticorp-6394"
"chnsenticorp-6270","0","唯一优势是位置。房间太小，过道太窄，隔音太差，加上卫生间漏水到地板，价格却比汉庭高出近100元，实在不值。","train","6270","chnsenticorp-6270"
"chnsenticorp-6175","0","遇停水一次，说是突发事件。态度相当恶劣。第二天送上两只香蕉，两只苹果的“果篮”作为道歉。建议不要选择电梯附近的房间，门口有服务电话，房间隔音很差，很吵。早餐的两个地方只能打60分。出租车是现叫。14楼走廊里的服务电话机很脏。","train","6175","chnsenticorp-6175"
"chnsenticorp-6534","0","索发票提供不及时，交涉时服务员态度不好！浪费电话费！","train","6534","chnsenticorp-6534"
"chnsenticorp-7472","0","超乎寻常之差，怎么评的三星不知道，按说就那设施水平连县级招待所都不如。房间巨窄，洗手间就纯一厕所，连个放物品的台子都没有，地漏巨容易堵，刚洗5分钟就水漫金山。总之，设备过于陈旧，建议各位驴友切勿上当。","train","7472","chnsenticorp-7472"
"chnsenticorp-5641","0","酒店设施还行，服务超级差，服务态度也很不好，我们本来是在这里开会，结果各个部分互相之间很难沟通哦","train","5641","chnsenticorp-5641"
"chnsenticorp-6974","0","周边环境太差、太脏，紧靠水产品批发市场，而且地理位置太偏僻。酒店的很多配套设施根本没有建好（比如游泳池和健身馆），但是在酒店介绍上先写上了。总体感觉比较差。","train","6974","chnsenticorp-6974"
"chnsenticorp-6583","0","酒店的环境也不算差，价格也比较便宜，但是我建议不要去住这个酒店，我住的是高级海景房，房间相当的小，设施也很陈旧，房间里的空调噪音很大。如果我在去，我不会选择这个酒店入住了","train","6583","chnsenticorp-6583"
"chnsenticorp-6179","0","酒店非常一般，设施很老，位置也比较偏，严重不复合这个价位","train","6179","chnsenticorp-6179"
"chnsenticorp-7609","0","房间还可以，早餐不大好，周围比较偏僻。服务态度一般。","train","7609","chnsenticorp-7609"
"chnsenticorp-6350","0","简直和招待所没有什么两样，下次再也不去了，价格还贵，携程怎么推荐这样的酒店糊弄我们。。。。。。","validation","6350","chnsenticorp-6350"
"chnsenticorp-6168","0","总体来说酒店真的不怎么样，首先空调是坏的其次窗户漏风，晚上非常冷，睡觉时只能把脑袋一起放进被卧里，这是我住过的最差劲的酒店，如果再有机会去丹东绝对不住这","validation","6168","chnsenticorp-6168"
"chnsenticorp-6291","0","问题：1.开始给的房间有很重的味道，后来调整了之后又是在空调排风的附近，噪声很大，第三次才换到还过得去的房间；2.服务业不专业，态度冷淡；3.早餐在上岛，品种很少。优点就是价格还算是便宜，在华侨城附近400多点的价格还真是难找到比较合适的地方。","validation","6291","chnsenticorp-6291"
"chnsenticorp-5671","0","太差。就差是露宿街头了。携程把这样的酒店包括进来，实在是很幽默。十堰还有燕良大酒店，据说还行，为什么不去联系？这样我们也方便一些。","validation","5671","chnsenticorp-5671"
"chnsenticorp-6128","0","住过的最差的4星级宾馆，墙壁根本不隔音，晚上楼下卡拉ＯＫ吵的没法睡觉，早餐餐厅都是附近过来喝早茶的老头","validation","6128","chnsenticorp-6128"
"chnsenticorp-6030","0","一个字--差.4星收费,0星service....大堂前有小孩当埸小便--没人管.向前台要纸记号码,头也不看就说没!电视不能看说是""电视公司在修,不知当天会不会好"".早上吃早饭...9am去连坐的地方也没有别说吃的了.住了2晚但酒店告诉Ctrip我只住了一晚(该拿单的)....差差差....差差差....","validation","6030","chnsenticorp-6030"
"chnsenticorp-6868","0","还是不去的好，装修噪音大，离汽车站火车站比较近比较乱。","validation","6868","chnsenticorp-6868"
"chnsenticorp-6768","0","非常不满意，江景房在遥远的阁楼上，没有电梯直达，自己搬运行李，还连连碰头。狭小的房间，破旧的卫生间。还有股气味（水汽和霉味）。后来实在没法，换成普通商务房。房间比较大点，不过没有窗户。住一天赶紧走人。","validation","6768","chnsenticorp-6768"
"chnsenticorp-6478","0","这家店比市里的莫泰态度上稍微好点，不过房间也很小，住在里面不是特别舒服。服务员多数是生手，明显就不是很熟练的员工。我想也许压缩成本吧，莫泰也只能这样了。一夜情专用的旅馆，为的就是图个方便，快，他们也不指望多少回头客的。","validation","6478","chnsenticorp-6478"
"chnsenticorp-6171","0","KTV在25楼,整个晚上房间都在震根本就休息不好,上网居然还要接电话线拨号.这个酒店实在太差了","validation","6171","chnsenticorp-6171"
"chnsenticorp-7435","0","很一般的酒店，紧临马路，虽然有双层窗，但还有些吵。平时价格应低于200元，节日价格380元属于过高。总体而言，很一般，包括服务。","validation","7435","chnsenticorp-7435"
"chnsenticorp-5627","0","性价比太低，而且它的设施、环境、位置实在不值200多。据当地朋友说，这种档次的酒店，100多块钱就能住到。希望携程以后能够提供物有所值的酒店。","validation","5627","chnsenticorp-5627"
"chnsenticorp-7404","0","真的很差，本来是为了考试离考点近一点才住的，基本上没有服务，房间阴暗一股怪味，本来定的是大床房非说是标准间，总之是一肚子的气，定了两天住了一天就走了。","validation","7404","chnsenticorp-7404"
"chnsenticorp-7016","0","大床房的房间有点小了,而且家具设备很老,面向马路,很吵,价钱又不低,不值啊.","validation","7016","chnsenticorp-7016"
"chnsenticorp-6862","0","订的￥230普通间，先说不说房间设施一般，在前台的服务简直无法理解，站在接待处时，服务员将在我后面的3个人先办理（续房），但总有个先来后到吧，不理解。","validation","6862","chnsenticorp-6862"
"chnsenticorp-6621","0","房间差的不能想象,地毯脏的恐怖,天花板上面居然还挂着两大团多年没有打扫的蜘蛛网疑似的东西,可能十年前评的四星吧,现在评他两星都闲多建议中国的饭店星级全部取消吧,骗人的东西","validation","6621","chnsenticorp-6621"
"chnsenticorp-5608","0","价格太贵的问题，房间还是太小,空调有时候都没有开，房间厕所的抽水马桶也坏的","validation","5608","chnsenticorp-5608"
"chnsenticorp-6280","0","酒店性价比很差！住过无数的酒店，这个算是非常差的！服务差，设施差，房间小，骚扰电话！卫生间淋浴竟然没有门，创意啊！不知道为什么，老毛子住得多，估计是喜欢骚扰电话！建议大家选择其他酒店！","validation","6280","chnsenticorp-6280"
"chnsenticorp-5644","0","结帐的时候刷卡总是刷不过去，为了赶飞机，只好答应他们说走后再解除预授权并结帐，回来两天了酒店也没有主动联系，昨天我打电话过去说还没有弄好，要等周一","validation","5644","chnsenticorp-5644"
"chnsenticorp-6327","0","单人间小到不行，仅够一个转身，感觉住在一个盒子里，非常压抑。而且厕所的异味非常难以忍受，每次回去一开门臭味就扑鼻而来。开门通风也无济于事。","validation","6327","chnsenticorp-6327"
"chnsenticorp-7731","0","该酒店根本就达不到星级标准,是当地工商局办的,估计就是原来的招待所,前天晚上我刚住了一晚,室外-3度,室内温度不会超过10度,更晕的是晚上12点空调关闭,网速很慢,按当地的消费水平,标准间最多就是120元的水平,可携程的预定价是180元,不值!早餐很差!","validation","7731","chnsenticorp-7731"
"chnsenticorp-6808","0","房间味道大,前台结帐速度慢.开始是看到网友有留言说牛排也好吃,可尝过以后不怎么样...","validation","6808","chnsenticorp-6808"
"chnsenticorp-7440","0","忘了说，前台服务较烂，中午在莫泰自营的“美林小厨”午餐后，有一个打包盒，想暂寄前台出去买包烟，前台男生说不寄放食品。我回酒店翻边所有“客户须知”无此项，相反要求客户将贵重物品寄前台。打包的鲍鱼，算不算物品？","validation","7440","chnsenticorp-7440"
"chnsenticorp-6600","0","这家号称当地最好挂牌4星的酒店真的名不副实，酒店家具房间都很陈旧，特别是2号楼，有点恐怖住里面！慎用！！！","validation","6600","chnsenticorp-6600"
"chnsenticorp-6813","0","我凌晨12点半抵达时，房间居然完全没有收拾过，屋内有垃圾，洗手间里还有用过的卫生纸。我不得不干等了半个小时，等他们收拾好房间。然后早上8点就被酒店的施工人员吵醒。前台解决问题的态度还不错。","validation","6813","chnsenticorp-6813"
"chnsenticorp-6643","0","第二次住的时候，酒店说我在房间里消费！很冤枉。。。","validation","6643","chnsenticorp-6643"
"chnsenticorp-6913","0","档次太低，房间太小，设施太差，一台电梯。","validation","6913","chnsenticorp-6913"
"chnsenticorp-7515","0","太同意前两位的点评了,后悔当时定得冲忙没看点评.除了没办法建议各位看看别的酒店吧.","validation","7515","chnsenticorp-7515"
"chnsenticorp-5923","0","不知道该酒店如何区分大床与标间？？？床和普通标间的床差不多大小，说是商务房间结果安排在一楼，如何让商务客人安心休息？？","validation","5923","chnsenticorp-5923"
"chnsenticorp-7122","0","房间还可以，不脏；热水放了30分钟后才有点热，洗的不爽；早餐就凑合者吃吧，有就不错了；补充点评2008年3月21日：还不可以刷卡","validation","7122","chnsenticorp-7122"
"chnsenticorp-6342","0","我是第一次用协程预定宾馆，到宾馆后发现实际上房价比用协程预定还要便宜17元一间，到了房间，感觉空间比较小，第二天发觉皮肤有点痒痒，与我一起的也有这个感觉。因为我经常出差，无论是价位还是住宿环境，相比较下来住宿条件算是差一点了。以后去杭州的话，估计不会在去住汉廷。","validation","6342","chnsenticorp-6342"
"chnsenticorp-5736","0","总台服务员从我来到走,一直没笑过,很酷!宽带慢的让我想起""猫""的时代!中央空调的声音轰隆隆,热闹!要总台安排第2天一早车去机场,满口答应,退房时没人和我落实,我看着酷酷的成都MM,没问,还是自己拉着箱子走到100米外的路口打车!","validation","5736","chnsenticorp-5736"
"chnsenticorp-7336","0","是我住过的所有旅馆里最差的一个.预订时说希望要无烟房,结果开了房门以后被烟味及各种体臭味搞得一夜未眠.旅馆可能根本没有无烟房,但携程竟然也没事先说一下算是失职.设施破旧,毛巾都是发黄的.床单及被套都旧旧的,搞不清有没有换洗.服务人员全是","validation","7336","chnsenticorp-7336"
"chnsenticorp-7208","0","这个酒店实在太差了,一进房就看到蟑螂.设施也差,电视不知道是什么时候的?按床头那些键,谁知道一按下去就整凹下去了.走道上的墙都已经潮了,连前台的布景也是破烂,是时候装修啦.","validation","7208","chnsenticorp-7208"
"chnsenticorp-5449","0","硬件顶多3星半，大堂黑咕隆咚的，房间很小也没特点。管家部的服务倒是挺好，有求必应的。","validation","5449","chnsenticorp-5449"
"chnsenticorp-6225","0","1.老标间一股怪味，换了个同价位的单间，新装修的单间感觉较差，卫生间漏水，屋顶漏水；2.去房间的走廊过长；3.结账太慢，要等待。","validation","6225","chnsenticorp-6225"
"chnsenticorp-7200","0","三星级？夸张了，实在是夸张了！环境差，房间差，床！更差！！！服务？摇头，只能摇头！","validation","7200","chnsenticorp-7200"
"chnsenticorp-7451","0","该酒店的价格和实际提供的服务相差比较大。暖气不够热，在房间里需要穿着毛衣、毛裤，甚至有时候需要盖着被子。客房偏小，而且设施陈旧。优点：离火车站很近，步行过去只需要5分钟左右。","validation","7451","chnsenticorp-7451"
"chnsenticorp-6996","0","我要的是大床房的，房间超小而且没有桌子，使用宽带也很不方便还要接个东西，拨号的密码也要问了才告诉你。晚上外面锅炉的声音很吵，下次不会再去入住了。","validation","6996","chnsenticorp-6996"
"chnsenticorp-6052","0","酒店不管是外观还是内部设施都已经落后了,提醒一下,酒店2007年装修,那只是10-14层,恐怕携程的客人是无缘入住了.其实地理位置也一般,虽然步行15分钟到步行街,但每天的往返还不如住在附近.总之,488的价格太不值了.","validation","6052","chnsenticorp-6052"
"chnsenticorp-5760","0","1、房间里过于奢华的家具不实用，且没有家的温馨2、睡到凌晨发现有老鼠在放家里爬，打电话给前台要求换房，前台让我自己下楼换房卡，理由是服务员睡觉了3、调到价位低的房间后，第二天结账还要按照高价位结算，并且对房间发现老鼠一事没有意思的道歉4、over","validation","5760","chnsenticorp-5760"
"chnsenticorp-6282","0","3楼是ktv，很吵；前台服务一般，退房时还莫名其妙有了99的国外长途费，房间内没有宽带，有个adsl猫，他","validation","6282","chnsenticorp-6282"
"chnsenticorp-7097","0","由于工作的关系，住过很多次，房间及酒店的设施比较老旧，服务不好，我两次将洗发液忘在房间里，查房时没有提醒，等过了几天去问，竟说找不到了。不是每个房间都有宽带，在开房时要提出要求。早餐质量比较差，15元的早餐没什么东西。","validation","7097","chnsenticorp-7097"
"chnsenticorp-7640","0","上网收费巨高,房间卫生差,找不到服务员,床都坏了没人管.实在太烂了,谁去住就是SB免费注册网站导航宾馆索引服务说明关于携程诚聘英才代理合作广告业务联系我们Copyright1999-2008,ctrip.com.allrightsreserved.","validation","7640","chnsenticorp-7640"
"chnsenticorp-7441","0","2月20日通过携程订的房,结果告之没有普通标房只有行政标间,入住后发现什么行政标间,根本就是普通标房吗.估计酒店和携程在打马虎眼,298的价格实在不值.后来逛街看见四星级的漳州大酒店,真后悔没住那儿只不过贵100元.还有退房时居然以侄子流鼻血弄脏了被子为由要加收洗衣费.鄙视~~","validation","7441","chnsenticorp-7441"
"chnsenticorp-5476","0","一般////////////////////////","validation","5476","chnsenticorp-5476"
"chnsenticorp-7205","0","卫生条件、服务水平和服务质量都只能用有差来形容","validation","7205","chnsenticorp-7205"
"chnsenticorp-6013","0","酒店位置很偏，大厅很漂亮，可是房间里有刚装修的味道，房间偏暗，床也偏低，给人压抑的感觉。退房后酒店反馈给携程说客人没有如期入住，也让客人很不舒服。","validation","6013","chnsenticorp-6013"
"chnsenticorp-7567","0","房间小，很旧。晚上12点下到大堂去续房，居然看见一只大老鼠穿堂而过","validation","7567","chnsenticorp-7567"
"chnsenticorp-5843","0","酒店服的服度不太有貌,入住的房比陋,房.","validation","5843","chnsenticorp-5843"
"chnsenticorp-7291","0","一个字,烂,二个字,特烂,三个字,特别烂.这样的宾馆四星级?请携程别为了回扣向我们推荐垃圾宾馆.","validation","7291","chnsenticorp-7291"
"chnsenticorp-6119","0","很破的酒店，根本不陪挂牌四星的标准，顶多就是一个2星还勉强。酒店就是一个巨大的娱乐场所，里面夜总会，桑拿应用尽有，晚上骚扰电话一个接一个。房间装修很老，电视竟然不看了。更搞笑的是，桌子上虽然有网线，但是没有插座，感情大家的笔记本都不需要充电了么。","validation","6119","chnsenticorp-6119"
"chnsenticorp-7128","0","来往虹桥机场,绝对方便,938公共汽车直接门对门,上车睡觉就可以了(一个半小时)宾馆服务不专业(餐厅).基本上还可以,谈不上星级.房价和硬件不能划等号","validation","7128","chnsenticorp-7128"
"chnsenticorp-6507","0","非常不值得的一个酒店.179的价格绝对不值!其他连锁酒店99元100元都比这个强啊!!房间很小,位置不好,早餐很差!","validation","6507","chnsenticorp-6507"
"chnsenticorp-5916","0","除了在湖边上这点好处之外.没有任何可以一提的优点.房间老旧,卧具破烂,脏兮兮的,我真服了!!!","validation","5916","chnsenticorp-5916"
"chnsenticorp-7321","0","押金和结账都不能刷卡，要交现金；双人房的两张床都是靠墙的，房间很小，设施很陈旧，简直就是一间招待所,以后都不会住这里了.","validation","7321","chnsenticorp-7321"
"chnsenticorp-6338","0","酒店卫生还可以，很亲切。简单、干净。但隔音效果为什么这么差，夜里被隔壁的叫声吵醒，简直声音太大了。就像隔了张纸。建议酒店改善一下吧。","validation","6338","chnsenticorp-6338"
"chnsenticorp-6693","0","相当差，真不知道该酒店是怎么升上五星的。升星之后价格还长了，服务却越来越差。建议国家旅游局对其重新评估，否则就是拿了什么好处。柳州若有其他新建4，5星宾馆，估计没有几个人会住这里了","validation","6693","chnsenticorp-6693"
"chnsenticorp-6139","0","设施太陈旧了，服务很差劲，态度恶劣。","validation","6139","chnsenticorp-6139"
"chnsenticorp-5363","0","酒店太旧了，大堂感觉象三星级的，房间也就是的好点的三星级的条件，在青岛这样的酒店是绝对算不上四星标准，早餐走了两圈也没有找到可以吃的，太差了","validation","5363","chnsenticorp-5363"
"chnsenticorp-5453","0","总而言之一句话，很差！早餐基本上没有能吃的东西，房间也很差，附近交通也不方便。配套以及服务都很一般","validation","5453","chnsenticorp-5453"
"chnsenticorp-5381","0","整个房间也太小了点,所有的加一起大概才十平米左右!床单是脏的.","validation","5381","chnsenticorp-5381"
"chnsenticorp-6283","0","在天津星尔特大酒店丢失白金项链一条，未能找回。客人洗澡时摘下，放在床头柜上，走时忘记拿，结果丢失。","validation","6283","chnsenticorp-6283"
"chnsenticorp-7743","0","位置相当偏僻,晚上从五环出来,该拐第一个弯的地方连路灯都没有,房间小,二楼的房间要从三楼走下去,没体会他们能提供什么服务,连出租车都不给定.绝对不建议入住.","validation","7743","chnsenticorp-7743"
"chnsenticorp-6390","0","空调温度不足，很冷。因为宾馆在纳爱斯傍边，一早起来一股洗衣粉的味道，虽在丽水，空气质量却极差，纳爱斯要负责任的。宾馆管理不到位，8点多一点，客人还在吃早餐，却把电灯都关了，虽说节能，但感觉太小家子气了。","validation","6390","chnsenticorp-6390"
"chnsenticorp-6710","0","房间是新的，不过根本不值这个价，太贵了，而且连早餐都没有，全是起了让你吃面条的这种，，，再也不会去住这个酒店了。","validation","6710","chnsenticorp-6710"
"chnsenticorp-6714","0","房间很小，叫什么港式房间，另一种是不可以上网的，现在还有不能上网的宾馆？！早餐还可以。门市价260，我们订的248，呵呵，现在好像改了。性价比太差，哪里是三星的标准啊","validation","6714","chnsenticorp-6714"
"chnsenticorp-5505","0","挺一般的酒店,酒店门口的马路挺吵的,性价比不高,不值得推荐","validation","5505","chnsenticorp-5505"
"chnsenticorp-7350","0","房间比较陈旧，没有无烟层，商务间和会议室在一起，白天环境很差，早餐非常简陋，服务态度先不说，单就服务质量而言就很不令人满意，客人大部分都是国内来开会的，不推荐个人旅行者入住。","validation","7350","chnsenticorp-7350"
"chnsenticorp-7547","0","我第一次入住如家，实际情况与现实相差太远，屋子里味道很大，打开窗户换气又很吵，卫生不敢恭维！入住时间不长就搬走。而且位置也很偏，不知道为何在这里选址！总之不会再住！楼下涮肉一般！","validation","7547","chnsenticorp-7547"
"chnsenticorp-5740","0","这是我住过香港最烂的酒店.房间小得超出我的想象,电视机是14寸的,床与电视机的距离只有60厘米.整个客房包括卫生间不超过8平方.晕死!","validation","5740","chnsenticorp-5740"
"chnsenticorp-7479","0","房间价格奇贵，上网费2元每分钟，所有价格还要另加服务费。房间设施一般，电视信号时断时续。礼宾部最烂，免费的机场巴士好像是对客人的赏赐，坐了后觉得很不舒服。这家酒店我以后是绝对不会去了，其他华美达也都免了。","validation","7479","chnsenticorp-7479"
"chnsenticorp-6160","0","这家酒店简直就是招待所，房间一股霉味，洗澡热水要先开10分钟，浴缸小的可怜，房间的设施简陋，洗澡水从浴缸直接流出，经过地面到下水道，卫生间满地都是水，马桶的盖板比马桶小一圈。不知道为什么携程网会和这种垃圾酒店签协议。打死我都不会去住第二次了，总结：差!差!差!","validation","6160","chnsenticorp-6160"
"chnsenticorp-7289","0","就没有见过这样的酒店,价格不便宜,设备特别陈旧,房间昏暗,外部内部都特脏,上面写有宽贷竟然还要20元钱,要钱也罢了,IP地址都不能自动获取.","validation","7289","chnsenticorp-7289"
"chnsenticorp-5734","0","不知道天津宾馆都这样，还是这里确实差,总的来说，如果有选择，我绝对不会住这里了再,弄脏东西还要自己付费,难道他们平时都不换床单,如果你不弄脏的话?","validation","5734","chnsenticorp-5734"
"chnsenticorp-7260","0","觉得是住过酒店最差的一家，一楼房间接近地下层，空气不好，而且酒店还在涮漆整修中，油漆气味很难闻....早上七点钟不到，施工人员和服务人员就在走廊上吵到不行....而且，酒店位置很难找，在胡同里！...总之印象超差","validation","7260","chnsenticorp-7260"
"chnsenticorp-7270","0","房间很差,感觉像有鬼一样,服务也很差,水要自己要才给,总之这个酒店绝对不推荐!","validation","7270","chnsenticorp-7270"
"chnsenticorp-7275","0","发誓，再不住这个酒店，服务非常差，4星级酒店没有门童开门，接行李。只有保安催TAXI马上离开，哪怕我们的行李还在后箱！！！！补充点评2006年9月1日：哎，反正瑞安这个城市的印象非常不好，TAXI经常拒载，脾气也非常不好，城市又很脏，服务是全国最差！","validation","7275","chnsenticorp-7275"
"chnsenticorp-6003","0","脏吵小慢就不多说了。主要是安全问题！！！！忘了带门卡，正好看到服务员在附近，就叫他开一下门。她居然连我名字都没问直接开门让我进去了。瀑布寒……从来没见过这么方便的，要是小偷，哈哈，肯定笑死了。我电脑psp什么的还在房间，丢了都不知道找谁哭去","validation","6003","chnsenticorp-6003"
"chnsenticorp-7380","0","上次去住想起来还是很不高兴,根本没有星,好旧的酒店,除了房间大,东西旧得吓人,毛巾在面盆里洗了三次,还是很混的水,再也不住了","validation","7380","chnsenticorp-7380"
"chnsenticorp-6409","0","靠近路边的房间太吵太吵了，根本没有办法睡觉。劝大家千万不要去了。","validation","6409","chnsenticorp-6409"
"chnsenticorp-6552","0","服务基本上没有！非常失望，其酒店的服务和周围的优雅环境很不相称...总而言之,非常失望,更不用谈性价比了.","validation","6552","chnsenticorp-6552"
"chnsenticorp-5377","0","房间隔音效果极差，深夜如果隔壁客人大声喧哗的话……服务员会去提醒，但仅限于你投诉后","validation","5377","chnsenticorp-5377"
"chnsenticorp-7224","0","房间太老了服务不周到不热情交通还好保安象混子前台服务冷漠","validation","7224","chnsenticorp-7224"
"chnsenticorp-6993","0","晚上12：30到的，前台不错，打了好多电话问路一直耐心回答，房间也不错挺干净，早上结账的时候太麻烦，态度也不好，地点离我要去的地方太远，建议大家第一次去问清楚，不要以为县政府就在边上就好像中心了，跑了一晚上的山路...","validation","6993","chnsenticorp-6993"
"chnsenticorp-5561","0","价格便宜的好像是1号楼，太差，空调无暖气，无宽带，千万不要住。可以推荐汽车站对面交通局开的宾馆，有宽带。也方便。龙岩象个县级市，不好打的士。宾馆反馈2008年3月12日：1号楼中央空调，含暖气，免费宽带上网。宾馆免费提供代客联系出租车业务。","validation","5561","chnsenticorp-5561"
"chnsenticorp-5700","0","旁楼的房间千万不能住，房间太差，洗手间居然发现蟑螂，价格也不便宜，很不爽，主楼的房间到还可以","validation","5700","chnsenticorp-5700"
"chnsenticorp-5619","0","非常不好的经历,通过携程定的房间,到了以后,服务的人员居然要我的身份证,我在美国生活了10年,早就没有了身份证,还好护照也勉强接受了,整个服","validation","5619","chnsenticorp-5619"
"chnsenticorp-6570","0","房间比较小,最多3星,不如定168.设施一般,不如定特价房.免费注册网站导航宾馆索引服务说明关于携程诚聘英才代理合作广告业务联系我们Copyright1999-2008,ctrip.com.allrightsreserved.","validation","6570","chnsenticorp-6570"
"chnsenticorp-5399","0","1,房间小2，房间通风不好，气味有点大3，家具，床单陈旧4，网络有时不通一个字烂建议远离","validation","5399","chnsenticorp-5399"
"chnsenticorp-5346","0","出差入住的酒店,订了个三人间.房间没空调,冷得要死,而且被子很潮.火车站旁,步行可到.据说当地的第一名金钥匙是这家","validation","5346","chnsenticorp-5346"
"chnsenticorp-5652","0","我通过携程定的豪华标间,价格4百元,以为这个价钱至少可以住到干净整洁的酒店吧,至于豪华,根本是没想过;但即使这样低的心理期待下,这酒店还是把我吓了一跳;一进房间就是一股霉味和臭味混杂的味道;等进了厕所,才知道房间的味道与之相比简直是小巫见大巫,简","validation","5652","chnsenticorp-5652"
"chnsenticorp-7593","0","入住感想如下、供参考。1、离机场很近、无车接送、走路约八分钟。夜晚、雨天走路艰难。2、谈不上服务、一切自助。3、房间内的浴巾很旧、无清洁感觉。4、室内游泳池可能从未开放过、大呼上当。5、一楼餐厅的料理味道还可以。6、如果可能、建议最好不住。","validation","7593","chnsenticorp-7593"
"chnsenticorp-5491","0","酒店设施不错.但位置太偏.等有到出租车非常不方便,让门童邦叫第二天早上邦叫一出租竞收我十元手续费.还有西餐厅实在太差.点的西餐做出来吃都不能吃后面叫来厨师自己都说不是正宗西餐.让人难以接受,而且价格同其他酒店一样高下次决不可选这种酒店","validation","5491","chnsenticorp-5491"
"chnsenticorp-6922","0","豪华大床房没有床头灯,光线暗,和照片介绍不符,还有就是床垫睡着不舒服,靠马路的话,关上窗户汽车声音也很清楚,住了两晚都没睡好","validation","6922","chnsenticorp-6922"
"chnsenticorp-5502","0","一个月前入住过，首先是装修已经很陈旧了，给人一种死气沉沉的感觉，再就是服务，都是大妈级的，倒退10年还能算4星，现在很难说了。","validation","5502","chnsenticorp-5502"
"chnsenticorp-5664","0","这家酒店是写字楼改建,无论是整体装修,房间设施,服务水准都离4星级酒店相差甚远.奇怪的是,这样差的酒店居然好评如潮???请大家擦亮双眼,千万不要住这家酒店.","validation","5664","chnsenticorp-5664"
"chnsenticorp-7342","0","这次入住和上次相比,感觉差很多啊...卫生间马桶一直漏水,早上打扫房间服务员简直像抄家一样,搞的整个楼层都鸡犬不宁,想多睡一会儿都不行;晚上2层的KTV音响一直闹到半夜,住在3层的我不但没法睡觉,连听电视的声音都有困难.下次再去扬州,我肯定要换个酒店了.","validation","7342","chnsenticorp-7342"
"chnsenticorp-5342","0","房间还可以，比较大，但是临近马路，早上被车辆声音吵醒了，还有就是桑拿浴室不好，洗了一次澡，我和朋友损失200块钱，怀疑那里有人偷钱，如果各位朋友去，千万不要带现金。","validation","5342","chnsenticorp-5342"
"chnsenticorp-6130","0","性价比差，酒店诚信更差，尝试住了一次决定不会再住下一次宾馆反馈2008年7月7日：客人原订标准双人间，到店后想改为大床房，此两种房型存在价格上的差别，因沟通上的差异造成了双方的误解。我们对此客人表示抱歉和遗憾。","validation","6130","chnsenticorp-6130"
"chnsenticorp-5475","0","很破的宾馆，号称四星不过实际的情况比好一点的2星都差，早饭也是惨不忍睹。","validation","5475","chnsenticorp-5475"
"chnsenticorp-7531","0","周围环境差,房间设施陈旧.房间小.服务员懒散.去餐厅很不方便,路线复杂.早餐贵,而且没有什么可以选择的种类.","validation","7531","chnsenticorp-7531"
"chnsenticorp-5733","0","靠马路，晚上太噪。早餐较差。长途电话应该是IP的，收费0.8元/分钟。补充点评2007年12月25日：洗澡水不是很大。","validation","5733","chnsenticorp-5733"
"chnsenticorp-6238","0","特价房间没有对外的窗户；房间与房间隔音效果太差","validation","6238","chnsenticorp-6238"
"chnsenticorp-7340","0","这样的装修和设施居然是五星酒店，倒！房价实在离谱，随便一个什么公司协议就才300出头。地段在包头不错，周围吃饭很方便，有个玻璃火锅又好吃又便宜（不过包头的牛羊肉好，火锅可能水平都不错哦）。到了晚上居然有小姐尾随到房间，怎一个乱字了得！","validation","7340","chnsenticorp-7340"
"chnsenticorp-7025","0","按照预定的时间去住宿，携程却说我的订单取消了，对携程的信誉产生明显的怀疑。不是一个值得信任的网站补充点评2008年1月24日：给携程的800打电话，得到的却是一些冠冕堂皇的敷衍的话。","validation","7025","chnsenticorp-7025"
"chnsenticorp-6320","0","是以前的工人宿舍改造的，旁边施工很吵。酒店的设施也不是很好。","validation","6320","chnsenticorp-6320"
"chnsenticorp-5582","0","经济类酒店，所以价格适中。酒店设施服务就一般了。虽然在亚龙湾，但是交通十分不方便，下次还不如住在市区。","validation","5582","chnsenticorp-5582"
"chnsenticorp-6905","0","非常不值，从服务到房间都很差！！！再也不住了宾馆反馈2008年4月8日：尊敬的客人，您好！能否与酒店联系并告知您的住店经历，首先对于您的不愉快经历我们深表歉意，其次我们衷心希望能处理好您的投诉，让类似的事件不再发生，谢谢。","validation","6905","chnsenticorp-6905"
"chnsenticorp-6395","0","房间设施很一般、也很陈旧了。宣传册上说是“三星待评”，估计凭这种硬件设施想评三星基本上是不可能的。度假村内没有餐厅，用早餐需步行10多分钟到贵宾楼，还要另外付费，成人20元每人，儿童10元每人。","validation","6395","chnsenticorp-6395"
"chnsenticorp-7671","0","10月去的。感觉不是很好。房间和如家的差不多，但感觉差的好大。最让人受不了的是窗户离别人家的阳台那个近啊。都能看见别人家的里面了！！半夜楼道里还有人在吵闹，服务员应该制止一下啦。还有那个中央空调，开了等于没开。洗好澡后还是热的出了身汗。退房的速度也不快！！","validation","7671","chnsenticorp-7671"
"chnsenticorp-6969","0","房间的确很小；设施有些陈旧；服务一般；环境一般（在胡同里，交通不是很方便，不过附近有个地铁站）；卫生不错，蛮干净的。","validation","6969","chnsenticorp-6969"
"chnsenticorp-7597","0","汇东大酒店：1、商务单间和普通单间可以说基本没有区别（就房间大小和配套），主要的区别就是楼层，商务的一般安排最上面几层，建议大家选择普通单入住；2、房间的灯光特别暗，感觉给人有点压抑；3、房间的装修比较差，应该是我住过的四星酒店中最差的（但没办法","validation","7597","chnsenticorp-7597"
"chnsenticorp-6686","0","酒店涨价了，可是性价比并没有国内如家的好！不知道酒店啥原因价格比如家还高点，总体来说还是比如家差点！","validation","6686","chnsenticorp-6686"
"chnsenticorp-7295","0","住过很多大连酒店，这个酒店是最差的，客人在房间呆了一个小时不到的时间，酒店竟然收取了100元，大堂经理石金林态度恶劣，对客人恶言相向，没见过这样的酒店，劝大家千万不要住这个酒店。","validation","7295","chnsenticorp-7295"
"chnsenticorp-5693","0","主要是办事便利才选择“霉园”宾馆房间有霉味耶三星宾馆可能是淮安标准没有服务连台灯都没有不过早餐是绝对绿色五谷杂粮品种也多","validation","5693","chnsenticorp-5693"
"chnsenticorp-5790","0","同意楼上点评。每房在标价外另加收城建费8元。","validation","5790","chnsenticorp-5790"
"chnsenticorp-6287","0","准备带一家人来过年的,订了两天两个套间,就为了图个清净.可是除夕下午患了感冒,晚上房间里的空调根本不热,而且声音奇响.结果第二天只能匆匆提前离开.酒店位置很偏僻,自己没车进去了就出不来,周围好象有些象游乐场的设施,但冬天好象不开放,不知夏天怎么样.","validation","6287","chnsenticorp-6287"
"chnsenticorp-5600","0","我是早上近6点才到的，说是要算一天的房费。我说没问题酒店大都是这样的。第三天因为火车要晚上9点多才开，所以我延了半天到六点退房，结果到5点40就打电话催我说要来查房了，我说还没到6点你们催什么啊，而且我那天早上是6点到的，你再给我延半个小时或一个小时都是份内的事，赶客人赶什么一样的。以后不去了。","validation","5600","chnsenticorp-5600"
"chnsenticorp-7497","0","大家这段时间不要去住，他们施工吵死人了！并且，房间里的提示上说是8：30才开始施工，结构7：40就开始，找他们解决了一早上，到8：30一直没有停止过！到了8：30他们就更有理了，继续开始施工！","validation","7497","chnsenticorp-7497"
"chnsenticorp-6086","0","来到拉萨才发觉这家饭店的价格的确是偏高，同样水准的饭店在北京路上都只需200元以下。最大的问题是环境杂吵，睡不好。","validation","6086","chnsenticorp-6086"
"chnsenticorp-7488","0","很烂的三星级，阴暗。睡个觉而已。马路对面的干锅还可以。不推荐。","validation","7488","chnsenticorp-7488"
"chnsenticorp-6970","0","地理位置比较方便,但酒店服务态度不好,环境普通","validation","6970","chnsenticorp-6970"
"chnsenticorp-5957","0","还不如直接到那里找个导游去订都比携程订的便宜,导游说十一他们能拿到300元的价格,携程给我的价格太高了","validation","5957","chnsenticorp-5957"
"chnsenticorp-5948","0","这个酒店就是招待所改建的，所以各项硬件设施非常简陋，关键是大门在二楼，也没有无障碍楼梯，背着行李上楼，更没有服务人员帮忙！晚上在一个居民区里休息，都不敢开窗户，总之，很不满意！","validation","5948","chnsenticorp-5948"
"chnsenticorp-6692","0","房间很旧，有霉味，居然还有蟑螂！！！！！以这样的设施，酒店的价格太高了，并且在当地这家酒店的价格也是高的。要不是这家酒店在火车站附近，比较方便，真是没有可取之处了！","validation","6692","chnsenticorp-6692"
"chnsenticorp-7071","0","房间不大，窗户很小，但是交通比较方便，离汽车站、火车站都只要起步价，性价比不高","validation","7071","chnsenticorp-7071"
"chnsenticorp-5856","0","来长春之前，查阅了携程的很多酒店评分，感觉这个还算不错的，但是入住之后感觉很失望：1、房间门坏了；2、空调不好；3、房间陈旧；4、服务一般。。。。总之性价比很低，早餐还算可以。","validation","5856","chnsenticorp-5856"
"chnsenticorp-7673","0","环境非常恶劣，没有空调，房间昏暗潮湿。保证以后再也不去住了！！！","validation","7673","chnsenticorp-7673"
"chnsenticorp-7635","0","没有效率和服务的旅馆，如果你恨他/她，就让他/她住宁夏国际饭店","validation","7635","chnsenticorp-7635"
"chnsenticorp-7712","0","酒店生意清淡，大堂里都没几个客人。房间倒是不小，但觉得被褥窗帘都灰蒙蒙的有股味道，不知道多久没人用了。酒店里的娱乐设施，包括游泳池，台球等等，都要收费。白天房间里没有空调。晚上的热水，要先放10分钟才会来。优点么，就是位置不错，出门就是老街，吃饭逛街还算方便。","validation","7712","chnsenticorp-7712"
"chnsenticorp-6591","0","实在是差啊!!我当晚住的是双人房,三楼餐厅旁,一路的黑灯瞎火,还有一股味!!!","validation","6591","chnsenticorp-6591"
"chnsenticorp-5495","0","绝对是徒有其表的一家酒店。4月30日晚入住，室外温度30度的情况下，房间没有空调，当我们提出意见时，居然说怕客人着凉？！！我们盖的可是鸭绒被啊！再三要求下，拿来一个电风扇忽悠我们...第二天早上的自助餐厅也是一样的闷热。堂堂所谓4星酒店，连空调都不舍得开？这样的酒店大约是不会再住的。","validation","5495","chnsenticorp-5495"
"chnsenticorp-6255","0","酒店总体还可以，前台服务态度一般，房间气味比较重，跟其他的经济型酒店比并没有太大的优势。","validation","6255","chnsenticorp-6255"
"chnsenticorp-7237","0","周六入住,花费340元,含早餐.整体感觉不象一个三星级酒店,大堂很空荡,有餐厅在里面,感觉不是很好,上电梯在一个拐角处,不是太方便,房间是一进门就见床,不象酒店的房间,就是水还比较好点,下次不会入住","validation","7237","chnsenticorp-7237"
"chnsenticorp-5854","0","宾馆背面就是省道,交通是方便的,停车场很大也很方便,但晚上尤其半夜路过的汽车声音很响,拖拉机的声音平均15分钟出现一次,影响休息.建议要入住此宾馆的朋友一定要选南面的房间,这样可以远离点噪音.","validation","5854","chnsenticorp-5854"
"chnsenticorp-6455","0","走廊里的地毯很污浊，房间内的设施很一般，而且早晨七点钟以后才有热水。大床房应该包括两个人的早餐，可是服务员却告诉我们只能有一个人的，害得我早饭只吃了一半，还要和他们理论，虽然最后改成了两份早餐，但这样的遭遇真的让人很郁闷。象是政府的招待所。。。","validation","6455","chnsenticorp-6455"
"chnsenticorp-5386","0","感觉一般，就是各方面都一般，在三门峡这种地方住住还是可以的","validation","5386","chnsenticorp-5386"
"chnsenticorp-6125","0","房间还不错，够大，不过床头有部分发霉的迹象，218元的价格还是太贵","validation","6125","chnsenticorp-6125"
"chnsenticorp-5480","0","这个宾馆太差了，厕所感觉不消毒，而且房间里面任何吃的东西都没有，连水都没有，电视而且都不清楚，门还不用，马桶的水要等半个小时在按才可以下去，如果不是车坏了别的酒店都满了，我是实在不想选这个酒店，宾馆服务人员态度不好，这","validation","5480","chnsenticorp-5480"
"chnsenticorp-7685","0","价格还可以，位置也不错，就是房间装修太旧了，也不干净，还有异味！","validation","7685","chnsenticorp-7685"
"chnsenticorp-7512","0","不知道是按什么标准评的四星级酒店，是我见过最差的。设施陈旧，环境嘈杂，停车竟然还要收停车费。价格却不低，性价比简直是无法用语言表达的，总之，差就一个字，很差就两个字，非常差就三个字。以后就算是免费都不住了。建议携程不要跟他家合作，会影响携程的声誉。","validation","7512","chnsenticorp-7512"
"chnsenticorp-7494","0","我对这家酒店的感觉不太好。先说缺点：1门口正在修地铁，十分吵杂。2酒店装修号称前卫与古典之完美结合，不过我个人觉得华而不实。3房间走廊黑咕隆咚，伸手不见五指。4商务部就一台破电脑和一张烂凳子，还要收钱。5酒店的餐厅外包，吃饭很不方便，早餐非常非常差。优点：1房间里被褥枕头很干净。2位置不错，在杭州商业区。3退房延迟至下午2点，可能因为入住率不高的原因吧。","validation","7494","chnsenticorp-7494"
"chnsenticorp-5738","0","10月24日入住西楼,房间很宽敞,但设施旧了一些,它的房间有两道门,这点很少见,所以晚上很安静,走廊的声音会小很多.当时相同的价格,如果去附近的步行街上找一找,会有惊喜.还好,电视信号还有,那天嫦娥升空,真巧.","validation","5738","chnsenticorp-5738"
"chnsenticorp-6887","0","看不到海，房间也比较简陋，装修不好。不过距离海边倒是非常近","validation","6887","chnsenticorp-6887"
"chnsenticorp-6403","0","酒店总体感觉太差了,房间脏,旧。晚上入住后用水,开出来的水竟然是混水-铁锈的颜色。早餐也很差,没有什么东西可吃的。和同级别的如家相比,比如家差得不少","validation","6403","chnsenticorp-6403"
"chnsenticorp-5747","0","房间装修实在是不敢恭维,洗脸盆下面还漏水,还四星级,我看三粒星可能是花钱买的,还不如锦江之星,如家快捷等酒店.","validation","5747","chnsenticorp-5747"
"chnsenticorp-7134","0","房间环境很差,没有窗户,而且入住时抽水马桶是坏的,打了两次电话给服务人员才来修理并且没有完全修好,提出换同等房间被拒绝.希望提高住宿环境和硬件质量.","test","7134","chnsenticorp-7134"
"chnsenticorp-6989","0","房间太小,设计不合理,竟然连会客小台桌都没有,我住的房间马桶冲水不畅,卫生间太小,洗裕区域和马桶区域太过狭窄,很不方便,总体来说,说它是四星级是太言过其实了,2星差不多.","test","6989","chnsenticorp-6989"
"chnsenticorp-5804","0","酒店的感觉比较旧，应该是装修的时间比较长了吧","test","5804","chnsenticorp-5804"
"chnsenticorp-5828","0","房间布置是简约型的那种,床和被子都是廉价的感觉,空调极冷而且温度调节不灵,只能睡前关掉,但还是因此感冒,早餐质量非常一般.以后不会再去了.","test","5828","chnsenticorp-5828"
"chnsenticorp-5400","0","酒店周边比较繁华，对面有必胜客。服务热情还可以，设施就不是一般的差，第一个房间网口坏了不能上网，换个房间，水蓬头不出水，郁闷，各位还是不要去了。","test","5400","chnsenticorp-5400"
"chnsenticorp-5467","0","条件一般，就是地理位置不错，离市中心比较近，出行还比较方便。","test","5467","chnsenticorp-5467"
"chnsenticorp-5715","0","我是一周前预订的，但到酒店后，却被告知没有收到携程的通知，所有人在交涉了整个晚上后最终我们自己解决了住宿问题，我觉得是因为当时去的人比较多，这家酒店就在死赖不给我们房间，以便他们自己卖得太贵。整个过程携程的服务也特别慢。这个酒店的房间也很差。","test","5715","chnsenticorp-5715"
"chnsenticorp-6023","0","本想定晋祠宾馆，没房了，携城推荐到这儿，其实离晋祠还很远。服务态度不大好。根本就没有出租车，有黑车，斩得厉害。","test","6023","chnsenticorp-6023"
"chnsenticorp-6836","0","酒店自助早餐要180一份，好像携程上写的是50元啊酒店服务很差，第二天早上下雨，要求门童出去叫辆出租车，得到的回复居然是下雨天他们不出去给客人叫车。。。其它方面如房间或环境很一般，价格确标得老高，总之，性价比太低了，以后肯定不会再订这家了。","test","6836","chnsenticorp-6836"
"chnsenticorp-6741","0","房间设施太差，怎么会评上星级的？早餐去晚了就没什么吃的了。","test","6741","chnsenticorp-6741"
"chnsenticorp-7258","0","位置不很方便，周围乱哄哄的，卫生条件也不如其他如家的店。以后绝不会再住在这里。","test","7258","chnsenticorp-7258"
"chnsenticorp-7415","0","第一次去河南省、第一次去郑州，印象一般。入住的大河锦江饭店，据了解已经和上海的锦江集团脱离了合作关系。酒店房间很大，但设施已经较为陈旧，同样是“豪华大床房”有些房间有“沙发”，有些房间无沙发，只有二把椅子。","test","7415","chnsenticorp-7415"
"chnsenticorp-5443","0","天宇也就占了个位置还可以到光，内部设施和消耗品配备，实在是不怎么样，而且，很贵","test","5443","chnsenticorp-5443"
"chnsenticorp-5899","0","晚上有很多按摩小姐打电话，很烦！告诉他们不要再打了还是照样打！前台无法用信用卡预授权，一定要现金交押金，而且还不然存放行李，搞得我拖着行李去银行取钱！（还好银行近，要不...）","test","5899","chnsenticorp-5899"
"chnsenticorp-6406","0","我给我老家来的亲戚订的这个酒店，与我住的地方比较近，总天感觉酒店很一般。只是有个免费的停车场，也基本够大，每次过来停车比较方便。","test","6406","chnsenticorp-6406"
"chnsenticorp-7456","0","服务真的很差,是我住过那么多酒店中最差的了,房间也很旧的,和招待所几乎没什么区别,住了很后悔","test","7456","chnsenticorp-7456"
"chnsenticorp-6629","0","差，太差，极其的差，虽能说明这将酒店的情况。服务差、房间差、设备差，水质和周围环境更差。差的令人发指。","test","6629","chnsenticorp-6629"
"chnsenticorp-6276","0","个人感觉：1、条件差，房间小。2、服务不到位。钥匙老是需要到大堂刷卡。3、楼下是KTV,很吵。总体感觉：便宜没好货。边上的星宇大酒店真的是物超所值。","test","6276","chnsenticorp-6276"
"chnsenticorp-7014","0","房间很小，洗手间有异味，酒店外观陈旧，yi以后不会再住","test","7014","chnsenticorp-7014"
"chnsenticorp-5496","0","实在对不起四星的称呼!12月份在2--14度的气温下,只在晚上8点后才开空调!下半夜又关闭!投诉后还有理说是响应政府号召:节约能耗.这样的HOTEL朋友们您还敢入住吗?","test","5496","chnsenticorp-5496"
"chnsenticorp-6398","0","酒店大堂达不到四星，房间一般，也达不到四星标准，服务员没有礼貌。","test","6398","chnsenticorp-6398"
"chnsenticorp-7358","0","隔音效果很差,客人住在九楼,晚上四楼的KTV一直营业到一点,客人反应无法入睡.所以本来预计定三天,后来提前退房,换了酒店","test","7358","chnsenticorp-7358"
"chnsenticorp-6146","0","这个酒店太差了,酒店里竟然还有公司,而且还很多,见过这样的酒店吗？我是第一次,下回不会再住了,上下班高峰时,下楼要25分钟,我计算过连亲着两天.门童像个爷爷一样对你爱搭不理的.","test","6146","chnsenticorp-6146"
"chnsenticorp-6910","0","房间太小。设施太简单。服务太冷淡。不会再住。","test","6910","chnsenticorp-6910"
"chnsenticorp-6386","0","很差，去到餐厅后发现什么也没有，当初在携程预定时所谓的双早根本没兑现，我们几位连早餐都没吃就结账走了，这个宾馆太需要改进了！","test","6386","chnsenticorp-6386"
"chnsenticorp-7001","0","酒店是新开的.房间里的家具都是低档次的伪劣产品,一碰就坏的家具,还要你陪钱,呵呵!他们就是一家黑店,专门以碰坏家具油漆为由赔钱,宰客.是一家没有诚信的黑店.!今天我就被该店的范XX领班黑了30元.","test","7001","chnsenticorp-7001"
"chnsenticorp-5596","0","标榜四星级的酒店太糟糕了，房间很小，设施陈旧，和278的价钱实在差太远了。。很不好！！！我第二天就转移地方了。。。","test","5596","chnsenticorp-5596"
"chnsenticorp-6764","0","怎么看都是个要倒闭的招待所，虽然只有300多的价格，但还是不值。但这是个离殷墟很近的住所。所以没有选择。提醒去殷墟的朋友，千万不要去王陵遗址！！！真的是个废墟。","test","6764","chnsenticorp-6764"
"chnsenticorp-7220","0","普通的标间太陈旧，没法住。ctrip不该签这么差的房间。换了豪华标间后，还可以。换的晚了点，是没窗户的房间。郁闷。早餐两岁的小孩居然要钱，不可理喻。","test","7220","chnsenticorp-7220"
"chnsenticorp-5442","0","入住的时候刚装修，味道很浓！房间内的床坐上去好像有点不稳！","test","5442","chnsenticorp-5442"
"chnsenticorp-6769","0","我再也不会入住该酒店了，这是我住过的最差的酒店，热水至少要放5分钟才会有，而且宾馆设施陈旧","test","6769","chnsenticorp-6769"
"chnsenticorp-7608","0","太偏的地方，太冷清的场所，太糟糕的早餐。郁闷！！补充点评2008年4月18日：建议携程不要推荐过去了","test","7608","chnsenticorp-7608"
"chnsenticorp-6831","0","招待所改装,确实是不行。以后再也不会住这里了。建议携程取消该定点，否则可能连带损害携程的声誉。","test","6831","chnsenticorp-6831"
"chnsenticorp-6046","0","该酒店太差，卫生条件，服务均差。我入住时大堂内竟然散放着待洗的床单毛巾，乱七八糟，建议协程网取消其加盟资格","test","6046","chnsenticorp-6046"
"chnsenticorp-5428","0","缺点：1，小酒店，估计只租了几层做酒店用。2，房间很吵，靠马路那边的。3，服务不怎么样。","test","5428","chnsenticorp-5428"
"chnsenticorp-6959","0","简单的家具，墙上的颜色非常漂亮，设施还可以说不陈旧，但是房间里总有一股烟味以及油漆味。并且楼顶是个培训学校，晚上还有上课铃声。并且还蛮吵。在那个地方能有这个价格，确实便宜。","test","6959","chnsenticorp-6959"
"chnsenticorp-7017","0","服务的态度还可以，只是我住的那间房实在是太太太小了（大床房）。","test","7017","chnsenticorp-7017"
"chnsenticorp-6309","0","真的很吵我特意要了个安静的房间虽然听不见外面的交通声音，但是走廊里的声音一清二楚我要的是商务大床，感觉很小，但是还算干净，最主要是电视没有机顶盒，最让我诧异（怎么说我也是在上海阿）","test","6309","chnsenticorp-6309"
"chnsenticorp-7360","0","酒店内有刺鼻的浓味，尤其是过道，不过该酒店在装修。此外，入住前跟酒店确认好的积分累计也事后找借口，说房价太低而不予累计。本人不推荐入住该酒店。","test","7360","chnsenticorp-7360"
"chnsenticorp-6461","0","不知道是不是因为订的是168的168元特价房的关系,前台的态度非常之差,冷嘲热讽的,弄得好像订他们168的房占了他们天大的便宜似的,这么不情愿那干脆取消掉好了,弄出特价房本来是好事情,却这种态度,鄙视之~","test","6461","chnsenticorp-6461"
"chnsenticorp-7682","0","地毯很赃床下的簧凸出睡得很不舒服隔音很差很吵市有段距不是很方便我得糟糕透了补充点评2007年7月2日：酒店的外很美很棒但去房以後大失所望什外差多本打算住二天後住一天就退房了","test","7682","chnsenticorp-7682"
"chnsenticorp-7222","0","酒店真的像足了2星级的感觉，除了早餐不错，从服务到住宿，没有一个能让人满意一点点地。。。房间里的怪味……唉","test","7222","chnsenticorp-7222"
"chnsenticorp-6271","0","宾馆的周边环境比较好，只是隔墙有个大型公交停车场，有点吵。可能这宾馆有很多长租的客人，很多房间的门上都粘了纸信箱，感觉有点怪怪的。房间的装修很旧，没有连锁宾馆的干净。卫生间洗澡房地上的去水堵的很严重。总的来说对这宾馆的印象不太好。","test","6271","chnsenticorp-6271"
"chnsenticorp-5494","0","地方恶偏，早餐可以比美招待所，服务员素质巨差，坚决不去第二趟","test","5494","chnsenticorp-5494"
"chnsenticorp-6213","0","早餐有时8点结束，刷卡不方便，还要压现金，房间打扫不及时","test","6213","chnsenticorp-6213"
"chnsenticorp-7125","0","我那天用信用卡作了担保，订26号凌晨的大床房，事先说明了入住的时间的。结果，到达酒店的时候，居然才得知，根本没有给我留房间。弄得我一个女子半夜三更还要去找酒店，极不安全。对这样的服务态度和这样差的信誉，实在让我对“如家”的感觉大打折扣！！！！各位订酒店的朋友，要注意啊！","test","7125","chnsenticorp-7125"
"chnsenticorp-7319","0","住了一天，简直就像噩梦！没有一点让我满意的地方！！","test","7319","chnsenticorp-7319"
"chnsenticorp-6050","0","预定中午12点入住，中午11点半左右到，告知房间正在清理。心想，清理房间能用多少时间呀，于是耐心等待。哪知，12：30再次询问房间仍然没有清理好，急了催问到底几时可以入住，告知40分钟以后，差点晕倒。","test","6050","chnsenticorp-6050"
"chnsenticorp-7412","0","酒店设施陈旧，估计已经10年没有更新。壁纸、浴缸漆面剥落，马桶盖已损坏，空调系统基本瘫痪，噪音较大暖风几乎没有，入住酒店其内部停车场仍要收费。建议偕程应定期对推荐酒店进行筛选，合格酒店进行保留，不合格酒店进行剔除，这样才能保证服务的总体品质。","test","7412","chnsenticorp-7412"
"chnsenticorp-6849","0","比较实惠，旁边有易初莲花，买东西比较方便，还有麦当劳","test","6849","chnsenticorp-6849"
"chnsenticorp-6325","0","感觉一般，最便宜的房间没有窗户，房间太小。不过，里要去的办公地点很近--京东方","test","6325","chnsenticorp-6325"
"chnsenticorp-5613","0","没有见过这么小的房间两人在房间走动的话需要让来让去的，酒店服务员态度都是冷冰冰的从来没见过他们笑过或主动和你打招呼，离地铁东涌线距离还可以。酒店周围环境不怎么样都是居民区（当然不是有钱人住的）下次去的话坚决不会再住这家了也不推荐","test","5613","chnsenticorp-5613"
"chnsenticorp-7296","0","房间一般，洗手间浴缸里的水有些下不去，标房是对着大堂餐厅开窗户的，晚上12点好象还有人用餐，放音乐，挺吵的．","test","7296","chnsenticorp-7296"
"chnsenticorp-5981","0","酒店房间太烂。服务一般。地点也差。房间小，卫生间小，居然还是蹲便。。。","test","5981","chnsenticorp-5981"
"chnsenticorp-5529","0","该酒店338元/标间价格绝对不值,不知道航空酒店定价标准是什么.马桶根本没有消毒,前天晚上入住,用了马桶之后,屁股立马骚痒,到现在还没有消退.另外,早餐餐厅也小得可怜,食物品种和数量也少,要是晚去吃早餐,保准吃不到.","test","5529","chnsenticorp-5529"
"chnsenticorp-7761","0","房间太小,宾馆有租四轮自行车的,很破,骑不动,后来服务员说他们的车都是东方绿舟淘汰的.酒巴装修的还可以,就是蚊子太多,象轰炸机.","test","7761","chnsenticorp-7761"
"chnsenticorp-7047","0","最不满意的是这家的空调，效果一点也不好，而且噪音超大。最糟糕的是停车场，竟然在马路对面，而且必须要酒店保安领着才能开车停车，建议自驾车的千万别住","test","7047","chnsenticorp-7047"
"chnsenticorp-7194","0","堂堂四星级酒店，写错了房号。用户按照订单退的房间，给携程反馈的是提前退房。这种服务能符合四星级吗？","test","7194","chnsenticorp-7194"
"chnsenticorp-6661","0","确实差的无法形容了！我是在华天没房的情况下定了两天房（华天的房间住过感觉也很脏），但康年房是我住过性价比最差的了，其他地方100的房都比他好。而我住的还是238的所谓豪华间了，宽带还要另收费，真没见过！！！结果第二天我就退了，没法再呆下去，转车到桂林过了一晚。","test","6661","chnsenticorp-6661"
"chnsenticorp-6077","0","我住的是大床间，房子不算干净，卫生间比较简陋，早餐品种太少，饭店上菜太慢，卫生也是问题，不停有苍蝇转来转去。下次不会再住了。","test","6077","chnsenticorp-6077"
"chnsenticorp-7676","0","酒店位置十分偏远，交通，购物，餐饮极不方便","test","7676","chnsenticorp-7676"
"chnsenticorp-6072","0","服务态度不好，极差，前台态度恶劣，房间卫生不干净，诬陷客人照成，要求客人赔偿","test","6072","chnsenticorp-6072"
"chnsenticorp-7000","0","服务不好！态度表面很好，见人就问好，但是目无表情，明显是装出来的。房间的设施太简单。没有家的感觉。免费注册网站导航宾馆索引服务说明关于携程诚聘英才代理合作广告业务联系我们Copyright1999-2008,ctrip.com.allrightsreserved.","test","7000","chnsenticorp-7000"
"chnsenticorp-5372","0","酒店不像是五星的，最多三星标准，比较失望，两个房间的海景只能看到一个角，而且服务意识都没有，我们两个房间都忘了东西，结果都到蓬莱了还没人联系我们。打电话想让他们寄回来，结果都在踢皮球，闹了半天还得回去拿。郁闷~~","test","5372","chnsenticorp-5372"
"chnsenticorp-6285","0","酒店设施陈旧，卫生条件很差，电视不清楚，去酒店的道路特难找，携程说该酒店近劝业场，我打的去１０元钱，大家说近不近．不过酒店的保安服务很好而且热情．定了２个房间，晚上问前台要根网线上网，告知上网不是免费的，要收１０元钱，靠，网吧多钱啊，真黑．劝大家一定别定这个酒店，后悔死你．","test","6285","chnsenticorp-6285"
"chnsenticorp-6663","0","该酒店确实性价比不是很高，距离该酒店500米左右的衡阳华天应该会比这家好很多，我也问过价格了，华天208（前台价）/康年198（携程价）","test","6663","chnsenticorp-6663"
"chnsenticorp-6522","0","环境差得很.进房间就一股丑味.设施简陋,电视不清楚,最重要的是房间价格,自己到店大堂可以还价,价格比携程价还要低,携程210的到店里可以还到180.","test","6522","chnsenticorp-6522"
"chnsenticorp-6170","0","我是四月初去的深圳。我订的是豪华套房，开始在网上开酒店新装修后的照片挺吸引的，但入住后才发现根本不是那样的。除了大塘有装修过的感觉外，楼层和房间都还是老样子，很旧，完全没有装修过。八百多的房费简直就是浪费，下次不会在住了。","test","6170","chnsenticorp-6170"
"chnsenticorp-7480","0","酒店一般，唯一就是距离机场近，有免费班车，没有特别印象。","test","7480","chnsenticorp-7480"
"chnsenticorp-7754","0","房间设施还可以，但酒店内非常的冷，冬天不推荐入住。","test","7754","chnsenticorp-7754"
"chnsenticorp-7750","0","房间装修比较旧，周边也没有休闲购物的地方，性价比不高。虽然说免费提供上网，但实际上网上不了，最后还要住电脑房才能上网，不适合商务出差。还要投诉一点，浴室的用具，包括沐浴露和洗发水，有些是满的，有些只有半瓶，有可能是上回用剩的，请各位入住时注意。","test","7750","chnsenticorp-7750"
"chnsenticorp-5898","0","9月30日我给朋友（从德国来湖南打算去张家界）预订了2间房1晚，第2天早上结帐时服务员硬说房间少了1个衣架，我朋友只好上去6楼看，结果是服务员数错了。我朋友很生气，说酒店服务员数数都数不清吗？发生这样的事，让客人感觉到很不愉快，同时耽误了客人结帐的时间。","test","5898","chnsenticorp-5898"
"chnsenticorp-6604","0","因为到达时间有点晚，所以携程的房间取消了。只好拿了2个套房和4个单间。房间是日式的，面积确实太小了。单人床只有1.1米宽！没想到是经济型酒店，很失望。浴室没有干湿隔断，洗完澡，水漫金山，拖鞋湿了，地砖特滑。优点是房间新，风格时尚，有浴袍，拖鞋质量还行。","test","6604","chnsenticorp-6604"
"chnsenticorp-6244","0","本来不想评价了,但为了携程的携粉们,还是说一下,这称不上是酒店,细说就真没必要了,就一个字:差","test","6244","chnsenticorp-6244"
"chnsenticorp-7314","0","该酒店达不到五星水准。价格高，环境差，服务一般","test","7314","chnsenticorp-7314"
"chnsenticorp-7699","0","潮州迎宾馆确实装修了，不过里面还是那样，隔音效果差，旁边有人开门洗澡听得一清二楚，半夜尽然有老鼠在空调出风口捣乱，另外，房间送餐服务及其差劲，不按餐牌送餐和划价，建议出去吃","test","7699","chnsenticorp-7699"
"chnsenticorp-6645","0","房间很冷且不隔音，服务一般，卫生间很小，房间整体舒适性在我住过的如家是最差的。","test","6645","chnsenticorp-6645"
"chnsenticorp-7197","0","被安排在电梯附近。极其吵！象住在飞机场。补充点评2008年6月19日：早餐不错。如果用携程的预定，不能用“优悦”卡积分。","test","7197","chnsenticorp-7197"
"chnsenticorp-6111","0","之前住过三次,房间,早餐,服务都很好,所以这次又入住了,没想到,这次房间(九楼)非常差,应该是老装修了,还不如对面的三星的紫薇酒店,和之前住的房间天壤之别,同志们预定的时候千万注意挑选楼层自助早餐的水准大不如从前服务水准还好,再也不会住了","test","6111","chnsenticorp-6111"
"chnsenticorp-6059","0","我住的是酒店标准间（203房间），里面设施撑死2星级的标准，而且由于二楼有餐厅，房间里一股厨房未，相当恶心","test","6059","chnsenticorp-6059"
"chnsenticorp-7615","0","实在看不懂的房价，房间较干净，但是象是临时房一样，几乎没有隔音，昆山的酒店价格太离谱了！","test","7615","chnsenticorp-7615"
"chnsenticorp-5673","0","春节去住了一晚,进门就像到了一个大市场,晚上快12:00了,竟然还人声鼎沸,感觉很闹.房间进去后感觉还可以,不过卫生间很差,淋浴没有门,撒了一屋的水.整体感觉就是3星标准.第2天换去香格里拉了.以后也不会再去!","test","5673","chnsenticorp-5673"
"chnsenticorp-5364","0","酒店位置不是很理想，去金元购物中心还是蛮近的，大约10分钟车程，我入住的是448的房间，正赶上卫生部开会，人很多，另外，2个房间之间有一扇门，隔音效果特别不好，半夜时被隔壁的亲热声吵醒，晕","test","5364","chnsenticorp-5364"
"chnsenticorp-6358","0","这家酒店服务很不好，故意刁难顾客，明明可以刷卡却不让刷卡，逼迫顾客付现钞。客房价格偏高。建议将该酒店从携程的清单中取消。","test","6358","chnsenticorp-6358"
"chnsenticorp-7376","0","太差,根本达不到5星标准,房间旧装修很久的了,桌子都是坏的,唯一的是宾馆里的环境还可以,标准间里就太糟糕了免费注册网站导航宾馆索引服务说明关于携程诚聘英才代理合作广告业务联系我们Copyright1999-2008,ctrip.com.allrightsreserved.","test","7376","chnsenticorp-7376"
"chnsenticorp-7555","0","1.客房服务态度较好2.早餐还算不错.3.就是房间的灯光,太不满意~~","test","7555","chnsenticorp-7555"
"chnsenticorp-6736","0","酒店位置较偏,而且管理混乱.价格过高,不划算.","test","6736","chnsenticorp-6736"
"chnsenticorp-6456","0","路边有点吵，而且房子结构很不合理，窗户很小而且居然贴近地板...空调有很重的味道，几乎不能忍，房间也很小。以后实在不想住这里了","test","6456","chnsenticorp-6456"
"chnsenticorp-7626","0","2008年02月17日入住兴亚建国饭店,连四星的标准都不够,墙上有多处明显裂缝,卫生间的设施生锈,前台服务一般.服务员还说480元是特价期间的价格.携程订单上有水果送的,一直也没见送.郑州的5星酒店是应该重新评级了","test","7626","chnsenticorp-7626"
"chnsenticorp-6039","0","设施陈旧,卫生差.感觉:四星的大门,二星的客房,没有服务(住了两晚,没见服务员来打扫)补充点评2007年8月16日：价高质次","test","6039","chnsenticorp-6039"
"chnsenticorp-6436","0","服务员太差，房间很吵，隔音不好，房间味道很重，很一般，不如稀土国际大酒店好，收费有低，还是四星，服务很好，离火车站方便","test","6436","chnsenticorp-6436"
"chnsenticorp-5379","0","太差,脏.差,我住过的最不好的酒店,以后决不住了","test","5379","chnsenticorp-5379"
"chnsenticorp-6657","0","大堂服务态度很差,乱收费,把洗浴的收费项目和免费项目混装在一起,客人不知情用后,明明标价是10元的洗液,大堂结帐时非说是12元,因赶时间就未与之计较.另房间空调出冷气较小,晚上骚扰电话不断,无法完睡.","test","6657","chnsenticorp-6657"
"chnsenticorp-5683","0","充其量一个度假村而已，客房其实并不大，不知通过什么手段评上4星了。酒店近邻104国道，是连套别墅销售附带的设施。房间装修味道很大，其中一个房子竟然没有窗户。卫生间一股臭味，设施还不如3星级酒店。如果不是去山东路上太晚，怎么也不会到这个酒店。","test","5683","chnsenticorp-5683"
"chnsenticorp-7767","0","说实在的我很失望，之前看了其他人的点评后觉得还可以才去的，结果让我们大跌眼镜。我想这家酒店以后无论如何我都不会再去了。","test","7767","chnsenticorp-7767"
"chnsenticorp-6035","0","此酒店环境太差,服务一般,卫生间洗澡起来像涨水灾一样,酒店也未评星级,更可气的是一楼的歌厅,晚上吵得简直没法睡,大家要知道在高原地区没睡好觉是多么难受的,而且通过携程所订的房间酒店会安排最差的房间给您.我希望携程以后对会员酒店应该更严格审查.","test","6035","chnsenticorp-6035"
"chnsenticorp-5414","0","感不太像酒店，像旅。。。毛巾什麽的都比","test","5414","chnsenticorp-5414"
"chnsenticorp-6972","0","携程提供的160元的普通标间没有任何竞争力,房间设施一般,床单破损,服务也一般.商务豪华标间部分房间不是没有电脑,便是电脑只是摆设,连启动都不能.我在升级更换房间时便三易房间才能够正常入住.期待改进.","test","6972","chnsenticorp-6972"
"chnsenticorp-6361","0","距离机场还比较近，但是客房是点式住宅式的，丽景房房间非常小，卫生间马马虎虎，热水还不错。房间设施及装修感觉均比较陈旧，卫生状况一般。号称的室内恒温游泳池不开放，我游泳衣都带去了。晚上一直有客人在旁边房间吵闹，总的环境较差。","test","6361","chnsenticorp-6361"
"chnsenticorp-6124","0","刚刚入住是发现房间的地毯和椅子都是湿的，打电话询问时前台只是说明了为什么椅子和地毯会是湿的、一点歉意都没感觉到。结果只给换了两把椅子，实在有些让人不爽。离五星级服务还有距离。","test","6124","chnsenticorp-6124"
"chnsenticorp-6203","0","酒店设备很陈旧，浴室设备也坏掉，服务也很差。因为到的比较晚，入住已经差不多11点钟了，家里人打电话来酒店，酒店总机也是特别没礼貌的挂电话。因为经常出差，这基本上是住过最差的酒店了。","test","6203","chnsenticorp-6203"
"chnsenticorp-6640","0","开始住的那个房间初看感觉不错，但空调坏的,一晚没用,卫生间淋浴房洗澡时往外漏水.后来换了一个房间还可以，总体觉得一般。补充点评2008年6月3日：靠近地铁站，交通比较方便，且宽带免费。","test","6640","chnsenticorp-6640"
"chnsenticorp-6074","0","在老火车站旁，环境不好。感觉房间也不怎么干净，房间里东西也贵。","test","6074","chnsenticorp-6074"
"chnsenticorp-6729","0","酒店很旧，服务很一般。只是离火车站比较近而已。实在没什么好的。携程的价格有很大的水分。","test","6729","chnsenticorp-6729"
"chnsenticorp-6614","0","国庆期间订了副楼套房，差得不止一点点，家俱破旧，电视机小得不得了，想象不出的简陋","test","6614","chnsenticorp-6614"
"chnsenticorp-7024","0","住的是一楼，房间太小，窗户对着一堵墙。以后不会再住它了","test","7024","chnsenticorp-7024"
"chnsenticorp-7160","0","挂的是三星的牌牌，但室内、用具、环境及性价比还是差太多，现在可能是哈市的旅游旺季，因为是冰雪的季节吗？房间内有股汗味让人实在受不了！","test","7160","chnsenticorp-7160"
"chnsenticorp-6896","0","酒店环境与照片完全不一样，而且设施也比较旧了，服务也不怎么好。","test","6896","chnsenticorp-6896"
"chnsenticorp-5997","0","房间还算干净,卫生间很大,但没有设施。提供的毛巾每人只有一条，还是破的。总体来说不太令人满意。","test","5997","chnsenticorp-5997"
"chnsenticorp-5755","0","房间还可以,可是竟然没有网络.上网要到大堂非常不方便.前台人员素质很差,要求换个房间给他们谈了两次,每次30分钟,最后领班来了才解决.","test","5755","chnsenticorp-5755"
"chnsenticorp-6404","0","一直认为锦江各方面质量很高,性价比好,比如在西安我总是选择锦江之星.但这个店,是我住锦江之星所获得的最差的印象地.","test","6404","chnsenticorp-6404"
"chnsenticorp-6788","0","这个房间的性价比真是太差劲了，这个价格在西安可以住四星酒店了！房间（305）浴室的下水道是堵的，洗完一个人至少要半小时后才能洗第二人，房间的隔音几乎是没有的。这样的房间简直不能忍受！但据说是他们最好的宾馆了？？？","test","6788","chnsenticorp-6788"
"chnsenticorp-6627","0","太差了！！！不知道怎么评的四星！！！肯定贿赂了评酒店星级的人。","test","6627","chnsenticorp-6627"
"chnsenticorp-5510","0","不值得这个价装修很一般酒店外是烧烤一条街早餐非常简陋，没啥吃的。下次决不选择它。连申请延迟退房都不肯","test","5510","chnsenticorp-5510"
"chnsenticorp-6093","0","真的很差，就这个价格来说完全可以在桂林住到更好的酒店，前台服务员态度一般，入住之后，空调有问题，房间卫生间没有完全隔开，不方便！反正很不满意，建议不要入住","test","6093","chnsenticorp-6093"
"chnsenticorp-7448","0","非常一般的酒店，房里设施很旧，房间送餐竟然要加多50%的送餐费。总之找不到好的方面来说，有其他选择就不要去了","test","7448","chnsenticorp-7448"
"chnsenticorp-7070","0","这家酒店非常差,大家不要给它的外表所欺骗,房间非常旧,而且房间烟味很重,我觉得连招待所也要比它好","test","7070","chnsenticorp-7070"
"chnsenticorp-7669","0","酒店周围环境差，内部也很旧，卫生不好，很脏，总之没什么好的，下次决不住这。","test","7669","chnsenticorp-7669"
"chnsenticorp-7150","0","1.收了包天的10元话费,却打不出电话;2.装牙刷的盒子是一个空盒子3.不提供购物袋","test","7150","chnsenticorp-7150"
"chnsenticorp-6537","0","1.酒店的服务不太好，而且酒店的卫生条件令人担心。2.换了两个房间床单上都有血迹。3.酒店服务员对出现这种情况没有合理的解释，还指责客户没有看清楚。","test","6537","chnsenticorp-6537"
"chnsenticorp-7647","0","太恶劣了！！！报价根本没有说清楚是主楼还是东楼。还以为是四星级酒店，结果到了之后让住得是东楼，东楼的设施根本谈不上星级，还不如一个普通的小旅馆。极其简陋，还没有电梯。摆明了是挂羊头卖狗肉，欺骗人的！！！早餐太难吃了。","test","7647","chnsenticorp-7647"
"chnsenticorp-6946","0","宾馆直接对外的价格是168，携程的价格是160，只便宜8元，有点喜剧","test","6946","chnsenticorp-6946"
"chnsenticorp-5701","0","隔音很差，又难找，老厂房改造，门口接待小的差点找到隔壁的酒店，上海人的小气","test","5701","chnsenticorp-5701"
"chnsenticorp-5645","0","6楼窗外就是整幢大楼的风机,非常吵!可能是存心留给携程的客人,第二天到下午四点回房还没清洁房屋,太离谱!!!!!","test","5645","chnsenticorp-5645"
"chnsenticorp-5549","0","五一节期间入住，建筑挺宏伟，车开到酒店门口没有人理你或引导你停车到位，询问哪里有停车，被答复没有，后来自己","test","5549","chnsenticorp-5549"
"chnsenticorp-5977","0","酒店噪音太利害,几乎没有隔音设施不符合环保要求.且酒店的负责人态度恶劣不以客人利益考虑.一方地头蛇架不符星级标准.","test","5977","chnsenticorp-5977"
"chnsenticorp-7693","0","住过所有三星酒店感觉最差的一家.1,周边环境极差,2.二楼的卡啦OK感觉很暧昧,电梯上有很""职业""的打扮怪异的女性出入.3,酒店有股发霉的味道.4,酒","test","7693","chnsenticorp-7693"
"chnsenticorp-6105","0","环境很不好,在老火车站旁边,很旧很吵闹,像大多数网友说的,携程定房虽然便宜点,可房间是酒店有差级的话,给我的是角落上的房间902,房间空间是同层中最小的.不过整个上饶市都很破旧也在情理之中吧","test","6105","chnsenticorp-6105"
"chnsenticorp-5982","0","四星级酒店，符合标准的地方我就不提了，有以下缺点：1.标间不提供免费瓶装水（吧台内的瓶装水8元一瓶）2.距离市区远，根本无法打到车，且不提供叫车服务3.其它餐不知，早餐巨差免费注册网站导航宾馆索引服务说明关于携程诚聘英才代理合作","test","5982","chnsenticorp-5982"
"chnsenticorp-5353","0","可以说是比较差的一个酒店，酒店走道昏暗，走道和房间内都有一股浓浓的霉味，床单看上去摸上去也是不很干净的，卫生间味道更难闻，里面的设施也是发霉的。最恼人的是晚上楼下的KTV的音乐声，难以入睡。","test","5353","chnsenticorp-5353"
"chnsenticorp-7400","0","住了普标，床小不去说，房间整体设施感觉象招待所，房间里还有一股以前房客留下的脚臭味。以后再也不住了。不过前台小姐的服务可圈可点！","test","7400","chnsenticorp-7400"
"chnsenticorp-6811","0","房间小，虽然有窗，但是外面是个平台，上面安装的都是空调，很吵，也不能开窗。卫生间也很小，是那种洗手液一样的洗发和沐浴液。早餐品种少的可怜。","test","6811","chnsenticorp-6811"
"chnsenticorp-6656","0","酒店的位置还比较方便，但是过于嘈杂，酒店的设施也太陈旧，大床和标准床无太大区别。","test","6656","chnsenticorp-6656"
"chnsenticorp-7553","0","环境较差，马路噪音非常大，而且房间之间的隔音处理得不好，睡在床上能听到楼道里的讲话声。房间偏小。另外，离机场非常远。出租司机走外环线，说是速度快，但走了40多公里。饭店周围的环境很乱。","test","7553","chnsenticorp-7553"
"chnsenticorp-6250","0","我要求里写了要安静的房间。。谁知道那天住在6楼，外面的风，凄惨的吹着，声音很大，一个小时才入睡。让酒店换房间。他们说，酒店周围没有树，每间房间声音都很大。。赫赫，这里理由么？看来下次，起风的时候就不能去住了。","test","6250","chnsenticorp-6250"
"chnsenticorp-6132","0","该酒店虽然价格不高,但服务实在太差,房间例行送的水果和报纸要打电话问才送过来,早餐结束的时间被提前到9点也没有任何通知,最可气的是我投诉没早餐时,前台还不肯承认错误,骗我早餐在我下楼之前刚结束,是我自己下楼晚了.这种服务的四星级酒店我还从来没住过.","test","6132","chnsenticorp-6132"
"chnsenticorp-7369","0","太差了，空调的噪音很大，设施也不齐全，携程怎么会选择这样的合作伙伴","test","7369","chnsenticorp-7369"
"chnsenticorp-5410","0","房间有异味，入住时室外低于10度，但房间的中央调只有冷风！！！！室内设施陈旧！户外声音较嘈杂！只能在大堂看到服务员！总体非常不好！应该只能算是准二星！","test","5410","chnsenticorp-5410"
"chnsenticorp-5436","0","不像个三星级酒店，到达楼层后，一眼望过去尽是脏兮兮的而且开裂的墙纸，房间的设备很陈旧，卫生条件太差，毛巾、马桶颜色都已泛黄，淋浴水太小，就像进了招待所......","test","5436","chnsenticorp-5436"
"chnsenticorp-7212","0","真的是很普通的一家酒店，不应该成为在香港的居住选择。因为：1、在一个小巷里，很难找；2、价格奇贵，且房间又小，也就是国内很小的单人间也敢叫标准间；3、前台服务冷漠，老对大陆人翻白眼。","test","7212","chnsenticorp-7212"
"chnsenticorp-7176","0","地段可以，这大概是唯一的优点了。房间小，配置简陋，简直没法洗澡。最要命的是没有暖空调，冻的要命。不过前台服务员态度可以。","test","7176","chnsenticorp-7176"
"chnsenticorp-6633","0","酒店环境非常一般，感觉只是2星级的，酒店外观比较旧，店内装修比较差。","test","6633","chnsenticorp-6633"
"chnsenticorp-6558","0","我朋友说要去延庆张山营镇政府附近办事，我听都没听说过这地方，帮他定了这个说是最近的酒店，去了只有他一个人住，360就包个酒店还是第一次哟！房间很一般，周边太安静了，如果想热闹又有逛有吃的朋友还是建议去延庆中心住，县就只有那边大，走哪儿走不算远，打车也方便！","test","6558","chnsenticorp-6558"
"chnsenticorp-6524","0","前台的197号服务员，是个大约四五十岁的中老年妇女，态度很差。入住登记的时候就一脸很不爽的样子，随时要跟我们吵架，句句都是在抱怨和指责，白眼一个接一个。我们忍了，但友情提醒以后来入住的旅客，对这里的服务期望值不用太高。另外，房间紧邻4环，噪音较大。","test","6524","chnsenticorp-6524"
"chnsenticorp-6344","0","设施一般，大堂服务没有笑容，其它方面还可以。","test","6344","chnsenticorp-6344"
"chnsenticorp-6818","0","房间还不错，床铺比较干净，这是优点。缺点：服务较差，有时候叫服务员服务员居然说你为什么不能自己动手啊，我在国内其他任何酒店从未听过。携程定的房只限二层，来之前没有人通知过。","test","6818","chnsenticorp-6818"
"chnsenticorp-7506","0","不管是服务还是硬件都绝对够不上四星级，尽管前台确实挂着四星的牌子！！！依我看，就3星还不到。不过价格也步态四星级。","test","7506","chnsenticorp-7506"
"chnsenticorp-5950","0","图了离火车站近，不能太苛求。不过即使再住一定要住新楼。老楼好像属于文物一类，伪满时期建的？整体阴暗、楼道曲折、房间狭小、服务恶劣、还有骚扰电话。","test","5950","chnsenticorp-5950"
"chnsenticorp-7035","0","和楼下的朋友感触差不多，这个酒店的硬件和服务都一般，住15层豪华单人间，电视不清楚，床硬，被子薄，空调温度不够，晚上睡的不舒服，冷。卫生间设施还比较不错，装修不久的缘故吧。经当地人的推荐，我下次来这个城市会选择，新开的赵王或者开发区的皇冠，也向大家推荐。","test","7035","chnsenticorp-7035"
"chnsenticorp-6380","0","房间小的可怜,同样的价格,其他地方条件好多了.","test","6380","chnsenticorp-6380"
"chnsenticorp-6243","0","该酒店装修比较成旧。我房间的浴室出水很小，洗澡很不方便。","test","6243","chnsenticorp-6243"
"chnsenticorp-7464","0","是华苑产业园区唯一的酒店，虽说有3星，但总体感觉也就比快捷酒店好一点。","test","7464","chnsenticorp-7464"
"chnsenticorp-7558","0","说实话180太浪费,副楼连120都不值,这是我最后悔的酒店.","test","7558","chnsenticorp-7558"
"chnsenticorp-7467","0","不想多说，就一句话，以后不会住了，不过前台的妹妹很漂亮。宾馆反馈2008年4月3日：尊敬的客户：您好！如您在锦昌大酒店入住期间有不愉快，敬请您把您的意见和建议告诉我们，我们将为您提供更优质的服务！总经理：黄同金联系电话：0791-2878108锦昌大酒店","test","7467","chnsenticorp-7467"
"chnsenticorp-5416","0","唉！这个酒店真是让我失望！！！上次住就感觉不好，这次去发现床上竟然有JB毛儿！不说什么了，希望携程努力控制酒店的档次！","test","5416","chnsenticorp-5416"
"chnsenticorp-6496","0","常住的房间也没什么好点评的那天我住的房间墙面太恶心了太脏了,房间设施还可以","test","6496","chnsenticorp-6496"
"chnsenticorp-7286","0","我于2008，01，15入住，房间消毒水味很浓，很冷，开了空调，盖两张床的被子还是没点暖意，其他设施皆破旧，绝不会再入住！甚至于因为这间房差点都不想再用携程的订房服务。","test","7286","chnsenticorp-7286"
"chnsenticorp-6254","0","都是如家快捷还真是千差万别。这家店一进门便是一股难闻的怪味，房间里面充斥着下水沟的味道。早餐更不敢恭维。只是为了办事方便。","test","6254","chnsenticorp-6254"
"chnsenticorp-7318","0","房间破旧，电视无法正常观看，卫生间连厕纸都不给准备，还要自备。空调没有遥控器，就是个摆设，晚上要穿衣服睡觉。服务质量很差！","test","7318","chnsenticorp-7318"
"chnsenticorp-6415","0","位置偏，周围黑漆漆的。本地人开车都找了好久才找到。房间装修很是一般，可以说是有点差，就10几年的老装修。还是住潭江半岛酒店吧，虽然潭江半岛酒店也不是很让我满意。但是为了出行安全考虑，建议各位还是不要去住该假日酒店。此假日酒店和鼎鼎有名的假日酒店真是非洲和欧洲的区别啊。","test","6415","chnsenticorp-6415"
"chnsenticorp-7393","0","万杰国际不能刷卡是件令人最难以接受的事情，房间电视时长不能使用，网络还收费更让人难以接受。","test","7393","chnsenticorp-7393"
"chnsenticorp-7183","0","真的很差的酒店,服度很差.本人被在梯里,痛苦!早餐有特色!在哈住酒店是湖店比好.","test","7183","chnsenticorp-7183"
"chnsenticorp-5941","0","实话说，此酒店有愧其大堂挂的四星的牌子。房间除了面积尚可外装修和内置相当一般，恐怕还达不到三星标准。只有一些房间有网络，虽然很先进的用wifi，但是信号非常弱。洗澡的时候发现没有沐浴液，服务员的工作态度十分马虎。","test","5941","chnsenticorp-5941"
"chnsenticorp-6359","0","千万不要去.重庆的朋友说是渡假型4星我就帮领导订了.现在肠子都悔青了.1.楼道非常窄,房间并无特色还是近5星的价格2.东楼居然是后面一个普通的楼改的,我去看了立马退了那个东楼的房3.服务还是比较满意,酒店硬件配套就差了.","test","6359","chnsenticorp-6359"
"chnsenticorp-7038","0","不建议大家去住，只有后悔。首都的服务啊，给全国人丢人现眼。","test","7038","chnsenticorp-7038"
"chnsenticorp-7452","0","服务实在是太差了,居然没有跟我说就把我房间的窗帘取走了,而且打电话竟说没有就不给我换","test","7452","chnsenticorp-7452"
"chnsenticorp-7022","0","每天晚上十点多开始有人唱KTV，前台说要一直唱到两点，如果你有非常强大抗干扰能力，就来吧补充点评2007年11月19日：深更半夜的，被KTV打扰，只有自己换房一个选择，还要穿上衣服，拿","test","7022","chnsenticorp-7022"
"chnsenticorp-7585","0","设施陈旧，最不好的是房间太小了（单人间），除了放一张床，我在想相同的价格，是否标准间面积会大一些?不敢相信这是四星酒店。","test","7585","chnsenticorp-7585"
"chnsenticorp-6688","0","莫泰连锁酒店就是骗子！！！我被忽悠办了张50元的会员卡！！！根本没有什么会员待遇，和网上预订一个价格！！！就是个大骗子！！！！","test","6688","chnsenticorp-6688"
"chnsenticorp-5780","0","理住房登要半小.整大堂像市哄哄!房布置其差比!","test","5780","chnsenticorp-5780"
"chnsenticorp-6408","0","第一次住此类酒店，感觉就是原来的招待所做了一次整洁的装修。","test","6408","chnsenticorp-6408"
"chnsenticorp-7182","0","服务还可以！别的和招待所水平差不多。网络经常不好！不值得推荐！","test","7182","chnsenticorp-7182"
"chnsenticorp-6685","0","了二次房间,第一间在洗地毯(前台竟然不知!!??),第二间房门不用钥匙就能开,到第三间己经不是预定的大床房....窗外还有一个蜘蛛在结网","test","6685","chnsenticorp-6685"
"chnsenticorp-6253","0","因为去年住过，感觉房间好像装修过了。但是早餐好像和去年不一样了。我去的时候两个老外去了豪华的餐厅，我被安排在下面。。。早餐很差。。连沙拉都没有。。如果需要购买好一点的早餐，酒店应该先向顾客说明。","test","6253","chnsenticorp-6253"
"chnsenticorp-6680","0","可以说酒店很差。强烈建议CTRIP在郴州多准备几家酒店供选择。房间有霉味，床很大，但床垫很不舒服。地毯非常脏。卫生间还比不上火车站的。床单是破的。总之呢，如果各位经济允许，还是不要住这个酒店了。","test","6680","chnsenticorp-6680"
"chnsenticorp-5511","0","楼很老,房间很大,服务不错.二楼的早茶不错.","test","5511","chnsenticorp-5511"
"chnsenticorp-6632","0","设施陈旧,早餐不太丰富只能说是一般般了","test","6632","chnsenticorp-6632"
"chnsenticorp-5609","0","房间还算干净，但房间内空气不好，有股空调里散发出的霉味；设施极其一般，淋浴龙头拧了半天也不知道倒底哪个是冷水，哪个是热水，到最后差点都关不掉了，估计冷热水龙头大概是装反掉了的；餐厅服务很一般，早餐质量极其一般，餐厅像大单位里的食堂。","test","5609","chnsenticorp-5609"
"chnsenticorp-7170","0","餐厅很差,菜的种类水准都不行.酒店基本没有旅游配套服务,其实河南有很多有吸引力的旅游景点,但是实在缺少相应的服务.","test","7170","chnsenticorp-7170"
"chnsenticorp-5557","0","这酒店太旧了,大厅看上去还可以.房间的设施成旧不堪!卫生间的马桶真的都不走水的.早餐太一般了.要去入住的朋友要有思想准备,期望值不要太高.400多一晚说实话不太值!!","test","5557","chnsenticorp-5557"
"chnsenticorp-6212","0","位置太难找了，房间设施少，功能单一，作为商务间，没有配备电脑，有点遗憾～！","test","6212","chnsenticorp-6212"
"chnsenticorp-7250","0","Stayedheremanytimesinthepast18months.Thiscouldbeagoodplacetostayifthehotelwouldmaintainthefacilities,buttheydidnot.ThelasttwotimesIstayed(FebandMarch)theshowerandTVdidnotworkEVENafterIreportedthem.Willnotstayherefromnowon!宾馆反馈2008年5月16日：Thanksyourproblem,WewillchangtheshowerandTv,Iwillhopeyoucomehereagain","test","7250","chnsenticorp-7250"
"chnsenticorp-6712","0","早上八点多到酒店,预先订了房的,却被告知十二点","test","6712","chnsenticorp-6712"
"chnsenticorp-5618","0","预定的房间给的是问题房，水泵声音太吵，地段离风景点偏了点，虫子很多。","test","5618","chnsenticorp-5618"
"chnsenticorp-5785","0","破酒店上网慢的一踏糊涂。网卡只有10M的连接速度。什么年代了。还用这么慢的交换机。会还有早餐难吃的要死。没什么东西吃的。连煎个鸡蛋都等不到。还是他们的领班在煎店。一边煎还一边在吃。水果就更没什么好吃的了。住了几次就没吃到什么水果。。","test","5785","chnsenticorp-5785"
"chnsenticorp-6890","0","房间很简陋,应该是招待所的标准.钥匙开的门、没有热水壶、找房间需要绕过好几条小弄堂，已经晕头转向了，还没找到房间。过道很小,很吵.基本没什么隔音设施，里面有人洗澡，过道上可以听的一清二楚。厕所还干净、空调独力的，制热还不错。这个价格和这质量不知道怎么去评。","test","6890","chnsenticorp-6890"
"chnsenticorp-7051","0","可以用一句话来描述当时的心情,太失望了.免费注册网站导航宾馆索引服务说明关于携程诚聘英才代理合作广告业务联系我们Copyright1999-2008,ctrip.com.allrightsreserved.","test","7051","chnsenticorp-7051"
"chnsenticorp-5918","0","1月7日入住，太一般了，对于2星降到1星或没有星级也就这样了。服务很差，服务员不知房内有客，未敲门竟直开门进入房间，要吓死人的。更痛苦的是，说是酒店，连饭都没地方吃，我是中午住进来的，没到晚饭时间就退房走人！","test","5918","chnsenticorp-5918"
"chnsenticorp-6447","0","酒店的管理不专业，服务非常差，房间的空调不足，冬天的被子象夏天被，晚上住宿要用自己的羽绒衣防寒。","test","6447","chnsenticorp-6447"
"chnsenticorp-7238","0","这个酒店很烂。大堂嘈杂，房间设备陈旧，地毯、卫生间和床铺都很脏，我的孩子睡了一晚，脸上就长出许多红色豆豆（是螨虫所致）。电话打去客服部，几乎得不到有效的服务。根本与所持的星级不符。强烈建议携程将这家酒店从预定名单中删去。","test","7238","chnsenticorp-7238"
"chnsenticorp-7433","0","本人是在春节后2月27号入住的，该酒店很差；说是四星级，可是服务完全没有到位。我共住了五天；三天服务员进房间就是叠被子和补一次性酒店用品；地上都没有清洁过；我第一天掉的小纸屑到第三天连躺的位置都没换过；真可笑！晚上很吵，开门声音很响；实在很差；建议大家都不要去住了。","test","7433","chnsenticorp-7433"
"chnsenticorp-5720","0","太像公寓了！简直就是公寓！大厅感觉非常公寓，房间也公寓非常，居然还有厨房和相关设备，其实你根本没有机会使用，因为你不可能随身带餐具！","test","5720","chnsenticorp-5720"
"chnsenticorp-7535","0","非常差的服.房和床比小,人房原本分床床,一定要另外充明是床,否床,本人因此","test","7535","chnsenticorp-7535"
"chnsenticorp-5698","0","370的房间，性价比很低，也就内地150的水平，自助餐品种那是相当的少，成天一堆喝得红赤胡脸的中年FB男出入，很不爽，决不再住","test","5698","chnsenticorp-5698"
"chnsenticorp-6641","0","酒店很一般。根本就到不了3星。无论从硬件到管理，简直侮辱了三星的标准。房间潮湿味道很大，地毯，房间面积等等简直没有一件能让人舒心。我入住的是288的房间，也真佩服宾馆的管理人员，这个价格他们也敢要，我觉得180元以内还凑合。总之，不推荐大家入住！","test","6641","chnsenticorp-6641"
"chnsenticorp-7406","0","酒店设备陈旧，服务差劲，还不如二星级水准，更令人郁闷的是我早晨七点半下火车赶到酒店，却被告知要到九点方能入住，否则就要加半天房租。结果为了避免挨冻，多付了250元。结果携程还不算我的结分。真是冤透了。","test","7406","chnsenticorp-7406"
"chnsenticorp-7162","0","非常差！！！也不知道携程怎么推荐的！！烂！！发霉的味道！！房间也很破！！！1","test","7162","chnsenticorp-7162"
"chnsenticorp-5413","0","酒店服务非常差，设备一般，加床是硬板床且收费很高，服务员态度很差，就像没有经过培训，业务也不熟练，根本不像三星级的酒店。","test","5413","chnsenticorp-5413"
"chnsenticorp-6617","0","设施服务都一般化,性价比不高,在郑州的知名度太小,连出租车司机都不知道,不值得推荐","test","6617","chnsenticorp-6617"
"chnsenticorp-6301","0","华天管理下的一家打着四星旗号的三星设施,三星服务的酒店!","test","6301","chnsenticorp-6301"
"chnsenticorp-6870","0","旧楼改建的酒店，期望不要太高。酒店经理的态度很好，会帮助解决问题。有一位前台小姐的态度实在是不敢恭维，可以说恶劣","test","6870","chnsenticorp-6870"
"chnsenticorp-5915","0","服务不则么样，太旧，旋转餐厅不转的，早餐的服务员好像我欠了他们钱一样，很差","test","5915","chnsenticorp-5915"
"chnsenticorp-7542","0","订的单人间，结果没宽带，换了商务单人间，却是在后面的贵宾楼---一座四层小楼里。房间条件很一般，不过就是撤了一张床的标间。窗外就是院墙。房间隔音很差，听得到隔壁的鼾声。","test","7542","chnsenticorp-7542"
"chnsenticorp-6781","0","新酒店的内部各方面都不错.服务也还行.行李生不会帮客人拿行李,只能自己拎上拎下那台阶.最不好的是,旁边一施工工程(海景房对着),日夜奋战呀!!!睡着了,也会给吵醒!还有夜间工地汽车喇叭声!下回最起码也得等这工程完毕才能住.","test","6781","chnsenticorp-6781"
"chnsenticorp-5580","0","入住时说是四星级酒店，一进驻，，，，失望。。。。","test","5580","chnsenticorp-5580"
"chnsenticorp-6165","0","硬件和软件都一般.打出请勿打扰的提示,还有服务员早晨来敲门.枕头和床都不舒服.下次不会再订","test","6165","chnsenticorp-6165"
"chnsenticorp-7101","0","服务极差,有时候没空调!服务态度恶略!没空调问服务员要风扇,1小时过去了,都没来.投诉后才马上送来.","test","7101","chnsenticorp-7101"
"chnsenticorp-6351","0","服务非常差，入住一个月都没有更换过床单！","test","6351","chnsenticorp-6351"
"chnsenticorp-6364","0","晚上有搔扰电话比较烦。饭菜质量也不好价格也与实际不相符合","test","6364","chnsenticorp-6364"
"chnsenticorp-6391","0","很旧，很破，很差，很贵，以后再不住了。订房还要信用卡担保，就是怕别人看到现场改变主意，太恶心了。前台都没有，很差","test","6391","chnsenticorp-6391"
"chnsenticorp-6303","0","没见过这么差的四星酒店!建议大家以后千万别住,离银滩很远很远!环境也很一般,服务就差得没法提了!","test","6303","chnsenticorp-6303"
"chnsenticorp-7613","0","第一次入住，感觉很差。宾馆服务人员的态度不好，强烈的不满！怎么评上五星的？退房时头一次碰到要在两个柜台间来回的折腾才能退房的酒店！这是我第一次入住，也将是最后一次！拜拜了！","test","7613","chnsenticorp-7613"
"chnsenticorp-5344","0","周末住了一晚，酒店周边还是可以的，出行很方便~周日去花果山景区，打车25元就可以到；房间的话设施老了，空调漏了一个晚上的水！单人间卫生间很简陋~20元的自助早餐也就5元的水平~总体来说，要求不高的话就只能随便住住的地。","test","5344","chnsenticorp-5344"
"chnsenticorp-7037","0","周边环境差，房间卫生差，房间设施老旧，服务差（接送车辆接送不到位，电话接不通，卫生设备损坏不维修）。","test","7037","chnsenticorp-7037"
"chnsenticorp-7198","0","这个鬼地方居然是三星简直让人无法相信差，太差了，可惜没0分，有0分一定打0分","test","7198","chnsenticorp-7198"
"chnsenticorp-5348","0","房间里铺着像餐馆一样的廉价石砖地，两床之间有一块肮脏的地毯床上只有及薄的褥子，床垫上的弹簧不分轻重的时刻硌着你。喷头出的水永远只有两种温度，极热和极冷出行不方便，地点比较偏颇，从解放碑打车，很多司机都不去。总之糟糕透顶","test","5348","chnsenticorp-5348"
"chnsenticorp-6281","0","设施较差,服务意识低下,半夜走廊中喧闹无比,空气极差,房间潮湿阴暗,总之只上一次当!","test","6281","chnsenticorp-6281"
"chnsenticorp-5459","0","很怀疑五星酒店的评价标准。三星都不如，很失望！","test","5459","chnsenticorp-5459"
"chnsenticorp-7251","0","这个酒店，隔音太差，都是用木板隔的。有纯净饮用水口，但是坏了,也不配给免费矿泉水。房间设置也是不好的。我的同事房间淋浴口竟然不出水。奉劝大家不要去住。","test","7251","chnsenticorp-7251"
"chnsenticorp-6673","0","我订房间时提供了信用卡担保，酒店却擅自将我订的房间换掉，非常不愉快！","test","6673","chnsenticorp-6673"
"chnsenticorp-7008","0","如果这就是如家，那如家离倒闭绝对不远了。免费注册网站导航宾馆索引服务说明关于携程诚聘英才代理合作广告业务联系我们Copyright1999-2008,ctrip.com.allrightsreserved.","test","7008","chnsenticorp-7008"
"chnsenticorp-6620","0","差到一定程度了不如一个好的二星或没星的宾馆呢","test","6620","chnsenticorp-6620"
"chnsenticorp-7580","0","酒店一般，设施还可以，就是床上可能有什么虫子，早晨起来感觉很痒，同住的同事也有同样的感觉，今后不敢再住了。","test","7580","chnsenticorp-7580"
"chnsenticorp-7683","0","前台服务态度如晚娘脸孔....房间小,卫生间有一股油耗味,另人想吐....原本住4天,住一天就跑人.....","test","7683","chnsenticorp-7683"
"chnsenticorp-7753","0","刚从九华山回来，从携程订了百岁山庄，总体感觉还可以，就是满大堂飘溢着奇香，不知是什么，有些刺鼻。房间也算可以，很紧凑，设施、洗澡水也不错，可有股潮湿不通风的怪味，被单上也有不洁的痕迹。好在我们只注一天，也就将就了。","test","7753","chnsenticorp-7753"
"chnsenticorp-7059","0","介绍说酒店是座落于北四环的北苑路，结果晕我。该酒店位置偏僻，再走几步就是五环了，怎么会是四环？？第二天一早等半天也没有出租车来，只有走到大马路边去等，还是没有。冷得要命，最后没有办法，有一黑出租问我走不走，只有坐上车走了。房间还是不错得。","test","7059","chnsenticorp-7059"
"chnsenticorp-5998","0","服务人员素质不高，屡屡出错！明明我为同事预留好的房间，居然不核对姓名就把房卡给了不认识的其他人了。如此低素质的错误！","test","5998","chnsenticorp-5998"
"chnsenticorp-6145","0","缺点：房间比较老旧，电梯果然如网友评价非常慢，所谓2003新装修实际只是大扫除一下。网速也不快。出门打的不方便，旁边没有吃饭消费地方，要出去不少路。周边环境不好且人员素质很差。亲眼看见楼上飞下一矿泉水瓶，差点砸中前面一女孩头部。优点：早餐很不错，去周边主要商业区也不远。服务员态度尚可。","test","6145","chnsenticorp-6145"
"chnsenticorp-6903","0","我于13号晚8点到达该酒店,前台小姐核对我的130元房间的预定后.给我309房间.我上去一看.那是一间没有窗户的走廊房间.我突然想起没有窗户的开价是120.而我定的是有窗户的130房间.我下去与其交涉.小姐们只得搪塞地对我说.有802房间,是他人刚刚退掉的.其次该酒店的菜肴","test","6903","chnsenticorp-6903"
"chnsenticorp-6237","0","酒店真的不怎么样，不知道怎么评上四星的。房间又小又旧，早餐也没什么吃的，服务也不好，而且会有骚扰电话","test","6237","chnsenticorp-6237"
"chnsenticorp-7121","0","不好，服务员像目老虎，态度极其恶劣，当然就这个价钱设施还是可以的","test","7121","chnsenticorp-7121"
"chnsenticorp-7399","0","位置太偏，再一个很深的胡同里，很难找到。而且，结帐时电脑出故障，前台漫不经心的说让明天再来开，或给寄去。如果外地人明天再来吗？如果是老外你们也给寄到国外去吗？","test","7399","chnsenticorp-7399"
"chnsenticorp-7385","0","房间象80年代的路边小旅馆.通往3楼餐厅的路上,污水横流,黑色的污渍随处可见.房间连电吹风都没有!也没有免费的矿泉水和茶叶包!电脑桌下面的地毯上黑色的污渍到处都是!!更好笑的是,有时打51(前台)后得到的回复是你找52(客房部);然后52又说你找51!!整体而言,还是国企的做法.","test","7385","chnsenticorp-7385"
"chnsenticorp-5938","0","房间老旧,床单在要求下才更换了一张干净的,明明有双人房,前台却告之只有豪华套间.服务员以为客人听不懂广东话,私下里说:他订了套房不能给她改,真是岂有此理!宾馆反馈2008年3月4日：谢谢您的宝贵意见，我们会改正的。现在正在装修其中一楼，欢迎指点。","test","5938","chnsenticorp-5938"
"chnsenticorp-7692","0","性价比太差，大堂不气派。房间一般，服务一般，以后不会住","test","7692","chnsenticorp-7692"
"chnsenticorp-6400","0","饭店前台和预订部缺少起码的沟通，信息传递很满，而且前台态度很不好，电话声音很小，不热情","test","6400","chnsenticorp-6400"
"chnsenticorp-7509","0","条件太差！房间面积太小，简直就不象4*酒店！","test","7509","chnsenticorp-7509"
"chnsenticorp-6443","0","不能够提供按照预定的房间要求，明明是要求两间大床房，当天到了之后才告知没有，而且只给了一个标准间，并且最开始连冷气都是坏的，北京40度的高温，不知道这里到底是酒店还是桑拿房","test","6443","chnsenticorp-6443"
"chnsenticorp-5383","0","预订的房间checkin时是4楼，电话坏了几天还安排我住，到了晚上十一点发现了，前台回复说明天再给我换。我只住一晚啊，老大。在我坚持下，换了个一楼的房间，外面是停车场，一晚上完全睡不着。","test","5383","chnsenticorp-5383"
"chnsenticorp-6792","0","卫生条件太差，卫生间小，并且房间也不隔音，窗外人来人往影响休息","test","6792","chnsenticorp-6792"
"chnsenticorp-5823","0","其实就是桐城的会所，位置在桐城的最里面，从北苑路走进去要将近十分钟，不好找，不好打车。这样的条件300多元太贵了。补充点评2007年4月14日：说明：不知道现在价格如何，我的客人是三月十一号入住的。","test","5823","chnsenticorp-5823"
"chnsenticorp-6940","0","建议携程的用户不要定这家酒店，因为这家酒店缺乏诚信，你入住了他对携程说你没有入住，希望增加积分的就不要定了，而且还随意调换你的房间。","test","6940","chnsenticorp-6940"
"chnsenticorp-7307","0","最近变成了四星，好像房间装修过了。餐厅也装修过了。早餐不错。呵呵，继续努力哦","test","7307","chnsenticorp-7307"
"chnsenticorp-5524","0","房间很小，装修太差，电线全部裸露在外面，脏，不是一般的脏","test","5524","chnsenticorp-5524"
"chnsenticorp-6850","0","首先酒店不好找,说是吴中路,其实应该是在在万源路上,其次,房间给人感觉不是很干净,墙面上的墙纸有点掉下来了,淋浴间的地上黑黑的斑点让人不敢蹋入,可能是装修时流下的油漆或是别的什么东东.......最恐怖的是睡到凌晨4点左右,好象被什么东西咬醒了,开灯一看,尽然是","test","6850","chnsenticorp-6850"
"chnsenticorp-5567","0","每次中途休息都会住在这，不是因为这家酒店有多好，主要是上下高速比较方便。房间一般，餐厅饭菜比较差。","test","5567","chnsenticorp-5567"
"chnsenticorp-5369","0","总台服务还可以，房间实在不怎么样，空调很吵，床居然是一边高一边低的，这个房价实在是不值得，下次不会选择。","test","5369","chnsenticorp-5369"
"chnsenticorp-5797","0","前台包括服务餐厅的前台都很不客气，好像我们欠他们钱一样，爱住不住的意思，没有一点受到尊敬的感觉","test","5797","chnsenticorp-5797"
"chnsenticorp-5835","0","我再次重申:不能相信携程接线员的推介,要大家看点评!接线员说这是准四星,但只是准三星而已.在张家界这个旅游热点城市但管理横乱的地方,凑合住了一夜---因为咱队其他地方也是不熟.","test","5835","chnsenticorp-5835"
"chnsenticorp-6368","0","前台服务很不规范.我订了4间房,每间房价338,前台入住时每间房押金却要收我800,经过我据理力争,降为500.退房时,又说其中一间房床单上有污点要我赔,经过交涉,又说算了.每次他们都说有规定,但我希望他们能出示规定给我看,有没有规定能拿出来,一人一","test","6368","chnsenticorp-6368"
"chnsenticorp-6210","0","1、该酒店房间小,我住的标准间很小,很舒服;2、这个酒店是三星级，我认为最多能够上两颗星，属于好一点的招待所；3、价钱贵，周遍环境不好；4、服务员服务质量极次，建议协程取缔该酒店的会员资格，我去有上当的感觉。","test","6210","chnsenticorp-6210"
"chnsenticorp-7765","0","看照片觉得还挺不错的，又是4星级的，但入住以后除了后悔没有别的，房间挺大但空空的，早餐是有但没有可以吃的东东，环境是好但天气太冷，总之我以后不会再住那里。","test","7765","chnsenticorp-7765"
"chnsenticorp-7723","0","酒店房间设施陈旧，尤其卫生间设置不合理，洗澡很不方便。前台服务人员态度极其冷淡。","test","7723","chnsenticorp-7723"
"chnsenticorp-6884","0","一个破落的酒店、开车路过不得不住！奇怪的服务员早晨四点钟不知为什么要开门进入我房间！！！！听到开门声我大呼wye？该女人一声对不起，走人啦、、、、、门口停车保安说24小时有人看守！早晨6点30分退房惊见保安在总台用椅子变成床呼呼大睡！停车场空城计！！！！其它不评述了、累！！！总之、万不得以、不住！","test","6884","chnsenticorp-6884"
"chnsenticorp-5859","0","在预定时间到前台进行登记时，服务人员告诉我们：XC没有进行预定，后来通过多次电话......，另外，预定价格和门市价格只有4元价差......","test","5859","chnsenticorp-5859"
"chnsenticorp-7084","0","选了个套间，面积不小。除了电视，装修乏善可陈。窗外望过去竟然是水泥屋顶。不接受信用卡。打长途事先说要0.7元/分钟，这就够可以的了，结帐的时候还要加另外服务费！投诉到经理，居然告诉我系统就是这么设定的，不能改。直到我说要投诉到消协，才重新改过。","test","7084","chnsenticorp-7084"
"chnsenticorp-7465","0","国庆头一天去住，门市价和携程的价一样，豪华房672元还不包早餐。房间设施挺旧得了，感觉很一般。","test","7465","chnsenticorp-7465"
"chnsenticorp-6043","0","我入住的是B栋的房间，也就是他们所说的“高级房”，那些房跟外面的招待所是一样的，房间有一种令人想吐的气味（就像地拖拖完地以后没有洗的那种气味）；而且双人房的床太小了，大床房还好一点。真的，我以后绝对不再入住该酒店。","test","6043","chnsenticorp-6043"
"chnsenticorp-5404","0","一句话，那是相当的差！这也叫3星，有没有搞错，旅馆水平都没有。大厅倒过得去。房间里面消毒水的味道奇大无比，进去半个钟头都适应不了。卫生间的东西感觉是进了个50元店，水泥糊的玻璃缝。老天，让我丢人丢到家了。强烈要求退钱！","test","5404","chnsenticorp-5404"
"chnsenticorp-5471","0","很旧的设施,服务也不好,感觉一般.不能和大城市比.","test","5471","chnsenticorp-5471"
"chnsenticorp-7735","0","优点:靠近商业中心,离火车站不远,价格还算公道缺点:房间设备差,几乎就是招待所的标准,周围环境脏乱差,噪音大.烧烤气味刺鼻.免费注册网站导航宾馆索引服务说明关于携程诚聘英才代理合作广告业务联系我们Copyright1999-2008,ctrip.com.a","test","7735","chnsenticorp-7735"
"chnsenticorp-6783","0","电话服务生说装修已经一年了,当时住的时候就两个月左右,装修味太浓,呛的眼泪鼻子一大把的,而且前台服务员说他们的打折价比携程便宜,不知道这算不算房价倒挂???地段太偏,餐厅的饭菜味道不怎么样","test","6783","chnsenticorp-6783"
"chnsenticorp-7127","0","非常差的酒店，只住了1天就逃走了（本来预订了7天）","test","7127","chnsenticorp-7127"
"chnsenticorp-7679","0","看了大家的评价不错，才选择这家的。房间无论如何不能说是三星的标准，个人感觉不如如家布置得温馨。","test","7679","chnsenticorp-7679"
"chnsenticorp-6467","0","感觉非常不好,房间有霉味,设施太过陈旧,拧开水龙头,要等很久,才出热水","test","6467","chnsenticorp-6467"
"chnsenticorp-5858","0","风格就是快捷酒店，不过服务和得到的优秀酒店称号相差好远，我住的是商务大床房，是最靠走廊尽头的单人间，房间异味很浓，灰色的沙发很脏，有好几个破洞，房内的网线是铁通的，但“铁定不通”周围没有商店，以后不会再住了。","test","5858","chnsenticorp-5858"
"chnsenticorp-6934","0","唉，简直是一无是处，我住的大床房，小得只能放下一张床，房间里的矿泉水还是过期的，没住过这么烂的如家，可能145元就活该如此了。对那些住宿稍微有些想法的人，不建议入住。","test","6934","chnsenticorp-6934"
"chnsenticorp-6987","0","位置比较好，但条件一般，居然空调是单冷的，前台服务非常冷淡","test","6987","chnsenticorp-6987"
"chnsenticorp-6983","0","服务态度机械，表情僵硬，管理不人性化，晚退10分钟房就加收半天房费","test","6983","chnsenticorp-6983"
"chnsenticorp-7364","0","单人间太小了，居然要350元/天，杀猪呀！","test","7364","chnsenticorp-7364"
"chnsenticorp-7216","0","标间面积实在太小，卫生间都转不开身。客房服务很一般，好在打电话后态度尚可。值得称赞的是它家的咖啡厅环境不错，中餐厅口味还好。","test","7216","chnsenticorp-7216"
"chnsenticorp-5849","0","和山里的农庄比算是好的了吧。墙壁都开裂了，房间还算干净，离镇上有1公里吧，叫车只要2元。镇上有上海华联，还挺大的，买些吃的喝的用的都挺方便。","test","5849","chnsenticorp-5849"
"chnsenticorp-6249","0","洗澡竟然没有热水！！太郁闷了~~第二天还要爬山啊！！不过网速还可以~","test","6249","chnsenticorp-6249"
"chnsenticorp-6292","0","前台的服待客人都是不耐的子,住酒店的大概都是地人士,教一些地的是的,度真是不好;另外,居然有忙打的服.....;房及其他施,算是可以.","test","6292","chnsenticorp-6292"
"chnsenticorp-7625","0","很一般，位置超烂，设施很旧，我2号住的，花了我500大洋，心疼ing","test","7625","chnsenticorp-7625"
"chnsenticorp-7651","0","房间靠近马路，太吵了，一晚上听车子声音听到天亮，早上Checkout速度比较慢","test","7651","chnsenticorp-7651"
"chnsenticorp-5490","0","本来在定单上清楚注明要有电脑可上网的套房,结果入住时酒说没有一间套房但是不能上网.之后给调到了普通套房,感觉很差劲.房间卫生很差,竟然没有换床品,,有黑印和黄斑,服务员解释说换了是洗不掉,简直让人难以理解.毛巾也黑乎乎的,一直没敢用,厕所有很浓的味道.","test","5490","chnsenticorp-5490"
"chnsenticorp-6070","0","房间太脏,竟然没有热水,本楼服务员说锅炉坏了修理不了,.我要求换房间,既然回答说全部三个楼都没有热水,明显骗人!还说没有空房间了.我说那我搬走不住了,明确告诉那两个自作聪","test","6070","chnsenticorp-6070"
"chnsenticorp-6147","0","怎么说呢......这也叫三星？比较象招待所，还有，井冈山的东西那可不是一般的贵！！！！！！","test","6147","chnsenticorp-6147"
"chnsenticorp-5935","0","装修前卫，但是绝对不够精致，甚至有低俗在里面，不耐看！包括大堂和房间，咋不注意，还以为进了装修档次不够的KTV。房间感觉脏兮兮的！性价比低！","test","5935","chnsenticorp-5935"
"chnsenticorp-5411","0","除了环境比较好，在云龙公园对面，酒店设施太旧了，价格高，性价比低，在这个天气，房间里竟然有好多蚊子，半夜被蚊子打扰几次","test","5411","chnsenticorp-5411"
"chnsenticorp-5680","0","实话实说，此酒店实在不行，428的套房居然只是一张大床和一张小床，再加个桌子，浴缸没有，热水要好几分钟才能出来，最寒碜的是早餐，早餐是两个馒头，一点点面条，一碗稀饭，我实在想不通凭啥收费这么贵？我把早餐都拍照存档，如果要你们可以实地考察！什么双早，忽悠人呢！","test","5680","chnsenticorp-5680"
"chnsenticorp-5728","0","这个酒店就是因为在国贸边上,所以价格很贵.因为离我们公司近,也就算了感觉和那种200块左右的酒店差别不大,就是地段,别的没什么好说的电梯还不好....","test","5728","chnsenticorp-5728"
"chnsenticorp-6623","0","环境不错，设施比较老。一般班。酒店前台的服务态度实在太差。","test","6623","chnsenticorp-6623"
"chnsenticorp-7384","0","酒店设施陈旧，服务员态度生硬，位置也较偏僻。","test","7384","chnsenticorp-7384"
"chnsenticorp-5527","0","迷你房还真是迷你啊……家具和墙纸都旧的不行，但还都齐全。虽然地方还满难找的，不过叫车倒是满方便的。房间隔音很差。总之，对不起这个价格，还不如去如家之类的。","test","5527","chnsenticorp-5527"
"chnsenticorp-6565","0","这个酒店有点慌的,下次不大会去住拉.呵呵","test","6565","chnsenticorp-6565"
"chnsenticorp-7112","0","酒店服务跟不上，我们1行6人入住花了半个小时在前台。其中一间晚上居然停电，半夜不得不折腾换房间。","test","7112","chnsenticorp-7112"
"chnsenticorp-6418","0","服务很一般房间还可以条件比较一般价格没竞争力","test","6418","chnsenticorp-6418"
"chnsenticorp-7578","0","优点：交通便利缺点：不符合我心中的四星1.酒店的泳池还不如比它小的酒店漂亮。2.在三亚湾又不是亚龙湾，这个价位没有优势，得不到相应的要求。3.与之前的评价不符，a距离春圆海鲜广场没那么近．b楼下的金凤凰广场也没有想的那么好．总之：下回不会在选择了，还不如花少钱住三亚湾的小型度假村或花同样的钱住环境好的亚龙湾","test","7578","chnsenticorp-7578"
"chnsenticorp-7748","0","该酒店卫生情况较差，特别是早晨6点多，我听到卫生间有两只老鼠在嘶叫，感觉特别差，硬件设施与价格不符，失望，太令人失望","test","7748","chnsenticorp-7748"
"chnsenticorp-5396","0","地段马马乎乎。但这个楼本来就像写字楼一样，大部分都是人家办公的地方，少部分楼层是客房。房间不大，设施也有点旧的样子，早餐更是残不目睹。我真的觉得他能评上3星是奇迹","test","5396","chnsenticorp-5396"
"chnsenticorp-7559","0","差，房间怎么样我不清楚。是给客人订的，一月份的天气，听客人说居然没有暖气供应。好像是说入住的人少了，暖气给关掉了，怎么有这样的宾馆。","test","7559","chnsenticorp-7559"
"chnsenticorp-6950","0","酒店位置在火车站对面，汽车客运站就在附近。但早餐很差，而且房间比较旧，酒店为了省电，连走廊的电灯都经常关掉，出入不方便，不适合商务会客。","test","6950","chnsenticorp-6950"
"chnsenticorp-5325","0","服务态度极其差，前台接待好象没有受过培训，连基本的礼貌都不懂，竟然同时接待几个客人；大堂副理更差，跟客人辩解个没完，要总经理的电话投诉竟然都不敢给。要是没有作什么亏心事情，跟本不用这么怕。","test","5325","chnsenticorp-5325"
"chnsenticorp-1814","1","住的是大床房,但是房间小的可怜,设施还行,楼下的路上小摊很多,都挺好吃的.酒店楼下是手机卖场,一大早就很吵,楼层高点话还可以忍受.","train","1814","chnsenticorp-1814"
"chnsenticorp-1801","1","前两天去上海住在古北湾酒店。对酒店的服务感觉还可以。早餐也不错。房间设施稍微有点陈旧。不过对于短期出差来说还是比较合适的。酒店离虹桥机场很近，在国内转飞机的话有利用价值。离市区就比较远。总的来说根据出差目的和地方，古北湾是值得考虑使用的酒店。","train","1801","chnsenticorp-1801"
"chnsenticorp-2417","1","很安静,但隔音不好,早上旅客退房很吵.房间设施有些陈旧.但如果是平日入住,性价比还算合理.韶关有很多酒店,携程提供的太少","train","2417","chnsenticorp-2417"
"chnsenticorp-3850","1","没有行李员、淋浴房的门不挡水、水温忽冷忽热、马桶不够干净、早餐没什么吃的、前台服务算不清帐、不专业。","train","3850","chnsenticorp-3850"
"chnsenticorp-1982","1","服务一般，环境还可以，位置相对偏僻一些，商务中心的刀子奇快无比。","train","1982","chnsenticorp-1982"
"chnsenticorp-958","1","服务很好，房间比较温馨，还有篮球场，可惜玩的人比较少，比较安静，适合休息。","train","958","chnsenticorp-958"
"chnsenticorp-1704","1","地很近北站,打的不跳.服很好,尤其是前台和bellboy.大床房床","train","1704","chnsenticorp-1704"
"chnsenticorp-1074","1","大堂没有其它酒店那么华丽，但房间还不错，而且交通比较便利．","train","1074","chnsenticorp-1074"
"chnsenticorp-3100","1","是一个别墅式的温泉，非常清静，服务也不错，性价比较高。就是交通有点不便，同时一定不要选一楼的房间，因为潮湿有一股很浓的味道。如果是单独旅游，最好的办法是包一辆出租车，一天才150元，还可以请司机介绍景点，上次我请了一个出租车，人不错，我介绍一下大家认识：李志宁13988505869","train","3100","chnsenticorp-3100"
"chnsenticorp-4591","1","酒店挺大，也很有特色。主要是位置好。离洋人街很近。可是酒店房间不能上网，比较郁闷。价格一般。","train","4591","chnsenticorp-4591"
"chnsenticorp-4987","1","房间颜色很清爽，风景也不错，早餐算是比较有闽南特色的，总的来说不错！","train","4987","chnsenticorp-4987"
"chnsenticorp-5231","1","酒店设备不错，也干净，但离地铁站还是有一段距离，要穿过好几个小商场，没什么路标指示，还是要问一下人。但这样的价钱，性价比算不错了。而且用港币付款，兑成人民币很划算。","train","5231","chnsenticorp-5231"
"chnsenticorp-2024","1","酒店临街，但还是建议住临街的房间，因为酒店后面有中央空调，噪音也不小，威海到了晚上11点之前基本马路上车就不多了，所以临街的房间反而要安静点。服务不错，很热情。酒店位置也还好，就在市中心。今后去威海可以考虑再住。","train","2024","chnsenticorp-2024"
"chnsenticorp-2390","1","山西万狮京华（维景国际）大酒店服务好，酒店环境很好．下次我还会光顾．相信我没错！！","train","2390","chnsenticorp-2390"
"chnsenticorp-2291","1","房间可以免费打长途很好.离西湖也不是很近.门口有直达公交去钱塘江和六和塔.还有一个小饭店,有杭州本地菜肴.宾馆反馈2008年5月7日：尊敬的宾客,感谢您的点评.酒店距离西湖200米,步行大约5分钟,欢迎您能再次光临!","train","2291","chnsenticorp-2291"
"chnsenticorp-2240","1","惊喜,没想到不到100美金可以有这么好的酒店,地理位置\房间\服务\早餐都很好很好!","train","2240","chnsenticorp-2240"
"chnsenticorp-3349","1","到前台发现酒店的广告是数码房间，原来我们订的房间有IPTV，有电脑，有VOD，所以很骄傲的说是数码房间，觉得好玩。服务态度好，但却一问三不知，没有宵夜，却有中药泡脚的骚扰电话。总体还是满意的。","train","3349","chnsenticorp-3349"
"chnsenticorp-3588","1","订的是厦门宾馆的5号楼，很安静，房间很干净、宽敞、舒适，服务也很不错。宾馆的地理位置很方便，到厦大、轮渡都只要起步费，而且宾馆本身是花园宾馆，也很漂亮。还有，送的双早也很不错。总之，非常喜欢的宾馆，下次去厦门一定还会住的。","train","3588","chnsenticorp-3588"
"chnsenticorp-888","1","酒店的环境不错，属于闹中取静。但是房间有点小，早餐太贵了，品种也不多。不过交通还算方便，离地铁不远。","train","888","chnsenticorp-888"
"chnsenticorp-70","1","住过好多次这家酒店了，上次来到前台，服务员能准确的报出我的名字，感觉很亲切。四星级就是不一样。而且当天服务员还给我安排了一间商务单间，房间很新，比我订的要好价格没变。说是酒店搞活动，像我们这样的商务客人都有机会享受，不错。","train","70","chnsenticorp-70"
"chnsenticorp-1077","1","房间早餐都还不错，和价格成正比。也比较安静，大概就这样吧","train","1077","chnsenticorp-1077"
"chnsenticorp-4853","1","地处中街商业圈，交通方便，但房间所有开关按钮无标示，刚入住有些不适应。另外房间设施相对略现陈旧。","train","4853","chnsenticorp-4853"
"chnsenticorp-4766","1","我和朋友入住的是三居标准家庭套房,黄金周入住740元,我认为很值得,现在平时只要400多,我推荐大家如果人多可入住这家酒店的三居家庭房!!.","train","4766","chnsenticorp-4766"
"chnsenticorp-1747","1","三星级酒店，烟草公司投资的，但开业早，装修有些旧，房间比较大，但自觉不如如家等舒适。本来也没准备住星级酒店，但查携程未看到商务酒店。实际上我在商业区看到一家晋江之星，不知为什么携程没有。","train","1747","chnsenticorp-1747"
"chnsenticorp-3812","1","客房楼的外观看起来很旧,但是房间还不错,很干净,设施也比较新,总的来说,性价比不错.免费注册网站导航宾馆索引服务说明关于携程诚聘英才代理合作广告业务联系我们Copyright1999-2008,ctrip.com.allrightsreserved.","train","3812","chnsenticorp-3812"
"chnsenticorp-2398","1","环境还是挺不错的，工作人员也比较热情，晚上保安巡逻发现窗户没关还电话提醒我们，赞一个！早餐略显一般！酒店门口就是峨眉特色小吃！离旅游车站非常近，线路方便！房间设施虽达不到四星的标准，但在景区也还不错了。可以推荐！","train","2398","chnsenticorp-2398"
"chnsenticorp-142","1","宽带上网速度挺快，酒店一楼的烧烤不错。酒店整体性价比可以，去酒吧一条街打车10元","train","142","chnsenticorp-142"
"chnsenticorp-3275","1","花园式酒店，卫生情况还可以，房间配置一般；周边环境比较热闹，闹中取静。夜间有骚扰电话，不好","train","3275","chnsenticorp-3275"
"chnsenticorp-1020","1","交通方便，餐厅饭菜不错，只是较小，忙时要预定。价格合理，下次还住这里！补充点评2008年4月11日：刷卡时国内卡刷不出来，到是国外的卡刷出来了。奇怪！","train","1020","chnsenticorp-1020"
"chnsenticorp-5037","1","环境确实不错，不过普通标间实在是不能住，被子潮得像能拧出水，豪华标间就要好很多了。前台很朴素，相对于整个山庄的占地，显得太迷你了。门童小弟还是颇为勤快的。","train","5037","chnsenticorp-5037"
"chnsenticorp-2631","1","房间干净，洗澡水不错，服务挺热情，房价不高。环境不太好，周围比较脏。京沈高速上就有指示标志，容易找。停车方便。没车最好别去。","train","2631","chnsenticorp-2631"
"chnsenticorp-870","1","这次我入住的是该酒店的旧楼,总体感觉还可以,就是装修太旧了.酒店的位置不错,出门过马路就是华强北步行街,逛街方便.我入住的那天酒店生意清淡,可以看出跟深圳同类酒店相比,该酒店已经落伍了.","train","870","chnsenticorp-870"
"chnsenticorp-1274","1","装修很新，设施很全，条件不错。服务人员秉承了北京人的“范儿”，属于“高傲不热情”那种，很难对“服务”本身评价一声“满意”。不过10层的清洗大嫂到是满不错的，很热心的询问是否做房间清洁……","train","1274","chnsenticorp-1274"
"chnsenticorp-1402","1","第一次老定酒店，老反映不","train","1402","chnsenticorp-1402"
"chnsenticorp-2926","1","感觉也不算５星，还不如协议的好呢．看来只有我们协议稍微满意点","train","2926","chnsenticorp-2926"
"chnsenticorp-1063","1","不错，下次还考虑入住。交通也方便，在餐厅吃的也不错。","train","1063","chnsenticorp-1063"
"chnsenticorp-628","1","虽然我住的是豪华房，但是房间的设施还是显得有些陈旧。早点并不是非常的丰富，不过我想对于在四星饭店里的50元钱的早点，可能是我要求过高了。不过这个酒店的门脸可这是够背的。藏在了一个小胡同里面。不过还好出租车司机都知道。","train","628","chnsenticorp-628"
"chnsenticorp-2657","1","客人很满意,我们也推荐其他同事入住.性价比好.交通方便,离火车站就5分钟路程","train","2657","chnsenticorp-2657"
"chnsenticorp-5040","1","走出武夷山的客房犹如进入了景区，晨雾缭绕，空气清新。酒店区位的确是武夷山独一无二的。我住的是5号楼（普通标房）房间是旧了点但够干净哦。很有特色的水帘餐厅就在楼下，边享用美食边观赏落地窗外的巨大水幕，别有情趣哦，我连着两晚都在那里用餐，不错不错！","train","5040","chnsenticorp-5040"
"chnsenticorp-4610","1","个人感觉性价比不是很高，与房价相比，服务的质量显然不到位。离店时开发票，服务员竟告知用完了。不适合商旅出行，居家旅游倒是还可以，可以做饭、烫衣服，还有洗衣机，酒店挺干净，设施也比较齐全。","train","4610","chnsenticorp-4610"
"chnsenticorp-4902","1","典型的客家山水度假地，就如山庄形象代表--餐厅服务员阿婷身上透谢着客家人和物的自信,开朗，纯真,朴实和美丽。元旦两夜三日三次登上越王山顶，流连忘返，感受超值。建议游客登山带上手袜，山庄在山径多提示不要丢杂物垃圾和注意钢丝头处的安全保护.","train","4902","chnsenticorp-4902"
"chnsenticorp-3186","1","一般，没有特别的独到之处。价格方面也没有太多的优惠，反正总体来说，就是一般一般啦","train","3186","chnsenticorp-3186"
"chnsenticorp-170","1","朋友对该酒店的评价比较满意，就是交通非常拥堵。每次进出都要花费很长的时间。","train","170","chnsenticorp-170"
"chnsenticorp-2245","1","如果作为四星级的话，可以打70分吧。交通还是挺便利的。早餐也不错：）宾馆反馈2008年7月9日：欣喜地知会：2007年9月，广州天伦万怡大酒店顺利通过国家旅游局饭店星级评定委员会星级评定，荣膺五星级饭店。感谢阁下对我店早餐的赞赏，我们会保持好的出品，不断创新。","train","2245","chnsenticorp-2245"
"chnsenticorp-687","1","非常好的酒店，四星的标准完全超值的享受，服务非常好","train","687","chnsenticorp-687"
"chnsenticorp-4062","1","说真的房间的设施和质量只当内地的3星水平不到不过还是很清静早餐是免费的靠近金沙要走7-8分钟到新葡京要走20分钟总体来说还算OK我想这大概就是澳门比较老的酒店了比起其他大的酒店价格上还是有竞争力的","train","4062","chnsenticorp-4062"
"chnsenticorp-3719","1","总体感觉不错呢，房间干净整洁，性价比高。美中不足就是打扫时间长了点儿哦","train","3719","chnsenticorp-3719"
"chnsenticorp-2000","1","这家酒店外表并不怎么起眼，但内部不错，服务业比较到位，对于讲究实惠的客人是很好的选择（除非很要表面好看的人）。值得下次再去住！","train","2000","chnsenticorp-2000"
"chnsenticorp-2437","1","去年11月去北京，前门店没房间了，订了菜市口，很不错，干净，服务态度很好，有问必答，餐厅总体来说还可以，楼下的涮肉很不错。","train","2437","chnsenticorp-2437"
"chnsenticorp-485","1","房间大小合适，装修比较旧。周边环境较好，离白鹭洲很近，步行只要几分钟，晚上散步不错。泳池是室外的，更衣室设施一般。房间的烟味较大。","train","485","chnsenticorp-485"
"chnsenticorp-3077","1","晚餐是房间叫餐的,价格不贵,速度也较快.房间很大,床也大,感觉不错.","train","3077","chnsenticorp-3077"
"chnsenticorp-2459","1","地理位置还是比较好的，附近有家乐福、太平洋等购物中心。房间还可以，不错","train","2459","chnsenticorp-2459"
"chnsenticorp-3936","1","门童好像不错,其他不记得了晚上睡得还可以","train","3936","chnsenticorp-3936"
"chnsenticorp-1639","1","酒店地理位置很好，对面就是石家庄最好的商店――先天下。贵宾楼层客房冰箱里的软饮是免费的，还可以享受酒店欢乐时光免费茶点和酒吧优惠等等。总之是物有所值的五星酒店：）","train","1639","chnsenticorp-1639"
"chnsenticorp-4723","1","这家酒店其实在中国银行另一面,不要按地址寻访,问当地人也大都说不清,不如问中国银行大厦在哪,就好找多了.还有酒店早餐太差又贵.","train","4723","chnsenticorp-4723"
"chnsenticorp-1675","1","酒店的硬软件都还好。每次预定房间时我都要求要无烟房/无烟层，但是每次到酒店check-in的时候都说没了，因为在住的客人延期不退房了。每次都那么巧？？？","train","1675","chnsenticorp-1675"
"chnsenticorp-4644","1","公寓不错,房间比较舒服,布置合理.就是现在价格高了.","train","4644","chnsenticorp-4644"
"chnsenticorp-4861","1","我们入住的三人间房间很大，床也很大，设施很好。餐厅是自助餐，28元一位，感觉还不错。宾馆的院子里还有一个运动场，有健身器材，晚饭后在那里散散步，很惬意。","train","4861","chnsenticorp-4861"
"chnsenticorp-2081","1","合庆的商务单间可以堪称豪华,设施特别先进，特别是少有的先进马桶,很少酒店有这样的装备.价格也可以接受","train","2081","chnsenticorp-2081"
"chnsenticorp-2216","1","酒店服务很好，环境幽雅，很地道，比当地同级的康年","train","2216","chnsenticorp-2216"
"chnsenticorp-5140","1","相对价钱,酒店真的不错,交通方便,干净整洁,","train","5140","chnsenticorp-5140"
"chnsenticorp-3441","1","酒店所处位置还可以,东营也就那么大,周围商店比较少,服务不错","train","3441","chnsenticorp-3441"
"chnsenticorp-2749","1","酒店本来就是超5星的硬件配置的,2001-2006都住过,价格降了不少!位置太偏是致命的问","train","2749","chnsenticorp-2749"
"chnsenticorp-2108","1","每次去济南我都会住在山东大厦.酒店设施周到完善,服务员服务到位,很多细节上凸显了酒店的人性化考虑,总之,非常满意!","train","2108","chnsenticorp-2108"
"chnsenticorp-254","1","早餐还可以，房间一般，不过隔音效果很好，虽然对则一条大马路，但是根本听不到什么嘲音","train","254","chnsenticorp-254"
"chnsenticorp-4184","1","还不错,来过石狮这么多回,就这家有档次,客房特别舒适,价格合理,物有所值,菜很好吃,就店很热闹,我在旁边办事方便","train","4184","chnsenticorp-4184"
"chnsenticorp-4159","1","1.服务非常好，这次是第二次来，发现加送了苹果，报纸，还有大堂会打电话询问入住情况，服务生也很主动热情。2.离火车站和民航大厦近，第一次来就是看中了去坐机场巴士很近，处在旧市区的繁华路段，就餐购物等都方便。","train","4159","chnsenticorp-4159"
"chnsenticorp-1619","1","洗澡很麻烦,房间的热水很难调得合适,要么冷要么热得无法伸手,问我通行的朋友,我一起住的五个人都遇到如此的问题.早餐很差!服务员态度还可以.宾馆反馈2007年12月28日：首先，十分感谢朋友们对我店的大力支持！对于以上两位客人所提冷热水交换所出现的问","train","1619","chnsenticorp-1619"
"chnsenticorp-4528","1","交通很方便,就是酒店地处居民区中,不是一眼就能找到.订的大床房,床超大,酒店服务也不错.出门周围有些商店及小吃街可以逛逛.","train","4528","chnsenticorp-4528"
"chnsenticorp-3802","1","由于酒店距火车站近，所以出租车不愿去，但这是长沙出租车主管部门的问题，和酒店无关，后来火车站广场上一位交通协管员叫我们坐1路公交车，3站路就到了，只要1元钱，很方便又便宜。房间很干净，还免费送水果，下次有机会还住这个酒店。","train","3802","chnsenticorp-3802"
"chnsenticorp-3722","1","酒店大门正对一个十字路口,还算比较好找.大厅中规中矩,大床房内部装修和服务都感觉一般.晚上会有电话骚扰,如果要赶虹桥机场的航班,此酒店还算不错的.","train","3722","chnsenticorp-3722"
"chnsenticorp-127","1","在副楼的房间有老旧了些,实有必要再整修了,尤其在地毯部份,不然整体上是不错的的.在早餐的服务上还是可以的,仍有著水准.","train","127","chnsenticorp-127"
"chnsenticorp-3394","1","房间太小,早餐简单,虽然是豪华套房,性价比相差太远,但是地段还不错,逛街比较方便,服务也一般,掉了个充电器在房间,叫总台寄过来到付,居然还不愿意","train","3394","chnsenticorp-3394"
"chnsenticorp-4157","1","住过几次了，谈点儿意见：1.交通方便；2.房间够干净；3.有报纸看；4.窗帘拉不严，住过的房间都这样；5.早晨8：00不到，服务员就来按门铃、敲门，问有没有脏衣服要洗；6.服务员有时在楼道里大声聊天。","train","4157","chnsenticorp-4157"
"chnsenticorp-4454","1","对本酒店的服务，环境，及房间等设施感觉非常满意并感觉物有所值。下次一定再来。","train","4454","chnsenticorp-4454"
"chnsenticorp-1682","1","前台服务较好，对于未按照预订时间到达的客户，还能够保留预订，但是沟通技巧不是很好，上次住时没有用携程的预订，感到服务很好，所以这次用携程预订，但是感到两次服务不一样了。","train","1682","chnsenticorp-1682"
"chnsenticorp-4182","1","第二次来石狮出差，经石狮客户及网络推荐入住五洲，总体感觉还是挺温馨的，服务员很礼貌，管理很到位，只是有一样不太好，晚上六点钟之后订不到中餐包厢，真是美中不足。","train","4182","chnsenticorp-4182"
"chnsenticorp-13","1","早餐很丰富，服务也热情，早上很早退房时，前台值此人员办理手续也非常快．","train","13","chnsenticorp-13"
"chnsenticorp-4094","1","房间舒适，环境不错，离火车站近，夜晚还是很安静的，很满意！","train","4094","chnsenticorp-4094"
"chnsenticorp-3369","1","房间感觉一般，没有很好，但也谈不上差。我是因为那里离开目的地近所以选的","train","3369","chnsenticorp-3369"
"chnsenticorp-1948","1","酒店总体不错，应该是张家港最好的酒店。但有二个问题。1。浴缸是椭圆的，设计上有问题，洗完淋浴，地上水漫金山。2。不能上VPN，给工作带来极大不便，最后只能用拨号上网来上VPN。","train","1948","chnsenticorp-1948"
"chnsenticorp-3768","1","是个环境不错的地方,离古城入口也比较近,入住的寿苑比较安静也很干净.不足的是楼上的脚步声能听得见,隔音不是很好.","train","3768","chnsenticorp-3768"
"chnsenticorp-5098","1","我订的260的房间，还算不错了，住了两晚。是以前政府的接待宾馆，有点老，但是还算可以的，各方面都差不多，不算差，但也不是很好。我感觉床还是比较舒服的。宾馆周围比较繁华，应该是商业区。","train","5098","chnsenticorp-5098"
"chnsenticorp-2122","1","拖鞋不错哦，很舒服，颜色也不错，大床很舒服，软硬适中，房间温度也好，在大东区地点稍偏，不过不远处有大小什街，都是吃的，特别一家狗肉馆，不错不错！在五星里面，价格算较低的了，下次还想住那里","train","2122","chnsenticorp-2122"
"chnsenticorp-922","1","08.2.9入住该酒店,我觉得酒店其他方面都很好,唯一欠缺的是气派的大堂总是充满了油烟味.","train","922","chnsenticorp-922"
"chnsenticorp-779","1","在该区是最好的酒店，但离市区的酒店有一些差距。","train","779","chnsenticorp-779"
"chnsenticorp-2893","1","我住的商务大床房,房号607的那间洗澡后厕所会积水,好几次差点摔倒","train","2893","chnsenticorp-2893"
"chnsenticorp-5159","1","房间很干净，设施还行，家具稍微有些旧。商务间的楼层前台不错，不过清洁工很一般，住的时间比较长，好几次都没有放新拖鞋。不过4星里他家的价位算是比较低的了。","train","5159","chnsenticorp-5159"
"chnsenticorp-2575","1","房间干净,春节期间泳池水很清.客房服务生态度很好.但前台接待人员须提高素质.结帐后不能及时对信用卡担保进行解除.","train","2575","chnsenticorp-2575"
"chnsenticorp-4928","1","非常喜欢酒店的服务，我第一次来提了好多意见，比如开夜床没有点心，等等，结果第二天客房就送来点心了。非常感动。第二次入住时，前台竟然认出我来，说欢迎我入住。感到很温馨。很喜欢这家酒店。前台的笑容很真诚。","train","4928","chnsenticorp-4928"
"chnsenticorp-3076","1","去年无意中帮朋友预定过一次这个酒店，后来朋友每次来都要我预定这个酒店，我自己住过一次，也觉得感觉还不错，出行也很方便。","train","3076","chnsenticorp-3076"
"chnsenticorp-95","1","入住的是度假区的豪华海景房,前台给了5楼(最高6楼),然后差不多100%的海景,虽然是挂牌5星的,但是本人觉得是4星的标准,和我后来入住的5星喜来登差了蛮多的,不过整体来说还是符合他家的价钱的.","train","95","chnsenticorp-95"
"chnsenticorp-3517","1","在莱西这个地方真的算是不错的酒店了。酒店临河，不在闹市区，环境好。晚上酒店里有唱歌的，不过也不会唱到很晚，11点左右就差不多了。","train","3517","chnsenticorp-3517"
"chnsenticorp-4815","1","非常好，外面看上去不怎么样，一进里面真的很好啊，住的很舒服，下次去还要住。","train","4815","chnsenticorp-4815"
"chnsenticorp-3192","1","酒店服务员都很温柔亲切你有不满意的地方向他们提出都会尽量响应所有房间的风景都非常优美但是房间的隔音效果实在不行豪华套间虽然好一点但是上下楼层之间的隔音还是个不小问题","train","3192","chnsenticorp-3192"
"chnsenticorp-4334","1","地理位置极好，性价比很高。虽然房间稍旧，但也算三星强了，能抵上一些四星的宾馆了。","train","4334","chnsenticorp-4334"
"chnsenticorp-4597","1","大床房房间很好,住的很舒服;卫浴设备比较新不错,达到了三星标准;早餐不算太丰富,最好的就是很安静.周遍是最繁华的解放路和鼓楼等,方便出行.房间的宽带极","train","4597","chnsenticorp-4597"
"chnsenticorp-3512","1","服务还好，早餐不错，酒店位置不错，值得推荐","train","3512","chnsenticorp-3512"
"chnsenticorp-169","1","定的商务大床房，房间偏小了，不过经济性酒店也就这样；环境一般，周围感觉蛮乱的，不过旁边有个易初莲花超市，买东西很方便；服务相对另2个经济型酒店算最好","train","169","chnsenticorp-169"
"chnsenticorp-3440","1","硬件设施不错，还有赠送的水果，早餐比较丰富，不足的是隔音效果差，晚上能清楚地听见隔壁的谈话声及嘿咻声~~","train","3440","chnsenticorp-3440"
"chnsenticorp-886","1","安亭路是很小的一条马路，酒店也算是闹中取静了，花园洋房非常有特色。","train","886","chnsenticorp-886"
"chnsenticorp-3908","1","地理位置非常优越,机场大巴\地铁和公车几乎就在门口,但靠街的房间晚上可能会有点吵.","train","3908","chnsenticorp-3908"
"chnsenticorp-2138","1","房间干净舒适，是出差、旅游度假的理想之选。服务业很不错。","train","2138","chnsenticorp-2138"
"chnsenticorp-3436","1","东营最好的酒店了吧，各方面都比较不错，只是空调有些问题，关掉了房间还是很冷，不知道什么原因。东营的城市环境一般吧，否则真是比较完美了。","train","3436","chnsenticorp-3436"
"chnsenticorp-176","1","帮同事订的，以下是他给我反馈：ItwasexcellentandIcanrecommendittoanyoneelsetostaythere.Myroomwasonthetopfloor,the8thfloorandverynice.Suggestalwaysaskforthe8thfloor,eventhoughIdidnotseetheotherfloors.","train","176","chnsenticorp-176"
"chnsenticorp-2661","1","大概初六、初七的时候入住，酒店大堂很漂亮，预定的高级间，中午到酒店直接入住，房间干净整洁，床很小一大一小睡一张很不舒服，但入住第二天有水果赠送","train","2661","chnsenticorp-2661"
"chnsenticorp-3788","1","安全周到早餐也越做越好所以连续住过几次都不想更换别的酒店价格也适中","train","3788","chnsenticorp-3788"
"chnsenticorp-1061","1","设施陈旧，衣柜的推拉门是坏的，电视机较小，碰巧酒店在对有线电视网路整改，所以只能收到4，5个频道，晕！房间隔音效果很差。优点是交通还算方便，到金街步行大约15分钟就到了。","train","1061","chnsenticorp-1061"
"chnsenticorp-351","1","这次春节去金华玩在国贸住了一天，总体感觉是很不错的，宾馆的硬件和服务都很好。就是住宿停车要收费的，虽然收费不高，但是感觉别扭，这个好象是金华宾馆的通病。还有，早餐是88元的，好象是偏高了，并不值。","train","351","chnsenticorp-351"
"chnsenticorp-3078","1","很喜欢这个酒店。服务员都很热情。酒店的外观比较一般，但是房间里面还是不错的，很大很干净，房间里摆放了很多零食用品还有价格单，挺周到的。浴室的热水好像太热了一点，不太容易调冷。就这一个缺点吧。价格还算公道。不错！","train","3078","chnsenticorp-3078"
"chnsenticorp-1107","1","酒店不好找,里面的环境还可以,打车不方便.","train","1107","chnsenticorp-1107"
"chnsenticorp-5032","1","非常好,每次来北京都会住那里,价钱好,地理位置好,一切都不错~!!!","train","5032","chnsenticorp-5032"
"chnsenticorp-255","1","听说是柳州最好的饭店了,原来是市政府的招待所.靠近一条河,景观不错.出行交通也还可以.房间没有留下什么特别深的印象,但是觉得底楼中餐厅的服务员态度特别好,勤快,亲切,吃顿饭送了好几次热毛巾.","train","255","chnsenticorp-255"
"chnsenticorp-4352","1","该酒店位于新宁广场旁,交通购物都很方便.房间干净整洁.酒店的服务比其他大城市的四星酒店要差一些.首先我入住时在13:30左右服务台只有1位服务员忙的不亦乐乎,等了10分种左右才入住.房间的迷你吧台空空,四星酒店应有免费瓶装水.希望酒店加强服务.","train","4352","chnsenticorp-4352"
"chnsenticorp-145","1","物超所值,此次我们是订的三个房间。感慨中西部的服务有时比发达地区好多了。宾馆反馈2008年8月8日：感谢您的入住，并期待您再次光临。","train","145","chnsenticorp-145"
"chnsenticorp-2637","1","酒店比较旧，服务还可以，附近也没什么宾馆了。","train","2637","chnsenticorp-2637"
"chnsenticorp-3059","1","酒店设施不错，服务很好。但是交通不方便，出租车不好找。去朱家角要计双程。且酒店没有什么娱乐设施。晚上比较无聊。酒店靠近东方绿洲2号口。2号口里有出租自行车的地方，强烈建议不要去那里租车。车子很破，服务很差。且4：30就关门。过点就没办法还车，押金就算买它的破车！？可以到1号口或者在酒店里面租车。","train","3059","chnsenticorp-3059"
"chnsenticorp-4577","1","如果订的是豪华房就会非常不错,空间非常宽敞,而且临街的房子采光很好,感觉很不错.网速似乎有些慢,热水也有些凉.总体还是不错的!","train","4577","chnsenticorp-4577"
"chnsenticorp-3777","1","这次订的是无窗的房间，房间很大，就是没有窗户，没有风景，不过住的时候就是睡觉无所谓了，感觉算超值的","train","3777","chnsenticorp-3777"
"chnsenticorp-4668","1","虽然该酒店确实是当地（大角湾）最好的酒店，设施应该算刚刚达到四星标准了，但是服务就有点名不符实了，顶多达到三星（主要是指有些服务无法提供，能提供的服务倒是不错）。而最不满意的是靠沙滩为卖点的酒店，竟然无法直接进入沙滩，使我们对酒店的印象大打折扣。","train","4668","chnsenticorp-4668"
"chnsenticorp-1636","1","很不错的酒店，当地最好的，豪华房可在24层办理入住","train","1636","chnsenticorp-1636"
"chnsenticorp-830","1","我住的是商务标，房间不错，很干净，服务也好！下回还会住。。。","train","830","chnsenticorp-830"
"chnsenticorp-99","1","酒店的基本设施一般，但服务态度确实很不错，房间8楼以下就是新装修的，8楼的房间就比较成旧，洗澡有单独的整体浴室，水比较大空调的风也很足，这个宾馆好像是属于海军的南海舰队，地理位置也很好，靠近省委火车站，离黄兴步行街也就三站地，值得入住","train","99","chnsenticorp-99"
"chnsenticorp-2457","1","房间挺好，但是内部的电视太陈旧，紧靠马路非常吵人，玻璃也不是双层的，但是吃饭很方便，就在背后有一条街都是","train","2457","chnsenticorp-2457"
"chnsenticorp-2629","1","该酒店比较干净，环境也不错，就是房间比较少，当我第二次再预定的时候，就已经没房间了。","train","2629","chnsenticorp-2629"
"chnsenticorp-1998","1","房间不错很干净,交通便利,旁边有大型超市,没有特别服务,价格偏高","train","1998","chnsenticorp-1998"
"chnsenticorp-1992","1","不错的酒店，服务态度很好，环境好，满意。前台小姐漂亮，不错。建议选房间的时候尽量选靠里面的房间，免得早上有点儿闹（临街）。停车场要收费10元，非常不好！","train","1992","chnsenticorp-1992"
"chnsenticorp-4735","1","酒店位于深圳","train","4735","chnsenticorp-4735"
"chnsenticorp-5016","1","没什么说的了，第二次入住，很满意。房间整洁大气，服务规范热情，交通也很方便――离火车站和汽车站都是起步价多一点点。价格也便宜，咖啡吧可以提供商务套餐（虽然品种不怎么丰富，但是一个人吃也不讲究）。","train","5016","chnsenticorp-5016"
"chnsenticorp-2700","1","12/29-31住标准大床房，房价170元。今天住商务大床房，房价189元。房间是大一倍。要选这家酒店的话，一定要选商务大床房。只有贵19元/天，相差很大。","train","2700","chnsenticorp-2700"
"chnsenticorp-15","1","好像跟洪崖洞酒店一个公司的，所以房间的风格比较接近，就是小一些，整体来说比较不错，房间内食品都是免费，很实在。就是早餐实在不敢恭维，大堂环境比较差。整体来说不错，属于比较好的三星级酒店。","train","15","chnsenticorp-15"
"chnsenticorp-641","1","酒店位置不错，房间质量也很好，就是停车位少了一点，停车有点紧张。不过也可以理解，因为处于南京市市中心。","train","641","chnsenticorp-641"
"chnsenticorp-3835","1","再次入住，没有太多惊喜，也没有太多烦厌，平平常常，普普通通！","train","3835","chnsenticorp-3835"
"chnsenticorp-1968","1","在浦东地区的4星里面，性价比比较高，适合自费的商住人士。房间虽然较小，但床够大，睡眠较舒适。一般单人间性价比最高。","train","1968","chnsenticorp-1968"
"chnsenticorp-4155","1","距离市区比较远，房间还算干净，设施一般，但是对于这个价格，在天津还是不时很实惠的，早餐价格高，而且食物不好吃","train","4155","chnsenticorp-4155"
"chnsenticorp-2384","1","没有写字台，电视剧旁边那点空间太小，明明房间里有空间，为什么不放张写字台？","train","2384","chnsenticorp-2384"
"chnsenticorp-2752","1","环境还算可以,但收费的网络居然还不行,速度不但慢,且收费高","train","2752","chnsenticorp-2752"
"chnsenticorp-4110","1","到底是国际品牌酒店，服务很好。美中不足的是店门太小，不够气派。","train","4110","chnsenticorp-4110"
"chnsenticorp-2626","1","订的是标准间。房间设施本人认为4星稍微差点，服务4星没有问题。早餐也可以。就是地理位置偏一点，但秦皇岛不大，还可以忍受。","train","2626","chnsenticorp-2626"
"chnsenticorp-619","1","订家庭间入住的是虹口商务酒店,因为到达之后临时改订单,与前台小姐发生了点不愉快,但之后的客房服务以及入住房间的物超所值大大弥补了之前的不快,总的来说,很不错","train","619","chnsenticorp-619"
"chnsenticorp-3278","1","几乎每次都住，服务蛮好。只是，2月5日延住一晚怎么没积分呢？","train","3278","chnsenticorp-3278"
"chnsenticorp-3164","1","豪标与普标据说只是卫生间有点不同,但服务员都把豪标认作普标,你说是豪标她还说不是,而服务台说是,搞得不知道是不是给骗了.豪标淋浴头很大\水量也大\很舒服.房里没电脑,有网线接头也没用.","train","3164","chnsenticorp-3164"
"chnsenticorp-2532","1","环境比较旧，但是床单、毛巾都比较干净，前台服务态度良好。","train","2532","chnsenticorp-2532"
"chnsenticorp-1885","1","和名字很符合，快捷就是快捷，设施非常简单如果不是holidayinn的话，这个价格就贵的离谱了早餐丰盛选择它的原因是旁边有个火车票代售点对于坐火车的人很方便","train","1885","chnsenticorp-1885"
"chnsenticorp-3490","1","本人于10月20日入住该酒店，如下建议和意见仅供参考：1、建议入住面山的房间，该类型房间比较紧张，预定时提前告知。2、该酒店闹中取静，在市中心区，交通便利。3、三楼自助餐厅环境不错，可以在此享用中西式自助午餐；比较适意。4、房间内的小阳台同样让人感觉很棒！","train","3490","chnsenticorp-3490"
"chnsenticorp-4810","1","还不错，南充少有的几个环境不错的酒店了闹中取静的酒店，价格也合理，服务质量不错：）","train","4810","chnsenticorp-4810"
"chnsenticorp-1399","1","很安静,隔音设施不错.服务员态度很好,下次还会选这里","train","1399","chnsenticorp-1399"
"chnsenticorp-2169","1","我住的是4星的，不错！餐厅下班有点早，到9点就打烊！边上有个洗浴中心，不错！","train","2169","chnsenticorp-2169"
"chnsenticorp-4216","1","这是一个值得推荐的宾馆＃２楼标房仅280元确实是价廉物美，性价比很高，虽然卫生间小了一点。缺点是如果你带了很多行李就不方便了，我住的是＃２楼２层，实际上从大堂到房间要爬4层，还不算水平距离，好在还有服务生（这样的服务不给小费是不好意思的啦，仅管我没有付小费的习惯。）","train","4216","chnsenticorp-4216"
"chnsenticorp-1189","1","大连很不错的酒店了，不过差点和南山花园那个搞错0.0","train","1189","chnsenticorp-1189"
"chnsenticorp-23","1","沈阳市政府的酒店，比较大气，交通便利，出门往左就是北陵公园，环境好。","train","23","chnsenticorp-23"
"chnsenticorp-3972","1","房间比较干净，服务一般，交通还可以，就是门口的服务生差了一点，由于我们的车停在靠外一点，他看我们一下，也不管我们大包小包的，自己反而走开了。","train","3972","chnsenticorp-3972"
"chnsenticorp-45","1","不错的酒店，房间干净，安静（15楼）。客户请客就在酒店的包房吃的，味道很好。中式早餐略有不足，没什么可选，味道还可以。","train","45","chnsenticorp-45"
"chnsenticorp-822","1","离公司较近，所以选择了这家3星酒店餐饮价格很有竞争力，和普通饭店接近。免费注册网站导航宾馆索引服务说明关于携程诚聘英才代理合作广告业务联系我们Copyright1999-2008,ctrip.com.allrightsreserved.","train","822","chnsenticorp-822"
"chnsenticorp-143","1","整体感觉还不错，去商业街也比较方便。早餐总类还算丰富，就是煎鸡蛋的服务生态度还需改进，让他煎个鸡蛋也不应一声。","train","143","chnsenticorp-143"
"chnsenticorp-625","1","房间挺舒适，酒店整体设计和环境都不错。前台的服务也很热情","train","625","chnsenticorp-625"
"chnsenticorp-1488","1","大体感觉不错，环境也还好，离海边不远，只是附近没有什么超市，小卖部，餐馆一类的，不很繁华。离老龙头挺近的，走着就能到。","train","1488","chnsenticorp-1488"
"chnsenticorp-3419","1","5月14日入住了这家酒店，服务确实很好，前台会亲自带领客人到房间，并介绍房间设施，得知我自带电脑，立刻把网线从房间内电脑上拆下，放在桌旁待用。晚上六点后会送果盘和小礼物，那天是香蕉和小西红柿，两个毛绒公仔。房间相较其他济南同价位的酒店显得新，很干净，位置也很好！推荐！","train","3419","chnsenticorp-3419"
"chnsenticorp-927","1","很不错的酒店，物超所值。环境幽雅，设施完善，适合休闲度假。服务员训练有素，待人接物及介绍酒店相关信息非常专业。下次来苏州肯定会再次入住。美中不足的是所订的两间房有一间临街，凌晨车辆穿梭就很吵闹。","train","927","chnsenticorp-927"
"chnsenticorp-1768","1","房间很干净物超所值价格也蛮合理的还不错","train","1768","chnsenticorp-1768"
"chnsenticorp-1545","1","不错的地方,性价比较高,有机会还会住,呵呵.","train","1545","chnsenticorp-1545"
"chnsenticorp-3799","1","温泉很大，喜欢室外的部分，空气非常好，就是水温大都偏热。室内的品种也很多，不过价格还是偏贵的。离市区还是很远的，吃饭的选择不多。","train","3799","chnsenticorp-3799"
"chnsenticorp-4770","1","住的相当不错，非常满意，服务还需改进，特别是有房间的话要赶快打扫，别让顾客等，订间房几个小时还搞不出来吗？","train","4770","chnsenticorp-4770"
"chnsenticorp-3123","1","位置挺远的，到市区要好久早餐一般，可选择的余地小房间好，大，感觉还是很舒服的","train","3123","chnsenticorp-3123"
"chnsenticorp-1792","1","整个酒店的环境还是不错的,迎宾楼建的较早些,所以里面的设施有些旧,大概准四星级别,但是宜昌很漂亮,气侯非常舒服.","train","1792","chnsenticorp-1792"
"chnsenticorp-4071","1","房间非常大，卫生间也不错，入住很舒适。有个温水游泳池，免费的，不过要记住带泳帽去，当场买一个，很贵的。","train","4071","chnsenticorp-4071"
"chnsenticorp-2100","1","每次来厦门都住的地方。上次住是半年前，感觉最有特色的餐饮变差了很多，这次还是再住一次，发现又变好了。吃了一次68的自助晚餐，感觉很好，人也少，菜品很多，而且都是不错的菜。唯一的缺点是自酿的啤酒没有以前好了。下次还去住。","train","2100","chnsenticorp-2100"
"chnsenticorp-3010","1","很安静,无打扰,房间挺大,比较舒服,前如服务当然好了,热情得不得了,我看韩国文化气息很重,周围环境不错,走个十分钟去东山宾馆就可以到海边,但吃喝玩乐就比较远了,","train","3010","chnsenticorp-3010"
"chnsenticorp-1961","1","第二次入住。嗯，老实说，中规中矩吧，没有特别好，也没发现什么不好。补充点评2008年3月5日：对，电梯要查房卡才能使用，稍有点麻烦，不过酒店管理，可以理解","train","1961","chnsenticorp-1961"
"chnsenticorp-3224","1","住的是嘉士房,可以在房内泡泡温泉,还不错,","train","3224","chnsenticorp-3224"
"chnsenticorp-2261","1","宾馆虽然比较老，房间感觉还可以，服务很好，早餐品种少了点。打车起步价到海边。走路15分钟到好又多超市。在开发区里面出差住在这里很方便。","train","2261","chnsenticorp-2261"
"chnsenticorp-4166","1","据说是青岛最贵的酒店之一，房间很温馨，但卫生间感觉好像有些旧。其他都还好。","train","4166","chnsenticorp-4166"
"chnsenticorp-961","1","酒店里的工作人员很热情大方、每次走过，工作人员都会投上微笑并说您好，让人心情不错。","train","961","chnsenticorp-961"
"chnsenticorp-1098","1","价钱不便宜啊,不过确实很值得.房间香香的,对得起5星的价格.其余不多说了,哈哈","train","1098","chnsenticorp-1098"
"chnsenticorp-1053","1","不像宾馆,像政府招待所.我晚10点回酒店就没有餐饮供应了,打车很不方便,要步行3-5分钟才能到临街的马路,设施陈旧,结帐时的清单还要另外到商务中心打印,很耗时间.补充点评2007年3月11日：还要补充一点,早餐质量很差,品种极少,以中餐为主,服务员毫不专业,要煎蛋得到后厨做,人多时服务员就忘记了.","train","1053","chnsenticorp-1053"
"chnsenticorp-772","1","宾馆本身还是很不错的，餐厅的服务相当到位，就是宾馆位置不太好，周围不太好","train","772","chnsenticorp-772"
"chnsenticorp-396","1","环境优美，服务员热情大方，有一种宾至如归的感觉，下次去福州还住于山宾馆！！我到现在还忘不了那里的早餐@_@","train","396","chnsenticorp-396"
"chnsenticorp-790","1","不错的酒店，早餐也好，客房比较舒适，还是比较满意的一次预订宾馆反馈2008年8月8日：感谢您对本酒店的支持！我们将一如既往地保持5星级的餐饮和服务标准，欢迎您再次下榻，衷心祝您身体健康，工作顺利!","train","790","chnsenticorp-790"
"chnsenticorp-3177","1","刚刚经历了在丽江丽王酒店的痛苦经历，来到这里我被酒店的服务感动了，这才是真正的酒店，我觉得像回到家里一样。唯一的缺点是租车太贵了。","train","3177","chnsenticorp-3177"
"chnsenticorp-2254","1","早餐不错,挺丰富的.还提供免费接机服务,性价比高,交通很方便!","train","2254","chnsenticorp-2254"
"chnsenticorp-4291","1","酒店环境不错，挺安静的。服务也不错。推荐建德镇上的胖子新排挡，哪里的酸菜鱼不错","train","4291","chnsenticorp-4291"
"chnsenticorp-561","1","单人间的价格物超所值.早餐不错.服务也好,很人性化.呵呵,第一次碰到卫生间马桶里撒花瓣的宾馆.不过酒店的洗浴中心,美容美发都在装修中不能使用.预定时没有提到.","train","561","chnsenticorp-561"
"chnsenticorp-3523","1","入住的房间不可以开窗，空气流通欠满意，比较遗憾宾馆反馈2008年7月10日：首先因饭店房间安排造成您的不满表示歉意。同时我们会与携程及时沟通将您的要求录入到“饭店客史信息中”，在您下次入住时前台就可以根据客史信息直接给您安排可以开窗的房间了。河北世纪大饭店期待您的再次光临！","train","3523","chnsenticorp-3523"
"chnsenticorp-205","1","就在崇圣寺后面，酒店环境不错，但硬件设施比较陈旧。地理位置离景点近，但离市区较远，希望酒店能多为客人提供交通上的便利，比如多发班车之类的。","train","205","chnsenticorp-205"
"chnsenticorp-2892","1","洒店环镜和卫生都还可以，也较新。价格适中，但靠马路边，晚上有点吵，一大早就醒了。","train","2892","chnsenticorp-2892"
"chnsenticorp-5137","1","位于西环，地处香港老城区，门口有巴士及电车站，交通比较便利，酒店环境一般，但相对于390元的价位来说，还是比较划算的。","train","5137","chnsenticorp-5137"
"chnsenticorp-3002","1","观海木楼建筑别致,风景优美,环境幽静,绝佳的度假胜地,8628房间位置极好.只是每天不是24小时热水供应,很不方便.中餐厅的芒果螺(蒜蓉粉丝蒸)味道好极了!米饭又软又香!","train","3002","chnsenticorp-3002"
"chnsenticorp-96","1","酒店的设施和环境都不错的,就是周围没有什么集市和超市,在房间的阳台上就能看到一望无际的大海,真的心情非常的不错.唯一的就是每天的早餐都是一样的东西.离机场和市区也不是太远.(30元内都能搞定).","train","96","chnsenticorp-96"
"chnsenticorp-3759","1","环境尚可,房间也够大,但地毯较旧,够得上五星,但是酒店里的食街较贵","train","3759","chnsenticorp-3759"
"chnsenticorp-554","1","雨夜凌晨住进这家店,感觉上很难找,住的公寓楼也较难找,房间虽拥挤但功能也算完备,感觉酒店的机场接送服务很好,虽然一路上被数次颠醒!呵呵","train","554","chnsenticorp-554"
"chnsenticorp-3407","1","这家酒店感觉达不到五星，应该处在四星的水平。客房勉强还可以，但早餐做的不好，品种也少，跟同事住这里，基本上是吃了几口就走了。","train","3407","chnsenticorp-3407"
"chnsenticorp-1883","1","房间小，设施也不高档，服务可以，饮食不错","train","1883","chnsenticorp-1883"
"chnsenticorp-448","1","酒店有点旧，房间比较小，但酒店的位子不错，就在海边，可以直接去游泳。8楼的海景打开窗户就是海。如果想住在热闹的地带，这里不是一个很好的选择，不过威海城市真的比较小，打车还是相当便宜的。晚上酒店门口出租车比较少。","train","448","chnsenticorp-448"
"chnsenticorp-1118","1","观景大床房，住了2晚。酒店位置很好，距离虹桥机场只有不到10公里，出行、叫车都算方便。据说是人大培训用的酒店，三星标准。服务还可以，但是洗手间设施比较陈旧，淋浴间的下水不太通畅，毛巾也是很旧的样子。","train","1118","chnsenticorp-1118"
"chnsenticorp-1393","1","总体还可以，交通购物比较方便，设备在宜宾算是还可以了。早餐实在太差，去了3次，每次1周。。。去到第二次也就不能在那吃了。。。每天都一样，品种还那么少。。。恩，晚餐的套餐也就1种。。。","train","1393","chnsenticorp-1393"
"chnsenticorp-3577","1","入住8号楼81118房,服务人员态度很热情周到,房间整洁,早餐比较丰富.卫生间略显陈旧.","train","3577","chnsenticorp-3577"
"chnsenticorp-1252","1","酒店地理位置不错，房间布置还可以。电视滥了点。厕所不太通畅。房价偏贵。","train","1252","chnsenticorp-1252"
"chnsenticorp-1673","1","总体评价一般或者还行吧,只是性价比有些偏高,服务还行,尤其是大堂的大河旅行社,早餐相对丰富,豪华间不值,除了面积大些,个人而言不比普通间好在哪里","train","1673","chnsenticorp-1673"
"chnsenticorp-2106","1","窗外海风拂面,景色不错,房间有点小;不过博鳌没什么人气儿啊","train","2106","chnsenticorp-2106"
"chnsenticorp-3413","1","满意服务超出预料的好男友之前住过说看到评价服务可比香格里拉哈哈哈房间整洁连茶叶都放着四种不同口味的贴心细心下回来济南首选哟啦啦啦","train","3413","chnsenticorp-3413"
"chnsenticorp-296","1","入住金泉总体感觉不错，整洁干净，宽带上网特快，价格比较超值，附近有沃尔马的超市，交通非常便利，服务到位，下次还住。","train","296","chnsenticorp-296"
"chnsenticorp-4657","1","服务不错，性价比还可以。娱乐项目较多！房间不大。","train","4657","chnsenticorp-4657"
"chnsenticorp-4422","1","酒店整体不错，服务也可以，不过没有瓶装水送客人喝，哪里的水烧开了都感觉不能喝。送来的水果没吃完，第二天服务员就收走了，没有报纸，电视节目也不够多，希望能改进。","train","4422","chnsenticorp-4422"
"chnsenticorp-3865","1","住的是标准间B，酒店整体性价比较高（在上海），房间还比较新，干净整洁。离商圈不算远，离地铁站很近。服务人员很热情。房间大小也可以，个人觉得比经济型连锁酒店好，（如如家、7天、汉庭、莫泰168等）缺点是床不太好。另外不提供赠水。没有抽手纸。建议改正一下。","train","3865","chnsenticorp-3865"
"chnsenticorp-3358","1","很好房间很好位置很不错以后还会入住","train","3358","chnsenticorp-3358"
"chnsenticorp-4092","1","离地铁站真的很近,4号出口对过就是,服务上还欠妥不够主动,其他还行,和价格比较符合.","train","4092","chnsenticorp-4092"
"chnsenticorp-5270","1","很不错的酒店。干洗的衣服还会注明哪里有油点，哪里开线了。而且都已经做了相应的处理！！！！很是感谢！！风景没得说，很不错！房间很仿古，舒服！下次还会住这里。","train","5270","chnsenticorp-5270"
"chnsenticorp-2541","1","酒店基本符合要求，早餐不错，挺丰富的。去灵隐寺非常方便。免费停车。","train","2541","chnsenticorp-2541"
"chnsenticorp-4830","1","住的套房，但是价格仍然很便宜！这个是这个地区最好的了，但是仍然需要提高！但是已经是最好的了，各位，只能选择这里！","train","4830","chnsenticorp-4830"
"chnsenticorp-2368","1","一句话：床太硬！一个晚上都没大睡好。喜欢软床的提醒大家一句，要有心里准备哦","train","2368","chnsenticorp-2368"
"chnsenticorp-3756","1","虽身处繁华地区,但房价非常经济.卫生.服务都不错,中央空调.24小时热水.如果下次来一定住此,真好!!!!!!!!!!!","train","3756","chnsenticorp-3756"
"chnsenticorp-591","1","昨天刚从南京回来,去之前经过反复比较后挑了晶丽感觉不管是门童、前台接待，或者是餐厅服务员都经过良好的训练，那位门童大叔还仔细介绍到夫子庙该怎么乘车（因为是下班高峰，出租车很难叫到）选的商务单人间，在顶楼11楼，虽然靠近马路，但还算安静","train","591","chnsenticorp-591"
"chnsenticorp-762","1","技术区里唯一的四星级酒店,外观不起眼,但服务感觉很不错,尤其","train","762","chnsenticorp-762"
"chnsenticorp-931","1","这是最好的酒店之一了，曾经住过的。它有其他酒店缺少的古朴环境，占地又特大！古典和现代的优雅结合！安静的房间，是因为掩映在了古树林中。很棒的感觉！有机会就回去的。","train","931","chnsenticorp-931"
"chnsenticorp-856","1","订的商务房，虽然很小装修陈旧，但是家具倒是很有古都特色，早餐一般，但却是25楼的旋转餐厅用餐，看楼下的牡丹广场很不错，可惜洛阳的天老是阴霾","train","856","chnsenticorp-856"
"chnsenticorp-5161","1","购物选择入住是非常方便，酒店就连着海港城，但是房间一般，设施也很陈旧，早餐也非常一般，个人认为，香港最好的酒店早餐是数码港艾美酒店的。","train","5161","chnsenticorp-5161"
"chnsenticorp-25","1","总体还可以,就是前台服务员还不够敬业,在登记入住后,看都没看是不是本人,就把我客人的护照给了其它人,幸亏就在旁边,要不然不知后果怎样,之后连说声不好意思,或对不起都没有!!!希望改进!!!","train","25","chnsenticorp-25"
"chnsenticorp-1369","1","酒店位置不错,房间设施太旧,早餐还好.总体感觉一般","train","1369","chnsenticorp-1369"
"chnsenticorp-1520","1","还不错，第一次来入住，总体印象好，交通也很便捷！","train","1520","chnsenticorp-1520"
"chnsenticorp-3680","1","地处市中心,价格有竞争力,服务可以.规模不太大,前段时间正在重新装修.总体影响不错,值得一住.","train","3680","chnsenticorp-3680"
"chnsenticorp-3021","1","这里环境还算不错,吃海鲜也便宜,当时买当时煮,很鲜","train","3021","chnsenticorp-3021"
"chnsenticorp-16","1","前台楼层服务员都不错，房间安静整洁，交通方便，吃的周围也挺多．唯一不足，卫生间地漏设计不好，导致少量积水．","train","16","chnsenticorp-16"
"chnsenticorp-5003","1","酒店房间很好，浴室在房间中间，但要小心一定要把窗帘拉下，对面就是办公楼。酒店服务非常到位。绝对超值。","train","5003","chnsenticorp-5003"
"chnsenticorp-115","1","住了好多次.感觉不错,宽带速度很快,服务态度也可以,价钱也合理.主要问题在于,酒店周围环境不好,日本人实在太多.","train","115","chnsenticorp-115"
"chnsenticorp-5147","1","同意前面的弟兄们，周围都在拆迁，环境交通很差，地铁很方便，但是房间很好。不知道酒店会不会也被拆迁？有点好奇补充点评2008年6月26日：checkout的时候很郁闷，我都等半天了，总台小姐竟然先办人家插队的人，鄙视，懒得去争了","train","5147","chnsenticorp-5147"
"chnsenticorp-3395","1","离机场算是比较近的酒店,规模看上去不错,服务不错,酒店餐厅也不错,最赞的是大床房,很棒.","train","3395","chnsenticorp-3395"
"chnsenticorp-54","1","整个酒店的环境、设施等都很不错，但让服务员拿份地图，却一直没拿来，价格好象比以前也高了一点。不过性价比还是令人满意的。","train","54","chnsenticorp-54"
"chnsenticorp-2213","1","环境还是很好的，附近是老城区了，但觉得","train","2213","chnsenticorp-2213"
"chnsenticorp-2455","1","酒店离报国寺和车站都很近；房间整洁干净；瑜珈温泉作为峨眉四大温泉之一，住店客人只需50元/人性价比较高；早餐非常丰富；唯一的缺点是１号楼楼道比较复杂，象个小迷宫，找房间花了一点时间．","train","2455","chnsenticorp-2455"
"chnsenticorp-3326","1","青山湖度假酒店的环境是第一流的！我已经住了三次了，还是向往这个温馨的地方。山水之美实在令人难忘。只是酒店的设施有点老了，但还算舒适！酒店餐厅的菜式也不错。总的来说，环境一流、服务一流、设施、管理和员工的训练水平只能算二流啦！","train","3326","chnsenticorp-3326"
"chnsenticorp-2639","1","标准的三星标准,跟五星标准是一样的,只是档次看着会低些,但是很干净.房间也比较大.有的房间有小冰箱,有的没有.服务很到位.环境也不错.网速很快,而且不收钱.可以预授权,结帐很快.","train","2639","chnsenticorp-2639"
"chnsenticorp-3844","1","到凤凰如不想住在江边的话，这酒店算是不错的选择，相当的安静。房间的装修有点旧，整体还算清洁。因为酒店比较大，我是给安排住在後座的5楼的房间，感觉有点远，因为电梯还在修建中！位置跟凤凰古城有点远，吃饭或到其它地方都需要打的。","train","3844","chnsenticorp-3844"
"chnsenticorp-1442","1","不错的酒店。每次去泉州都住的。早餐很丰盛。门口有大巴车站，交通方便。（但是大巴是中旅的，习惯很差，喜欢在市区兜来兜去到处接客，从一个站到另一个站，非常耽误时间。商务客人最好去中心站坐车）","train","1442","chnsenticorp-1442"
"chnsenticorp-5133","1","很好,风景美极了,窗户下面就是海,在边上的酒吧喝着啤酒,看着海景,简直太享受了,下次去还会去住这家酒店","train","5133","chnsenticorp-5133"
"chnsenticorp-3105","1","能在天安门附近能住到这种价格，这种服务的酒店还是很不错的，特别是对于老外。","train","3105","chnsenticorp-3105"
"chnsenticorp-2768","1","房间很小,酒店比较酒,但服务很好.风景还可以.前台的小妹服务周到也很漂亮","train","2768","chnsenticorp-2768"
"chnsenticorp-252","1","通过携程预订，入住3天，感觉价格和房间差距较大，房间陈旧、卫生间较小、特别是电视机那叫一个破哦，估计成都的招待所都没有这样的电视机了。早餐不错，服务没有体会到。房间价格在158元/间应该差不多了。","train","252","chnsenticorp-252"
"chnsenticorp-1055","1","入住的是新装修的房间，设施环境较好。由于淄博人民太热情了，喝多了，把电子房卡掉了，赔了一百元，似乎贵了点，房价才二百多啊。","train","1055","chnsenticorp-1055"
"chnsenticorp-706","1","羽绒被子，枕头，毛巾够厚有四星的感觉，也很干净。洗澡不错。但房间装修一般。早餐不错，就是贵了。总体感觉偏贵。","train","706","chnsenticorp-706"
"chnsenticorp-2503","1","此次入住的是豪华标准间，房间号A区1311。房间干净、设备良好。遗憾之处：距离古镇约有20分钟的路程，晚上KTV声音较吵，早餐品种很少、口味欠佳。补充点评2007年9月11日：酒店距离古镇很远，出行一次到古镇，还是坐人力车比较方便","train","2503","chnsenticorp-2503"
"chnsenticorp-439","1","很不错的酒店，我住的是商务间，上网速度非常快，下载达到2M/s，非常爽！还在酒店碰到老朋友...世界真是小！","train","439","chnsenticorp-439"
"chnsenticorp-1539","1","那里的环境很好，只是价格有点贵，打车需要走一段路，自己驾车的话较方便，服务态度很好．","train","1539","chnsenticorp-1539"
"chnsenticorp-1421","1","房间还算可以,只是价格性价比还需要努力,688元这个价格在郑州可以住其他宾馆了.","train","1421","chnsenticorp-1421"
"chnsenticorp-2616","1","3星的硬件,4星的外观,5星的服务房间设施比较陈旧,但服务非常的好,头一次碰到3星的酒店里任何一个服务人员见到你都会微笑问好的,如果设施再好些是个不错的酒店","train","2616","chnsenticorp-2616"
"chnsenticorp-2550","1","大堂非常气派,标间的卫生间偏小,所以换了行政间,床有些矮，房间消毒剂的味道较重。不过大堂服务员和餐厅服务员态度都非常好，也很职业。","train","2550","chnsenticorp-2550"
"chnsenticorp-1889","1","总体来讲比较不错，当然作为快捷酒店，设施比起假日或者皇冠假日是有相当差距。但是房间给人很舒服的感觉。","train","1889","chnsenticorp-1889"
"chnsenticorp-1279","1","地段很好，停车场也很大，开车的朋友去住还是比较方便的，3人的家庭房还是满大的，也比较干净，有电吹风，就是没有开中央空调，有个立式空调，就是声音有点响，可能是我对声音比较敏感吧","train","1279","chnsenticorp-1279"
"chnsenticorp-777","1","服务:整体勉强有4星级水平问题:硬件水平偏低,房间隔音效果差,门薄墙薄,结账时间偏长,早餐质量偏低,不过在该地段,也没有比这家更好地宾馆供选择.","train","777","chnsenticorp-777"
"chnsenticorp-1472","1","酒店位置很好，在西街的街口。酒店内环境优美，就是自助早餐价格太贵，品种也不多。7月份住了3天，感觉挺好的。","train","1472","chnsenticorp-1472"
"chnsenticorp-4602","1","在广安唯一的一家五星级的酒店,环境还不错,服务员急需培训,基本没有服务意识.早餐中应该多加点中餐的成分,住的时间少不便再做深层次的评价.","train","4602","chnsenticorp-4602"
"chnsenticorp-3827","1","很不错的一家五星的酒店,房间很大,设施也很新,重要它的位置在金融中心,去哪里都很方便,以后会考虑再次入住的.","train","3827","chnsenticorp-3827"
"chnsenticorp-3618","1","漯河当地人称这里是漯河最高档的酒店。房间很新，很豪华。早餐一般，不够丰富。网络比较差，经常没有反应。地理位置在漯河的东郊，偏得厉害，不过漯河很小，打车20从这头到那头足够了。晚上出名对面黑洞洞的体育中心，左面黑漆漆的国道，右面黑漆漆的空地，很是渗人。附近没有什么吃饭的地方。","train","3618","chnsenticorp-3618"
"chnsenticorp-1590","1","房间装修虽然旧点，但是格调还行。服务员不错，我那天忘记把衣服带走，过了好几天还能找到。","train","1590","chnsenticorp-1590"
"chnsenticorp-2910","1","服务素质实在一般，酒店也旧，象是回到了二十年前。。。补充点评2008年7月2日：也就给三分，怎么变以4分了？","train","2910","chnsenticorp-2910"
"chnsenticorp-3891","1","晕菜，写了那么多怎么没提交上？彻底晕菜不重复写了，总之很好，希望大家都能去住如果老板娘能看到留言就好了，我们是初四晚上，也就是21号入住的一家三口，带一个5岁小女孩的一家子啦。","train","3891","chnsenticorp-3891"
"chnsenticorp-2908","1","酒店服务很不错。有几次因标准房间售完，酒店就升级到豪华间宾馆反馈2008年7月3日：感谢您经常入住国宾大酒店,并且对酒店的服务予以认可.我们热切期待您的再次光临!","train","2908","chnsenticorp-2908"
"chnsenticorp-1466","1","干净,交通方便,服务态度也不错,368的房间带的早餐也可以.就是老宾馆,设施较老.价格略偏高","train","1466","chnsenticorp-1466"
"chnsenticorp-4552","1","今天刚从蝴蝶谷酒店回来,环境很好,很宁静舒服,是过两人世界的好地方!补充点评2008年2月24日：酒店的装修别具风格,其欠缺的就是客房的隔音不太理想.","train","4552","chnsenticorp-4552"
"chnsenticorp-494","1","酒店房间算不错，大床很舒适。晚上睡的很香，酒店环境不到四星标准，但又比三星高。地点很好，价钱适中。","train","494","chnsenticorp-494"
"chnsenticorp-1519","1","位置很好，就在南京路步行街后面，逛街购物很方便，然后离人民广场地铁站也近，交通很方便。","train","1519","chnsenticorp-1519"
"chnsenticorp-2743","1","酒店的位置非常好、地处闹市房间却很安静，但设施有点旧，被子上面竟然很多洞，服务态度较好，尤其是礼宾人员，服务很热情、很主动，但美中不足的是我预定到28号的房间，27号酒店就通知携程说我退房了，还有28号退房时，忘在酒店的洗面奶竟然查房的没有提醒我。","train","2743","chnsenticorp-2743"
"chnsenticorp-3104","1","房间虽然小了点，但是比较整洁，服务质量也ok!","train","3104","chnsenticorp-3104"
"chnsenticorp-1941","1","其他倒没什么，就是太吵了，隔音不好，希望能改进一下。","train","1941","chnsenticorp-1941"
"chnsenticorp-950","1","总体感觉不错，特别是体现在酒店的服务细节上。晚上服务员送的牛奶，最后一晚的摆放的鲜花，给阿拉的印象还蛮深的，当然，只要是心情不错。呵呵","train","950","chnsenticorp-950"
"chnsenticorp-5321","1","1.设施一般,在北京不算好.2.服务还可以.3.出入还是比较方便的.","train","5321","chnsenticorp-5321"
"chnsenticorp-2812","1","总体不错，价格实惠，就是酒店周围的环境较差，乱哄哄的样子，房间也还不错，大堂的CheckIn的时候还算好，退房的时候实在是太慢了。主要的缺陷在4，5和6楼是对外开放的娱乐场所，形形色色的进进出出大大降低了酒店的品位，尤其是商务酒店的品位。","train","2812","chnsenticorp-2812"
"chnsenticorp-975","1","酒店位置没说的，很好!就是大堂稍微小气了点，还有房间的设施也老旧了一点，比起刚开业时的那种感觉逊色了很多，不过还是挺喜欢这家酒店!","train","975","chnsenticorp-975"
"chnsenticorp-3107","1","酒店的服务总的来说还是不错的，上网的速度也很快，下次还会住。只是携程的价格还是偏高，商务楼层598，我的客户可以订到同样的房间只要500元。","train","3107","chnsenticorp-3107"
"chnsenticorp-5269","1","房间总的来说还不错，早餐做为四星级酒店来说一般。酒店外面小吃或者一般的酒店少总的来说，对我这样出差的人来说还不错了","train","5269","chnsenticorp-5269"
"chnsenticorp-5226","1","地理位置比较优越，到哪里都还算方便。房间比较小，但是景观和卫生都不错。很安静，周围都是老居民区，相当有特色。服务态度不错。下次去应该还会选择这里！","train","5226","chnsenticorp-5226"
"chnsenticorp-4732","1","1.装修还不错，但是整个酒店感觉不大气2.除了电视越显小气，房间总体入住还舒适，隔音不错，不像圣庭苑酒店世纪楼，晚上睡觉都能听到隔壁抽水马桶的声音3.早餐品种不多，一般般","train","4732","chnsenticorp-4732"
"chnsenticorp-2756","1","总体感觉还行，最值得称道的是不断的改进。最初没有提供浴袍，后来也提供了。后来也提供了免费的矿泉水，不知是否下次提供免费的水果吧？这样就像一个四星级酒店了","train","2756","chnsenticorp-2756"
"chnsenticorp-1708","1","一直帮国外同事定的酒店,非常好的环境和房间","train","1708","chnsenticorp-1708"
"chnsenticorp-4661","1","卧室有点小，但有客厅没什么影响。客厅面积还不错，总体感觉不错。服务也比较职业，住的楼层比较高，接近顶层了，晚上也不吵，但不知道低楼层的情况，卫生间还挺大，厨房面积不小，设施也算齐备，可惜用不上。对于房间和酒店的服务都很满意。","train","4661","chnsenticorp-4661"
"chnsenticorp-3935","1","248元的单人大床房间的价格在这个山东物价消费最高的城市来说算是比较合理的了.房间比较宽敞,干净和整洁.早餐也不错,早餐水果的品种也比较的多.餐厅考虑充分考虑到单人点菜的分量,可以选择小盘,避免了不必要的浪费同时客人也能少花一些钱多点几个菜品尝.","train","3935","chnsenticorp-3935"
"chnsenticorp-335","1","酒店的交通不很方便，电梯特别慢，其余还是如家特色。","train","335","chnsenticorp-335"
"chnsenticorp-741","1","蓝天宾馆的服务绝对的好，每个宾馆员工见到每个客人都面带微笑，说：“你好！”服务很周到，餐厅的菜也很合口，设施很齐全，四星级的酒店有五星级的服务，我们一家人都很满意，决定下次去威海，还住蓝天宾馆。","train","741","chnsenticorp-741"
"chnsenticorp-806","1","酒店位置、房间都很不错，价格也比较合适，推荐大家去住","train","806","chnsenticorp-806"
"chnsenticorp-1093","1","交通很方便，从罗湖火车站直接可以坐地铁去，在世界之窗站下一出站就是了。房间很干净，阳台也比较大。最喜欢就是里面的游泳池，很有威尼斯的特色，小朋友去就很喜欢了。checkin和checkout的时候有很新鲜的苹果吃，呵呵，感觉很舒服！","train","1093","chnsenticorp-1093"
"chnsenticorp-914","1","前几天刚在这里住了一晚，398的还不错，交通座公交很方便，呵呵~~要是含早餐就更好了，也不用出去吃，下次到北京还会去住的。","train","914","chnsenticorp-914"
"chnsenticorp-1743","1","房间不错，尤其是床一张大一张小，适合三口之家入住。服务台的小姐很热情，自助餐也不错，就性价比而言还可以。","train","1743","chnsenticorp-1743"
"chnsenticorp-749","1","好！！当时看到有人评价说什么骚扰电话多，我还心有余悸呢，结果好的不得了吗哪里有电话？我们自己人打电话，总台还会仔细核对身份呢而且房间也好服务也非常的好真的是徐州最号的酒店！","train","749","chnsenticorp-749"
"chnsenticorp-2013","1","环境不错，设施也很齐全，价格能优惠点就更好了","train","2013","chnsenticorp-2013"
"chnsenticorp-2137","1","不错,交通方便,楼下就是美食城.豪华房有液晶电脑.或许标准房也有吧.卫生间稍小了点,是淋浴房.","train","2137","chnsenticorp-2137"
"chnsenticorp-162","1","还是柳州性价比最好的酒店之一,酒店规模与客房品质都很说得过去,地理位置也好的.基本接近四星水准了.宾馆反馈2008年7月31日：非常感谢您对我酒店的支持和厚爱，柳州宾馆致力打造柳州性价比最高的酒店。我宾馆按五星级标准装修的24-26楼高层观景客房即将竣工，期待您的光临！！","train","162","chnsenticorp-162"
"chnsenticorp-3848","1","1.房间霉味很重,住了很多次了,每次一进去就不行了;得赶紧开空调和窗户2.早餐实在太差;每次去了只能吃煎蛋和西饭","train","3848","chnsenticorp-3848"
"chnsenticorp-2766","1","住过两次了，但真的没给人留下什么印象。早餐还比较丰盛，整体服务也还不错。湖南的酒店服务业感觉一般，所以这样的酒店还是不错的了。下次可能还会住这里。","train","2766","chnsenticorp-2766"
"chnsenticorp-1642","1","石家庄最好的酒店,服务是非常不错的.硬件由于这个城市的原因,所以也没有办法挑什么,但是非常可惜,这个可是在省会的城市啊...省会的城市不应该这样吧,4星里面不如BESTWESTERN旗下的....","train","1642","chnsenticorp-1642"
"chnsenticorp-3061","1","携程的房价偏贵了，而且房间偏小了。其他，酒店应该是现在南通最好的了吧","train","3061","chnsenticorp-3061"
"chnsenticorp-5236","1","??攴癫善??踬ゴ督???T??憩桶陇?y最锋??疑湮散滇?B仅竭船腔挲????腔媪??散奥祥??湮散?B仅竭船??船?c陶お????挲耋硐猁""?y最""??滇斓?B仅憩????祥眭耋□剩!耋祥眭耋腔督???I?肴??B仅猁疑?c??!剩□滇腔?r紧??疑祥饶踬","train","5236","chnsenticorp-5236"
"chnsenticorp-654","1","不能说没有一点点问题，但酒店所有员工都在用一种非常的热情给每一个客人以尽可能的服务，所以，我愿意把最高的评价给这个酒店。","train","654","chnsenticorp-654"
"chnsenticorp-1293","1","不错，房间超大，服务也很不错，而且是别墅式的设计让人感觉挺好的。","train","1293","chnsenticorp-1293"
"chnsenticorp-327","1","酒店设施相对4星稍显陈旧,而且上网要另外收费不合理,不过服务员是我见过最热情的了,不但跑了三楼(我坐电梯,但是电梯门坏了,她出去摆弄,门就关上了)给我开门,还进门帮我开热水,还帮我往水壶里装水,真是热情到....早餐不是自助的,10元的早餐没什么可吃的,只能是填饱肚子了,性价比一般!","train","327","chnsenticorp-327"
"chnsenticorp-4541","1","走入酒店身心感受凉爽,客房送餐免收服务费,味道也挺好的,空闲之余到桑拿做了个保健按摩才100元,感觉不错~!下次到太仓还会选该酒店哦~!","train","4541","chnsenticorp-4541"
"chnsenticorp-5314","1","还不错，就是旁边在修桥，交通不便。服务还不错，早餐丰富，总体够4星标准。","train","5314","chnsenticorp-5314"
"chnsenticorp-1644","1","498元的价格不是很厚道，但位置还是可以，预定时携程说酒店要信用卡担保，担保后到了酒店时，酒店说我预定的标准间没有了，免费个给我升级到套房。房间很大，感觉不错。","train","1644","chnsenticorp-1644"
"chnsenticorp-222","1","非常好!订的是标房,入住当天升级为豪标.房间干净,服务热情.如果房间的窗户能打开(透透气),就更好!","train","222","chnsenticorp-222"
"chnsenticorp-1207","1","通过别人介绍在此住过两天，感觉总体服务很贴心，住的11楼的房间，床很舒适，因临时改变行程，打电话到总台帮我订了机票，服务效率很高，很快就送到房间，整体给我的感觉很好。","train","1207","chnsenticorp-1207"
"chnsenticorp-3798","1","总的来说，不值。住过一次410无窗的房子，在11月的冬天居然热的我难受，叫来服务员，确认没有开暖风，问他们解决办法，居然说是让我加钱住有窗户的房子。我是住无窗的房子了，那也不代表我必须接受30度的室内高温吧？以后住那里的注意下，我怀疑在9－11层左右的无窗房子紧挨着供暖系统等热源，热的人难受。580的房子也住过，条件等还好了。但卫生间很差很差，会渗水会返臭味。","train","3798","chnsenticorp-3798"
"chnsenticorp-2225","1","很好．非常干净．是新装修的．服务不错．早餐也很好．对了，被子很厚但非常松软．哈哈满意","train","2225","chnsenticorp-2225"
"chnsenticorp-1038","1","位置方便，内部环境与卫生较好，但价格略高些。","train","1038","chnsenticorp-1038"
"chnsenticorp-1396","1","宜宾这个城市给人感觉脏、乱、小，但是宜宾大酒店却给人相对豪华的享受，比起同城的另外两家4星酒店条件要好很多，不过还是有不足，例如电梯运行慢，停车不方便，进酒店的通道太隐蔽（没去过的不容易找到）。","train","1396","chnsenticorp-1396"
"chnsenticorp-1895","1","除了没有浴缸和保险柜其他都很好，干净，安静，服务，对面就是海鲜大排档我们6人吃了330","train","1895","chnsenticorp-1895"
"chnsenticorp-136","1","酒店位置不错，距天府广场和春曦路走路大概25分钟、打车5分钟。房间、服务也不错，够三星水平。只是早餐过于简单。房间地毯、墙纸略显陈旧了。","train","136","chnsenticorp-136"
"chnsenticorp-2679","1","在自贡这样的二级城市,标准算是相当高的酒店了,说是4星酒店勉强了点,但比很多3星的好.房间灯光太暗,所有灯开了都感觉昏昏沉沉的,不知道是为了省电还是什么,舍不得用大点瓦数的灯泡.我晚上9点到的,点了份炒饭和青椒肉丝,送餐速度挺快,只是花椒多了点.","train","2679","chnsenticorp-2679"
"chnsenticorp-3431","1","说是五星，房间比较小，网络还是有问题，但是服务人员业务能力比较强，很快搞定","train","3431","chnsenticorp-3431"
"chnsenticorp-1546","1","哈哈哈哈.....居然还可以继续评论啊那就给满分了下次去了继续住忘记说了,有房内按摸的服务的可惜没时间去试了,下次去还会住的......","train","1546","chnsenticorp-1546"
"chnsenticorp-500","1","湖景房的景色很不错！酒店里面也收拾的很干净，就是设施稍旧了一些。交通很方便！厦门市的出租车太贵，从酒店到各景点坐公交车都很方便。不过饭店的早餐很一般，选择比较少而且几乎每天都是重复的。","train","500","chnsenticorp-500"
"chnsenticorp-4839","1","房间挺大，设施也还好用，但装修很差，窗台部分墙壁的壁纸都脱落了，很难看。卫生间比较简陋，但各种用具都还能正常使用。","train","4839","chnsenticorp-4839"
"chnsenticorp-2083","1","因为春秋航空晚点6个小时，到酒店的时候已经快凌晨2点了。期间打了两个电话给酒店，请求延迟入住时间，前台小姐比较热心的告诉了我机场到酒店需要的出租车费，避免给人很宰一刀。房间硬件不错，服务也很好。","train","2083","chnsenticorp-2083"
"chnsenticorp-768","1","可能是住的时间很长，有一个月，所以服务还是很不错的，住在15楼，晚上还是比较安静的，虽然是临街的房间，早餐没有太大的变化。","train","768","chnsenticorp-768"
"chnsenticorp-4191","1","房间里面的破地图，竟然要收费10元，是唯一的遗憾莫不如酒店自己印个地图，方便客人总体说，比对面的圣地酒店好太多了","train","4191","chnsenticorp-4191"
"chnsenticorp-725","1","订的商务大床房，整体还可以，里面设施虽简单但比较人性化；酒店服务人员态度很好，很热情，就是早餐不是很好吃的。","train","725","chnsenticorp-725"
"chnsenticorp-1437","1","除了部分设施有点老之外，是很好的酒店。尤其是服务很到位！餐厅的服务员点错了菜，导致结账多了50多元，不用一分钟就立刻改正解决，很好！！","train","1437","chnsenticorp-1437"
"chnsenticorp-2653","1","离火车站非常近，若有事赶火车就是很好的选择。如果要在香港购物的，则不太方便，毕竟还是尖沙嘴会更方便。但标准房（两张床的那种）太小了，床只有90公分宽，迷你啊！","train","2653","chnsenticorp-2653"
"chnsenticorp-4196","1","在北京CBD，还能找到300多元钱的套房式酒店真的太难了，房间干净、舒适，网线电脑都免费使用，客厅很大，可以招待朋友或商议事情！像我们这样经常在外出差的人能找到一家这样高型价比的酒店还真不容易！建议大家亲身感受一下再做评论！我的朋友都非常满意！","train","4196","chnsenticorp-4196"
"chnsenticorp-784","1","第五次为贵宾客户入住，值得推荐！服务没话说！","train","784","chnsenticorp-784"
"chnsenticorp-4897","1","房间、环境都不错，缺点：山上指示牌比够清晰，房间蚊虫较多。最差的是越王河漂流，可称为“史上最差漂流”，河中垃圾成堆，又无半点风景可言。","train","4897","chnsenticorp-4897"
"chnsenticorp-640","1","单人间有一点点小，但基本够用。已经有宽带上网了，但网速偏慢。南面靠里的房间比较安静，西头北面的晚上会有车辆经过的声音传过来。早上6点多有""按摩""电话过来，^_^；不想被打扰的话拔掉电话插头吧补充点评2007年7月31日：信用卡都可以用了","train","640","chnsenticorp-640"
"chnsenticorp-1579","1","酒店地段好，设施高级，服务业不错，2楼有个意大利餐厅很不错的！","train","1579","chnsenticorp-1579"
"chnsenticorp-2449","1","房间还是可以的,但是温泉的团队客人实在太多,跟每个池子都象下馄饨,吵吵闹闹,不象在享受了.下午去问:人多,晚上去还是人多,第二天一开门就去,人很少,半小时后,不得了,象老式公共浴室,人满为患,团队的大巴士来了!!!","train","2449","chnsenticorp-2449"
"chnsenticorp-775","1","刚从无锡回来,住了该酒店二号楼328YUAN的,总体感觉如下;房间干净,配制齐全还有液镜电脑;饭菜可口且不是很贵;最值得称赞的是服务水准,老公粗心大意把手机掉了,工作人员捡后马上送回,赞了!饭店的员工几乎都是笑脸相迎,很难得,单从这点就间接提升了入住该饭店的理由!","train","775","chnsenticorp-775"
"chnsenticorp-2823","1","房间很规整，也不像前面网友说的那么隔音不好，我住的是7楼标C，门脸儿很小但是都很安静的，周边交通很方便，打车到虹桥只要40多一点，20分钟就能到，而且打车到南京西路只要4公里，离火车站走路只要10分钟多点的样子，旁边就是汽车站，交通太方便，在上海住很多家旅店，这家价格和房间我最满意，以后一定还会入住！","train","2823","chnsenticorp-2823"
"chnsenticorp-857","1","入住这个酒店有一点需要注意的，不要选朝西三环的房间，否则还是可以听得到立交桥上的噪声","train","857","chnsenticorp-857"
"chnsenticorp-4649","1","离沟口近，可以在窗口看到进沟的人流，房间还行，就是我要存包服务员不太愿意。","train","4649","chnsenticorp-4649"
"chnsenticorp-4695","1","补充：大堂服务的人员太少，感觉不太像四星级酒店，早餐78一位，不知道是不是搞错，记得午餐只有38","train","4695","chnsenticorp-4695"
"chnsenticorp-532","1","两个月里面已经住了三次了,当然好啦,交通也很方便哈","train","532","chnsenticorp-532"
"chnsenticorp-1765","1","环境和服务都不错,环境幽雅.不要忘去4楼观景平台,可以看西湖全景.","train","1765","chnsenticorp-1765"
"chnsenticorp-846","1","位置好，价格合适，环境不错，房间也比较干净，在石家庄这样的地方已经很不错了，下次有机会还定这个酒店。","train","846","chnsenticorp-846"
"chnsenticorp-3904","1","地理位置不错,出门就是步行街.晚上没事了,出去吃当地的小吃很方便.相比宝龙,就显的旧了些.","train","3904","chnsenticorp-3904"
"chnsenticorp-2136","1","有一点不太满意，就是酒店的早餐秩序较乱，服务跟不上，餐桌不能及时清理，导致客人经常没有桌子用餐，入住的几天都是这样，不知是因为过年，服务员都放假了？如果是这样，倒也有情可谅。希望下次不会遇到这种情况。其它的酒店服务都比较满意。","train","2136","chnsenticorp-2136"
"chnsenticorp-1039","1","空调声音太大了。。。早餐可以去南翔包子吃（出门左走100米）。","train","1039","chnsenticorp-1039"
"chnsenticorp-2072","1","酒店环境幽雅，服务很好，价格合理,综合条件都不错。","train","2072","chnsenticorp-2072"
"chnsenticorp-4557","1","比较不错的一家酒店！很人性化，服务满周到。最喜欢的是他们送来的水果。呵呵。下次来还住那！","train","4557","chnsenticorp-4557"
"chnsenticorp-358","1","本来订这里是因为它算山上比较便宜的，后来入住发现，比想象中的好很多。起码很干净。就是隔音效果不太好，早上隔壁人去看日出，那个吵啊～～其它的感觉还不错","train","358","chnsenticorp-358"
"chnsenticorp-2462","1","房间一般，隔音感觉不是很好，地理位置不错，就在江边，靠江的房间开穿远眺就能看见大佛。服务态度餐厅的比前台好很多，早餐品种少了点。","train","2462","chnsenticorp-2462"
"chnsenticorp-3871","1","酒店和宝岛别墅连在一起,所以酒店区域很小,且别墅区不能参观.","train","3871","chnsenticorp-3871"
"chnsenticorp-4468","1","每次都住套房，价格好象很便宜了．不过还是很划算的，反正也是公务，没时间好好去感受酒店的服务了．","train","4468","chnsenticorp-4468"
"chnsenticorp-2359","1","很不错的酒店,可能是兰溪最好的酒店.只是位置离市中心远了点.看到了上海的旅游团也住这里.","train","2359","chnsenticorp-2359"
"chnsenticorp-4638","1","楼层结果是按酒店功能设计的。我遇到的服务都挺好，感到是经过标准培训的；可能改进了。房间不错，很干净；进门后感到不排斥、愿意睡在这里。房间配有沙发、不间断电源插座、自贡的简图。这对第一次来自贡的旅客挺有帮助。电视频道中有HBO。","train","4638","chnsenticorp-4638"
"chnsenticorp-2587","1","我因为要到东大名路办事，这个位置不错，老牌的酒店，装修我也很满意，上海酒店，性价比很高了，如果提供早饭（其实没多少钱）就更好了","train","2587","chnsenticorp-2587"
"chnsenticorp-820","1","没有想象的离西湖近,年轻人走走也得10-15分钟.因为窗不是面对西湖的,所以景基本看不到西湖,要把头探出去,勉强看到商业街远处的尽头是湖面","train","820","chnsenticorp-820"
"chnsenticorp-415","1","打车到客运站需要12元（加1元燃油费），要的是经济间，所以勉强一些算满意吧，主要是价位摆在那里的，如果有机会还会取得。主要是靠近山东省内最大的游乐园富华游乐园比较好，玩得方便。","train","415","chnsenticorp-415"
"chnsenticorp-1497","1","还不错的一家酒店，位置比价安静，房间也还不错，就是出门打车要走出一段距离。酒店商品部的服务很一般，态度极其冷淡，应该下岗。","train","1497","chnsenticorp-1497"
"chnsenticorp-4295","1","酒店很不错，住的B楼，蛮舒适的，服务也不错的。就是周围环境一般般。","train","4295","chnsenticorp-4295"
"chnsenticorp-3927","1","房间内还有前面房客的口香糖在地毯上,无睡衣位置偏其它还行,一楼餐厅还好.","train","3927","chnsenticorp-3927"
"chnsenticorp-4714","1","总体来说,对于这次入住还是比较满意的.房间设施和看到的图片基本一致,卫生间不错;客栈院子给人家的感觉,非常的不错.不过,客栈的服务方面,个人认为应该加以改进,尤其是在房间清扫这方面.","train","4714","chnsenticorp-4714"
"chnsenticorp-4820","1","比较老的五星级酒店，酒店的管理维护还是很好","train","4820","chnsenticorp-4820"
"chnsenticorp-1886","1","酒店设施有些陈旧了,价格有些高,其他还可以","train","1886","chnsenticorp-1886"
"chnsenticorp-5106","1","作为一家两星级酒店已经不错了，我订的是套房，房间很干净也很宽敞，卫生间很大，还带淋浴房，服务也很到位，毛病就是服务员的普通话需要加强","train","5106","chnsenticorp-5106"
"chnsenticorp-3382","1","我在尼斯住了5天，价格不是很贵，服务比较细腻，早餐也比较丰富，感觉还是不错。","train","3382","chnsenticorp-3382"
"chnsenticorp-3814","1","除了地理位置、外部境不会再方座相、服比、性非常高。速漫BusinessMan不便、前台的熟度尚差、需要努力。","train","3814","chnsenticorp-3814"
"chnsenticorp-3357","1","比较满意，房间很干净，不过卫生间的水龙头有漏水现象。还有点遗憾的是前台接待有个女（30多的样子）的态度一般，不知道是不是那天客人比较多的缘故。","train","3357","chnsenticorp-3357"
"chnsenticorp-1633","1","不错，服务还是和以前一样。比较满意....补充点评2008年6月13日：贵宾楼层的豪华间比较旧了，不如楼下的豪华间装修，不过还是不错的，视野开阔，附加服务也比较到位！石家庄的酒店我还是觉得世贸是最的，呵呵。","train","1633","chnsenticorp-1633"
"chnsenticorp-5001","1","酒店的环境,早餐还可以。环境也比较安静，工作人员的服务意识也一流。只是酒店附近的餐饮点比较少。可供选择的不多。在酒店就餐不知为啥当时吃饭的人不多但上菜特慢。总体来说还是会继续入住该酒店。","train","5001","chnsenticorp-5001"
"chnsenticorp-4595","1","在青岛，这个酒店真的只能说是很一般，位置还可以，但门口非常不好叫车，其实等着很多车但只去机场，市区短途的他们都不去，礼宾部也视而不见。服务来讲在沿海城市的众多酒店中很一般，没什么特色。相信在青岛有很多更好的选择！","train","4595","chnsenticorp-4595"
"chnsenticorp-796","1","这个酒店地理位置不错，在无锡比较市中心区~出行方便","train","796","chnsenticorp-796"
"chnsenticorp-4015","1","作为酒店的老客户，恐怕以后要做另外的选择了――服务水平在下降，价格却一升再升，再这样下去，下次不会再入住了。","train","4015","chnsenticorp-4015"
"chnsenticorp-1724","1","我们入住那天，整个世德堂只有我们一家客人，夜晚红灯笼下的美景、安静的宅子，实在让人难忘。如果打算在同里住一晚的话，这地方是最好的推荐！闹中取静，美不胜收。","train","1724","chnsenticorp-1724"
"chnsenticorp-3549","1","环境不错。湖水环绕，又可自由打高尔夫。但就是地方有些难找，提醒携程应同时写上酒店所在的大上海国际高尔夫球场。因为华美达只是其中的一部分。","train","3549","chnsenticorp-3549"
"chnsenticorp-1187","1","酒店前台的小姐服务很不错。我订的房间没有，主动给我免费升级到行政楼层。酒店的自助餐很有特色。很不错的一个酒店。","train","1187","chnsenticorp-1187"
"chnsenticorp-1517","1","在株洲基本没有别的选择了，只能这家！总体房间还可以，但是吃早餐的地方太小了，非常拥挤，而且品种也很少！","train","1517","chnsenticorp-1517"
"chnsenticorp-4656","1","浴室间有淋浴和浴缸二种，可依各人所好来使用！不过希望预订的时候，不要再用信用卡来做担保（因为房间也不是那么紧张）","train","4656","chnsenticorp-4656"
"chnsenticorp-4788","1","我订的是标准A,但是房间的用具很老旧,没有","train","4788","chnsenticorp-4788"
"chnsenticorp-5192","1","我是九月份入住的，600多一晚，定的是普通标准简但前台主动免费升级到了15楼的海景房，态度好风景好。其实住在西环挺好的，电车和巴士方便便宜，上次我也住在附近的Ramada感觉挺好。缺点是房间有点旧、壁纸感觉不太干净。","train","5192","chnsenticorp-5192"
"chnsenticorp-4889","1","房间装修可以，隔音不太好。早餐不尽如人意，有烤面包，但没有黄油。西式早餐没有煎培根。","train","4889","chnsenticorp-4889"
"chnsenticorp-2681","1","酒店是四星的，服务不错，晚上还送点心。酒店的设施是按四星标准，但可能时间比较长了，设施有点老化，显得比较旧了。不过整体来说还是不错的。","train","2681","chnsenticorp-2681"
"chnsenticorp-2353","1","环境还是不错的,但是洗手间实在是太小了,而且也没有送雪碧或可乐,本来说通过携程订房是有送的,不知为什么没有送,早餐一般,68元不值这个价宾馆反馈2008年8月6日：感谢您选择并入住苏州人家,您提的宝贵意见,酒店管理层会及时采纳,并对工作中的遗漏事项加以分析整改,同时我们也期盼您的下次光临!","train","2353","chnsenticorp-2353"
"chnsenticorp-101","1","这次的入住，因为用港澳身份证预订登记的，所以安排的楼层高了很多．呵呵．真是区别大呢．而且房间很新，似乎改造过．行李员态度不错．下午茶款式丰富．入住还送了五十元的代金券，这样算下来房间价格是很划算的．如果下午再来会再考虑入住．","train","101","chnsenticorp-101"
"chnsenticorp-3315","1","交通很便利，离商业街（太原街）很近，虽然太原街破了点，但还不错，离车站也很近。房间比较安静。面积不是太大。但床挺舒服。服务也还好，但赶紧价位有点高啊。总体感觉值得入住。","train","3315","chnsenticorp-3315"
"chnsenticorp-3102","1","7月份住了2天。是我住过最好的4星级宾馆之一。交通非常方便，离榆次老城非常近，走路5分钟可到达。房间里面还提供杂志和旅游指南。地毯很厚，而且非常干净。住的很开心。下次绝对还会选择这家酒店。物有所值。","train","3102","chnsenticorp-3102"
"chnsenticorp-1380","1","性价比非常好的酒店，房间设施超好，卫生间分了3个部分，淋浴房，卫生间，化妆间，非常干净，装修很有欧式风格，枕头舒服，床也大,服度也不,商房配,下次!","train","1380","chnsenticorp-1380"
"chnsenticorp-1599","1","房间隔音不好。网络环境还好。临街的房间比较吵。","train","1599","chnsenticorp-1599"
"chnsenticorp-2074","1","房间每天都有免费水果赠送,这一点比较好.还有好多书籍和摄影著作摆在房间里,据说都是合庆董事长自己编写拍摄的,太有才了.","train","2074","chnsenticorp-2074"
"chnsenticorp-1307","1","闹中有静，物有所值。是我下次出差的首选。","train","1307","chnsenticorp-1307"
"chnsenticorp-5085","1","总体感觉不错，就是房间的窗户感觉不是很好使用，早餐一般，但是还是值得一住！","train","5085","chnsenticorp-5085"
"chnsenticorp-2220","1","4月12日住了一天，感觉还可以。是先前住在政协宾馆的，设施太差了，卫生条件也不好，才换到国贸来的。但是价格也有差距啊，政协420国贸820","train","2220","chnsenticorp-2220"
"chnsenticorp-97","1","酒店非常棒，，环境一流，。。太美了，。。空气，绿化，。人流量。。温泉。。有机会可以再去。。。携程也经最大努力安排了很多事。。","train","97","chnsenticorp-97"
"chnsenticorp-2771","1","价格实惠，基本还可以宾馆反馈2008年4月17日：希望下次再入住本酒店。","train","2771","chnsenticorp-2771"
"chnsenticorp-1738","1","比较普通的酒店，服务还行，设施也一般，楼下的自助餐非常好，菜品非常丰盛。房间就比较普通了。","train","1738","chnsenticorp-1738"
"chnsenticorp-562","1","服务好，结账快，门口有好出租车。最重要的，早餐真好。单人间价格合理，但标间一个人住不太合适。","train","562","chnsenticorp-562"
"chnsenticorp-2861","1","服务员的工作还算认真,有礼貌,说的是客房,总的印象还不错","train","2861","chnsenticorp-2861"
"chnsenticorp-4167","1","相当不错的服务，房间也不错，值得住．而且位置很不错．","train","4167","chnsenticorp-4167"
"chnsenticorp-2887","1","相当不错的酒店，房间等各方面都让人满意。","train","2887","chnsenticorp-2887"
"chnsenticorp-3670","1","酒店各个方面总体来说在晋城还是算不错。就是房间里上网时不时断网，一会儿又自动联上。房间里的灯光有点昏暗，洗澡间实在有点太小，一个人站在里面都没办法转身，另外，携程的价格不是很有竞争力。","train","3670","chnsenticorp-3670"
"chnsenticorp-1735","1","房间有特色服务不错新天地附近也就这家五星了，呵呵，没得选了房间太少，常订不到免费注册网站导航宾馆索引服务说明关于携程诚聘英才代理合作广告业务联系我们Copyright1999-2008,ctrip.com.allrightsreserved.","train","1735","chnsenticorp-1735"
"chnsenticorp-4020","1","位置还可以，就是难找了点，在胡同里。入住手续较快，房间还不错，比较新，当然，隔音稍微差了点。总体还好。","train","4020","chnsenticorp-4020"
"chnsenticorp-4878","1","酒店位置优越~房间干净~前台服务一般~结帐时有点慢,酒店周边环境不错,1层的桑拿超好~下次来西宁首选这家酒店!!!","train","4878","chnsenticorp-4878"
"chnsenticorp-47","1","住的是350的大床房,以四星标准衡量的话,家具太旧,房间太小,早餐品种单一,别的总体来说还可以吧,地段不错,服务也满好.","train","47","chnsenticorp-47"
"chnsenticorp-1810","1","标准间很挤,房较小,宽带上网需要收每天15元,不象个5星级酒店,外部环境还可以,是庭院风格的,是唯一的亮点,餐费很贵.我看最多象个准4星的酒店","train","1810","chnsenticorp-1810"
"chnsenticorp-2096","1","是所住过的酒店里感觉最温馨的，的的确确是一种宾至如归的感觉，谢谢啦！","train","2096","chnsenticorp-2096"
"chnsenticorp-2380","1","主楼房间不错，副楼就差了很多，早餐很好，推荐入住","train","2380","chnsenticorp-2380"
"chnsenticorp-4584","1","入住了“高级房”，但是觉得房间硬件一般，不是很宽敞。服务还可以。","train","4584","chnsenticorp-4584"
"chnsenticorp-565","1","在保定,应该说是最好的酒店了,那里的餐厅给酒店加分不少.","train","565","chnsenticorp-565"
"chnsenticorp-2481","1","酒店的房间很好，景色很不错。酒店的早餐不好，管理也不太专业。最主要是从酒店到外面的交通，很不方便。外面的出租车漫天要价，随便拒载。如果自己没有车，最好不要住在这里。","train","2481","chnsenticorp-2481"
"chnsenticorp-3412","1","酒店本身是没得说，就是每次CHECKIN都需要等至少30分钟以上，总是－被告知“正在清理”，不过因为酒店位置方便客人出入的关系，多数是会订这家酒店的。","train","3412","chnsenticorp-3412"
"chnsenticorp-2875","1","因为没有安静的大床房间可以安排，最后只能住标准间，房间挺大，但床还是小了点。因为只是睡了一觉，没什么特别的感受。服务员的态度很不错，还有早餐，表扬一下。","train","2875","chnsenticorp-2875"
"chnsenticorp-626","1","在临沂，这个酒店算是比较有档次的了，给外国客人的服务也比较合格。可惜电视内容比较单调，国外的频道很少。服务态度不错。","train","626","chnsenticorp-626"
"chnsenticorp-3882","1","酒店的环境很好，是个相当不错的度假村。尤其是9号楼的风景最佳。只是服务存在问题，9号楼无电梯，行李要自己提，游泳池没及时清理，水上漂浮树枝，另外对沿岸的杂草未及时清除。如果在管理上下点功夫，完全可以和开元度假村竞争。","train","3882","chnsenticorp-3882"
"chnsenticorp-1900","1","我感觉还行吧，至少洗衣服务挺快，硬件环境虽然一般，但是毕竟我是考虑离机场比较近，随便住一宿，第二天早上赶飞机，所以，其他一切也就无所谓了","train","1900","chnsenticorp-1900"
"chnsenticorp-466","1","就算是在上海也是非常好的酒店哦，虽然价格高，不过个人感觉对得起这个价格，这次非常遗憾，来黄山什么都没有看到，下次肯定会再来，而且下次肯定也是住北海啦！！！！","train","466","chnsenticorp-466"
"chnsenticorp-1772","1","不错!就是洗澡的地方小点~~下回去还住这家~~","train","1772","chnsenticorp-1772"
"chnsenticorp-1067","1","四星的酒店，虽然有点小小的老式，但是整体感觉还是很干净很漂亮的。早餐的价格也是同等中较为便宜的了，就是加床的价格有点小贵哦！","train","1067","chnsenticorp-1067"
"chnsenticorp-349","1","和父母一起去的，所以住在家庭房里，没有看到无敌江景。总得来说，酒店弄得比较干净。韩国人特别多。但是房间里老是有一股去不了的怪味道，马桶偶尔漏漏水，莲蓬头设计得非常容易往外溅水。早餐也不咋地。虽然缺点多多，但是已经算是丹东最顶尖的酒店了。","train","349","chnsenticorp-349"
"chnsenticorp-1835","1","比较满意,酒店比较新,房间也比较大,感觉还可以","train","1835","chnsenticorp-1835"
"chnsenticorp-4033","1","还不错,房间很大,装修家居都很好,唯一不足没订到海景房间,好像很抢手的说","train","4033","chnsenticorp-4033"
"chnsenticorp-2407","1","酒店的位置和服务都不错，但房间设施比较陈旧，离九州港很近，交通方便。适合一家人度假时入住。","train","2407","chnsenticorp-2407"
"chnsenticorp-4600","1","不该是五星级酒店,该属于四星级吧!城区边,消费不方便,但真是个休息的好地方,性价比还可以.似乎服务跟不上,我们一行带了点东西到酒店,没有一个服务生主动来帮忙提箱子的.","train","4600","chnsenticorp-4600"
"chnsenticorp-430","1","酒店房间宽敞整洁,灯光柔和,总体来说还是不错的.前台服务生的态度也很好.只是宽带还需要收费,这点是否应该改进.","train","430","chnsenticorp-430"
"chnsenticorp-3859","1","整体应该说不错，环境较美，服务也可以。餐饮价格还算公道。早餐品种少了点。","train","3859","chnsenticorp-3859"
"chnsenticorp-4160","1","我在南宁最喜欢住的酒店,虽然说老了点,但软环境还可以,离机场大巴近,早餐和自助晚餐都还不错.","train","4160","chnsenticorp-4160"
"chnsenticorp-1940","1","去开展会，住住还行。距离会展中心不是很远，交通也比较方便","train","1940","chnsenticorp-1940"
"chnsenticorp-2669","1","房间小,感觉卫生不太好,整个环境显的很陈旧.服务一般.","train","2669","chnsenticorp-2669"
"chnsenticorp-2785","1","酒店设施倒是满陈旧，不过一楼中餐厅的饭菜却很合我口味。一打听才知道是广东厨师，就为这个，我下次不住雅和了。","train","2785","chnsenticorp-2785"
"chnsenticorp-1164","1","按照入住同事的说法，可能在马鞍山算不错了，不过不太对得起价格，尤其是早餐比较惨～","train","1164","chnsenticorp-1164"
"chnsenticorp-4383","1","交通很方便,离火车站很近,但是从酒店打车去车站由于道路设置原因要么停在坡底自己爬上去,要么兜一个大圈子绕上去,也就多4块钱但是花时间.房间还比较安静(9楼),但是晚上骚扰电话多,只能拔线.设施(包括电器)有点旧,服务不错.","train","4383","chnsenticorp-4383"
"chnsenticorp-1459","1","我昨天刚从承德回来,感觉盛华酒店的房间真的不错哦(除了楼道有些异味儿),可能因为是淡季的关系吧,客人不太多,但是服务很好。超赞的是，晚上叫的果盘，50元超级大、超级新鲜，去的亲们一定要试试哦。。。","train","1459","chnsenticorp-1459"
"chnsenticorp-303","1","这个宾馆比较陈旧了，特价的房间也很一般。总体来说一般","train","303","chnsenticorp-303"
"chnsenticorp-2744","1","赞。因为这个价格在徐家汇是很划算的咯。对面就是商场。旁边吃饭一条街，天钥桥路。靠近地铁。房间一般了，喜欢里面的沙发。感觉温馨！服务也不错，如果来玩住这里就是很好了。商务出行，就是比较方便！缺点：款待收费。","train","2744","chnsenticorp-2744"
"chnsenticorp-105","1","这次没有定行政间，想看看普通大床和行政房的区别。发现房间还是不错的。床很大。服务态度还不错，门口换了女门童，笑容不错。前台接待和礼宾部的服务也不错。","train","105","chnsenticorp-105"
"chnsenticorp-4971","1","房间还算可以，但硬件设施偏差，服务水平也很一般。","train","4971","chnsenticorp-4971"
"chnsenticorp-1431","1","位置很好，走路到文庙、清凉寺5分钟都用不了，周边公交车很多很方便，就是出租车不太爱去（老城区路窄爱堵车），因为是老宾馆所以设施要陈旧些，","train","1431","chnsenticorp-1431"
"chnsenticorp-1666","1","由于公事出差上海，经朋友介绍推荐了清水湾大酒店，抱着试一试的心态，预定了该酒店，一进酒店就感受到酒店服务人员的热情，房间的感觉蛮新的，也很安静，下次出差还会继续选择该酒店。","train","1666","chnsenticorp-1666"
"chnsenticorp-2328","1","房间很大，有大窗户，而且靠近苏州河和外滩，到南京路也很近。主要住的很安静，不错。帮老板定的大床真的很大。就是地毯脏了点，早餐简单了，不值那个价钱，其他还好。下次来还会住的。补充点评2008年6月24日：北京东路似乎是买电线五金的，周围环境一般，自己有车去就好了。","train","2328","chnsenticorp-2328"
"chnsenticorp-3243","1","刚住了两个美丽华240的贵宾楼感觉有点贵160比较合适吃早餐最好早点去晚了就没了一层的“碘泉”还不错可以去泡泡据德州本地人说那的girl是当","train","3243","chnsenticorp-3243"
"chnsenticorp-2935","1","贵宾楼又经过了改造,入住更舒适了,以前只有3个楼面现在有了5个,感觉房间更大了一些.最有特色的还是所处位置的安静,房间隔音还马马虎虎,夜里能听到隔壁的电话声音.但是作为一家五星酒店,怎么可以容忍美容美发部门对客人每天一次的电话骚扰呢?","train","2935","chnsenticorp-2935"
"chnsenticorp-3216","1","一开始看了别人的评价比较担心,入住后觉得很好.我订的是豪华大床房,房间大,设施也算齐,济源没什么旅游资源/商业也不算发达,所以在5.1期间性价比很好.特别是服务员态度很好,很满意","train","3216","chnsenticorp-3216"
"chnsenticorp-5090","1","酒店的环境非常好,但是房间装修一般,比较旧.服务也不错,有24小时送餐服务.虽然设施陈旧,下次还会选择这里,因为酒店的环境吸引我碰巧是桃花开花季节,非常大的桃园,开得很灿烂的桃花!值得!","train","5090","chnsenticorp-5090"
"chnsenticorp-4951","1","环境服务都很好非常得方便唯一得缺点就是酒店没有免费得WIFI...如果带笔记本可以房间免费上网...OVER","train","4951","chnsenticorp-4951"
"chnsenticorp-4419","1","这样的硬件,这样的价钱,在香港是绝对超值的.保持了喜达屋的一贯高水准.如果去中环的班车免费就更完美了.","train","4419","chnsenticorp-4419"
"chnsenticorp-471","1","酒店服务员真好，我被大雨截在长途车站，给酒店电话之后派车接了我。房间不敢恭维，太旧了，而且有味道。总体而言服务还可以。","train","471","chnsenticorp-471"
"chnsenticorp-5175","1","在沙田,地理位置也不算坏,只是离地铁站略微远了些,环境也还好,服务不错,前台的checkin/checkout都很快.房间嘛,不象传说中香港酒店房间那么小,感觉足够大了.哈.很舒服的.","train","5175","chnsenticorp-5175"
"chnsenticorp-3676","1","每次到拉萨都住，在拉萨可以算性价比高的，有接送机很方便，服务很好，没电梯服务员会帮提行李到房间，建议住世纪宾馆，世纪酒店虽然价格条件相似，但太吵，火锅味太重。","train","3676","chnsenticorp-3676"
"chnsenticorp-1360","1","房间不算大，中规中矩。北方的服务就真的不敢恭维了，CHECK-IN后都没有服务生帮你拿行李到房间去。周围都是酒店没啥逛的，自己吃早饭可以去万豪和喜来登之间那条路的永和豆浆店，很便宜。","train","1360","chnsenticorp-1360"
"chnsenticorp-693","1","总的来说，印象很好，房间干净整洁时尚，网络速度很快。对有些要求较高的客户，需要注意的是：洗浴用的花洒是固定的，不像一般淋浴头可以拿在手上冲洗。","train","693","chnsenticorp-693"
"chnsenticorp-4407","1","非常不错的酒店，就像还不错的宜春一样（宜春非常干净，文明，这点在江西还是较少见的）。","train","4407","chnsenticorp-4407"
"chnsenticorp-4624","1","在四川广元，这种酒店算不错了，在当地也是最好的了。早餐也很丰富。不足在于房间地毯太旧，房间隔音效果也不是很好。","train","4624","chnsenticorp-4624"
"chnsenticorp-1748","1","酒店房间很大，比较卫生，但作为三星级酒店价格偏高，比广州北京的三星级酒店的价格高","train","1748","chnsenticorp-1748"
"chnsenticorp-2553","1","说是临湖实际离巢湖太远了.不过总的来说,服务员的服务质量还是不错的,最好的是里面的餐饮,味道不错,比外面的饭店好吃","train","2553","chnsenticorp-2553"
"chnsenticorp-5141","1","坐落在香港的老城区，可以体验香港居民生活，门口交通很方便，如果时间不紧，坐叮当车很好呀！周围有很多小餐馆，早餐就在中远后面的南北嚼吃的，东西很不错。我们定的大床房，挺安静的，总体来说不错。前台结账没有银联！","train","5141","chnsenticorp-5141"
"chnsenticorp-4771","1","真正的海景酒店,房间干净紧凑,与海岸码头为邻,舒适度高,缺憾是靠海的窗开不了,感受不到海风轻拂的滋味,呵呵","train","4771","chnsenticorp-4771"
"chnsenticorp-5247","1","酒店硬件和软件设施都不错,服务也很专业,去香港会经常住这家酒店.","train","5247","chnsenticorp-5247"
"chnsenticorp-1870","1","房间的整洁及服务都不错,人员的训练及接待都很亲切,入住的感觉也很不错","train","1870","chnsenticorp-1870"
"chnsenticorp-4111","1","酒店比较新，设施齐全，交通方便。还是有点贵。补充点评2007年12月25日：好在有公司付账，感觉房间够大，交通方便。","train","4111","chnsenticorp-4111"
"chnsenticorp-5285","1","位置、设施都不错，价格也还可以，就是隔音太差了，被隔壁吵了一晚上","train","5285","chnsenticorp-5285"
"chnsenticorp-3540","1","整体来说感觉还是非常好的.,,宽带免费...服务还算不错...就是地方可能偏了一点...楼下没有出租车打...要出门自己打车麻烦了点...价格可以接受很合理....","train","3540","chnsenticorp-3540"
"chnsenticorp-2984","1","整洁舒适的小酒店。酒店周边环境可给5分了！而且每天进出酒店都可在门前花园里碰到数对新人在拍婚纱照。。。。","train","2984","chnsenticorp-2984"
"chnsenticorp-2914","1","东楼挂2星或准3星合适.房间内卫生间设施差,且面积太小,卫生尚可.饭菜价格能接受,用餐环境好.饭店周边环境好.住店客人可免费游僧冠峰,魁星楼也不过几分钟的路.","train","2914","chnsenticorp-2914"
"chnsenticorp-750","1","房间不是很大，但是卫生间装的很有创意。早餐很好，品种多，而且味道不错，服务人员的态度也很好。","train","750","chnsenticorp-750"
"chnsenticorp-1331","1","新装修的酒店,房间很新很好的,作为万豪的金卡会员,充分享受金卡的待遇,很好.早餐的品种不够丰富.","train","1331","chnsenticorp-1331"
"chnsenticorp-2494","1","在宜昌算是还不错的酒店，大堂也很漂亮，房间都还ok．如果将来来看三峡，应该是不错的选择．不过携程的价格没什么优势，朋友通过当地的公司代定的房间，跟携程的价格相比差了差不多一百块．","train","2494","chnsenticorp-2494"
"chnsenticorp-2163","1","位置优越，出行方便。就是房间较小，床位较小，房间装修较旧，其他方面都不错。","train","2163","chnsenticorp-2163"
"chnsenticorp-1844","1","酒店非常漂亮，去的时候太冷了，我太太生病了，服务员非常贴心，看见我们房间有感冒药，主动给我们送上了热水保温壶，并留了祝福字条，细小的动作感觉很贴心，门前的大草坪的确很棒，放风筝的感觉也很不错！住的是豪华全海景，感觉物有所植，阳台的确很大很舒服！","train","1844","chnsenticorp-1844"
"chnsenticorp-2234","1","位置太偏了,不过有机场接机.总的来说还满好的.可以推荐的酒店之一.补充点评2007年11月6日：离连云港市区有点远,去市区办事的朋友得谨慎点吧.其他无特殊,可以推荐吧","train","2234","chnsenticorp-2234"
"chnsenticorp-287","1","房间设施不错,服务没问题,早餐也不错,直的住,金华没有好选择","train","287","chnsenticorp-287"
"chnsenticorp-2235","1","服务态度很好，当晚中央空调没有开，挺凉的，还好订的标准间，盖了两个被子；早餐可吃的不是太多，价格太贵。","train","2235","chnsenticorp-2235"
"chnsenticorp-1931","1","原本对徐州好的酒店没有什么印象，按照携程的推荐，2次入住了该酒店，发现的确不错，环境优美，设施完善，服务周到，值得推荐。","train","1931","chnsenticorp-1931"
"chnsenticorp-3791","1","酒店可能是新装修的，还算整洁。地处闹市区，交通比较方便，购物也比较方便。也是因为在市中心，所以晚上睡觉不免有噪音。服务人员态度是不错，但对客人询问的关于景点、线路等问题竟回答不上来，应该说业务知识不是很熟。总体还算不错。","train","3791","chnsenticorp-3791"
"chnsenticorp-4312","1","该酒店的环境真的很不错，贵宾楼的房间挺舒服，宾馆的服务也挺好的，坐车好像不是很困难，要出租车时打个电话给服务台，很快就叫到车了．下次到黄石还想住这个酒店！","train","4312","chnsenticorp-4312"
"chnsenticorp-3014","1","不错的一家酒店，交通方便，房间设计简洁。国庆期间房价贵了但送早餐，我想其实是早餐没生意所以打到房价里，美其名说送其实是硬性搭配消费，还不如减房价来得实惠。","train","3014","chnsenticorp-3014"
"chnsenticorp-318","1","酒店环境很好，商务中心很热情．免费接送机服务很好．房间设施尚可，但浴室条件稍差，没有吹风机，热水也要早７：３０时以后才有．而且总说线路繁忙不能刷卡，房费要付现金，不太理解．","train","318","chnsenticorp-318"
"chnsenticorp-1598","1","大床非常舒服,早餐很丰盛,前台业务不熟练,予授权搞错,耽误时间.","train","1598","chnsenticorp-1598"
"chnsenticorp-1153","1","地理位置位置很好，我们订的是主楼的标间，正好在南边，晚上的运河很漂亮。就是房间小了点，电视也不是很清楚。","train","1153","chnsenticorp-1153"
"chnsenticorp-5022","1","很好的酒店,起码四星,服务人员经理等态度非常好,早餐也行.总之性价比满意宾馆反馈2008年3月30日：非常感谢您的光临，您的鼓励是我们工作的动力，真诚期待您的再次光临！","train","5022","chnsenticorp-5022"
"chnsenticorp-2641","1","环境还算可以，房间也算比较干净，因为住的时间短，所以没有特别的感受，服务还是可以接受的，在南三环这样的酒店还不错了。","train","2641","chnsenticorp-2641"
"chnsenticorp-5202","1","设施不新,房间大小适中,都是侧看海景,有无烟层.早餐比较普通,选择不多.","train","5202","chnsenticorp-5202"
"chnsenticorp-3148","1","由于天气预报的不确定性，预定过程中更改了几次时间，都顺利完成。前台服务态度非常好。度假村很气派，环境极佳，可惜我们入住的时候正是下雨天，没能好好享受一下跟美景的亲密接触。","train","3148","chnsenticorp-3148"
"chnsenticorp-65","1","很不错的酒店。虽然离地铁站有一定距离，可是还是挺方便的。房间的床很大很舒服。但是相对的，别的空间就缩小了。。。不过我还是很喜欢那张床。。。早上服务员的声音有些响希望可以改进下","train","65","chnsenticorp-65"
"chnsenticorp-3745","1","酒店很有特色,地点也好,离鲁迅故居非常近.酒店提供火车站接站服务,火车到站30分钟左右打电话过去就能安排人接.这点携程要求提前24小时提供接站时间比较苛刻,每天那么多班火车,也不用提前那么久买火车票的嘛!这点希望携程能改进,不然干脆直接让客人到站前联系酒店就好了.","train","3745","chnsenticorp-3745"
"chnsenticorp-2528","1","1、房间内设施较齐全(有保险柜、电吹风、免费上网)、干净、性价比较高。2、周围日式餐馆较多。建议在标间里增设大床房型、方便单身旅客。","train","2528","chnsenticorp-2528"
"chnsenticorp-1550","1","天津为数不多的还可以的酒店,比喜来登,凯悦好多了.酒吧设施差了点,健身房差了点.","train","1550","chnsenticorp-1550"
"chnsenticorp-2293","1","我是7月上旬去过的，酒店的环境很适合度假。山清水秀，幽静非常。但房间就不敢恭维；一进房首先是地毯的霉味很大很大（我要求换房可是很多标间都一样），令人顶不顺。再有是灯光很暗，和房门锁不牢。还好服务员的服务意识和态度不错。值得安慰","train","2293","chnsenticorp-2293"
"chnsenticorp-1109","1","交通还可以，打车的话，还算方便。房间稍小了些，看上去也比较旧了，同价位的酒店中，在北京不算是很好的。早餐惨不忍睹。。。。门童很热情，赞一个","train","1109","chnsenticorp-1109"
"chnsenticorp-5274","1","房间很大，服务员的态度也很好。只是商场在招商，不是很方便！","train","5274","chnsenticorp-5274"
"chnsenticorp-1658","1","确实是有不断的进步，前台＼礼宾的服务有了明显提高，以后还会继续住在这里！特别感谢的是这次入住商务间收到了一小盒６瓶装食醋口服液，当天晚上喝掉一瓶，余下的原想带走的，由于特殊时期火车上不许带液体，就赠送给了服务员。但还是要谢谢酒店！","train","1658","chnsenticorp-1658"
"chnsenticorp-531","1","我觉得酒店很好，房间很干净，而且包括一些卫浴设施也不错，想的很周到。是个不错的酒店，价钱通过携程也还可以接受，我会推荐朋友入住的。","train","531","chnsenticorp-531"
"chnsenticorp-1290","1","服务好，前台接待员挺热情。环境相当不错，楼下就是公园。早上转了转，看到一群MM在做健美操，意外收获：）早餐比上次好很多，新加的番茄鸡蛋卷很好吃。晚上上网网线太短，打了服务电话不到两分钟一位帅哥拿了一条超长的。心中窃喜：；）一个字“爽”下次还会住！","train","1290","chnsenticorp-1290"
"chnsenticorp-4311","1","房间不错，给我们免费升级到了贵宾楼，服务也很好，就是贵宾楼的出行不方便，坐车要坐宾馆的电瓶车到路口才可以打到车；或者他们宾馆也有车，但是价格是出租车的一倍。总的来说要是贵宾楼平时的价格也在340的话就很不错了。","train","4311","chnsenticorp-4311"
"chnsenticorp-780","1","游泳池在装修，没有事先通知，这点很不好,否则我就不订了","train","780","chnsenticorp-780"
"chnsenticorp-21","1","价格偏高,好象连云港这地方的酒店都偏贵.早饭不好.房间还不错,窗外风景还行.最重要是房间的窗户很隔音.床小,还是明珠万豪的床好些.","train","21","chnsenticorp-21"
"chnsenticorp-1124","1","饭店环境不错，服务良好，门童主动尽职，早餐品种丰富，但房间设施比较陈旧，室内空气不流通有异味，结帐时才得到告知建行龙卡不能完成预受权，害的我第二个星期末预受还没取消。","train","1124","chnsenticorp-1124"
"chnsenticorp-3046","1","在新飞电器旁，周围环境幽静，宽带上网速度快","train","3046","chnsenticorp-3046"
"chnsenticorp-2915","1","酒店环境非常好，但是交通非常不方便,只能打车,或者走到山下坐118路公交也能到中心区和景点.附楼的标准间还是很干净的，200多的价格也很合理,不过,早餐真的是很难吃.而且,服务员的态度确实不好，尤其是前台的服务员.","train","2915","chnsenticorp-2915"
"chnsenticorp-814","1","感觉还不错，虽然不算新也不算豪华。地下一层的桑那按摩（当然应该是独立经营的）骗钱，故意不说要加房间钱。","train","814","chnsenticorp-814"
"chnsenticorp-614","1","1.交通方便，靠近地铁站；2.安静、干净、舒适；3.价格偏贵（房价、餐饮、上网）。","train","614","chnsenticorp-614"
"chnsenticorp-1139","1","房间新装修的,作为万豪的金卡会员,给我升级免费宽带和免费早餐,这点比无锡万怡好很多了.前台的笑脸不多,但和之前相比的话,进步很多了.鼓励一下.","train","1139","chnsenticorp-1139"
"chnsenticorp-815","1","我和家人于5月7日开始入住天府阳光酒店，虽然有一点小误会，但通过携程的沟通很快的得到了解决，对于酒店积极的态度和后来细致入微的服务深感满意。值得一提的是，5月12日地震当天酒店的应急措施及对客人的负责，点点滴滴感受到酒店的温暖。有机会一定要再次入住此酒店，并推荐所有的朋友入住此酒店！","train","815","chnsenticorp-815"
"chnsenticorp-111","1","酒店服务意识很好，很热情，主动介绍酒店的特色。感觉不错。","train","111","chnsenticorp-111"
"chnsenticorp-4048","1","整体看还行，只是相对这个价位，酒店提供的服务还不够。早餐太简易。所谓的湖景不湖景的根本没有区别，因为看不到。","train","4048","chnsenticorp-4048"
"chnsenticorp-2040","1","酒店服务特别棒，虽只是准四星，但性价比友好、马可波罗酒店高。总之是因好的服务让我再次选择这家酒店入住，以后还会继续选择这家酒店。宾馆反馈2008年8月11日：非常感谢您对中山国际的肯定和支持，顾客至上是我们服务的宗旨。衷心期盼您的下次光临，为我们提出更多宝贵的意见和建议。","train","2040","chnsenticorp-2040"
"chnsenticorp-2537","1","该酒店硬件与福州\厦门挂三酒店相比差不多,酒店外围绿化环境比别的酒店要大,停车场很宽阔,最让我满意的是酒店介绍的散客自驾游经济\宽松很适合我们散客自助的需求入住武夷山酒店愉快心情也和这两天的股市大涨分不开的我个人建议大家到武夷山可以考虑入住这家酒店","train","2537","chnsenticorp-2537"
"chnsenticorp-2813","1","每次到杭州出差,我都是住,面的硬施都不,不若能在格上再降的,那就更好了","train","2813","chnsenticorp-2813"
"chnsenticorp-3325","1","这是我帮外国客人订的房间，他们第一次来中国。这样的价钱，这样的酒店，还是很满意的。而且酒店本来就不错。","train","3325","chnsenticorp-3325"
"chnsenticorp-3121","1","正如其他客人所评价的那样，在大同能有这么一家酒店实在不错，房间比较干净，卫生间较小，要命的是洗澡水温度太难调节，忽冷忽热，容易感冒。要是这个问题解决了，这家酒店就更好了。","train","3121","chnsenticorp-3121"
"chnsenticorp-357","1","对本次入住的酒店,感觉很不错,因为我本人蛮注重环境的,每次入住酒店都会查看点评的,所以选了这间酒店,地方也很好找的,我们入住的是395的房间,但是他们给了我们一个价值888的房间给我们体验,真是太舒服了,早餐是价值88元的,很丰富,真的是超赞的,极力推荐!!!!!!!!!!!1","train","357","chnsenticorp-357"
"chnsenticorp-4067","1","我是第一次入住香格里拉，现在距当时入住有一个月了，除了前台的微笑，没有什么更多印象了。。。","train","4067","chnsenticorp-4067"
"chnsenticorp-4880","1","在西宁住过几个酒店，此酒店虽然比起内地的四星级差一些，但在西宁也算是不错的了，价格也不高。房间里东西倒是干净，地毯有点脏。用的是地暖，感觉比空调舒服多了，也没有噪音。安全，周围环境尚可。","train","4880","chnsenticorp-4880"
"chnsenticorp-4406","1","2月26日帮妈订的这个酒店，妈是3月2号离开的。妈说，这个酒店的性价比很高，房间很干净，可以免费宽带上网，价格也不错，服务态度非常不错。因为地处稍微有点偏僻，离店时，酒店服务人员很热情的询问是否要代叫出租；如果不用出租，门口还有公共汽车站，着实的很方便。不错，不错，竭力推荐！！！","train","4406","chnsenticorp-4406"
"chnsenticorp-5275","1","地点位置，交通都不错。房间还可以，下次再来","train","5275","chnsenticorp-5275"
"chnsenticorp-311","1","环境优雅，但蚊子剧多，光被我打死的就有二三十支，漏网者中尚有吞舟之鱼。酒店有接机服务，但所派来的司机向我推荐次日包车一日游，只需150块。然次日方知，此纯为一圈套也，耽误我诸多时间，可气。另外，早餐极差，牛奶是用奶粉冲的，而且连奶粉都舍不得放，稀得跟刷锅水似的。","train","311","chnsenticorp-311"
"chnsenticorp-1032","1","春节期间入住，房价稍高，但还算物有所值。酒店设施完善，房间干净整洁。服务员态度很好，工作热情。地理位置稍为不方便，到中央大街、冰雪大世界、太阳岛等景点打车约为10-20元人民币。从机场前往酒店可坐机场巴士到民航大厦(总站)，再打车约10分钟，10-15元人民币。","train","1032","chnsenticorp-1032"
"chnsenticorp-2488","1","性价比还可以，大堂装修富丽堂皇，房间比较豪华，配套完善！","train","2488","chnsenticorp-2488"
"chnsenticorp-5242","1","感谢以前住过游客的点评，感觉确实不错。比想象中的房间大。卫生干净。离地铁站非常近。酒店的服务也比较到位。酒店内的自助早餐在当地来说比较超值。对面的生记粥品也推荐下，味道不错的。","train","5242","chnsenticorp-5242"
"chnsenticorp-2027","1","我们入住的是家庭房,外部靠山路,本担心会吵,入住后发现窗户隔音还不错,内部环境尚可,早餐一般.卫生间的淋浴出入量挺大,沐浴感受不错.如果连续两天均要去海边,建议住在连岛内.","train","2027","chnsenticorp-2027"
"chnsenticorp-1284","1","4月3日4日住了两天，266元/天包双早，携程的价格一般，前台也能拿到。酒店地理位置很好，步行到个园和瘦西湖都10分钟。早餐也可以，唯一的问题是隔音太差，隔壁房间的动静都听得清楚","train","1284","chnsenticorp-1284"
"chnsenticorp-1471","1","酒店房间太小了性价比不是很好,不过越靠北越是这样,没有办法啊,还是南方的酒店性价比好!","train","1471","chnsenticorp-1471"
"chnsenticorp-2363","1","服务比较好，离海边也很近，附近有好又多，早餐品种不多。","train","2363","chnsenticorp-2363"
"chnsenticorp-265","1","顶的双人房，我们下飞机做大巴，然后打的到的，宾馆外面不怎么杨，里面就不错了，冷气足，房间里面也不错，总体感觉不错，对面就是海鲜一条街，哪个吃的爽的，200块2个人吃的来是走不动了哈哈，酒店有班车直接到香港的，不错哦","train","265","chnsenticorp-265"
"chnsenticorp-332","1","住了一晚，感觉还不错。服务员的态度很热情，房间虽然不大，但是很整洁卫生。最好的一点是位置不错，步行不到5分钟就是机场大巴的上清寺车站，到重庆火车站步行也只需要10分钟左右。特别推荐酒店附近一家齐齐火锅，非常价廉物美。","train","332","chnsenticorp-332"
"chnsenticorp-1873","1","mini套房有惊有喜：惊的是：1床好短，我身高不足1米70，脚已几乎在边缘；2宣传册里的多种选择枕头，竟数不存在，服务小姐讲从来都没有，也不知几时有。。。搞得我一头雾水，那宣传得这么热闹。。。；3卫生间格局太小，设计不够人性化，最糟糕的是下水道的味道刺鼻，让人郁闷","train","1873","chnsenticorp-1873"
"chnsenticorp-338","1","非常不错的一家酒店。没有什么可以挑剔的了。","train","338","chnsenticorp-338"
"chnsenticorp-1674","1","4星级的酒店，环境不错，宽带免费上网速度挺快，早餐也挺丰盛的。报告在郑州4星级的酒店这个价格相对来说还是贵了一点","train","1674","chnsenticorp-1674"
"chnsenticorp-3336","1","服务太差服务太差服务太差服务太差服务太差","train","3336","chnsenticorp-3336"
"chnsenticorp-1859","1","推荐推荐~~!!比亮马河公寓好多了,价格也优惠.","train","1859","chnsenticorp-1859"
"chnsenticorp-3233","1","位置太偏，主要是洗温泉方便。浴室你也可泡。","train","3233","chnsenticorp-3233"
"chnsenticorp-2233","1","设施太旧了,服务也不行,打电话要个插座都推来推去,给四星太勉强了.","train","2233","chnsenticorp-2233"
"chnsenticorp-4189","1","服务态度比较好,很亲切,早餐品种也比较丰富,只是味道不是太好.房间设施一般,毛巾看上去有些陈旧,周围吃饭的地方比较少,因为在开发区,离市区还是有一定距离,总的说来还行.只是济宁这个地方好的酒店也不多,所以相比较而言,这里还值得入住.","train","4189","chnsenticorp-4189"
"chnsenticorp-4137","1","环境不错，前台男服务员态度比女服务员好。早餐不错，不过价格稍为高一些哦","train","4137","chnsenticorp-4137"
"chnsenticorp-4824","1","т腹隔腹タ癸ǐ隔1-3だ牧诀初娩暗诀初ぺぃ25じRMB衡ス惠10だ牧逗ゑ耕Τ","train","4824","chnsenticorp-4824"
"chnsenticorp-2165","1","整体感觉还不错，房间比较干净，服务也比较好，美中不足的是早餐品种较少，这也是山东酒店的通病，只有济南、青岛几家酒店早餐可以，其他普遍都一般。另外酒店略显陈旧。","train","2165","chnsenticorp-2165"
"chnsenticorp-4576","1","地理位置优越，临近步行街和长沙的酒吧一天街，出去玩非常方便。房间空间还不错，早餐马马虎虎","train","4576","chnsenticorp-4576"
"chnsenticorp-229","1","酒店服务不错，本来我订的标间，到了之后我要求换成大床间，酒店爽快的帮我调换了。其他各方面服务也很到位，每天有报纸水果咖啡茶等免费供应。地理位置离市中心也很近。价格吗由于我也没有去别的地方问价格所以就不加评论。总体来说这次还是很满意的。","train","229","chnsenticorp-229"
"chnsenticorp-2980","1","房间4分设施齐备房间大而舒适某些破旧的地方没有修补；环境5分酒店离大马路有段距离晚上几乎听不到噪音地处沙面环境方面在广州能给5分了；服务3分服务印象中规中矩。评定4分另外：可以免费停车但是停车位置过于拥挤；标间3个月前296元现在31X元价钱还算在合理范围但是涨价是不是也需要理由呢","train","2980","chnsenticorp-2980"
"chnsenticorp-210","1","酒店刚刚装修好时我就去住过，时隔一年，已经显得有些旧了，可能维护不够。服务人员态度很好，不过硬件是差一点儿。在郑州这种地方不算是便宜了。早餐不够丰富。","train","210","chnsenticorp-210"
"chnsenticorp-1184","1","个人酒店评价等级：很好；偏好；一般；偏差；很差福州美伦华美达大饭店――偏好详细:A-外观-4.0分B-服务-4.0分C-房间-4.0分D-早餐-4.0分备注：01.原本订的是高级房，免费升级到行政楼层，很满意；02.华美达的一贯风格，简约","train","1184","chnsenticorp-1184"
"chnsenticorp-1263","1","服人度良好安不人商物中心步行10分","train","1263","chnsenticorp-1263"
"chnsenticorp-4098","1","表面给人的感觉不错，很富丽堂皇。房间很大但是服务一般。房间也没有那么干净，和大堂配不上号。而且只是自评的五星。并不是国家承认的。","train","4098","chnsenticorp-4098"
"chnsenticorp-3252","1","普遍都感到满意,只是房内浴室有点漏水及水龙头水力不足roomno.2105","train","3252","chnsenticorp-3252"
"chnsenticorp-4149","1","整体的感觉都很不错，可能是因为公司也在楼上的缘故，觉得很方便。酒店位置在珠海也属于很便利的。","train","4149","chnsenticorp-4149"
"chnsenticorp-4901","1","这次入住真是出乎意料的好。在以往的旅行经历中从来没有这么开心过。1。山庄非常美，房间宽大，设施齐全，而且很新。2。那个胖胖的女服务员非常热心，有求必应。3。寒冷的冬天给准备了电热毯，非常贴心。4。烧烤非常好，很热心的帮助你，还送我们木瓜。^_^","train","4901","chnsenticorp-4901"
"chnsenticorp-3299","1","感觉房间还可以，从设施和布局来看就知道是比较老的酒店了。早餐还算丰盛.宾馆反馈2008年4月19日：感谢您的支持!","train","3299","chnsenticorp-3299"
"chnsenticorp-5058","1","如家的标准装潢，没的说，不过还和楼下的一样的老问题，水温是确实的忽冷忽热，隔音也是确实的惨了点。不过这个价位要求也不能太多了，但好歹下次搞定水温吧，这个应该不难....","train","5058","chnsenticorp-5058"
"chnsenticorp-372","1","坦白说，酒店比我想象中的好。在三星酒店中属于较好的一类。员工的服务意识很强，不象是内地城市。但是，携程的价钱不够有竞争力，在火车站遇到的拉客的导游，可以提供更好的价格（路遇的旅伴尝试了）。","train","372","chnsenticorp-372"
"chnsenticorp-4833","1","酒店门口的路修好了，客房也装修好了，感觉非常不错~~~！新装修的客房比原来的要好很多，很上档次，还赠送很多东西呢~~~比起那个柳州饭店好多了。酒店服务员也很热情~！以后来柳州都住这里。宾馆反馈2008年8月11日：非常感谢您对我酒店的支持与肯定！期待您的下次光临：）","train","4833","chnsenticorp-4833"
"chnsenticorp-2361","1","的确是很好的酒店，环境很不错，其中，床更舒服。","train","2361","chnsenticorp-2361"
"chnsenticorp-727","1","服务态度很好。入住后虽然发生了一件不是很令人愉快的事情,但是由于大堂经理及时的、出人意外的处理方式,让这次的入住有了特别美好的回忆,以后有机会还会选择瑞吉红塔的。","train","727","chnsenticorp-727"
"chnsenticorp-2168","1","在当地绝对算不错的了，处在市中心，地理条件绝佳！交通非常便利！餐厅的德州扒鸡不错@","train","2168","chnsenticorp-2168"
"chnsenticorp-5097","1","房间很干净完全对得起3星的标准服务态度也还可以保安警觉性也满好也满安静的早餐很差不是一般的差除了早餐外其他都满满意的。","train","5097","chnsenticorp-5097"
"chnsenticorp-2735","1","地理位置好，在长春最好的商业街上，晚上购物极为方便。酒店服务不错，我来时客人较多但办理入住蛮快的。进入房间时房间已经开了空调。很好了在长春普通四星级酒店标间都得三百大多了，也都一般。早餐是否可加点品种。","train","2735","chnsenticorp-2735"
"chnsenticorp-892","1","人家特地让我来表扬这里的,价格很便宜,服务很好.房间很好,就是小了点.宾馆反馈2008年5月9日：嘿嘿,多谢您的鼓励,有了您的支持,相信我们会做得更好的！","train","892","chnsenticorp-892"
"chnsenticorp-1616","1","还算不错。要说是4星，设施还差点。不过，泰安酒店普遍不好，这个也算凑合了。","train","1616","chnsenticorp-1616"
"chnsenticorp-2196","1","在泸州算比较好的酒店，临江风景不错。晚上有桑拿部的服务电话，表面上是为住店客人提供优惠按摩服务，20元/人，钟，实际上在“钓鱼”。","train","2196","chnsenticorp-2196"
"chnsenticorp-3197","1","四星级的酒店不错的，服务态度挺好，不是免费提供三餐，只是10块钱一份而已。房间干净、舒适，下次还住这。","train","3197","chnsenticorp-3197"
"chnsenticorp-50","1","入住的时候，恰逢前台的POS机坏了，只能预付现金，有些不便。不过位于一楼的餐厅真是物美价廉，值得一去。","train","50","chnsenticorp-50"
"chnsenticorp-1052","1","不错的酒店.离市中心稍远.但","train","1052","chnsenticorp-1052"
"chnsenticorp-1224","1","位置便利，价格便宜，服务周到，环境幽美！谢谢！","train","1224","chnsenticorp-1224"
"chnsenticorp-2156","1","青山环抱，环境幽雅。服务态度较好，饭菜不贵，味道也不错，水库里的鱼好极了。可以钓鱼，渔友可以带上家伙，多住两天。我这次时间太短，遗憾啊。房间异味较重。","train","2156","chnsenticorp-2156"
"chnsenticorp-3971","1","没想到在那个地方还藏着个五星酒店,我还以为旁边的美隆就算最好的了.住的是促销的398房间,还是比较划算的.下次还住.唯一遗憾的是房间内稍微简单了点.不过discountedprice,cuttingcornersisacceptable,LOL","train","3971","chnsenticorp-3971"
"chnsenticorp-315","1","因为工作关系,每个月都会去住.在金华市区400左右是最好的选择.","train","315","chnsenticorp-315"
"chnsenticorp-2201","1","酒店离海边很近，入住的4楼在房间可以看到海。但离火车站和长途汽车站太远了，交通不太方便。头天问过服务员早上6点左右退房是否需要预定的士，服务员说随时都有的士不用预定，结果第二天早上寒风中在酒店门口等了半天才打到车。","train","2201","chnsenticorp-2201"
"chnsenticorp-277","1","位置一般，服务不错，价格偏高，周围环境比较吵，晚上不容易入睡。","train","277","chnsenticorp-277"
"chnsenticorp-2556","1","服务态度尚可;房间硬件较老;酒店外部环境不错,空气清新,安静.坐落在山坡上.","train","2556","chnsenticorp-2556"
"chnsenticorp-194","1","感觉一般，性价比不太高!checkout比较慢，希望改进","train","194","chnsenticorp-194"
"chnsenticorp-2304","1","非常不错的酒店，环境很不错，就是房间稍微笑了些，但很干净。交通也比较方便宾馆反馈2008年4月14日：欢迎再次光临.","train","2304","chnsenticorp-2304"
"chnsenticorp-2228","1","房间还不错，够大也够舒适（住的是豪华间），服务需要进一步改进，离店居然没人给叫出租车，就没见者门童","train","2228","chnsenticorp-2228"
"chnsenticorp-2463","1","去成都住的较多的酒店之一。行政房不错。普通房间里的设施比较老旧了。出门打车基本要等，现在修地铁，门口改了单行道就更不方便了。","train","2463","chnsenticorp-2463"
"chnsenticorp-2499","1","员工服务好，房间舒适如家，硬件设施应有尽有，保持。","train","2499","chnsenticorp-2499"
"chnsenticorp-4567","1","我住了两次，酒店的地理位置好，卫生干净，服务态度好，交通方便，配备观景电梯可尽览泉州市区全景，唯一缺点是早餐品种单一，早餐价位偏高。","train","4567","chnsenticorp-4567"
"chnsenticorp-3175","1","酒店可能有点年限了所以设施很旧,说是三星可感觉估计也就二星到顶了,服务也很一般,关键是价格和我后来朋友介绍的其他酒店相比差很多哦,以后不会住了!","train","3175","chnsenticorp-3175"
"chnsenticorp-2032","1","有道机场的专车接送，就是价格太高。其他的还可以","train","2032","chnsenticorp-2032"
"chnsenticorp-410","1","地理位置还行，就在县城中心，出行比较方便。而且下面临河，风景也还说得过去。但因为是老酒店了，设备当然很一般。而早餐就惨不忍睹了――居然只有8样，一点不像是三星标准提供的早餐！另外，可能会要求你10点前退房，而不是12点！","train","410","chnsenticorp-410"
"chnsenticorp-4842","1","总体还不错的.房间很大,很干净.价格能再优惠点就好了.","train","4842","chnsenticorp-4842"
"chnsenticorp-3348","1","条件不错,价格也可以.早餐一般,服务还好.性价比还不错的一家酒店,下次还会再去住的.","train","3348","chnsenticorp-3348"
"chnsenticorp-2798","1","环境很好，服务周到，反应迅速，值得称赞。","train","2798","chnsenticorp-2798"
"chnsenticorp-724","1","房间虽小，但很干净的！有点家的感觉，以后还会住！","train","724","chnsenticorp-724"
"chnsenticorp-3174","1","在潮州这样的城市还是不错的.整体性价比.早餐内容也比较丰富.","train","3174","chnsenticorp-3174"
"chnsenticorp-1899","1","酒店太远。环境各方面一般。但房间很大。服务员的态度很好！","train","1899","chnsenticorp-1899"
"chnsenticorp-915","1","因在道大，到中裕住了天，一天是免升的套，一天是豪。施可以，就是冰箱面西可消。最近施工，早上略吵。交通算方便。","train","915","chnsenticorp-915"
"chnsenticorp-3645","1","08年5月2号入住,9号楼真的很不错,房间、走廊都很宽大，感觉很舒服。房间外的花园也很漂亮，吃的就一般拉。晋祠正门外次序混乱，实在没敢停车（本想看看晋祠大正门建筑），旅游环境实在太差。","train","3645","chnsenticorp-3645"
"chnsenticorp-1215","1","上海人是挑剔的，上海做酒店的人更挑剔，老公这2条都占了。在软件，他都挑不出毛病来，还有什么可说的。四星的酒店，设施有点老了，但五星的服务。有机会大家去住一次就知道了，最好开车去，他们有免费给客人洗车的。如果他们能把国际海景城酒店公寓的管理权拿下，那就太完美了。","train","1215","chnsenticorp-1215"
"chnsenticorp-405","1","服务不错啦，不过房间特别是北向房间洗手间反味，建议改进","train","405","chnsenticorp-405"
"chnsenticorp-2438","1","房间干净，服务员很热情！值得一提的是餐厅，很便宜也很实在，呵呵！","train","2438","chnsenticorp-2438"
"chnsenticorp-4394","1","还好了!朋友建议入住的酒店,可以接受了,有机会会尝试其他酒店对比","train","4394","chnsenticorp-4394"
"chnsenticorp-1986","1","客房整洁，服务周到，卫浴稍小，餐饮略贵，整体不错！","train","1986","chnsenticorp-1986"
"chnsenticorp-2176","1","不错的酒店,不过个别房间窗户只有一半,非常压抑.住了第二天赶紧换掉了.游泳池值得一去,比起一般的酒店,这个算是比较大了.不过要走过一小片健身区,路比较滑.有服务生一直在擦干,很辛苦,值得表扬.房价合理,还是值得住的.","train","2176","chnsenticorp-2176"
"chnsenticorp-161","1","去柳州出差不错的选择，尤其是商务房，朝北面的房间夜景不错。宾馆反馈2008年7月31日：非常感谢您对我酒店长期以来的大力支持和关心，我们朝南面的江景客房也很不错哦。此外我酒店按五星级标准装修的24-26楼高层观景客房即将竣工，期待您的光临！！","train","161","chnsenticorp-161"
"chnsenticorp-3091","1","如果浴室的热水系统欠缺，出不了热水，而很缓慢。如能改善热水系统，还是性价比很好的。","train","3091","chnsenticorp-3091"
"chnsenticorp-3849","1","房间有点小。但总的来说还不错，尤其是电话免费、宽带免费。在阜阳应该是最好的了。","train","3849","chnsenticorp-3849"
"chnsenticorp-3727","1","对该酒店还是比较满意的不管在硬件设施还是软件设施上都是不错的和该酒店的星级还是满符合的","train","3727","chnsenticorp-3727"
"chnsenticorp-703","1","住了一次，还算可以。不过携程的房间一向不好","train","703","chnsenticorp-703"
"chnsenticorp-440","1","地理位置优越，服务员态度也相当不错。值得推荐。","train","440","chnsenticorp-440"
"chnsenticorp-1016","1","酒店位置较方便。服务较周到。房间稍显陈旧。房间价格还算合理。","train","1016","chnsenticorp-1016"
"chnsenticorp-4464","1","酒店还比较理想，但是到餐厅就餐不太方便，如果从停车场至大堂有引导标识、客房的灯光亮一些、服务员的服务意识再强一些，可能会更好。可能是水质问题，毛巾显得乌涂涂的，不够白。","train","4464","chnsenticorp-4464"
"chnsenticorp-1349","1","我入住的是单人间（大床）。房间和洗手间不是很大，但一个人完全够用、好用；比较干净、整齐，上网是免费的（计算机需自备）；位于市中心的酒店有这个价位是很不错的，能含早餐就更好。","train","1349","chnsenticorp-1349"
"chnsenticorp-2097","1","非常满意的一家宾馆，入住了五天让我感受不一样的服务。生日有礼，更要感谢中餐部的郑春妹女士，在得知本人身体不佳的情况下，特别送餐到客房很感动，下次到厦门一定还住在这里。谢谢了，谢谢你们的服务！","train","2097","chnsenticorp-2097"
"chnsenticorp-387","1","总的来说还算可以，我在15楼住着，洗澡的水压有些小。其他还可以。就是离龙门石窟有些远，17公里左右。宽带的速度不错。","train","387","chnsenticorp-387"
"chnsenticorp-4663","1","酒店房间挺大，设施还可以，靠市中心很近。但是checkin速度挺慢的，要改进","train","4663","chnsenticorp-4663"
"chnsenticorp-705","1","7月1日，2日入住酒店的豪华海景房，是看了携程的点评后预定的，直面大海，果然很不错。尤其是酒店配套的康乐设施很多，很干净的游泳池，保龄球、高尔夫练习场对住店客人打八折，酒店服务人员态度也很好，儿子特别中意这家酒店，称以后来威海还要入住。就是自助早餐品种较少。","train","705","chnsenticorp-705"
"chnsenticorp-5000","1","确实不错，应该说是超值，实在想不到，在一个县级城市，有这样的酒店。","train","5000","chnsenticorp-5000"
"chnsenticorp-3570","1","这个酒店的淋浴设备不行，更别说没有澡盆了。洗完澡整个厕所都是湿漉漉的。其他方面没有感觉到，不评价了。","train","3570","chnsenticorp-3570"
"chnsenticorp-2484","1","总体不错，窗外就是江，周围吃的也很多。（乐山人民有些不友好，当心敲诈，吃东西最好多走几家问问价。）要的是180的标间，房间空间很大，虽然有些成就，不过也算对得起他的价格了，早餐没吃，送了两瓶小矿泉水，不够喝，建议换小桶装的。","train","2484","chnsenticorp-2484"
"chnsenticorp-4887","1","在市中心，逛街吃饭都挺方便。服务不错，标间设施略旧。","train","4887","chnsenticorp-4887"
"chnsenticorp-2266","1","大堂竟然没有电源插孔可以充电，服务还算可以，但是服务的意识还是有点欠缺。。。","train","2266","chnsenticorp-2266"
"chnsenticorp-613","1","同样价格的行政楼层房间有大有小，需要注意。洗手间装修布置的很舒适漂亮，有淋浴和浴缸，还有透光窗子。房间内部还算比较大，服务比较好！总体感觉还是不错的。在这里住宿的老外很多。","train","613","chnsenticorp-613"
"chnsenticorp-1615","1","嗯嗯，基本满意，只是对和我同去的老外分到的房间就比我N大有点不爽。浴缸的落水坏掉了，只能淋浴。不过来修的倒是挺快，虽然米有完全解决问题，至少还是很积极滴。","train","1615","chnsenticorp-1615"
"chnsenticorp-502","1","服务态度比较好，愿意听取客户所提出意见，290元的房间设施还可以，房间空间稍微小了些，早餐比较一般，按道理4星级应该会好些，别的4星级也住过，","train","502","chnsenticorp-502"
"chnsenticorp-1655","1","酒店地理条件还算优越,出门就是景点,不过到处弥漫着消毒水的味道,心情实在是好不到哪里去...价格也太贵了点...","train","1655","chnsenticorp-1655"
"chnsenticorp-2230","1","酒店地理位置很好，就在王府井，交通方便。但由于历史旧了点，所以有点旧。看个人需要了。","train","2230","chnsenticorp-2230"
"chnsenticorp-2246","1","非常不错的酒店交通方便只是服务有待改进","train","2246","chnsenticorp-2246"
"chnsenticorp-2403","1","房间设施很不错，可是不知道为什么，房间内只有一个可以用的插座。比如，我用电脑的话，就不能给手机充电，很奇怪。你一定要和服务员拿排插才可以。","train","2403","chnsenticorp-2403"
"chnsenticorp-2392","1","感觉该店的服务非常好,我凌晨三点从客户那儿回来打不到车请他们帮忙叫一辆出租车过来,结果他们不但叫了车过来,还有一位大堂副理也随车过来接我了(可能因为我是女生吧).总之我很满意.早餐还有我爱吃的黄桃.^_^","train","2392","chnsenticorp-2392"
"chnsenticorp-797","1","因为之前查看了携程的点评，所以对这家酒店的期望值并不高。但入住以后总体来说感觉还可以，虽说照五星级还有差距，但在吉林应该可以接受。酒店周围好像没什么合适的饭店，最后还是在酒店吃了巴西烤肉自助，比其他地方贵些88元/位，水平一般。还有一个就是卫生间确实小。","train","797","chnsenticorp-797"
"chnsenticorp-2331","1","我住过不少上海和北京的如家酒店,但上海浦东的张江和美酒店是我住过的如家酒店中我见过的最好的一家,房间宽大、干净，楼下餐厅的饭菜也不错，尤其是10元钱的早餐，决不比四星级酒店差，因在开发区，交通不太方便，周边也没有什么服务设施，所以这里适合来开发区出差的人住，比较安静。","train","2331","chnsenticorp-2331"
"chnsenticorp-493","1","1.大堂前台服务快捷，效率高。2.客房层和房间空气不好，通风不良。3.房间干净，但是陈设和配置过于简陋。4.三楼餐厅早餐品种尚可，服务欠培训，二星水准。5.二楼餐厅菜谱海鲜丰富，但是素菜类品种太少。感觉一般般喽，不如隔壁的金雁。","train","493","chnsenticorp-493"
"chnsenticorp-3660","1","家庭间不错，空间大，干净清洁，但浴室空间小了点。整体来说，是很好的一家酒店。酒店靠近立交桥，怕吵的人，可要挑好位置的房间。","train","3660","chnsenticorp-3660"
"chnsenticorp-936","1","游泳池和洗浴中心在一起，感觉怪怪。不如郑州的皇冠，中国特色十分浓烈的东西还是跟西方连锁酒店的品牌分开好","train","936","chnsenticorp-936"
"chnsenticorp-71","1","非常不错的酒店，依山傍水，里面大片森林，散散步很不错，坐在湖边也休息也是不错的选择；房间很幽静，房间的设施很好，服务员态度也很好。","train","71","chnsenticorp-71"
"chnsenticorp-2894","1","房间还算干净,服务员服务尚可,2星标准差不多就这样.","train","2894","chnsenticorp-2894"
"chnsenticorp-5091","1","酒店环境一流，房间也很令人满意，舒适、干净、卫生，只是楼下的中餐厅收费比较高，在房间打电话去旁边的夜总会还要收电话费，有点那个...不过总体感觉还是对得上五星标准。","train","5091","chnsenticorp-5091"
"chnsenticorp-3514","1","这是我出门住过的性价比最高的酒店了～～～服务很好，房间也没漂亮，开开窗就是滨河路的景色～美中不足的就是酒店大概有KTV包房，晚上12点前在房间里都能听到好大声音的音乐……其他的服务简直好极了～以后希望还能入住。呵呵就是莱西地方太小了","train","3514","chnsenticorp-3514"
"chnsenticorp-3168","1","新装修，比较干净；房间内有免费上网。自助早餐38元，有点贵，但有不少本地小吃。价格在当地不算便宜。离市中心不远，但是打的士并不方便。总体感觉还是很不错的酒店。","train","3168","chnsenticorp-3168"
"chnsenticorp-4758","1","很值得推荐的酒店，四星级，价格公道，童叟无欺，四星级的标准，三星级的价格，房间里铺了很不错的地毯，网络很通畅，不像某些酒店谎称“网络中毒”而不让上宽带，连好一点的借口都不会找！","train","4758","chnsenticorp-4758"
"chnsenticorp-1379","1","店客房很不错，位置也很好，就在万象城背后，晚上到万象城逛非常方便，交通很便利。","train","1379","chnsenticorp-1379"
"chnsenticorp-1355","1","入住的是商务大床房，是最贵的房型了。但一打开门，天，温差起码15度！房间里竟然是壁挂空调！因为只是晚上去休息，早上出门时想了想，还是把空调全关了。","train","1355","chnsenticorp-1355"
"chnsenticorp-343","1","电视太小了，字幕都无法看清，服务人员还是很不错的。前台的MM态度都很好","train","343","chnsenticorp-343"
"chnsenticorp-363","1","总的来说还是不错的,但服务的态度和水准有待进一步提高","train","363","chnsenticorp-363"
"chnsenticorp-1861","1","酒店比较老，设施一般，但是服务相当好，价格也比较合理。值得推荐。","train","1861","chnsenticorp-1861"
"chnsenticorp-578","1","酒店就在人民大街上，各方面感觉还算满意，不过长春同等价位应该还有更多更好的选择，酒店性价比不算高。","train","578","chnsenticorp-578"
"chnsenticorp-2433","1","交通方便，对面就是国美电器。出入的车辆比较多，又刚好处于路口，所以有点混乱。5楼可以喝晚茶，估计因为这样，所以大堂里面进出的人比较多，显得有点嘈杂。电梯的配置不是很好！","train","2433","chnsenticorp-2433"
"chnsenticorp-3324","1","每次去都是住这家酒店，决定环境很棒，服务也非常到位，性价比不错，而且经常会有意外惊喜的upgrade!","train","3324","chnsenticorp-3324"
"chnsenticorp-5010","1","酒店的位置很好.住的L600豪华房,房间非常好,浴室很大,洗漱用品很有档次.服务也是一流的.性价比很高.礼宾部的boy服务很到位.","train","5010","chnsenticorp-5010"
"chnsenticorp-20","1","闹中取静的一个地方，在窗前能看到不错的风景。酒店价格的确有些偏高","train","20","chnsenticorp-20"
"chnsenticorp-199","1","除了停车不是很方便，其他的都还不错的，服务质量也很高，市中心的环境也很吸引人，还不错的！","train","199","chnsenticorp-199"
"chnsenticorp-5265","1","我是十月二号住的，各方面的设施还不错，离太古城很近还有酒店免费BUS，值的！","train","5265","chnsenticorp-5265"
"chnsenticorp-1473","1","携程只能订到老楼，贵宾楼订不到。前台服务员给我做了升级，升至豪华房。装修有点老了。不过太仓本来就没什么好酒店，也就这家是五星级的了","train","1473","chnsenticorp-1473"
"chnsenticorp-1476","1","酒店的服务是不错的，但是硬件不够五星标准，什么都要再收费。晚上的自助餐很值，酒店去市中心的巴士也很方面。如果在住上不想花太多的钱，可以考虑！","train","1476","chnsenticorp-1476"
"chnsenticorp-2521","1","不错,变成常驻京酒店了,就是餐厅的餐太贵","train","2521","chnsenticorp-2521"
"chnsenticorp-3851","1","一家不错的宾馆.只是缺少冰箱硬件设施还未达到三星标准,但总的来说还是可以的.性价比还是可以,值得推荐.我对协程的服一直是感到满意的.","train","3851","chnsenticorp-3851"
"chnsenticorp-2101","1","环境安静，空气好，交通也还算方便，但是房间旧了点，早上自助餐一般","train","2101","chnsenticorp-2101"
"chnsenticorp-3098","1","酒店房间设施不错，服务太差（也许是主要服务团体会议的原因，对个人不是服务很热情）。跟携程要求不是一楼，去房间一看还是一楼。地理位置不好，要出租车很不方便，叫车￥20起单程。大理包一天车才￥150（13988505869李，我们用了两天，服务很好。）。不过泡着温泉，也不是太想计较。","train","3098","chnsenticorp-3098"
"chnsenticorp-1134","1","与几月前相比变化不大用餐便捷实惠客房干净整洁","train","1134","chnsenticorp-1134"
"chnsenticorp-968","1","比较适合国内客。一楼餐厅风格上有点南洋的味道","train","968","chnsenticorp-968"
"chnsenticorp-2672","1","对从郑州市以外的其他城市前往机场搭早班机的客人是个不错的选择，专车随叫随发，非常方便，房间干净。特别是没有“按摩”的骚扰电话，有助客人安静休息。补充点评2007年12月22日：先期入住是有骚扰电话，并在携程网上点评，不知是不是因此而有所改善。","train","2672","chnsenticorp-2672"
"chnsenticorp-5054","1","酒店环境不错,很安全,房间也很干净.不过不够豪华,最多评三星,价格偏贵.早餐品种太少.","train","5054","chnsenticorp-5054"
"chnsenticorp-3045","1","就这个价格来说酒店已经非常好了。不过携程把地址写成以前的路名了，害得我的车载GPS把我往相反方向带了5KM，开到了一片待拆迁的地方，像个鬼街。把一车人都吓得不清。（当时是晚上9点多）。建议取消以前的地名，直接用现在的路名。","train","3045","chnsenticorp-3045"
"chnsenticorp-208","1","1.预定标准间，抵达后，由于没有房间，免费升级到套房。赞一个2.房间很安静3.位于郑州比较靠西的位置，如果主要在东部活动，需要考虑交通问题。免费注册网站导航宾馆索引服务说明关于携程诚聘英才代理合作广告业务联系我们Copyright1999-2008,ctrip.com.allrightsreserved.","train","208","chnsenticorp-208"
"chnsenticorp-5280","1","酒店还是非常的不错，我预定的是套间，服务非常好，随叫随到，结帐非常快。顺便提一句，这个酒店三楼是一个高级KTV，里面的服务小姐非常的漂亮，有机会去看看。","train","5280","chnsenticorp-5280"
"chnsenticorp-1190","1","广泛看了网上的点评，最后选择了这家酒店，3楼的商务海景标间，景色确实一流，就是隔音效果差了点，原来还准备选海天，实地一看才知道原来是竖着对海，房间都是侧看海。前台听说是协程的客人，有点冷淡。大眼睛的大堂经理确实好！","train","1190","chnsenticorp-1190"
"chnsenticorp-2211","1","喜欢~下次还去~","train","2211","chnsenticorp-2211"
"chnsenticorp-5113","1","非常好的位置，便于交通，面对星湖。地毯很厚实，感觉不错。","train","5113","chnsenticorp-5113"
"chnsenticorp-4814","1","房间还可以的，很干净，就是没啥吃的，除了面条就是面条。","train","4814","chnsenticorp-4814"
"chnsenticorp-3202","1","淮南金茂国际酒店，在淮南应该算是不错的酒店了，房间里茶几上的淮南地图很有特色，给人一种温馨的感觉。地下一层的乒乓球房，设施不错，住店客人每次10元，练练手很好。其它几方面都可以。唯一的不便――地理位置较偏，出去需要打的。好在淮南的出租车起步价4~5元，便宜！","train","3202","chnsenticorp-3202"
"chnsenticorp-3543","1","酒店地理位置距离南陀岛海洋浴场很近，服务质量优良，大堂的自助晚餐超值优惠，值得一去。房间设施舒适，宽敞。","train","3543","chnsenticorp-3543"
"chnsenticorp-203","1","服务不错，服务员态度也很友善。最赞的是房间够大。。写字台的布局很好。交通也很方便，周围也很热闹，步行10分钟到中闽百汇顶楼的大排挡吃饭，很便宜。味道也不错。唯一不足就是早餐收得有点早。","train","203","chnsenticorp-203"
"chnsenticorp-1909","1","称作4星，有点牵强，不过酒店下面的朝鲜料理还可以，还有歌舞，的确不错。想感受一下朝鲜风格，还是可以一试的。","train","1909","chnsenticorp-1909"
"chnsenticorp-209","1","总的来说很满意。距离市中心稍微有点儿远，房间干净，整洁。我住的大床房，面积稍小。服务很好，帮我免费洗了内衣，每天送水果（2个香蕉加2个苹果），服务员很有礼貌。缺点是早餐不丰富，1楼的餐厅价格太高。","train","209","chnsenticorp-209"
"chnsenticorp-3657","1","早餐是免费的，酒店不错了，价格好啊，设备有点老式。我感觉挺满意的了","train","3657","chnsenticorp-3657"
"chnsenticorp-943","1","比想象中要好.呵呵.服务热情周到.客房舒适.就是早餐品种稍微少了点.住店客人停车要30元/晚.不太划算.","train","943","chnsenticorp-943"
"chnsenticorp-5132","1","感觉没有说的那么好！海景也一般，给我安排的是很偏的海景房！房间给升级了，不过是吸烟房间，晚上回去发现问题严重，后来给安排了1台空气净化器，问题算是解决了。房间很大，不过形状不好不实用，到是挺适合加床的！装修和配置一般，不能算豪华了！班车很方便四周也比较安静，商业一般！","train","5132","chnsenticorp-5132"
"chnsenticorp-5011","1","酒店房间还不错，服务业周到。可以免洗件衣服。就是和前台价一样","train","5011","chnsenticorp-5011"
"chnsenticorp-4666","1","酒店整体环境感觉不错,服务态度好,除了卧室太小,房间内的两个床挨得太近,几乎可以滚到一块外,整体感觉都不错.","train","4666","chnsenticorp-4666"
"chnsenticorp-3341","1","有很长时间没有在西藏大厦住了，以前去北京在这里住的较多。这次住进来发现换了液晶电视，但网络不是很好，他们自己说是收费的原因造成的。其它还好。","train","3341","chnsenticorp-3341"
"chnsenticorp-1144","1","酒店还可以，早餐也不错，值得推荐，若价格能再低点就更好了。","train","1144","chnsenticorp-1144"
"chnsenticorp-2099","1","酒店真的不错，就是早餐都是韩式的有点怪。","train","2099","chnsenticorp-2099"
"chnsenticorp-4462","1","非常不错的酒店。宽带免费，早餐还有武汉特产的热干面和豆皮供应，赞一个。","train","4462","chnsenticorp-4462"
"chnsenticorp-893","1","服务热情,环境也不错,喜欢,就是周围商家不多,吃饭的地方少.宾馆反馈2008年4月15日：感谢您对我们服务的肯定，期待您的再次光临。","train","893","chnsenticorp-893"
"chnsenticorp-1405","1","硬件很好，我的外国朋友很满意，就是房价分类比较复杂。","train","1405","chnsenticorp-1405"
"chnsenticorp-207","1","酒店门口时条单行道，外出有些不方便！其他还行","train","207","chnsenticorp-207"
"chnsenticorp-5156","1","地理位置不错,房间在香港来说,算大的,特别是卫生间很大,硬件比较旧.住这里只是涂个方便.只是这次的时机不对,遇上会展,价格大概别平时贵上2-3倍哦.平时的话,2000多能","train","5156","chnsenticorp-5156"
"chnsenticorp-2505","1","参加展会的首选！从机场坐磁悬浮到龙阳站下了再往前走500米就到了，记得06年参加展会时，在龙阳站下车后，打的没人愿意拉（现在才知道原因），后来有个人拉了，不知绕到什么地方后又绕回来，怎么各地的司机给人的感觉都一个样呢？","train","2505","chnsenticorp-2505"
"chnsenticorp-2504","1","10月17日入住，总体感觉可以，离景区较远，正好可以从西塘政治中心一路走到老镇，感受岁月变化，也算与时俱进。如果热，服务员可以提供电扇，还是美的牌哦！","train","2504","chnsenticorp-2504"
"chnsenticorp-4","1","早餐太差，无论去多少人，那边也不加食品的。酒店应该重视一下这个问题了。房间本身很好。","train","4","chnsenticorp-4"
"chnsenticorp-2665","1","酒店服务人员服务好,交通方便,价格适中,房间一般,缺点是早餐比较差,还要10元/人.","train","2665","chnsenticorp-2665"
"chnsenticorp-5153","1","房间虽小五脏具全，我们住的是海景房，需要另加400块，不住海景房在那儿住就没意义了。早上在中餐厅的早茶比较惬意可口。周边逛街比较方便。","train","5153","chnsenticorp-5153"
"chnsenticorp-3505","1","各项服务非常周到，前台人员热情，楼层服务人员周到细致，房间送餐服务快捷味美！","train","3505","chnsenticorp-3505"
"chnsenticorp-1237","1","还是不错的，交通也比较方便.总的来说还是可以的","train","1237","chnsenticorp-1237"
"chnsenticorp-329","1","酒店大堂很大，显的很气派，服务也不错，我们是半夜将近12点到的，前台服务人员仍然很热情，速度也很快，房间设施很好，我们的窗下就是酒店的餐厅，服务员仍然提示晚上要关好窗，不知为何，难道真的那么不安全吗，我们听从了劝告....","train","329","chnsenticorp-329"
"chnsenticorp-4642","1","酒店单人房间很大，属于一室一厅。虽然装修较旧，但各方面还算不错。早餐也很好，西式的氛围。只是前台的服务稍差。办理入住时就看他一个人在那里白胡了。一点也不专业。","train","4642","chnsenticorp-4642"
"chnsenticorp-2765","1","我个人认为还是一间过得去的酒店，但是和其五星标准相比还有一定差距，主要是房间内设施比较陈旧。","train","2765","chnsenticorp-2765"
"chnsenticorp-3114","1","住的是特特特大的床，6楼，两张床拼起来的。酒店的服务很好，就连我要水果刀吃水果，他们也立刻送来。很不错的地段，觉得性价比很高。就是晚上夜总会太吵，如果晚上电梯经过3楼停下，一开门就是很吵的音乐。","train","3114","chnsenticorp-3114"
"chnsenticorp-1671","1","位置好，房间大，服务到位，是商务和出差的首选。","train","1671","chnsenticorp-1671"
"chnsenticorp-3503","1","酒店很不错！大堂气派宽敞，房间挺大。服务一般，再也不是没普间升豪间了，我早上去得早只能等别人退房。普间没早餐。桑拿按摩VIP还可以，服务不想有些地方只想着快点结束，快点付钱，朋友说物有所值。","train","3503","chnsenticorp-3503"
"chnsenticorp-3165","1","不知道为什么用CTRIP订的房价比自己去的要贵20门，，，，等待答复","train","3165","chnsenticorp-3165"
"chnsenticorp-3150","1","绝对是天津最好的五星级酒店，无愧于万豪的品牌！我住过两次，感觉都非常好。非常喜欢酒店配备的CD机，遥控窗帘，卫生间电动百页窗。早餐也非常好，品种多品质好。能在早餐吃到寿司的酒店不多，我喜欢这里的大堂，很有三亚万豪的风范！","train","3150","chnsenticorp-3150"
"chnsenticorp-4617","1","除了离机场近,没什么可说的了.应该没有5星的.","train","4617","chnsenticorp-4617"
"chnsenticorp-836","1","地理位置比较便捷，逛街、旅游、办事都比较方便。老的宾馆新装修改的，房间内的设施简洁、干净，但宾馆整体建筑设施比较陈旧。","train","836","chnsenticorp-836"
"chnsenticorp-544","1","就是隔音比较差，房间外人说话一清二楚。其他都可以，在赣州都敢有什么奢求了","train","544","chnsenticorp-544"
"chnsenticorp-2987","1","非常不错的酒店，房间虽然不大但很精致，落地玻璃墙感觉视线宽阔。酒店服务也很到位，客房服务也很周到。购物、出游交通极为方便。下次去还会选择该酒店。","train","2987","chnsenticorp-2987"
"chnsenticorp-2832","1","性价比特高,值得推荐.有机会到深圳我还会订该酒店","train","2832","chnsenticorp-2832"
"chnsenticorp-1532","1","酒店位置不错，在市中心最热闹的地方，购物和吃饭都很方便。标房房间比较小，卫生间台盆下水有点慢，其它都不错。","train","1532","chnsenticorp-1532"
"chnsenticorp-1597","1","在宽带和早餐服务方面略有不快，好在大堂经理和餐厅领班及时出面解决了问题。我住的是豪华大床房，房间宽敞、布局合理，很不错。总的来说很满意。","train","1597","chnsenticorp-1597"
"chnsenticorp-566","1","装修不错，都是新的。服务非常好，很细心周到。在保定，中银的服务给我留下最深刻的印象。然后早餐是自助餐，种类非常多质量也很好。宾馆周边交通也挺方便，宾馆对面就是保定市政府。","train","566","chnsenticorp-566"
"chnsenticorp-2929","1","酒店给我感觉还好，服务、房间硬件环境都过得去，只是卫生间超小，不像5星。另外电梯慢的要死，汗。。。旁边的韩国料理实在让人大失所望，环境、味道还不如北京的汉拿山。","train","2929","chnsenticorp-2929"
"chnsenticorp-792","1","改了招牌以后第一次光顾,感觉没啥变化.自助早餐涨价了不少宾馆反馈2008年8月8日：感谢您对本酒店的支持！我们将一如既往地保持5星级的服务标准，欢迎您再次下榻，衷心祝您身体健康，工作顺利!","train","792","chnsenticorp-792"
"chnsenticorp-4252","1","位置不错...到八万人体育场也不远..就是高层公寓吧，服务没什么特别的因为都没带酒店里，呵呵","train","4252","chnsenticorp-4252"
"chnsenticorp-4418","1","由于公司就在旁边，这是我在香港住的最多的酒店，总体感觉非常的好，无论是硬件还是软件都无可挑剔，房间看出去一半是山一半是海，美不胜收。","train","4418","chnsenticorp-4418"
"chnsenticorp-444","1","总台小姐凌晨0：30打电话询问房卡之事，惊扰本人美梦，使我一夜未眠，区区小事，为何不能次日早晨与我联系，服务欠周到，尚需改进","train","444","chnsenticorp-444"
"chnsenticorp-1871","1","很不错的感觉，不过只住了一天。很有品位。","train","1871","chnsenticorp-1871"
"chnsenticorp-3378","1","总体感觉还算不错环境也还算可以下次有机会可能还来","train","3378","chnsenticorp-3378"
"chnsenticorp-2466","1","酒店环境不错，不过饭店什么的很贵，稍稍消费就要1000元左右。江景房的视野开阔，很漂亮。他们有的是室外泳池，有2-3个池，很大，很干净，后悔没有带泳裤。","train","2466","chnsenticorp-2466"
"chnsenticorp-83","1","很安静，周围环境不错。交通较便捷。但周围娱乐设施，或者饮食之处不多。","train","83","chnsenticorp-83"
"chnsenticorp-2772","1","很气派的酒店群。房间够大。唯一一点不足的地方是一个冷气口直接对着一张床！然后，酒店的早餐很少。而且，会在酒店里迷路。哈哈，因为太大了。","train","2772","chnsenticorp-2772"
"chnsenticorp-1526","1","总的来说都不错，我住了很久．ＰＳ：总台有个男接待员态度不是很好．．宾馆反馈2008年8月4日：尊敬的宾客您好！非常感谢您对酒店的意见和支持，我们会加强培训，努力为每一位客人营造一个家外之家，期待您的再次光临！","train","1526","chnsenticorp-1526"
"chnsenticorp-5167","1","酒店环境、设施不错，空间比较大，有液晶电视，这个价格在香港应该还算不错的。交通也还算方便，bus比较方便，不过离地铁好像比较远。不过在香港如果5个人拼出租车是很算的（香港的出租车可以坐5个人）。周边也比较热闹。不错的选择。","train","5167","chnsenticorp-5167"
"chnsenticorp-4292","1","总体感觉还可以，对得起它的星级。房间比较大，就是卫生间太小，不太相称。","train","4292","chnsenticorp-4292"
"chnsenticorp-851","1","连着住了两次燕山，感觉整体环境还可以，只是房间里的配置比其他城市的四星宾馆差不少！竟然连吹风机都没有！卫生间里分别有淋浴间和浴盆，这点设计比较善解人意！","train","851","chnsenticorp-851"
"chnsenticorp-2067","1","地理位置有点偏,出行除打车外不是很方便,离地铁站也有点距离","train","2067","chnsenticorp-2067"
"chnsenticorp-2428","1","这是第二次入住此酒店了，感觉酒店总体比较好，服务生档次层次不齐，有的很有礼貌，有的根本当没你这个人~~~房间没冰箱是一个比较遗憾的地方","train","2428","chnsenticorp-2428"
"chnsenticorp-90","1","酒店位置离火车站很近，走路10分钟不到就能到。。。服务不错，有送果篮，但是部分水果有点烂烂的。。。我觉得既然要送，就送好一点的，不然干脆就别送了。。。酒店整体不错，房间也很好。。","train","90","chnsenticorp-90"
"chnsenticorp-2174","1","房间比较一般,可能是去的晚了.盘锦的酒店普遍一般.周围环境还凑合,关键是离长途汽车站比较近,还是比较方便的,其他没有什么突出的地方.","train","2174","chnsenticorp-2174"
"chnsenticorp-4331","1","地理位置不错，紧挨老街，酒店外观很有特色，房间小，但是古色古香，早餐一般，可以接受，总的来说房间价格公道。如果毛巾和被褥质量好些就更好了。","train","4331","chnsenticorp-4331"
"chnsenticorp-261","1","早餐很好,位置算不错,打车到火车站要十几员吧","train","261","chnsenticorp-261"
"chnsenticorp-2651","1","酒店离徽杭高速出口很近，很容易找到的，离黄山市中心也不远的","train","2651","chnsenticorp-2651"
"chnsenticorp-2238","1","各方面都还行.只是可能因价格便宜,客人素质较差.常有在走廊上大呼小叫.","train","2238","chnsenticorp-2238"
"chnsenticorp-2483","1","去了很多次了，管理依然一般，硬件虽好也开始陈旧了，最大的优势就是价格，可别丢了","train","2483","chnsenticorp-2483"
"chnsenticorp-2572","1","酒店的硬件我觉得很满意,总体来说比那个叫玉华苑的酒店好多了呢!个方面都蛮方便,不过服务方面要加大改进!!!!!!!!","train","2572","chnsenticorp-2572"
"chnsenticorp-4885","1","总算可以免费上网了～经过3年的营运，价格在不断攀升，硬件多少在退化，服务还是一如既往。呵呵，从性价比角度看有待商榷喽......补充点评2007年12月17日：房间内的温度是可以调节的，冬季里一般我都建议服务员给锁定在24度自动控制状态，没有那么干燥，感觉很舒服。","train","4885","chnsenticorp-4885"
"chnsenticorp-3808","1","环境很好，早餐也不错，服务一般般，房间设施一般般。不满意的一点是对携程预订的，喜欢安排在位置不太好的房间，这好像已成许多宾馆的通病了^o^，携程的公关部门需要加强。","train","3808","chnsenticorp-3808"
"chnsenticorp-3634","1","房间服务还可以，只是离展馆有点远。在广交会期间，价格高也可以理解","train","3634","chnsenticorp-3634"
"chnsenticorp-4941","1","在开发区，地理位置不错，很好找。比起市区的五星级酒店硬件上稍差，但还算干净舒适，考虑到价格比市区便宜，性价比还可以啦。旁边就有购物中心和餐饮街，购物、吃饭都很方便。","train","4941","chnsenticorp-4941"
"chnsenticorp-53","1","虽然表面看很一般,但里面装修还是很精致的,住着干净,舒服;以后去宜兴首选还是宜兴宾馆!","train","53","chnsenticorp-53"
"chnsenticorp-1030","1","春节期间去住了3个晚上。第一天前台给安排在2305（大床），房间在同层是最小的。第二天在我的要求下换了。总的感觉硬件一般，较旧，显得房价偏贵。房间地毯不少斑迹。酒店位置不错。服务很好，早餐也还可以。","train","1030","chnsenticorp-1030"
"chnsenticorp-3821","1","酒店离市中心虽然远,但门口就是地铁站,对与没车或不喜欢坐出租车的朋友来说是个好地方.酒店房间设施不错,我定的是大床房,感觉很舒服.","train","3821","chnsenticorp-3821"
"chnsenticorp-4370","1","元旦住的，被升级到豪华美居，两边都不错，瑕疵是两边的洗手间顶都不吸水，如果水温高洗澡时间长一点的话的水蒸汽会滴到头上的啊。两边下水都慢~~","train","4370","chnsenticorp-4370"
"chnsenticorp-1769","1","很好，就是早餐需要改进，希望增加房间上网","train","1769","chnsenticorp-1769"
"chnsenticorp-3804","1","地段不是很理想，虽然距火车站不远，但走路还有一段距离，打车又不容易打到，许多出租都不愿去车站。另外由于大堂餐厅承包给了个人，所以自助早餐只能在大堂咖啡厅内，设施不完善，品种也少。","train","3804","chnsenticorp-3804"
"chnsenticorp-2583","1","我是12月去的，环境很好，豪华的海景房，从阳台望出去就是海月广场，晚上的景色更美，广场上很热闹。还有特产超市，买东西也很方面。","train","2583","chnsenticorp-2583"
"chnsenticorp-1665","1","再次入住该酒店,令我有种涣然一新的感觉,入住了新装修的房间感觉不错,服务也很好,早餐也比较丰富,下次我还是要住请水湾!","train","1665","chnsenticorp-1665"
"chnsenticorp-1043","1","酒店的地理位置距离地铁很近，从火车站出来较为方便，入住的当天因为我们定的普通房间满了，所以免费升级到了高级客房，室内配电脑的那种，可以免费上网。不过楼下的茶餐厅的服务差了点，见到外地人就不让点花茶（2元），一定要点其它的茶水（8元）。","train","1043","chnsenticorp-1043"
"chnsenticorp-1205","1","入住的是套房，整体布局和装修等等都还满意。这里的书吧设施很好，携程订的客户都可以免费使用，酒店离我们办事的地点比较近，因同事提出去吃当地风味小吃，前台服务员挺热情推荐几个特色地方，整体酒店的地理位置和氛围都还不错的。","train","1205","chnsenticorp-1205"
"chnsenticorp-164","1","相对于这个价位的酒店来说,还是非常好的.房间不大但是很干净,洗手间的设施也做的很有诚意.水龙头水很大,洗得很舒服.早餐品种不多,但居然还是自助餐.厨房连着餐厅,服务员做好的食物就拿出来,看上挺温馨的,真的有一点家的感觉.就是房间隔音效果不好.","train","164","chnsenticorp-164"
"chnsenticorp-3255","1","已经评价过一次这个饭店了，每次到开平都是住在这里。这次去，好像服务员换了，原来熟悉的面孔少见了。房间里面的电话不好使，发现后马上更换了。希望提醒一下注意服务质量，因为对这家饭店原来一直十分满意的。","train","3255","chnsenticorp-3255"
"chnsenticorp-3460","1","整体不错，性价比较高。没有啥特色，从房间到周围环境以及服务，只能用“标准”俩字形容。38的自助餐有些不值。","train","3460","chnsenticorp-3460"
"chnsenticorp-1679","1","关于1元的保险费，钱虽少但你应该事先告知，哪有强买强卖的，因为赶时间所以就没计较，有时间一点好好理论一下。","train","1679","chnsenticorp-1679"
"chnsenticorp-2648","1","性价比还不错,288含早.比山下的所谓外资汤口宾馆好多了.汤口宾馆居然用餐还收10%的服务费.价高量少.强烈BS黄山脚下的饭店,宾馆.占据了好的地理位置斩人!!!!!!!","train","2648","chnsenticorp-2648"
"chnsenticorp-5232","1","房间都可以，摆设同其他酒店的不同；地理位置系荃湾的中心地带，地铁附近，出入还可以；夜晚系附近吃消夜还过得去；周边环境在夜晚比较静，比较安全，旁边有好多住宅楼；下次去还可以考虑，500几文，OK嘎。当然比如心差，但起码房间属于中等（如心的房大、新）。","train","5232","chnsenticorp-5232"
"chnsenticorp-962","1","1）设施比较简陋2）早餐还算可以3）离市中心比较远","train","962","chnsenticorp-962"
"chnsenticorp-4505","1","总体比较满意。房间里最亮的灯是落地台灯，最好有日光灯。提供的早餐品种稍少，味道还可以。","train","4505","chnsenticorp-4505"
"chnsenticorp-5026","1","环境相当好,设施陈旧,服务不好不坏,热水不热.此行一共住了三家酒店,为什么就这里的蚊子特别多呢?如果再到鼓浪屿,从性价比考虑,也许还会住这里,只希望在价格不变的前提下,软硬件都再提高一些.","train","5026","chnsenticorp-5026"
"chnsenticorp-2974","1","通过携程预定的银瑞林酒店，环境及服务令我们非常满意，特别是前台确认房间时，在房间不够的情况下为我们及时做了免费升级，温馨的服务给我们留下了难忘的印象。","train","2974","chnsenticorp-2974"
"chnsenticorp-2841","1","在装修，走到沙滩要饶一大圈，除此之外还不错，不过对秦皇岛的海比较失望，住海边没什么意思","train","2841","chnsenticorp-2841"
"chnsenticorp-3644","1","环境很好,房间大但旧,服务还好,基本满意,下次可以再住.","train","3644","chnsenticorp-3644"
"chnsenticorp-4917","1","我们在酒店用的是亲子游套餐。酒店和周边环境很好，服务人员热情有礼。非常满意。饮食价廉物美。下次若有机会，我们会再来该酒店。","train","4917","chnsenticorp-4917"
"chnsenticorp-4447","1","老用户了，就图个距离公司近，过马路就是。","train","4447","chnsenticorp-4447"
"chnsenticorp-1588","1","服务相当不错，还提供免费机场接送。早餐很丰盛，硬件稍显老。下次还会再住","train","1588","chnsenticorp-1588"
"chnsenticorp-593","1","这是第三次点评，纯粹是为了拿积分。没什么可以多说了，服务不错。","train","593","chnsenticorp-593"
"chnsenticorp-3451","1","酒店设施不算新，但是服务很周到。性价比还是很不错的。老外经常会选择这家宾馆。","train","3451","chnsenticorp-3451"
"chnsenticorp-2698","1","一样的舒适简洁,推荐商务大床房,大挺多的.性价比高","train","2698","chnsenticorp-2698"
"chnsenticorp-1045","1","在金桥开发区/碧云小区附近,走外环去浦东机场很方便.携程的价格很高,房间有点小,早餐很一般.","train","1045","chnsenticorp-1045"
"chnsenticorp-4123","1","房间好，服务也不错，而且一次性的卫浴用品换成了跟四季酒店一样的法国欧舒丹，感觉还不错。但是晚上懒得出门叫了份海南鸡饭果腹，鸡肉带血，还配黄瓜？！晕阿。。。按说这应该算是各个酒店最简单的食谱了，也能毁成这样？强烈建议大厨提高一下厨艺！","train","4123","chnsenticorp-4123"
"chnsenticorp-559","1","经过几次在保定的住宿和其他酒店的比较，发现中银大厦应该是保定最好的酒店了。反正对我来说只要去保定，现在这里就是我的根据地了。比所谓的五星酒店秀兰饭店要好。","train","559","chnsenticorp-559"
"chnsenticorp-3013","1","入住的是标准房.设施比较新.房间大.餐厅出品质量比较好.价格公道.需要改善的是浴室的淋浴帘不够长.水很容易流到外面.另外从客房到温泉有一段距离.去的时候有车送.回来的时候没有车.只能自己走回来.下雨的时候会比较狼狈.温泉区比较大而全面.总的来说挺值得!","train","3013","chnsenticorp-3013"
"chnsenticorp-4685","1","这个价位住到这样的房间对我来说是惊喜，订的商务大床房，很夸敞舒适，房间最里面顺着靠窗的地方走进去居然是个小小的书房，很不错！","train","4685","chnsenticorp-4685"
"chnsenticorp-3785","1","250的大床房还是蛮实惠的，地段也不错，离最中心地带很近，也很安静！就是感觉房间旧了点","train","3785","chnsenticorp-3785"
"chnsenticorp-2937","1","服务态度一般；房间隔音效果不好，总能听到隔壁房间的声音，特别是鸡上门的声音很明显，严重影响休息。","train","2937","chnsenticorp-2937"
"chnsenticorp-5250","1","早餐非常不错。房间条件还好，就是电视太小。周围非常方便。赶上八点半结账，等了超过十分钟。","train","5250","chnsenticorp-5250"
"chnsenticorp-509","1","酒店房间","train","509","chnsenticorp-509"
"chnsenticorp-2696","1","装修比较新，离购物点有点距离，要出门拐右，第一条马路再拐左，大约走15分钟才到购物中心。周围有2家电器卖场，马路对面就是药店，可买片仔癀或茵胆平肝胶囊","train","2696","chnsenticorp-2696"
"chnsenticorp-572","1","不愧是国宾馆，深宅大院，门口还有站岗的，里面有警卫处，一般人都不敢靠近，就是院子太深了（进楼还得走老远），没有自驾车很不方便。房子不错（虽然仅仅是便宜的7栋），而且还有两瓶免费的矿泉水――是我住的长春三家宾馆中唯一的，就是早餐不咋地――是三家中最差的。","train","572","chnsenticorp-572"
"chnsenticorp-3749","1","城市不错,房间也很好,很大的房间和床,就是前台服务不是很及时.","train","3749","chnsenticorp-3749"
"chnsenticorp-1056","1","酒店靠近火车站，交通还算方便。软件方面酒店人员的服务态度不错，任何事情都及时回复。硬件方面优点是房间比较宽敞，设施还可以，洗澡水也非常大，这一点很舒服。唯一的缺点就是卫生间稍微小了点。总体来件性价比不错的一家酒店，以后还会入住。","train","1056","chnsenticorp-1056"
"chnsenticorp-3089","1","房间还不错,挺大的也挺干净的,就是价格有点高了,徐州的消费没那么高的.","train","3089","chnsenticorp-3089"
"chnsenticorp-1240","1","还不错，就是大门有点小。","train","1240","chnsenticorp-1240"
"chnsenticorp-125","1","刚刚入住过，喜欢山景房。尤其是酒店提供的散步路线图很让人喜欢。由于入住的是五号楼，离温泉稍远，正好赶上小雨，建议提供代步小车。宾馆反馈2008年4月14日：尊敬的客人，您好！我宾馆设有馆内交通车可免费接送至温泉会馆，建议您步行至温泉会馆，沿途欣赏红珠湖的美景。","train","125","chnsenticorp-125"
"chnsenticorp-3959","1","相当好的酒店，很意外在山西能有这种水准的4星酒店，基本完美，没想出有什么不好的地方，住了2天，很满意！","train","3959","chnsenticorp-3959"
"chnsenticorp-3402","1","好。。。。。。。方便，但所订房间不含早，服务也还好，落在房间的两个充电器也找回，整体感觉：还好。","train","3402","chnsenticorp-3402"
"chnsenticorp-1927","1","环境安静，离火车站近。房间布置不错，早餐以中餐为主，丰富。下次接着住","train","1927","chnsenticorp-1927"
"chnsenticorp-3181","1","房间极小，无盥洗用具，浴室水温无法控制。","train","3181","chnsenticorp-3181"
"chnsenticorp-2114","1","大年三十入住的酒店，服务好，房间大，早餐也不错。晚上可以看到180度的烟花，很漂亮。再来济南还会选这里。","train","2114","chnsenticorp-2114"
"chnsenticorp-3747","1","房间不错，下次有机会还会继续入住的。价格能再便宜写就更加ok了。","train","3747","chnsenticorp-3747"
"chnsenticorp-1993","1","武昌的住宿首选!一切都很完美,性价比高,要是协议单位就更好了补充点评2008年8月3日：地毯已经更换了","train","1993","chnsenticorp-1993"
"chnsenticorp-5296","1","位置好火车，地铁，机场大巴，汽车都很方便。离恒基商城很近，可以逛街打法时光。服务还行。","train","5296","chnsenticorp-5296"
"chnsenticorp-3533","1","地理位置客房状况都不错。前台服务需要加强，缺乏灵活性，不能从客人的角度来思考问题。没有接触其他的服务，可能整体的软环境都存在较大的提升空间。","train","3533","chnsenticorp-3533"
"chnsenticorp-4593","1","环境不错，出了后门就是洋人街，整个酒店风格独特，挺舒服的，但遗憾的是好像上不了网。","train","4593","chnsenticorp-4593"
"chnsenticorp-4755","1","这次是第二次住这里了，同上次一样，第二天早上还是要早早的退房，房间依然是不错的，但由于这次是从平顶山的佳田国际过来，就感觉有些简陋了。唯一不太好的就是淋浴的喷头出水不算顺畅，建议下次装修时改换喷头种类，总之在许昌这个酒店算是最好的了。","train","4755","chnsenticorp-4755"
"chnsenticorp-392","1","我是初二晚上到的这家酒店,酒店环境很好,后山就是旅游区，前面是五一广场，房间设施一般，但服务很热情，还有水果送。","train","392","chnsenticorp-392"
"chnsenticorp-821","1","总的来说还可以.几点不足：1）卫生间有臭味；2）打的不方便，要走过桥到大街上招呼3）中餐厅菜偏贵","train","821","chnsenticorp-821"
"chnsenticorp-1365","1","总体不错的酒店，楼宇结构有点怪。携程订单下了，可是酒店内部协调慢，抵达后等了很久才拿到前台；前台男服务员很差，阴阳怪气的。一楼有不少大牌子奢侈品店早九到晚九，不错的，没事的时候可以逛逛。早餐尚好，勉强过关，比三亚喜来登差了n倍，当然，价格差没差那么多。","train","1365","chnsenticorp-1365"
"chnsenticorp-1017","1","郑州长城饭店，是我迄今为止住过的酒店里，服务生态度最好的一家。总是在不经意间，获得问候，感觉非常好。","train","1017","chnsenticorp-1017"
"chnsenticorp-5055","1","我是6月7日入住宾馆的，宾馆里的环境不错，餐厅做的菜挺好吃的。服务也不错，我要的东西很快就送到。晚上睡觉很安静。同等价位，我推荐这间宾馆。","train","5055","chnsenticorp-5055"
"chnsenticorp-4122","1","房间非常好，早餐还好，比较满意。房间缺少针线包，客房部人员反应速度比较快，再去沈阳还住高登。","train","4122","chnsenticorp-4122"
"chnsenticorp-1123","1","第二次入住，感觉还行。但3个老外都反映床太硬。另外外面正在施工，机器声音很吵，在我们的要求下给换了房间。早餐和自助晚餐都一般。如果嫌5星酒店的价格太贵的话，可以考虑中油。","train","1123","chnsenticorp-1123"
"chnsenticorp-556","1","在长春这样的房间还好,环境也还好,就是现在气温已经在零下啦,房间的空调还没有暖风,晚上都冻醒了几次,感冒啦.","train","556","chnsenticorp-556"
"chnsenticorp-1650","1","住过几次东莞酒店，海悦的地理位置和早餐最棒，听说朋友说请来的厨师是有来头的，呵呵冲这个去的！","train","1650","chnsenticorp-1650"
"chnsenticorp-4485","1","房间很干净。虽然小，但是由于有心理准备，也觉得不错。到奥运站走10分钟左右就到。缺点就是附近都是工厂区，回来得晚的话没有什么地方能吃东西。总的来说，还是值得去住的。","train","4485","chnsenticorp-4485"
"chnsenticorp-972","1","第二次入住这个酒店了，服务很好，让客人感到很舒服，很满意。","train","972","chnsenticorp-972"
"chnsenticorp-269","1","性价比不错的酒店,交通也很方便,值得一提是,宾馆斜对面走不多远就是海鲜一条街,很便宜,很实惠,下次去深圳还住广深.","train","269","chnsenticorp-269"
"chnsenticorp-4041","1","房间很宽敞，很干净。处在闹市区，很方便，能看到整个城市也能看到一片海。我个人比较满意。","train","4041","chnsenticorp-4041"
"chnsenticorp-2864","1","性价比可以，让人有还想再入住的感觉，在北京这个价格的酒店中，服务算还不错的","train","2864","chnsenticorp-2864"
"chnsenticorp-2924","1","酒店设施还行，不过房间过小，价格相对一个小县城来说有点贵。","train","2924","chnsenticorp-2924"
"chnsenticorp-239","1","房间很大，而且直接面对长江，景色很漂亮，不过附近好象吃饭地方少了点。","train","239","chnsenticorp-239"
"chnsenticorp-2526","1","整体不错,房间大,干净.服务也挺好的.酒店离市中心,海边都挺近.前台叫车也很即时.就是不知为何,回酒店时候,很多出租司机没听过这个酒店....晕....因为是2楼,有蚊子..不过蚊香就在触手可及的地方,还好~","train","2526","chnsenticorp-2526"
"chnsenticorp-3335","1","房间、服务尚可，就是电视频道太少，门童不是很积极的服务，可能天气冷？","train","3335","chnsenticorp-3335"
"chnsenticorp-1339","1","酒店档次很高，环境很优越，在香港还是算很不错的一家酒店","train","1339","chnsenticorp-1339"
"chnsenticorp-2660","1","酒店很好,房间挺大,服务态度特别好.地点也很好,很方便.","train","2660","chnsenticorp-2660"
"chnsenticorp-59","1","这次入住的宜兴宾馆性价比还是比较高的，房间很大，房内布置也比较温馨。早餐品种太少了，服务员态度比较好。","train","59","chnsenticorp-59"
"chnsenticorp-4937","1","总体上感觉还可以，但也没有什么太突出的地方，因为才过一个月多点，实在也想不起来有什么让人印象深刻点的。","train","4937","chnsenticorp-4937"
"chnsenticorp-4156","1","在携程定的价格和直接到酒店前台给的价格是一样的，没有优势。","train","4156","chnsenticorp-4156"
"chnsenticorp-4801","1","地点和服务都不错：）适合商旅用途～～～～～～～～～","train","4801","chnsenticorp-4801"
"chnsenticorp-5323","1","房间设施难以够得上五星级，服务还不错，有送水果。","train","5323","chnsenticorp-5323"
"chnsenticorp-1893","1","大厅很有气派和情调，房间很宽敞，服务很好！电视好像与房间的装潢不协调，主要是太小了。总之是我所住的宾馆中比较好的一类。","train","1893","chnsenticorp-1893"
"chnsenticorp-2867","1","220的房费，房间非常大，不象上海的经济型酒店，估计这是汉庭收购来的酒店吧！惊喜的是浴室除了有浴缸外竟然还有一个淋浴房，还是很多喷头的那种。大堂有点小！","train","2867","chnsenticorp-2867"
"chnsenticorp-3028","1","四星的酒店环境不错，但我们入住的竹苑单间房间比较陈旧","train","3028","chnsenticorp-3028"
"chnsenticorp-1325","1","3月底入住的，是高级房。感觉床非常舒服，但是电视机有点落伍了，不是液晶的。服务员的态度非常好，而且因为离沟口很近，应该是去沟口游玩那几天的首选。","train","1325","chnsenticorp-1325"
"chnsenticorp-2942","1","房间很大，但是设施有点旧。最不可接受的健身房的设施被撤掉了，五星级宾馆没有健身房的理由竟然是使用的人少，但你是五星级宾馆啊，提供不了周全的服务算什么啊，不知道管理者怎么想的！！！","train","2942","chnsenticorp-2942"
"chnsenticorp-5264","1","房间还行，交通也方便，当然火车站周边略显嘈杂，总体还行。","train","5264","chnsenticorp-5264"
"chnsenticorp-4511","1","服务还可以，饭菜价格也挺公道，就是早餐品种少了点，没啥吃的，而且都是冷的。被子没洗干净吧，枕头和被子都是臭的，没法睡","train","4511","chnsenticorp-4511"
"chnsenticorp-3194","1","很不错的酒店，环境优美，设施也很新。可以看到东湖，周围交通也比较方便。要注意的是其实离武大本部还是挺远的。","train","3194","chnsenticorp-3194"
"chnsenticorp-1839","1","很好的酒店，强烈推荐．只是服务员打扫房间有点太勤快了．我刚出门几分钟，也没要求打扫，她们就自己进去打扫了．不过，还是不会影响我对这家酒店的好印象。","train","1839","chnsenticorp-1839"
"chnsenticorp-596","1","房间虽小，但设施齐全。服务很好，一直住这个酒店。","train","596","chnsenticorp-596"
"chnsenticorp-445","1","设施很不错；周边环境不错，紧邻金沙滩；推荐海景房不足：比较偏；吃饭不放便；酒店自带的餐厅性价比太差。价格太贵，口味不好；","train","445","chnsenticorp-445"
"chnsenticorp-2316","1","前台服务不错，主动向客人介绍酒店设施，checkin&out速度也比较快，不足之处，淋浴出水量比较小。","train","2316","chnsenticorp-2316"
"chnsenticorp-4471","1","是红会的培训中心，很好的，但地毯该更新了；房间的宽带应改成免费的；另外前台服务应更热情一点，不要有事业单位是老大的观念，客人住不住有没有收入无所谓，那就该改制换领导了！","train","4471","chnsenticorp-4471"
"chnsenticorp-1842","1","房间不错，带阳台的房间可以看到大大的草坪和远处的大海。房间里面还有功夫茶具，非常温馨。早餐品种不错，还有闽南特色小吃。在厦门住过的最好的酒店了。","train","1842","chnsenticorp-1842"
"chnsenticorp-1965","1","酒店的地理位置确实不错，离南京东路和福州路都很近都只走几分钟路了，特别是上海书城就在不到一百米远，旁边还有浦发银行和民生银行，酒店服务不错，以后可能还会住了。就希望早餐好点！","train","1965","chnsenticorp-1965"
"chnsenticorp-3199","1","酒店现在只送早餐了，中餐晚餐是10元的自助餐，相当不错。服务还可以，结账也很快。","train","3199","chnsenticorp-3199"
"chnsenticorp-5145","1","我和LD总共住了7天6晚，每天有2块巧克力送，酒店的早餐很好。服务员很热情，只要你出去，回来后房间就打扫。不管出去几次，这点很好，很负责！床很大，枕头也是超大的，很舒服！总体感觉不错！没有不满意的地方！","train","5145","chnsenticorp-5145"
"chnsenticorp-2879","1","大约2年前住过一次,也许是新装修过的原因,这次去感觉比上次要好,房间感觉不错,服务也蛮好,酒店租车的价钱也算公道","train","2879","chnsenticorp-2879"
"chnsenticorp-3928","1","以住宿来说,是一个不错的选择,不过餐饮选择不多。地点不好找,也比较偏,自己开车会方便点。整体来说是一个可以的选择。(NA)","train","3928","chnsenticorp-3928"
"chnsenticorp-2421","1","酒店位置交通方便,但是临街噪音较明显,窗户隔音效果不如人意,浴室中配备的冲浪浴缸无法使用,房间中的桑拿房也无法使用,酒店自助早餐的品种和口味也一般,较为遗憾","train","2421","chnsenticorp-2421"
"chnsenticorp-3445","1","酒店在东营当地是最高档的，服务人员训练有素，服务意识很好。酒店很新，房间也很干净，零点厅的饭菜不错，就是有点贵。早餐很丰盛，据说自助餐也不错，下次再到东营，一定去试试。推荐入住！","train","3445","chnsenticorp-3445"
"chnsenticorp-929","1","去的时候,酒店大厅和餐厅在装修,感觉大厅有点挤.由于餐厅装修本来该享受的早饭,也没有享受(他们是8点开始每个房间送,但是我时间来不及了)不过前台服务员态度好!","train","929","chnsenticorp-929"
"chnsenticorp-3717","1","酒店软硬件都不错，游泳池更不错。只是周围没有吃饭的地方，一定到打车出去。另外，酒店不让出租车在酒店门口待客，客人要走到马路上打车，是法国人的新招吗？同酒店服务的档次严重脱位。","train","3717","chnsenticorp-3717"
"chnsenticorp-499","1","这也能叫四星酒店？不值。只是地理位置还算方便吧。","train","499","chnsenticorp-499"
"chnsenticorp-1603","1","地理位置还不错，就是房间隔音比较差，性价比还可以了","train","1603","chnsenticorp-1603"
"chnsenticorp-3895","1","去上海一般都住这家，地段还不错，交通也比较方便，房间很大也比较干净，就是江景房有点差（以前住过，很小），一般标房就可以了，套房也很不错（有厨房，够大），每件房都有冰箱，很好，就是宽带不是免费的，一天好像要80吧，太贵了","train","3895","chnsenticorp-3895"
"chnsenticorp-4249","1","地理位置很好，卧室和床都太小，房间格局不太好，厨房挺大，估计很少人会用，也没有沙发坐。","train","4249","chnsenticorp-4249"
"chnsenticorp-3223","1","酒店位于市中心，非常方便。虽然没有时间去看，但听说附近也有很多景点。总体来讲，酒店的服务还是非常不错，但房间比较小，而且应该是两个房间封门而成为的单独小间，硬件上感觉达不到5星级的标准。三楼的法式餐厅不错。","train","3223","chnsenticorp-3223"
"chnsenticorp-4251","1","房间很温馨,地段很好,购物方便,停车位也有,如价格再优惠些,更好!下次去还会选择入住","train","4251","chnsenticorp-4251"
"chnsenticorp-3228","1","我是笫二次通过携程网预定日月谷温泉酒店,这次带了好朋友一家共住了3个晚上,感觉比去年酒店各方面都有很大进步,卫生,服务,攴饮都很好.晚上也听不到吵闹声了.朋友们对此次休假住宿和泡温泉评价为5个A,希望明年来渡假时各方面能更好.","train","3228","chnsenticorp-3228"
"chnsenticorp-3793","1","宾馆的地理位置很好，还远处有一个超市；环境也很好；房间很干净，服务员服务态度很好。","train","3793","chnsenticorp-3793"
"chnsenticorp-1246","1","还可以的酒店,大大的玻璃窗户,可以坐在窗台品着红酒,看市景看星星.房间设施稍显陈旧,不过可以再住.距离大型超市很近,红酒就是在那里买的,呵呵.","train","1246","chnsenticorp-1246"
"chnsenticorp-395","1","没过几天我还是选择住这个宾馆,怎么办呢,忘不了这里的早餐好滋味呀,个方便都挺好的~","train","395","chnsenticorp-395"
"chnsenticorp-2094","1","因为看到各位携程网友的留言评价很高，就顶了。入住之后，果然名不虚传，服务非常好，酒店的设施也还不错，酒店的地理位置在市中心，去哪里都很方便。餐饮做的也很好。下次一定会选择。","train","2094","chnsenticorp-2094"
"chnsenticorp-946","1","酒店checkin,checkout很快；客房服务员态度很热情；餐厅的服务很好，食物也很不错；酒店地理位置很好。","train","946","chnsenticorp-946"
"chnsenticorp-3934","1","大堂小了点，房间挺干净，价钱不错。现在前门有快速公交半小时可以到了，蛮方便。房间还有免费上网的，不过网速慢了点。","train","3934","chnsenticorp-3934"
"chnsenticorp-4017","1","地段不错，性价比不高，向阳的房间外面有装饰大灯，换了房间背阳感觉上有一股发霉的味道，结帐的时间较长。房间内有电脑可以上网，但没有瓶装水供应不应该。","train","4017","chnsenticorp-4017"
"chnsenticorp-1389","1","住来住去还是最想念豪门。尤其是他们对待常客的优惠态度，check-in的时候不用押预售权，不用证件，就可以办妥。时间快得很。","train","1389","chnsenticorp-1389"
"chnsenticorp-4688","1","我是香港去的,酒店位置都偏,前台的服非常的好,今次的是高房,一入房就有很的味道,是味......有理,肚出去吃西,十二後附近都有很多野吃....回房睡,隔音很差,一大清早就到人的...........房很大,床也很不..............","train","4688","chnsenticorp-4688"
"chnsenticorp-464","1","房间设施比较旧，餐饮贵，服务不错，没有任何景观。外观比狮林好点","train","464","chnsenticorp-464"
"chnsenticorp-2730","1","大堂和房间的装修豪华，很好，距离广州很近，推荐．","train","2730","chnsenticorp-2730"
"chnsenticorp-1794","1","很新的也很好的，拥有豪华的设备设施，气派非凡，住着舒服，完全的超５星的！！","train","1794","chnsenticorp-1794"
"chnsenticorp-1327","1","外观较旧，早餐一般，免费升级到豪华房，感觉还不错，热水很慢，要放很久才有。前台结账用的信用卡，不知为何至今收不到信用卡的付费信息，似有问题。","train","1327","chnsenticorp-1327"
"chnsenticorp-1255","1","帮同事订过很多次，酒店位置很好，很方便。房间也不错。","train","1255","chnsenticorp-1255"
"chnsenticorp-1629","1","软硬件设施都很好，房间很人性化，感觉很舒服。服务很到位。饭菜也很可口。下次会再入住。","train","1629","chnsenticorp-1629"
"chnsenticorp-5160","1","是绝佳的购物首选酒店,楼下就是连卡佛和海港城，但乘搭地铁就需步行10分钟。房间设施和装潢都显陈旧，入住的是吸烟楼层，异味很重，如果没有烟瘾的话，务必交代预定非吸烟楼层。自助餐的水准的确挺差，和200元的收费不符。","train","5160","chnsenticorp-5160"
"chnsenticorp-2179","1","虽然说是四星的，实际上比某些号称五星的强很多，占地面积非常大，分三个大区，酒店整体上也算豪华，设施什么的都很好，靠海边就是舒服，视野好，价格上没什么优势，不便宜也不算太贵，餐厅的自助餐还不错，算便宜的。","train","2179","chnsenticorp-2179"
"chnsenticorp-2958","1","比较而言,还是这家酒店暖气好一些.地理位置不错,闹中取静,办事很方便,早餐教丰富,在安庆应该知足了,哈哈.不过贵宾楼住宿还要好一点,当然如果愿意多付方0元的话(比主楼贵一点.","train","2958","chnsenticorp-2958"
"chnsenticorp-3731","1","性价比还是不错的,房间也很干净,周围也比较安静,唯一的缺点就是房间有点小,我住的大床房间","train","3731","chnsenticorp-3731"
"chnsenticorp-3815","1","酒店内部设施不错，但可惜是游泳池一定要戴泳帽才能去，没有的话是３５元一顶，我们一大帮人不想为了游一下泳就给宰，只好望池兴叹了，酒店的人说是规矩，难道戴泳帽就能保证卫生了吗，那也是，少人游了就能保持泳池卫生了呀．","train","3815","chnsenticorp-3815"
"chnsenticorp-787","1","还可以,促销399,价钱不错.不过酒店躲在新工房后面,确实是一个疮疤","train","787","chnsenticorp-787"
"chnsenticorp-3863","1","酒店同意到两点钟退房还不错，早餐很差希望改进，上网很容易断线，服务还可以","train","3863","chnsenticorp-3863"
"chnsenticorp-1297","1","酒店的房间很舒服,但是打电话询问酒店位置的时候前台说不清楚;餐厅由于要接待团队就不能为散课服务,而且理直气壮.","train","1297","chnsenticorp-1297"
"chnsenticorp-4828","1","该酒店是沧州目前最好成绩的酒店.早餐还可以.房间也不错.不过就周围没有娱乐和购物地方...出门不是很方便","train","4828","chnsenticorp-4828"
"chnsenticorp-1210","1","住的是豪华房，面积很大，设施还不错，可能靠马路，有些吵。餐厅的早餐品种很多，价格35元，物有所值。前台的服务很热情，退房后要赶车去上海，行李员一直将行李送到车站，服务让人满意！","train","1210","chnsenticorp-1210"
"chnsenticorp-1720","1","依海而建，地理位置绝佳，旁边就是星海广场。床特别大，很舒适，房间里有咖啡包，但有一天服务生忘了放。早餐味道还不错，但品种少，多待了几天会吃腻。那里的果汁饮料只有西瓜汁、橙汁，我尝了一口橙汁，味道很淡，香精味浓，很难入口，热咖啡还可以。","train","1720","chnsenticorp-1720"
"chnsenticorp-1087","1","这里的早餐是我看到的最差的一个,基本上没什么吃的,就看到服务员在不听的加白粥,下次在来我是不会住在这里的","train","1087","chnsenticorp-1087"
"chnsenticorp-3220","1","B套房的2个床怎么那么小，只有90厘米（2月9日花了1000元，有点不值）。菜色味道还可以，风景也可以（雪景不错）。","train","3220","chnsenticorp-3220"
"chnsenticorp-3110","1","很好的酒店,广交会期间价格也合理.早餐很好.网络一般,但是就是无法发邮件,据说是被电讯控制上传,莫名其妙.和酒店反映情况,态度很好就是不解决问题.对商务客人来说是致命的.....","train","3110","chnsenticorp-3110"
"chnsenticorp-3530","1","感觉还可以,就是房间的隔音效果太差了,隔壁用衣桂,这边声音很大.周围饭店不多,不过对面的浴足店非常不错!临走结帐很慢,有急事就惨了!","train","3530","chnsenticorp-3530"
"chnsenticorp-1303","1","不错,就是院子小了一些,到海滩需要走一段端小路,奇怪的是青岛所有酒店都没有自己的海滩","train","1303","chnsenticorp-1303"
"chnsenticorp-1010","1","地理位置不错，离天宁寺很近，就是门面小车库小，停车不方便，服务不错，房间干净，游泳池适合小孩，早餐也不错，作为四星性价比还是高的","train","1010","chnsenticorp-1010"
"chnsenticorp-158","1","一如既往的支持，不错的酒店，服务上再上去一点就好了。宾馆反馈2008年7月31日：谢谢您长期以来对我酒店的关心和支持，我酒店即将申报四星级酒店，我们在硬件的改造的同时，软件服务上也加强和提升，争取让每一位宾客都满意。我酒店按五星级标准装修的24-26楼高层观景客房即将竣工，期待您的光临！！","train","158","chnsenticorp-158"
"chnsenticorp-5262","1","优点:酒店位置挺好,服务生态度很好,早餐很好缺点:房间居然不能上网,酒店工程师说是swtich坏掉了,从下午到晚上11点都没有修好,失望。。。第二天早上居然还要跟我收网费,天啊,我一分钟上网都没用到...总的来说在香港这个价位住到的酒店应该算很不错的了","train","5262","chnsenticorp-5262"
"chnsenticorp-555","1","酒店在开发区口上，正好是出差在开发区办事。所以感觉很方便。房间的暖气开的很足，所以-15度的气温也不感觉冷。房间质量还可以，开发区有这样的酒店很满足了。就是早餐质量有待改善，便宜是便宜，但是实在是没什么可以吃的。","train","555","chnsenticorp-555"
"chnsenticorp-4376","1","外观不怎么样，但是房间内环境和设施还是超越了我对三星酒店的期待。","train","4376","chnsenticorp-4376"
"chnsenticorp-42","1","帮JJ定的好像不怎么样哦水好像差点意思补充点评2008年3月29日：我点了3分怎么还是显示4分啊","train","42","chnsenticorp-42"
"chnsenticorp-760","1","酒店的房型比较有限，不过商务标准间还是不错的，设施服务还算到位的，不过这次入住的房间是最边上的房间，房间的温度比较低，保温性较差，自助式的早餐和午餐口味还可以，价位适中，这个酒店不缺的就是客源虽然位置偏僻，出租车比较少，但去开发区办事是最方便的了。","train","760","chnsenticorp-760"
"chnsenticorp-1977","1","性价比还是比较高的，比同是四星的杭州武林广场那边的一些四星好一些。去杭州出差常常住的酒店","train","1977","chnsenticorp-1977"
"chnsenticorp-1117","1","地理位置不,服务态度一般,房了,体普普通通","train","1117","chnsenticorp-1117"
"chnsenticorp-4949","1","经济间是后来装修的，与原来的房间比较小而且只是适合单人，因为洗澡间是磨砂玻璃隔开的，没有浴缸。","train","4949","chnsenticorp-4949"
"chnsenticorp-501","1","酒店的性价比很高.我特别要感谢早餐厅的服务员,8月2日早晨我吃完早餐将小包留在椅子上,很快服务员将包送到总台.很感谢!要表扬.在走廊上遇到服务员,他们总微笑地与你打招呼.总之,对大世界酒店的服务很满意!","train","501","chnsenticorp-501"
"chnsenticorp-2991","1","酒店服务很好，床很舒服，也许是比较喜欢西餐的原因，个人比较喜欢万豪的早餐，交通方便，因为去香港两天都在下雨，显得尤为重要，楼下通太古广场和地铁，大半时间都在太古逛了，还顺便看了一场电影，从LG去地铁站坐地铁去尖沙咀和湾仔都只有一站，铜锣湾只有两站，以后再去还会考虑住这里","train","2991","chnsenticorp-2991"
"chnsenticorp-2251","1","为客户订的，反馈还不错。下次客人来，还订此酒店。","train","2251","chnsenticorp-2251"
"chnsenticorp-3449","1","由于当天由于飞机晚点到凌晨实在没有心情欣赏和在意酒店的景观和服务迷迷糊糊冲进房间洗了澡就睡下了直到次日起来才有时间好好的体会一下自己身处的地方酒店服务不错交通便利总体感觉还是OK的","train","3449","chnsenticorp-3449"
"chnsenticorp-3387","1","总体感觉不错，但是携程的价格优势并不明显，与前台价只差三块钱。再有，该酒店的早餐品种和质量难符四星之名。","train","3387","chnsenticorp-3387"
"chnsenticorp-1669","1","地段不错，靠金沙江路地铁和华师大，离中山公园也近，环境不错，预定的商务大床房，结果免费升级为套房，非常不错的套房，喜欢^_^下次还要入住。补充点评2007年11月4日：对了，补充一下，套房浴室没有淋浴，对我而言不太方便，那个电动浴缸好像也有些问题，没用成功，希望能改进。","train","1669","chnsenticorp-1669"
"chnsenticorp-4226","1","很不错的酒店，在海宁皮革城对面，遗憾的是到酒店很晚了，没有去逛。早餐也不错，去的时候正好赶到FIBA在海宁打球，看到不少球员。","train","4226","chnsenticorp-4226"
"chnsenticorp-2684","1","装修典雅，服务到位！在当地已经算很好的了，吃的有点辣！","train","2684","chnsenticorp-2684"
"chnsenticorp-726","1","入住了一晚.很不错的酒店,不管是环境设施都很不错,特别是客房里的一些小细节,让人住着觉得比较舒服、方便,要是价格再大众化点相信是一家不错的酒店！","train","726","chnsenticorp-726"
"chnsenticorp-2723","1","在四星级里面算是比较好的了，就是太偏远了。去市区要一个多小时。","train","2723","chnsenticorp-2723"
"chnsenticorp-4884","1","酒店所处的地理位置优越，无论是交通、吃、购物都非常方便，特别直的推荐的是在酒店的二楼及周边方圆几百米就有多家的美食餐厅^*^^*^就算入住再久，也不必担心会吃腻，房间空间虽小还有点残旧，总体还算干净和清静，值得推荐入住。","train","4884","chnsenticorp-4884"
"chnsenticorp-1467","1","总体来说，还不错。房间比较干净，服务也不错","train","1467","chnsenticorp-1467"
"chnsenticorp-1236","1","酒店地点很好，海景房窗外的景色也很美。可以看到栈桥和小青岛，隔海就是沙滩。服务很体贴，很喜欢楼层的小零食吧。房间设置也很周到。虽然不大，但是个很好的度假酒店。美中不足，隔音设施不太好，遇到夜间大吵大闹的邻居，就比较惨了。","train","1236","chnsenticorp-1236"
"chnsenticorp-540","1","服务很仔细,房间陈色虽旧,但用品挺干净.服务员很有素质,拾到钱包想办法还给了我,我非常感激.","train","540","chnsenticorp-540"
"chnsenticorp-3819","1","不错的酒店,相对我在深圳住过的几家五星,性价比绝对高。就是每天早餐时人有点多,不过经常入住,现在跟酒店前台的MM混熟了可申请去行政楼层用早餐,环境很好,推荐入住!","train","3819","chnsenticorp-3819"
"chnsenticorp-4100","1","酒店总的来说，还可以，下次去沈阳还会去住","train","4100","chnsenticorp-4100"
"chnsenticorp-5237","1","这家YMCA非常好，还主动帮我们升级房间，住起又棒又舒适，地点也很方便，服务又好，号称香港物美价优第一流的YMCA，值得大家推荐。","train","5237","chnsenticorp-5237"
"chnsenticorp-1751","1","酒店在当地来说还是可以的，位置也不错。餐厅吃饭价格偏高了一点，网络不是很稳定，老是断断续续，经常上网的不是很爽！","train","1751","chnsenticorp-1751"
"chnsenticorp-432","1","还不错的酒店，虽然有些旧，日方也撤资了。可能南京本来也不大的原因吧，从酒店去新街口等地方都不远。服务也很好。","train","432","chnsenticorp-432"
"chnsenticorp-4539","1","早餐份量很足,四个人吃两个人的份量都吃不完!!!","train","4539","chnsenticorp-4539"
"chnsenticorp-3779","1","酒店地理位置很不错，很适合逛街入住。但是房间似乎开始有些成旧的感觉了（特别是卫生间），还有前台小姐的服务态度有待改进。补充点评2008年7月29日：还有，早餐品种太差了，没什么东西好吃。","train","3779","chnsenticorp-3779"
"chnsenticorp-4112","1","酒店的位置一般，双塔中的一个竟然和写字楼共用一部电梯。环境服务都是高水准，早餐不错。","train","4112","chnsenticorp-4112"
"chnsenticorp-5311","1","很好的酒店,床很大!卫生间的设计很好.很有艺术性!感谢入住两天那位男服务员对我的帮助谢谢!!","train","5311","chnsenticorp-5311"
"chnsenticorp-4453","1","大床房很舒服,宽敞,干净,安静,早餐一般.去的时候他们在搞活动,住一天送一天,门市价也只要245,只比携程价高几块钱,要不是赶时间,真想多住一天.开车的话要从毫州东出口下高速,不然到市里不好找.","train","4453","chnsenticorp-4453"
"chnsenticorp-3653","1","首先，服务员态度可以，有电梯，房间比较干净，床很大，下次还会住的，不过早餐比较差点","train","3653","chnsenticorp-3653"
"chnsenticorp-4346","1","入住的时候礼宾在哪里?房间里的花盆特别象90年代初期的田园花盆,极为难看.更可怕的是入住的时候门口不管客人,照常做大范围清洁.","train","4346","chnsenticorp-4346"
"chnsenticorp-1116","1","房间设施不错，服务也比较到位，地理位置比较好","train","1116","chnsenticorp-1116"
"chnsenticorp-1624","1","环境很好；房间一般，刚进去有点霉味；住1号楼底层，很安静；洗澡喷淋水量非常大；从宾馆去金山寺可以从金山寺的一泉路后门进去，就在宾馆门口不远。","train","1624","chnsenticorp-1624"
"chnsenticorp-4038","1","如果不想在神仙居景点玩2天以上，那还是应该选择近市区的酒店，否则过了5点以后就要坐出租车上山喽，嘿嘿！还有就是房间内有跳蚤，被咬了好几口。不过餐厅的饭菜做的还不赖，量又多。","train","4038","chnsenticorp-4038"
"chnsenticorp-4753","1","觉得是许昌最好的酒店，性价比相当高房间大，整洁，硬件也不错服务相当的好自助早餐也不错离春秋广场很近，出去玩也方便","train","4753","chnsenticorp-4753"
"chnsenticorp-2951","1","酒店有点老了。不过位置很不错。去那里都比较方便。。。","train","2951","chnsenticorp-2951"
"chnsenticorp-1143","1","位置非常好,在新区和传统城区的交界处,虽然是老酒店了(五年以上),房间设施还是不错的,但我们入住的前两天一切OK,第三天就不整理房间了,要打电话才安排,是规定这样做吗?","train","1143","chnsenticorp-1143"
"chnsenticorp-1552","1","还行，就跟网友说的一样，地毯比较脏。但临安小地方有这样一个地方不错了。","train","1552","chnsenticorp-1552"
"chnsenticorp-2066","1","遗漏了东西在酒店,多亏服务人员的告之,在这里表示感谢","train","2066","chnsenticorp-2066"
"chnsenticorp-3506","1","感觉价钱非常贵，房间还算干净，就是有股潮湿味道。设备东西都还蛮齐全的。感觉非常不错。早餐挺好的，吃得比较丰盛。周边也挺便捷。","train","3506","chnsenticorp-3506"
"chnsenticorp-5284","1","服度很好.不管是前是後勤人,均很情,以待人;事效率高.包括登入住,,客房服等;工作尚有不足.如容易被忽的床管老化等,建酒店方面可以定期修,等到客反,就稍被了.祝程旅行及庭酒店越越好!","train","5284","chnsenticorp-5284"
"chnsenticorp-1819","1","酒店房间还是不错的,国庆节去房价上涨,如果平时去160元的话性价比还是很高的,离市中心远了点,打个的5元就到了,市中心其实也没什么,就人多点!","train","1819","chnsenticorp-1819"
"chnsenticorp-5030","1","酒店位置比较好,设施比较新,房间比较宽敞，服务尚可。","train","5030","chnsenticorp-5030"
"chnsenticorp-5166","1","房间虽然小但还是可以接受的，里面设施齐全，唯一给我的感觉是房间里都是镜子，老婆洗澡可以从各个角度看到，爽啊。唯一不好的就是交通不方便，我们每天在酒店门口乘小巴到九龙城才能换到地铁（价钱是4.7元），小巴11点多就没有了。行李可以免费寄存，不过要锁好。","train","5166","chnsenticorp-5166"
"chnsenticorp-2913","1","整体环境比较不错,离景点也很近,很方便.适合家庭旅游居住","train","2913","chnsenticorp-2913"
"chnsenticorp-2827","1","性价比不错的，应有的设施都有，离皇岗口岸也近的，感觉酒店比较老了点，差不多也该装修装修了，送的早餐在隔壁的酒楼就餐，那个酒楼的管理很不好，订了餐老半天才送到。","train","2827","chnsenticorp-2827"
"chnsenticorp-2229","1","房间太小，服务不错。在王府井能这样就不错了","train","2229","chnsenticorp-2229"
"chnsenticorp-4703","1","房间设施不错，建筑也有风格，就是大厅稍小。不过如果是想感受古城气氛，个人觉得，应住在四方街附近的小宾馆，像瑞和园就不错。","train","4703","chnsenticorp-4703"
"chnsenticorp-4257","1","差不多是亚龙湾的酒店里最便宜的，住的豪华单人间，房间比较干净，设施也还齐全，不好的地方是小冰箱在柜子里面散热不好，几乎没法制冷，如果敞开着柜子门又太吵。酒店没有专属的沙滩，最近的沙滩上都是旅游团的人，比较乱。","train","4257","chnsenticorp-4257"
"chnsenticorp-2944","1","房间很大，两个房间，但总体感觉价格上比较贵了点，性价比不高。","train","2944","chnsenticorp-2944"
"chnsenticorp-2301","1","非常好的一家酒店!房间特别棒!很喜欢!老美都说是NICEHOTEL.下次来就这家了!宾馆反馈2008年4月14日：您的满意是我们最大的追求，期待着您的再来光临！","train","2301","chnsenticorp-2301"
"chnsenticorp-2257","1","在厦门岛内实地考察了很多家4星级标准酒店，认为这是性价比比较好的一家，位置还好，虽然设置不太新，但和其他几家挂牌4星且价格很贵的酒店相比也差不多。","train","2257","chnsenticorp-2257"
"chnsenticorp-3374","1","如果不是太挑剔，都会对绿舟别墅比较满意的。只不过因为玩的太累了，没有享受那边的早餐及赠送的饮料。补充点评2008年3月5日：忘了还有一点。从绿舟的门口走进去比较远，步行大概15-20分钟左右吧。如果天比较热的话，建议大家还是自驾吧。","train","3374","chnsenticorp-3374"
"chnsenticorp-5214","1","地理位置相当好，离海港城走路只需五分钟，酒店房间灯光明亮，液晶电视够大，感觉很舒服。惟独酒店大堂小了点。下次我还是选择这酒店。","train","5214","chnsenticorp-5214"
"chnsenticorp-2777","1","我住的商务单人间，酒店周边环境一般般，但房间比较大，床软硬适中，上网速度快，早餐很丰盛是我没想到的。以后可能还会入住","train","2777","chnsenticorp-2777"
"chnsenticorp-389","1","总体服务不错,就是房间隔音太差,走廊里的声音就像是在房间里一样,早餐也还可以","train","389","chnsenticorp-389"
"chnsenticorp-2191","1","酒店风景蛮好的，服务也不错，去泸州的话是不错的选择","train","2191","chnsenticorp-2191"
"chnsenticorp-3060","1","楼梯有一个妈妈桑在拉客。。。没感觉酒店中规中矩，早餐还不错。。没什么深刻印象","train","3060","chnsenticorp-3060"
"chnsenticorp-4509","1","还不错啦~订的标房~给我了简一室一厅的~好大啊~呵呵~","train","4509","chnsenticorp-4509"
"chnsenticorp-2303","1","酒店周边环境不错，对面有大润发购物比较方便，房间还可以，服务也可以，总体性价比还算不错。","train","2303","chnsenticorp-2303"
"chnsenticorp-508","1","酒店是国航酒店,入住可以累计国航里程.这点比较好.早晨种类很多,推荐入住","train","508","chnsenticorp-508"
"chnsenticorp-3878","1","被单太旧了，盖得有点难受，应该尽快换新的。吃饭的地方应该有点特色，不知道吃什么好","train","3878","chnsenticorp-3878"
"chnsenticorp-1287","1","除了价位偏高之外，别的没得说。尤其是房间内的纯水系统，彰显了人性化。","train","1287","chnsenticorp-1287"
"chnsenticorp-850","1","豪华商务房,面积非常大,但颇有大而无当之感,酒店的地毯很脏,污渍随处可见,空气里面有挥之不去的酒气.建议携程考察一步之遥的华阳酒店,不少当地的朋友都推荐我们入住华阳.","train","850","chnsenticorp-850"
"chnsenticorp-5303","1","房间超大，不是一般的大。哈哈哈哈哈哈哈哈哈哈补充点评2008年8月11日：周围吃东西的地方比较少。","train","5303","chnsenticorp-5303"
"chnsenticorp-4670","1","酒店的价格是越来越贵了，不过宽带不收费还是不错的。酒店正在装修，比较闹，不过晚上就没有了。","train","4670","chnsenticorp-4670"
"chnsenticorp-4412","1","室内环境，服务态度都还不错，但就是价格在成都的商务公寓来说是偏高的，还有名气不够，是在一个小区里，出门玩了，找不到怎么回去，呵呵！~","train","4412","chnsenticorp-4412"
"chnsenticorp-3615","1","周围环境还可以，购物方便。房间也是不错，当时我预定的商务间，就是考虑上网方便。但是有时候网络总是偶尔会断。由于它那是一栋及商务于一体的大楼，偶尔还是感觉不是很清静。不过总体还是不错的。","train","3615","chnsenticorp-3615"
"chnsenticorp-1845","1","老牌五星。硬件略显不到位，也有些陈旧，没有室内泳池。但服务很好，酒店当初的设计概念是超前的。最主要的是，风景无敌，面对超大草坪和海景，除了不能下海玩沙、温度不够，有点可以相比海南了。极力推荐面海、带阳台的房间，800不到，面积到位，景色让人满意。","train","1845","chnsenticorp-1845"
"chnsenticorp-188","1","交通方便,去南京步行街是上选.但是餐厅的营业时间(尤其是中餐厅)有些不便,中午二点半到已经没有午餐了.要知道,这家的中餐是小有名气的.","train","188","chnsenticorp-188"
"chnsenticorp-1804","1","住过好几次，我非常满意，这次价格398很便宜！不过周围什么商店都没有，这点不太方便。早餐是日式的，也很不错。","train","1804","chnsenticorp-1804"
"chnsenticorp-574","1","整体的标准没有达到五星级，前台的工作效率比较慢。地理位置还不错，比较好找，酒店的早茶还不错。补充点评2008年5月26日：写错了，是四星级","train","574","chnsenticorp-574"
"chnsenticorp-4621","1","别墅式的房间,价格便易,环境舒适,交通方便,走五分钟就有酒家.如果能四家人一起就更好,下次还住这家.","train","4621","chnsenticorp-4621"
"chnsenticorp-1366","1","入住喜来登前电话咨询过一些问题，礼宾部的ke接待不但接待了我，而且还为我的沈阳之行进行细致的安排并在前台留下了信息。在这里再次感谢。入住之后的感觉也很好。就是房间的排风扇声音太大，影响睡眠！","train","1366","chnsenticorp-1366"
"chnsenticorp-3593","1","地理位置不错，附近就是春熙路商业街，对面就是王府井百货。出门打车有点困难，附近吃饭的地方比较少，没有什么成都特色的餐饮。酒店的服务挺不错，但是银座边上有一个塔一样的东西，半夜会有轰鸣声，比较吵。","train","3593","chnsenticorp-3593"
"chnsenticorp-2500","1","宜昌的酒店普遍较老，半岛属于较新的，房间尚干净，设备也还齐全。除地理位置较偏外，其他都不错。但是洗衣服务不行，过了下午6点就不再服务了，需要改进。","train","2500","chnsenticorp-2500"
"chnsenticorp-470","1","性价比不错，交通方便。行政楼层感觉很好，只是早上8点楼上装修，好吵。中餐厅档次太低，虽然便宜，但是和酒店档次不相配。","train","470","chnsenticorp-470"
"chnsenticorp-2761","1","酒店还好吧，就是一楼的中餐馆上菜速度暴慢。房间里面有电脑，比较方便一些。","train","2761","chnsenticorp-2761"
"chnsenticorp-2367","1","多次住此酒店，唯一这次是大地震后，感觉确实受到了地震影响。首先是房间内墙壁留下了裂缝，其次是电梯也有一部损坏。酒店的裙楼更像危楼。交通较方便，离火车站和汽车站很近，但是周围没有什么地方吃饭和购物。服务尚可。","train","2367","chnsenticorp-2367"
"chnsenticorp-3955","1","酒店位置很好，就在市中心广场边上，出行非常方便，房间条件也不错，下次应该还会入住。","train","3955","chnsenticorp-3955"
"chnsenticorp-2857","1","还不错的酒店,就是总体色调比较昏暗,可能是因为有些时日的原因吧~","train","2857","chnsenticorp-2857"
"chnsenticorp-5291","1","酒店位置不错,不过靠近马路有点吵闹,因为窗户不是双层的服务员比较热情,当时要一个电热壶很快就送到房间里了建议酒店注意枕套的干净程度","train","5291","chnsenticorp-5291"
"chnsenticorp-3984","1","房间干净、舒适、典雅，地理位置绝佳，携程的价位合理，值得入住。卫生间稍小，块头不要太大的人，应该没有问题，呵呵。","train","3984","chnsenticorp-3984"
"chnsenticorp-4414","1","干净，房间也够大，缺点是厕所太小，特别是大床间，几乎不能转身。不过对于这个价格的宾馆而言还是很超值的。","train","4414","chnsenticorp-4414"
"chnsenticorp-3601","1","位置好离盈科中心非常近，而且离工体和三里屯都比较近，如果晚上没事走路均可到达，下次如果再去盈科还住，推荐。","train","3601","chnsenticorp-3601"
"chnsenticorp-4324","1","服务应该再提升一下．怎么也要符合五星的标准啊","train","4324","chnsenticorp-4324"
"chnsenticorp-3322","1","东城是5星级的..可是在我看来里房间的感觉跟4星级差不多.我定的是典雅大床房,房间小了一点..不过服务还是曼好的跟香格里拉,喜来登一个档次,很亲切..","train","3322","chnsenticorp-3322"
"chnsenticorp-4154","1","预定了套间，入住发现没有房间，但是与携程交涉后，酒店很快升级为总统套房，很满意，下次还会来","train","4154","chnsenticorp-4154"
"chnsenticorp-947","1","位置不错，如果到火车东站和美国领事馆签证处都是走路的距离，很方便。","train","947","chnsenticorp-947"
"chnsenticorp-2971","1","酒店的checkin和checkout很快.预订的普通单人间没有了免费升到了商务单人单,不错,房间内的电脑网速也是很快.就是地毯老了点.可以就是A幢和B幢的区别吧.早餐也还可以吧.总体来讲性价比挺高.下次还会选择.","train","2971","chnsenticorp-2971"
"chnsenticorp-5125","1","这个酒店总体不错,安排的房间正好可以看到海,就是普通话好像很难沟通亚~下次还会订","train","5125","chnsenticorp-5125"
"chnsenticorp-3487","1","在宁夏来说这人酒店应该是算好的一个酒店了吧.","train","3487","chnsenticorp-3487"
"chnsenticorp-2329","1","房间干净整洁，隔音还不错。感觉最好的是里面居然有几本不错的书可供阅读，很温馨。","train","2329","chnsenticorp-2329"
"chnsenticorp-1451","1","不的商酒店,地及交通都挺合短期出差的房也敞,值得推","train","1451","chnsenticorp-1451"
"chnsenticorp-3287","1","酒店环境和服务都是五星级的，去周围几个五星级酒店逛了一圈作对比，还是觉得万豪好，下次还会选万豪。","train","3287","chnsenticorp-3287"
"chnsenticorp-764","1","这是物有所值的三星级酒店,设施齐全包括洗浴间小毛巾/吹风机等,房屋装修新.服务态度好如前台微笑服务好.位于市中心但是临街道而喧闹,房间隔音效果不好.早餐一般.补充点评2007年9月4日：房屋价格适中,但是协程预定没有价格优势,该酒店前台价格与协程一样.","train","764","chnsenticorp-764"
"chnsenticorp-637","1","闹中取静，交通方便，价格实惠，服务基本到位，房间设施虽稍显简陋，但值得推荐。","train","637","chnsenticorp-637"
"chnsenticorp-2070","1","住过服务最好的酒店之一（top3），服务热情到位，不是只认洋鬼子，酒店内有一家餐厅（但不属于酒店，不能签单），菜品很好还便宜。","train","2070","chnsenticorp-2070"
"chnsenticorp-5273","1","档次不用怀疑，堂皇二字。房间设施略显陈旧，服务一流。要提醒的是，从机场大巴下车即到，小心过于热情的黑出租，会把你撞进车里，可能后果严重。补充点评2008年3月20日：自助早餐实在是太丰盛了。","train","5273","chnsenticorp-5273"
"chnsenticorp-1862","1","酒店咖啡厅的服务人员业务水平有待提高。有点酒单，但对客人点的酒，不知在哪，不知如何调配，给人感觉，整个酒店空有豪华装修，服务水平却未与之配套。","train","1862","chnsenticorp-1862"
"chnsenticorp-3433","1","一房得一大床不方便,最好一房安排有人床","train","3433","chnsenticorp-3433"
"chnsenticorp-2964","1","成都的凯宾是我入住国内凯宾设施最好，服务态度最好，周围吃、住、行、购物最便捷的。","train","2964","chnsenticorp-2964"
"chnsenticorp-1880","1","服人度都很好，人感馨。也近，物用餐都方便。我是程房，也住多次，提了一，感受用的。1001房浴室有小毛病，盆排水不太，桶有法位，水，或是使用多次後的毛病。前台也有往香港的大巴票，但得自行搭的士到的地方去搭。","train","1880","chnsenticorp-1880"
"chnsenticorp-4774","1","酒店总体不错,位置靠近香洲总站,房间安静舒适,床很大,有浴衣,美中不足是早餐非常一般,要去西餐厅吃.楼下的中餐厅提供早茶服务,需要自费不能挂帐.晚上叫夜宵到房间等了40分钟,都快睡着了.而且酒店附近没有其他吃饭的餐厅,美中不足!","train","4774","chnsenticorp-4774"
"chnsenticorp-2535","1","慈溪酒店挺多的，国际相对其他酒店来说，交通比较方便。实在不认识路，问下路人估计应该都知道。作为一家四星的酒店，应该来说，该有的都有了，大堂挺气派的。一楼的房间跟其他的有点不同，可能价钱稍微便宜的缘故吧。总的来说，性价比还是比较高的。","train","2535","chnsenticorp-2535"
"chnsenticorp-3910","1","豪华阁的客房和普通客房差距较大，普通客房都显得比较陈旧，经常听说外国客人遇到房间免费升级，中国人倒是没有遇到过！","train","3910","chnsenticorp-3910"
"chnsenticorp-2852","1","地理位置较优越，房间内干净整洁，不能说很安静但出门在外凡事不能太叫真，隔音还是可以的，可以考虑无烟楼层的房间较安静，总台小姐的服务态度还是可以的，外出旅游住宿可以建议考虑此酒店，去王兴记吃虾肉馄饨或去三凤桥买酱排骨还是很方便的，谢谢！","train","2852","chnsenticorp-2852"
"chnsenticorp-577","1","第一次入住该酒店，总体看还不错，房间给升了级，房间感觉挺温馨的，入住","train","577","chnsenticorp-577"
"chnsenticorp-557","1","环境不错。交通也便利。服务不错。下次还会考虑的","train","557","chnsenticorp-557"
"chnsenticorp-19","1","酒店正在申定五星中，不过目前看来四星都有点勉强。大堂很气派，不过细节很粗糙。硬件需要加强。服务人员礼貌热情。酒店的房间和早餐都还不错。","train","19","chnsenticorp-19"
"chnsenticorp-2581","1","房间还不错，古典而又现代！前台服务一般，基本见不着笑容！地理位置还不错，尤其是喜欢数码产品的年轻人！","train","2581","chnsenticorp-2581"
"chnsenticorp-3157","1","这已经是第N次入住国贸了，感觉还和以前一样，干净、舒适。前台小姐虽然换了一些新面孔，但热情依旧。早餐比以前似乎增加不少品种，卫生、可口。地理位置好，打的方便给我出行节约了不少时间。","train","3157","chnsenticorp-3157"
"chnsenticorp-4181","1","昨日再次入住五洲,总体感觉很好,各方面服务都很到位,特别是客房服务员的拾金不昧精神让我印象最为深刻,下次到石狮出差,依然会首选五洲.","train","4181","chnsenticorp-4181"
"chnsenticorp-1945","1","吃早餐的地方特别拥挤退房的时候N慢性价比低，还不如新装修过的国贸","train","1945","chnsenticorp-1945"
"chnsenticorp-2429","1","1、前台服务不好，结账时没有人等都会很慢，而且我住了5天退房要求延长到14：00都不行，最多13：00，这个是在别的酒店从未遇到过的。2、3楼和4楼的茶餐厅不错。3、服务员服务意识有待提高，见面不微笑，在洗手间遇到也不会让客人先洗手，4、网速较慢，","train","2429","chnsenticorp-2429"
"chnsenticorp-4997","1","很好的四星级酒店，价格便宜，值得再住。房间热气足，只是标房的卫生间小了点，但也够用了。","train","4997","chnsenticorp-4997"
"chnsenticorp-1404","1","房间很大很舒适，服务也很好的，价格也是五星里面算便宜的","train","1404","chnsenticorp-1404"
"chnsenticorp-1817","1","经朋","train","1817","chnsenticorp-1817"
"chnsenticorp-746","1","最喜欢房间内的卫生间。大大的浴缸。浴缸内也带花洒。很方便。独立的淋浴房空间也很大。以后还会选择的","train","746","chnsenticorp-746"
"chnsenticorp-1733","1","看不出与5星酒店有多大关系，有虚的成分。50元的早餐，完全的名不副实，我看撑死值30元。","train","1733","chnsenticorp-1733"
"chnsenticorp-4909","1","这家酒店还不错，房间比较干净，服务也还不错，性价比较高，推荐！","train","4909","chnsenticorp-4909"
"chnsenticorp-2781","1","唯一不喜欢的就是那里的菜偏咸。总体还不错，最喜欢的就是有去机场的班车了。","train","2781","chnsenticorp-2781"
"chnsenticorp-1188","1","酒店挺不错的，地理位置佳，交通方便，房间也很大，而且早餐算可以的了。下次来福州可能还会住这里。","train","1188","chnsenticorp-1188"
"chnsenticorp-1002","1","酒店大堂环境不错358的房价还是物有所值，办理入住很快很顺利，让我心情级差的是前台结帐时服务员的傲慢和冷漠态度让人不敢恭维！可能这位小姐心情不是很好对我即是叹气又不耐烦，可是在与老外交谈时态度可以同5星饭店比较一下了。不过这位小姐的形象想进5星还是有点难度哦。","train","1002","chnsenticorp-1002"
"chnsenticorp-2315","1","应该是亦庄经济技术开发区最好的酒店了，交通便利，环境安静。只是房间比较小，前台服务态度一般。","train","2315","chnsenticorp-2315"
"chnsenticorp-1085","1","住鸿宾楼客房,感觉比前段时间来住更超值了,发现通道地毯换的很漂亮,有点高星级酒店的感觉,另外房间里都可以提供宽带上网了.住在这样一个在努力进步的酒店,我喜欢","train","1085","chnsenticorp-1085"
"chnsenticorp-3964","1","人性化服商中心忙找的包品极好","train","3964","chnsenticorp-3964"
"chnsenticorp-14","1","这次是308的行政大床，总体感觉非常不错，就是价格稍许高了点，旁边有个五星的豪华客房才398。估计小天鹅也只有这个房型以上的，看得过去，以前住过的房间实在是很差。以后大家如果要住这里，还是选这个行政大床吧！","train","14","chnsenticorp-14"
"chnsenticorp-5197","1","出行非常方便，离地铁很近，酒店后面就有酒吧一条街，房间还不错没有想象中小，被子超软，很舒服！以后我还会住这里！","train","5197","chnsenticorp-5197"
"chnsenticorp-4544","1","我以前在此酒店住过，但现在大变样了，早点是自助的其中有西点、有中试，味道还可以，特别是那天我的手提电脑忘带了，200多元的房间还配有电脑确实很便宜，前台服务很好，热情、乐于助人！我下次到太仓还要住这家酒店。","train","4544","chnsenticorp-4544"
"chnsenticorp-4025","1","酒店太难找一路上也没有标示问了好多人最后还是给酒店打了不少电话走了不少冤枉路才找到的不过只要去过一次下次就不会走错了酒店感觉很好比照片看上去的更漂亮房间也有意思是两层的下面是客厅上面是卧室总的来说这样的酒店这样价格是很值得的","train","4025","chnsenticorp-4025"
"chnsenticorp-184","1","服务态度不错,遇到的每一位服务人员都能主动问好,老外很多,这个酒店可能有不同层面的客房,下次咱得换个房间住住。","train","184","chnsenticorp-184"
"chnsenticorp-2816","1","虽然房间陈旧，地毯比较赃，可是考虑价格和星级，就可以接受吧。早餐有很多菜，味道还行，让我满足了。下次还会住在这宾馆。","train","2816","chnsenticorp-2816"
"chnsenticorp-1335","1","是非常不错的酒店，服务也很周到，赞赏香港人的服务意识。","train","1335","chnsenticorp-1335"
"chnsenticorp-2426","1","酒店的房间不错，非常宽敞，背靠音乐学院，很安静，经常有美女出入。缺点是此楼是商务用房，很多小公司在里头，还住了不少学生，高峰期间电梯有点繁忙，半天不到，晚上有骚扰电话，网速比较慢。周围吃饭，消费，酒吧等都很方便。","train","2426","chnsenticorp-2426"
"chnsenticorp-513","1","日本人真的是超多,老酒店房间布局还可以，就是地毯怪味太多,房间空气不太好，窗户不好打开。服务还行，交通方便，去火车站、快轨、景点都很方便，就是在火车站旁边环境比较乱。房间价格稍贵，基本上还比较有竞争力。","train","513","chnsenticorp-513"
"chnsenticorp-3390","1","四月间两次入住盐阜宾馆,都是在三号楼,感觉还行,位置很好.房间内的设施还行,比较大,但没有送餐的菜单(点的餐价格味道还是不错的),空调好像调温不够好,","train","3390","chnsenticorp-3390"
"chnsenticorp-3531","1","房间还不错，卫生还行。只是隔音较差，走廊说话声音直传到房间。","train","3531","chnsenticorp-3531"
"chnsenticorp-3371","1","订的标房没了，酒店给免费升到了套房。有点老旧，卫生间小。其它方面还行。早餐非常好，还有味道很棒的兰州拉面。","train","3371","chnsenticorp-3371"
"chnsenticorp-1280","1","地理位置不错，在商业街上，逛街很方便，房间也还不错，看上去还比较新，就是早餐品种太少了。酒店旁边的小巷里傍晚开始会出现几个小吃摊，味道都还不错哦，烧烤鱿鱼特别好吃，入住酒店的朋友可以去吃吃看，呵呵。","train","1280","chnsenticorp-1280"
"chnsenticorp-167","1","房间环境不错，前台礼貌服务也很到位，好评！","train","167","chnsenticorp-167"
"chnsenticorp-2047","1","不错哦，但是携程的价格还是偏高的。和公司的协议价差距比较大，其实以携程的订房量就是酒店最大的协议客户了，价格应该最低才对，让利客户。中信酒店是不错的，环境，房间都可以。","train","2047","chnsenticorp-2047"
"chnsenticorp-1415","1","酒店挺不错的,地段也好,门口的服务生也很热情.只是最近在装修,早上八点多就开始敲墙,把我吵醒了,有点影响睡眠.但总体来说还是挺不错的,值得入住.","train","1415","chnsenticorp-1415"
"chnsenticorp-460","1","去芜湖吃外甥的喜酒,10人,订了24~26日5间标房.住前看了点评,心有余悸.不过去住了之后觉得比想象要好.在这样的城市,这个价钱住得应该还算不错的.缺点,住4楼,窗前有一大平台,窗外景色不好.我爱好摄影,有点遗憾.","train","460","chnsenticorp-460"
"chnsenticorp-1230","1","总体不错!!!!","train","1230","chnsenticorp-1230"
"chnsenticorp-2069","1","地理位置越来越显示优越性了，靠近浦东的2个展会地点:东方明珠或者国际会展中心。所以商住客很多。大堂也堂皇，但是房间就显得很小，行政楼层也不例外，另外居然发现淋浴的水也不太大。还有就是楼下停车比较不方便。","train","2069","chnsenticorp-2069"
"chnsenticorp-2831","1","酒店房间性价比高、干净、安全、服务人员素质高、周围吃饭地方多，真的挺不错。尤其是在我对定的房间不满意时给我免费调换了高级别的房间，让我很满意。","train","2831","chnsenticorp-2831"
"chnsenticorp-1390","1","第二次入住了，感觉不错，健身房，游泳池都很好。但这次入住有点小问题，早上六点的时候，有服务员莫名其妙开门进来，然后又出去了，几分钟后又进来，问是否退房，晕！当晚给我房间送了份鲜花算是道歉吧，让人感觉还不错！另外，他家按摩的金师傅水平确实可以，强烈推荐！","train","1390","chnsenticorp-1390"
"chnsenticorp-420","1","非常好的酒店，服务没的说。到店后知道我们是第一次入住，给免费升级成公寓房，房内设施很好，装修格调我很喜欢。前台给送进房间，服务员帮我们换好拖鞋，泡好咖啡。唯一遗憾的是停车场比较小，大堂里面沙发很少，显得很空旷。下次有机会一定还来这里。","train","420","chnsenticorp-420"
"chnsenticorp-3125","1","还不错,下次有机会的话或许还会住这里~~~","train","3125","chnsenticorp-3125"
"chnsenticorp-569","1","环境十分棒，住着感到特别安全。本人住的是主楼28204房，客房服务人员和前台小姐、门童的态度都十分好。美中不足之处是早餐一般，有时客人没有吃完，早餐部的服务人员就自己坐下来吃了，需要改进。此外，打的需要时间等待，因为实在是庭院深深，适合有车的朋友住。","train","569","chnsenticorp-569"
"chnsenticorp-4378","1","4星价格比较高，地理位置还可以，不堵车很重要。房间比较宽敞，宽带上网有时不太好，经常掉线。","train","4378","chnsenticorp-4378"
"chnsenticorp-3400","1","酒店位置很好，出行打车非常方便，很不错的公寓式酒店。特别是行政楼，边吃早餐即可把房退了，很方便，不用上上下下赶。下次还会入住！","train","3400","chnsenticorp-3400"
"chnsenticorp-1898","1","不知道什么原因，这个酒店目前的价格做了下调，而且周末居然有促销价。不错！这次入住的是大床房，依旧是紧促的布局，舒服的床，总体来说，还是很不错的！","train","1898","chnsenticorp-1898"
"chnsenticorp-4627","1","房间清洁,服务完善,而且价格还可以.只是位置稍微不太好找,不过开车的话也无所谓了,好象广元的路也实在太难找了,比如去皇泽寺我都绕到了村里去了.","train","4627","chnsenticorp-4627"
"chnsenticorp-2545","1","交通不便,自己没车的话比较麻烦,而且周围吃饭的地方很少很少......","train","2545","chnsenticorp-2545"
"chnsenticorp-2734","1","目前景德镇最好的酒店,这次住的是358元的商务标间,房间和卫生间都比较宽敞,干净.但是国外的卫星电视节目只有NHK和CNN.两部小电梯在客人集中的时段要等很久.早餐的确很差.","train","2734","chnsenticorp-2734"
"chnsenticorp-4512","1","住的标间，比较干净，餐厅的菜价格和味道都还可以，也比较新鲜。总的来说，性价比高。","train","4512","chnsenticorp-4512"
"chnsenticorp-1047","1","春节期间预定，房间硬件设施很好，早餐也比较丰盛，服务态度等各方面符合酒店星级标准，除了地段在浦东外，可能不适合外出观光，商务或访亲时入住是非常好的选择。","train","1047","chnsenticorp-1047"
"chnsenticorp-948","1","酒店各方面都很好，尤其是前台服务员英语都不错。CHECKIN、CHECKOUT的速度很快。","train","948","chnsenticorp-948"
"chnsenticorp-4645","1","第二次帮别人预定这个酒店了，第一的时候反映相当好，所以这次有订了据说不错！下次自己去住住试试。","train","4645","chnsenticorp-4645"
"chnsenticorp-1300","1","环境很好，服务也不错，推荐下次还会住这里","train","1300","chnsenticorp-1300"
"chnsenticorp-3762","1","1）交通便利，到津滨高速入口5分钟的车程2）对面就有不错的饭店，而且距离超市也不远3）房间内设施一般，卫生间装修比较粗糙，浴盆的地漏不畅","train","3762","chnsenticorp-3762"
"chnsenticorp-1126","1","我5月30日入住，6月1日退房，但比较离谱的是当我5月31日外出办事时，回来竟发现房间已经checkout，当时我极其郁闷，酒店也很纳闷，幸好房间我没有放任何私人物品。还好，酒店的应急方案不错，并送了一份水果致歉，最好告诉我说是新来员工摆乌龙，这个理由有点勉强。","train","1126","chnsenticorp-1126"
"chnsenticorp-1641","1","在石家庄是很好的酒店了，我住了个贵宾楼的豪华房，在最高楼，设备都很好。但是到了早上8点半听到很大的噪音，原来是楼顶的风机开始工作了，这个是唯一遗憾，以后还会选择这里但尽量避免最高层。工作人员态度也很好，这个是值得肯定的。","train","1641","chnsenticorp-1641"
"chnsenticorp-4323","1","非常满意,房间和交通都不错,下次还要住该酒店了","train","4323","chnsenticorp-4323"
"chnsenticorp-309","1","优点:1.环境优雅,绿化很好2.服务员很热情3.免费接送机服务缺点:1.按摩电话太多2.没有瓶装矿泉水建议:1.首次入住提供水果2.提供免费瓶装矿泉水","train","309","chnsenticorp-309"
"chnsenticorp-610","1","春节期间入住，性价比高，还不错，但是不知道平时多少钱，在成都知名度高，住着比较有面子，但是房间太小了，而且显得旧，可能和当初的设计有关系，门口都是单行道不是很方便，如果价钱还是这么可人的话，下次还会选择。","train","610","chnsenticorp-610"
"chnsenticorp-3943","1","环境和地理位置很好,房间有点旧,浴室也比较简单,出门TAXI不方便.这次公务,要是去旅游还是住那里.","train","3943","chnsenticorp-3943"
"chnsenticorp-4892","1","已多此入住该酒店，服务还是不错的，早餐如果可以更丰富一些就","train","4892","chnsenticorp-4892"
"chnsenticorp-2955","1","在推行环保方面做得比较到位，而且在菱湖公园旁边，环境不错。总体来说还可以，就是房间稍微偏小一点。","train","2955","chnsenticorp-2955"
"chnsenticorp-1828","1","位置好,出门走5分钟是西湖.湖景房是大窗可以看到西湖.酒店服务一般.早餐品种少.宾馆反馈2008年8月11日：非常感谢您能选择入住我们饭店，您所提到的早餐问题，如果方便的话请进一步联系我们，我们将在今后的工作中逐步加以改进和提高。感谢您的点评，衷心期待您的下次光临!","train","1828","chnsenticorp-1828"
"chnsenticorp-2687","1","酒店的环境住宿和温泉都很好，服务更没得说的，很体贴！自助餐品种很多，也很新鲜！我下次还是会去的！宾馆反馈2008年5月29日：谢谢您的惠顾，我们将会继续努力，提供更完善的服务！","train","2687","chnsenticorp-2687"
"chnsenticorp-1549","1","酒店还可以，就是性价比不高，要是便宜点就好了。","train","1549","chnsenticorp-1549"
"chnsenticorp-3386","1","呵呵，又住了回豪华双床房，感觉房间比标间大了，没那么压抑，床也大了，比较舒服。就是电视太小了，农村的朋友家估计都没有这么小的电视了吧。卫生间还是太简陋了，和酒店的整体定位不匹配。衣柜里缺少浴袍，总可以提供两套吧，我住过的更便宜的酒店都有提供。","validation","3386","chnsenticorp-3386"
"chnsenticorp-1921","1","新华酒店地理位置比较好，内部设施不错，可供选择的餐厅较多，服务比较热情。","validation","1921","chnsenticorp-1921"
"chnsenticorp-3057","1","绿舟宾馆是第二次入住了,重新装修后还是展现出了点星级风范,厚厚的地毯,推窗而见的绿色,空气是很新鲜的,适合度假休息.晚饭在餐厅用的,量少,价格比朱家角贵了.","validation","3057","chnsenticorp-3057"
"chnsenticorp-3117","1","酒店环境还好，在当地算是很好的了，房间比较大，但设备就一般了。免费注册网站导航宾馆索引服务说明关于携程诚聘英才代理合作广告业务联系我们Copyright1999-2008,ctrip.com.allrightsreserved.","validation","3117","chnsenticorp-3117"
"chnsenticorp-2025","1","其实只是一般,但前一天住到对面的长百合家欢假日垃圾酒店.对比下,就如同天堂与地狱的分别","validation","2025","chnsenticorp-2025"
"chnsenticorp-2736","1","第一次入住长春国际大厦酒店，大堂明堂音乐清柔。前台办理入住很快，房间壁纸有些旧但很干净，我扣子掉了要了青色线服务员很热情帮我缝上了。感谢，在地理位置这么好的地段房间价格低房间干净可以了值得推荐。","validation","2736","chnsenticorp-2736"
"chnsenticorp-3178","1","没说的，怎能一个好字了得。可能说香格里拉的环境吧，反正觉得住在这里很惬意。酒店的服务很好，床也很舒服。前面就是一个小草原，还有牛在里面迟早。周边的环境那是安静得不行。不过因为酒店是木结构，楼上走动的声音很容易传到楼下。","validation","3178","chnsenticorp-3178"
"chnsenticorp-1711","1","服务周到，地理位置很好，无论是在环市东路、淘金路这一带逛街或者吃饭都很方便。而且在房间里上网是免费的。","validation","1711","chnsenticorp-1711"
"chnsenticorp-1888","1","第一次去郑州出差就住的这家，总体感觉还是不错的。房间的一次性用品相对给的是这些酒店中质量最好的。卫生意设计的很有意思，空间利用非常合理。坐便的私密性处理的很好。","validation","1888","chnsenticorp-1888"
"chnsenticorp-2393","1","房间一般吧，卫生间的布局不太合理，有的房间面向商场，开窗空气不新鲜，早餐还可以，退房服务不错。","validation","2393","chnsenticorp-2393"
"chnsenticorp-4396","1","酒店是个环境很好的地方，需要乘船才能到达，感觉就像去了世外桃源一样。但是去酒店不是容易的事情，希望有携程可以把怎样去到那里说一下，让旅游者有充分的准备。","validation","4396","chnsenticorp-4396"
"chnsenticorp-2588","1","几次入住戚家山宾馆感觉都很好，总台接待热情，客房服务员工作到位，客房条件不错，就是卫生间没有换气扇，通风略差，宽带很方便，就是感觉速度有点慢。以后再来这里出差，还选择住在这里。","validation","2588","chnsenticorp-2588"
"chnsenticorp-973","1","去了该酒店几次，感觉都不错。特别是现在还有洗衣免费及赠送中午自助餐的活动，感觉是实惠。另外，总台的几个MM也长的不错哦。","validation","973","chnsenticorp-973"
"chnsenticorp-3915","1","朋友住下来说比莫泰的好！其他的也不好说，自己没住过！宾馆反馈2008年6月27日：感谢您朋友对本酒店的认可，我们期待您的光临。","validation","3915","chnsenticorp-3915"
"chnsenticorp-1767","1","非常非常不错，强力向各位推荐，环境好，房间好，空气好，服务好，关键是房价是162元/天还送两份早餐，性价比绝对一流。再次强力推荐！！！","validation","1767","chnsenticorp-1767"
"chnsenticorp-2280","1","酒店门脸有点小，你们倒是很大，房间还不错！就是房间的门已经有些下沉了，关门一定要用点力量，早餐差了点，反正不够4星早餐的水平，400多一天有点贵，要是能降到400以下比较合适！","validation","2280","chnsenticorp-2280"
"chnsenticorp-4860","1","优点：从自驾车游客吃住的角度看，此“宾馆”已经很不错了。干净、宽敞、自助餐也不错，最大优势是距离景点非常近，开车几分钟就到。缺点：与绝大部分宾馆酒店一样，室内空气污染情况都比较重（不过还可以忍受）。去前如不做好功课，找起来略有困难。","validation","4860","chnsenticorp-4860"
"chnsenticorp-4047","1","还可以，离汽车站也很近。离轮渡也很近，也比较干净。起先我预定了厦门元利酒店，结果上网还有时间限制就取消了，预定银河商务酒店，靠，服务垃圾极点，房间象招待所，比起恰年两家，着家才算是个酒店，不错，强烈推荐","validation","4047","chnsenticorp-4047"
"chnsenticorp-2606","1","酒店对面的电器城的喇叭很吵所以记得要住后栋(B栋).后栋很安静.190元感觉值得.若能提供早餐更好.若再到河源还会住这间酒店.","validation","2606","chnsenticorp-2606"
"chnsenticorp-3712","1","住过很多次了,基本上还是挺满意的,交通也很方便,而且离建筑双年展非常近,我带着一家人散步过去很舒服.唯一不太好的地方是价格好象越来越贵了,看来我还是需要再发掘一些性价比更高的酒店.","validation","3712","chnsenticorp-3712"
"chnsenticorp-2222","1","真没想到，山西国贸的软硬件都这么好。服务亲切，周到。只是住的时间短了点，没有在酒店用餐，所以不能对餐饮情况作出评价。遗憾的是，通过携程订的房间明显小了点。已经好几次了。","validation","2222","chnsenticorp-2222"
"chnsenticorp-196","1","2007年10月19日入住，总体感觉不错，位置闹中取静，走出酒店斜对面就是“桥香圆”米线，房间设施可以，服务不错，门口的南疆浴场物美价廉，早餐只能说过得去去。但床不是很舒服，转身会响的。","validation","196","chnsenticorp-196"
"chnsenticorp-600","1","在中山陵里，很安静，晚上睡觉的时候一点声音都没有，早餐还可以，服务也还可以","validation","600","chnsenticorp-600"
"chnsenticorp-32","1","总体很满意，但有一点需改进，我在9楼入住，走时到1楼前台结帐时由9楼层服务员检查房间，发现我有零星物品遗失在房间，我当时请他们送下来，结果答复是到4楼客房服务部去取，我到了4楼，又说服员员没时间，又要到9楼去取。当然这没什么，但是如果他们给东西送下来，哪怕是到4楼就取到了东西，我会对酒店有更好的印象。","validation","32","chnsenticorp-32"
"chnsenticorp-895","1","第一次用携程订这个酒店，还给了一点代价券，可以抵现金的，冲掉几十房费后，价格在4星级酒店里面来说是相当可以的了，这次住的新楼，比较安静。","validation","895","chnsenticorp-895"
"chnsenticorp-2986","1","酒店的床比一般的香港酒店大，双人房的床都很大，枕头超多超舒服。酒店正好在金钟的正上方，逛街很方便，东西买了直接就丢回房间再出来超方便。最特别的是晚上逛街回房间又累又渴，桌子上放着泡好的香片茶，非常温馨！国内酒店的服务就缺乏这种细节，下次还要住这里。","validation","2986","chnsenticorp-2986"
"chnsenticorp-3500","1","硬件基本什么都不缺,但又总觉得缺点什么!","validation","3500","chnsenticorp-3500"
"chnsenticorp-3204","1","很老的五星了,客观的说也许曾经无愧于这个头衔,可现在看到的实在是有些落伍了,强烈建议重新装修和更换新的设施了,不过服务还是很好的,当得知我们的不满意后,经理主动地给我们做了房间的升级.....服务很好","validation","3204","chnsenticorp-3204"
"chnsenticorp-4158","1","交道便利，近民航售票处，房间大整洁，但早餐实在一般。","validation","4158","chnsenticorp-4158"
"chnsenticorp-5302","1","继续再次点评，其他都跟以前一样，只是对于前台的服务速度希望再快一点，多给人一点笑脸！亲和力不够！其他没什么，还是值得推荐！","validation","5302","chnsenticorp-5302"
"chnsenticorp-4660","1","好像早饭没有以前好了，品种也少了，居然没有煎蛋。星级酒店里很少碰见。房间有异味。打扫不够彻底。","validation","4660","chnsenticorp-4660"
"chnsenticorp-289","1","推荐这里的日式大床房,很舒服!千万不要住没有窗户的房间啊,很闷,最好住在五层,三层的空中花园会引来不少虫子.","validation","289","chnsenticorp-289"
"chnsenticorp-524","1","房间装饰不错也干净，环境也好，泳池水比较清洁，适合度假。","validation","524","chnsenticorp-524"
"chnsenticorp-560","1","中银大厦的前台服务态度非常好。及时帮我解决了预定问题。我很满意保定市区最好的饭店就是中银了，四星标准。到保定，就住中银大厦把，也没有其他选择了","validation","560","chnsenticorp-560"
"chnsenticorp-662","1","各方面条件都不错，只是房间、卫生间较小。干净整洁，隔音效果好。","validation","662","chnsenticorp-662"
"chnsenticorp-5248","1","很好的酒店，很喜欢，房间很干净很漂亮，从房间的窗口看出去，超美的，在市中心区域，出行也非常的方便，有机会一定会再住的。","validation","5248","chnsenticorp-5248"
"chnsenticorp-347","1","管理非常好！细节服务非常到位，值得推荐！感觉得到是一个老牌的酒店．","validation","347","chnsenticorp-347"
"chnsenticorp-3269","1","相信在香格里拉这么个荒凉的小县城来说，这间酒店相对比较好，餐厅吃得也不算贵。总体来说是算比较舒服的，","validation","3269","chnsenticorp-3269"
"chnsenticorp-89","1","我已经住过两次了。比较满意，特别是接机服务，一个人也接，及时周到。宽带速度也比较快。但是没有大家说的免费果盘。","validation","89","chnsenticorp-89"
"chnsenticorp-956","1","大堂门口外管理停车的保安不尊重客人，一辆市府领导的车停在对面，那一长条的车位就不准停车。更重要的事出言不逊，“这地方是你社会车辆能停的吗？”真让我在美国同事（懂汉语）面前觉得丢中国人的脸！","validation","956","chnsenticorp-956"
"chnsenticorp-1575","1","酒店总体感觉不错，很适合外宾入住，大堂的氛围整个就像是一个外国人的社区。房间很舒服，携程搞活动，还加送了红酒和水果，很不错，下次还会考虑入住。只是停车场比较麻烦，来宾进停车场之前还要有狼狗绕车检查，感觉不舒服。","validation","1575","chnsenticorp-1575"
"chnsenticorp-2030","1","交通方便,市中心,房间比较有意思,不同楼层有不同的装修风格,我住了三次,次次房间都不一样,有米黄的有翠绿的有白色调的.房间上网速度还不错,下次来还住这里,应该说次次来都要住这里,谁让出差对象就在附近呢.推荐~","validation","2030","chnsenticorp-2030"
"chnsenticorp-1381","1","性价比非常好的酒店，房间设施超好，卫生间分了3个部分，淋浴房，卫生间，化妆间，非常干净，装修很有欧式风格，就是枕头不太舒服，一个太低，两个太高。","validation","1381","chnsenticorp-1381"
"chnsenticorp-1818","1","交通便利，房间很整洁，价格也合理，服务很不错，工作人员态度也很好，比较满意，唯一不足的就是离4星似乎还差一点！","validation","1818","chnsenticorp-1818"
"chnsenticorp-1793","1","环境还算可以，但出入不是很方便。其它配套设备还过得去吧。","validation","1793","chnsenticorp-1793"
"chnsenticorp-627","1","1.酒店设施比较旧2.早餐还是秉持较高的水平3.临近医院4.如果有条件可以入住同一个集团下的就在旁边的洲际酒店","validation","627","chnsenticorp-627"
"chnsenticorp-4648","1","我们总的感觉很好.服务和条件都不错.就是在次日早退房时开票的电脑有故障,因为我们要急走没开票.总台说开后给我们寄回.我也留了地址,好几天了还没到,不知寄出了没有?希望我们携程催一下,我还等着报销呢.","validation","4648","chnsenticorp-4648"
"chnsenticorp-4081","1","不错不错的比喜来登还好的下次还会住支持","validation","4081","chnsenticorp-4081"
"chnsenticorp-2157","1","酒店的环境不错,正对水库,风景很好.但位置比较偏,晚上开车进出很不方便.酒店设施与其它山区酒店一样,比较潮湿,房间也很小,但总算还干净.各项设备也不齐全.工作人员服务还是不错的,比冷冰冰的五星酒店亲切.","validation","2157","chnsenticorp-2157"
"chnsenticorp-4676","1","第二次入住，在上海的首选。虽然没啥名气，但软硬件设施非常好。大床太舒服了。住在里面，白天不像上班，晚上不想去夜店。只想在床上赖着。严重推荐","validation","4676","chnsenticorp-4676"
"chnsenticorp-1955","1","交通比较方便,房间和服务都还好,入住时太累了,睡得很香","validation","1955","chnsenticorp-1955"
"chnsenticorp-9","1","不错，在同等档次酒店中应该是值得推荐的！","validation","9","chnsenticorp-9"
"chnsenticorp-2956","1","不错是个好酒店,比较方便,价格也合理,清洁卫生,早餐也还过得去,有水果送,哈哈,在网上订相对便宜几十元.这点至少在心理上可以接受.","validation","2956","chnsenticorp-2956"
"chnsenticorp-5194","1","房间挺小，不过香港的酒店几乎都是如此。前台服务很好，酒店地点也很好。周围是居民区，很安静。","validation","5194","chnsenticorp-5194"
"chnsenticorp-1654","1","酒店位置不错，距离海边风景区非常近。院内环境较好。缺点就是房间设施相对较陈旧。酒店用品显得有点旧。总体感觉还是不错的。","validation","1654","chnsenticorp-1654"
"chnsenticorp-2662","1","应该算是蚌埠最好的酒店了。地点有点偏所以周围没太多餐饮娱乐场所，但好在名气响所以打车还是蛮方便的。房间和2年前一样干净，但不明白为什么没有免费饮用水、浴缸处有沐浴露而淋浴房里却没有。以4星论是可以的，但5星的话就有点勉强。","validation","2662","chnsenticorp-2662"
"chnsenticorp-4652","1","1.交通便利2.房间干净，装修的风格个人比较喜欢3.酒店周边环境不是很好，不过在市中心这一点可能无法做得太好4.服务态度还不错酒店的餐厅没去，下次有机会一定要吃一下传说中5元的炒米粉。","validation","4652","chnsenticorp-4652"
"chnsenticorp-3822","1","帮朋友定的反应还不错下次去应该还会定那里吧：）","validation","3822","chnsenticorp-3822"
"chnsenticorp-3132","1","隔音效果确实不好，但好象还没到影响到睡眼，毕竟是走廊不是大街；但是在电梯里有湘西人（酒鬼酒开的）抽烟大谈牌经。让人不快！！！（没有看不起湘西人）","validation","3132","chnsenticorp-3132"
"chnsenticorp-191","1","这个宾馆在沿海城市可能也就是三星级到四星级的标准，但是在酒泉这样的小城市，也算是很不错的了，当然价格也不便宜，宾馆的设施还比较新，房间也比较大，服务员也很热情，就是水平还有待进一步提高吧。总体上，在酒泉是最好的了","validation","191","chnsenticorp-191"
"chnsenticorp-3574","1","这两年保定的星级宾馆我住了一圈，还是恒通财富中心最适中的。378这价钱值这个环境和房子。","validation","3574","chnsenticorp-3574"
"chnsenticorp-2782","1","还可以吧，价格实惠宾馆反馈2008年4月17日：谢谢！欢迎再次入住其士大酒店。","validation","2782","chnsenticorp-2782"
"chnsenticorp-1146","1","总的说来，富豪酒店是南昌市四星酒店中性价比最高的之一。地理位置比较方便，但是现在机场大巴只到洪城大市场了，去机场略有不便。","validation","1146","chnsenticorp-1146"
"chnsenticorp-1560","1","出行比较方便，房间也很安静，住徐家汇就住宛平。","validation","1560","chnsenticorp-1560"
"chnsenticorp-406","1","上周去住了两晚,本来想住飞,订的时候没房了,携程给推荐了这家,服务真的不错,还有水果,阎蕾小姐还亲自打电话问候,每年都去潍坊好七八次,这地就常住了.","validation","406","chnsenticorp-406"
"chnsenticorp-3482","1","还行吧，早餐不错，超出我的预期，比一般三星的好！不过去连云港住新区那边比较好！新区有一家：老班长的饭店不错，部队人开的，送小菜送水果，送有一道豆腐包，很不错！","validation","3482","chnsenticorp-3482"
"chnsenticorp-2881","1","这个酒店住过了无数次了，客观的来说是个值得推荐的酒店，曾经的服务给我留下了无比深刻的印象，除了餐厅经理上次吃自助晚餐的时候给我递过名片说下次给我打折，结果我这次又去吃了，他们说要预定才可以打折，所以下次大家要去3楼大厅吃饭记得要预定的，其他还是不错的，推荐。","validation","2881","chnsenticorp-2881"
"chnsenticorp-3555","1","酒店设施比较新，环境也不错，能看到很漂亮的海景。餐厅服务一般，我们下午1点半到酒店，餐厅就没有什么可吃得了，想点的菜，基本都没有。补充点评2007年8月9日：ATM机还是坏的，仍然不能取款，不方便！","validation","3555","chnsenticorp-3555"
"chnsenticorp-1458","1","初次入住京华大酒店感觉大堂非常的靓丽，房间够大非常整洁。东芝液晶电视，HBO。酒店三楼中餐厅的扬州狮子头爽嫩滑口。酒店出门就是商业中心，步行至瘦西湖也就10多分钟。","validation","1458","chnsenticorp-1458"
"chnsenticorp-130","1","因工作方便，常往此酒店，交通是很大的考量。不在通巴士和永巴士都不跑一酒店，又少了一些方便。前天入住，前台注意到正好是我的生日，特安排送了一蛋糕，感很心。","validation","130","chnsenticorp-130"
"chnsenticorp-5074","1","看了网友的点评才去的，确实不错。环境不错，紧靠大海，宾馆游泳池也不错，服务更不错，很象海南，泰国等地的服务，都是微笑服务，住宿也不需要押金，CHECKIN/OUT都很快；就是住的迎宾楼的房子，没有大堂；另外淋浴房设计好像有问题，站着冲的话水会从里面流出来，弄地满地都是。。。","validation","5074","chnsenticorp-5074"
"chnsenticorp-2902","1","酒店环境很好，不过入住的时候酒店大堂把房间搞错了（我订的是大床，他们给的是双床，开始向他们反应的时候说没有房间，后来不知道为什么又有了）。另外，房间居然有蚊子！！！","validation","2902","chnsenticorp-2902"
"chnsenticorp-1521","1","黄金地段，算是性价比比较高的吧，但是环境一般~~","validation","1521","chnsenticorp-1521"
"chnsenticorp-2260","1","服务很热情，价格相对其它喜来登较便宜，下次仍会选择。","validation","2260","chnsenticorp-2260"
"chnsenticorp-1482","1","其实这个价格相对这个状况的酒店已经不便宜了（360元），这个季节，这个城市乱七八糟的。但是相对这个（4星）级别的，已经算是还可以了","validation","1482","chnsenticorp-1482"
"chnsenticorp-5276","1","酒店位置好，环境可以，房间就是小了点，不过出差住在这里是很不错的选择。","validation","5276","chnsenticorp-5276"
"chnsenticorp-747","1","豪华房很新很漂亮，象套间一样大，有一个专门的行李间；阳台很大，洗手间既有浴缸也有淋浴，还有个小梳妆间。服务也一流，都是见过世面的姑娘们，专业而得体。餐厅也很好，“吃在丁山”嘛，就是价格也是五星级的了。总之是个超级好酒店，专为住这儿，也值得来南京一次呢！","validation","747","chnsenticorp-747"
"chnsenticorp-3459","1","这是一家市政府指定招待所，分好几个区域，住的是贵宾楼，应该是宾馆中最好的区域吧。实在话，宾馆的服务员素质不错，会微笑服务，见了面会打招呼。早餐质量很一般，有点失望。但在东营，我想在东城办事的人来说，这是首选，西城的海天虽好，但离东城有二十几公里地。","validation","3459","chnsenticorp-3459"
"chnsenticorp-4549","1","设施不是很新但收拾的很干净，让人放心！不慎遗忘的价值不菲的摄影包被服务员及时发现且送回手中。。。让人感动！早餐免费且可口、粥粉面齐全！","validation","4549","chnsenticorp-4549"
"chnsenticorp-648","1","整体感觉房间设施很陈旧墙面和地毯都很脏，而且有不少划痕和窟窿不过好象整个贵阳的建筑都很破旧卫生间很干净毛巾洗漱用品都很齐全电视收到的台很多而且排列比较有序有网的房间很少而且还要收费很不方便出门右手边过天桥再往右过一个拐角总共也就300米不到有一个网吧24小时的服务很周到用语规范亲切自然双手递交房卡有问题响应时间及时早餐10元还8错有粥还有热牛奶种类还算不少起码能让人吃饱","validation","648","chnsenticorp-648"
"chnsenticorp-5319","1","绝对是超三星标准，地处商业区，购物还是很方便的，对门有家羊杂店，绝对正宗。除了价格稍贵，总体还是很满意的","validation","5319","chnsenticorp-5319"
"chnsenticorp-7","1","总的来说，这样的酒店配这样的价格还算可以，希望他赶快装修，给我的客人留些好的印象","validation","7","chnsenticorp-7"
"chnsenticorp-3036","1","离南京西路才一公里,靠近中心商业区,所以价格比一般如家要贵!地点算是好找!周围环境一般,房间内比以前住过的如家要大,但是房间内有比较浓的空气清新剂的味道,所以要开窗开空调换气.整体来说可以接受!特别是在上海房价这么贵的地方.","validation","3036","chnsenticorp-3036"
"chnsenticorp-404","1","不错的饭店，饭菜做得也不错，来潍坊这里值得住住","validation","404","chnsenticorp-404"
"chnsenticorp-1788","1","饭店后面正在建贵宾楼，而酒店本身内部有些陈旧，不过总体酒店硬件还行，房间的地毯较脏，卫生间洗手池下方惨不忍睹；早餐是中西自助式，尤其是羊杂做得很好吃。但是酒店的服务水平和服务人员的素质离4星的水准还相差太远。","validation","1788","chnsenticorp-1788"
"chnsenticorp-377","1","离湖州市区比较远,打车不是很方便.不过门口有公交车,班次还比较多.最好自己有车.湖景房,并不是临湖只能远眺太湖.酒店在山上,比较清静.房间送餐不收服务费,菜也比较便宜,只是做的菜比较咸,房间还不送水,只能喝热水壶烧的水.","validation","377","chnsenticorp-377"
"chnsenticorp-1705","1","性价比不错，我是住的东晖楼商务房，早餐也不错，门童不是很主动，押金是我住过的酒店里最高的，大堂主管很好，现在没带够，卡的密码又输错，导致押金交不足，主管帮我签了个字，舒心","validation","1705","chnsenticorp-1705"
"chnsenticorp-4358","1","酒店是不错，服务也好，但感觉五星的评级有点过了。。。估计国家旅游局的这种星级评定人为主观的因素还是占相当的成分。总体来说，值得推荐。","validation","4358","chnsenticorp-4358"
"chnsenticorp-742","1","我住过南京所有的五星酒店,选来选去还是这家(曾经的香格里拉).无论是硬件设施还是服务,都很无可挑剔...如果说缺点,就是房价很贵了,呵呵,但愿携程能谈下更优惠的房价啊.","validation","742","chnsenticorp-742"
"chnsenticorp-1752","1","从门面看硬件好像还能唬人，仔细看，房间的装修真不怎么样，服务比招待所强不了多少。下次不会再住了。","validation","1752","chnsenticorp-1752"
"chnsenticorp-717","1","设施陈旧，感觉不想05年装修过的样子。卫生间也较一般。不过三星也就这样了。床太短，我不算很高吧。稍微往下躺了些脚居然悬空在床外。床头柜有个小收音机很有特色，商务房有电脑，网速也很不错。我住的是靠角落的房间感觉噪音不算很大。","validation","717","chnsenticorp-717"
"chnsenticorp-2369","1","我订的是318元的,但我觉得240元的风格更好一些,有一张可以半卧的沙发.建议大家订普通间!","validation","2369","chnsenticorp-2369"
"chnsenticorp-4404","1","上周日1月28日晚我的客人到酒店后前台尽然不知道定过房。预定使用了我和客人的名字，服务员查询后后，证实有过预定。","validation","4404","chnsenticorp-4404"
"chnsenticorp-5174","1","酒店房间很大，这是最大的优点。设施不是很新，楼道的空调太冷了，只能把房间的空调关掉。总体还是不错的","validation","5174","chnsenticorp-5174"
"chnsenticorp-2622","1","套间没什么意思。是奔着大沙发去的，但没有别的都还可以","validation","2622","chnsenticorp-2622"
"chnsenticorp-380","1","由于小孩怕震天响的炮仗声,我们每年都有大年夜和初四晚到宾馆过夜的习惯","validation","380","chnsenticorp-380"
"chnsenticorp-4566","1","房间还不错。床很舒服。但交通就不是非常好了。大堂容易把人走晕。很满意，下次还住。","validation","4566","chnsenticorp-4566"
"chnsenticorp-5266","1","酒店地理位置方便，服务也不错，而且我们订的房间含接送车服务，很实惠。缺点是房间偏小，而且下面就是香港殡仪馆","validation","5266","chnsenticorp-5266"
"chnsenticorp-1504","1","因为要去高新园区，图个方便，门口交通还不错，有轨道交通。商务旅行，网络能让人满意。早餐令人失望，没啥吃的。还有最近似乎涨价了。","validation","1504","chnsenticorp-1504"
"chnsenticorp-1110","1","地点很方便，房间很舒服，服务也很好，就是价格不便宜啊！","validation","1110","chnsenticorp-1110"
"chnsenticorp-2872","1","没有早餐,非常不方便.另外,对于在携程上点评后,酒店方有小礼品赠品,事先并不知道,是在结帐时看到前台有这样的标牌.能否有人提醒一下.","validation","2872","chnsenticorp-2872"
"chnsenticorp-1989","1","1、环境相对较安静，房间设施和整体效果很一般；2、早餐可吃的选择性不好，感觉东西倒是丰富、但可吃的比较少；3、房门的隔音效果不好（好象是很多酒店的通病）。","validation","1989","chnsenticorp-1989"
"chnsenticorp-2719","1","这次去新疆旅游在伊力特住了3天，酒店的位置不错，走路去五一路吃饭5分钟。房间挺大，地毯也挺干净，设备中归中矩，由于在长江路边，有些吵。前台的服务也挺热情，但是结账的时候比较慢。","validation","2719","chnsenticorp-2719"
"chnsenticorp-2110","1","环境真好，面向大海，幽静，适合休闲度假，可惜只住了一晚。地点较偏，自驾比较方便。酒店用餐太贵，开车出去吃了。","validation","2110","chnsenticorp-2110"
"chnsenticorp-4731","1","价格越来越高了,周遍不方便,去哪里都需要打车.不过装修风格很时尚舒适.服务态度不错.","validation","4731","chnsenticorp-4731"
"chnsenticorp-74","1","不错的酒店!房间较大并舒适!因为是住21层很安静!1楼餐厅菜肴价廉物美就是品种很少!是桐乡很好的酒店!","validation","74","chnsenticorp-74"
"chnsenticorp-77","1","我住的是豪华大床房，硬件不错，可惜床单上有细小毛发，不过服务台获知后马上就换了。自助餐很好。这是桐乡最好的酒店了。","validation","77","chnsenticorp-77"
"chnsenticorp-172","1","优点：1）和汽车站在一个院子内，出行便利2）斜对面就是大排挡一条街，各种小吃和水果一应俱全缺点：服务员态度一般，服务水平有待提高","validation","172","chnsenticorp-172"
"chnsenticorp-4988","1","如注了套房，但没有想象中的宽敞，可能是老饭店的缘故吧。酒店地理位置得天独厚，来旅游的朋友建议入住此酒店，早餐迷你，但味道不错，该有的都有了。总体感觉尚可。","validation","4988","chnsenticorp-4988"
"chnsenticorp-5208","1","酒店离市区比较远,不过在尖沙嘴一个小时有一班车去酒店,房间内设施比较陈旧些,但是外部环境非常好,空气也很好,出酒店不远处就有沙滩,非常适合去渡假,早餐的品种也比较丰富.下次去还会去住,那里的环境真的非常好.比如心酒店好多了.","validation","5208","chnsenticorp-5208"
"chnsenticorp-2609","1","前台服务很好，房间很不错，干净宽敞，有一个小小的花园，据说是四星，我订的时候倒没在意这些，但入住后还是蛮喜欢的但一定要住B楼，A楼对大街，喇叭要吵到晚上九、十点。PS：宾馆后面是所谓亚洲第一喷泉，晚上八点开始，居然延续有半个小时，还是挺壮观的","validation","2609","chnsenticorp-2609"
"chnsenticorp-2187","1","酒店在西街还算是不错了，景观地理位置都比较好，房间较陈旧但干净舒适。下次可以考虑再次入住。","validation","2187","chnsenticorp-2187"
"chnsenticorp-1524","1","位置非常好，就在西街的街口，但是却闹中取静，环境很清新优雅。只是前台太窄，前台接待总是手忙脚乱，客人都一排站着，大家都不排队，谁脸皮厚多叫就能给先办。入住和离住手续均办了半个小时以上。酒店房间还比较干净，没有中央空调，手动空调，呵呵。该酒店胜在环境和位置。","validation","1524","chnsenticorp-1524"
"chnsenticorp-549","1","我订的是贵宾楼标间(根据前人评语筛选),最大特点是服务细节考虑得很周到,送水果、晚报、餐巾盒，甚至连浴缸前的垫脚毛巾都铺好了。特别提示：因该酒店贵宾楼标间靠近马路，所以房间分双层隔音玻璃房和单层隔音玻璃房，如果你对于噪音比较敏感，建议预定双层隔音玻璃房。","validation","549","chnsenticorp-549"
"chnsenticorp-1097","1","GOOD不错的酒店,还是好呀OK不错的","validation","1097","chnsenticorp-1097"
"chnsenticorp-1702","1","不错，推荐！周边环境有点冷清。去机场方便。硬件不错。","validation","1702","chnsenticorp-1702"
"chnsenticorp-3807","1","环境优雅安静，湖景房确实美景如画，早晚在挂满了咏风叹景对联的长廊散步闲坐，身心极度放松。房价虽高，环境确非镇中酒店能比。在此小住，有傍湖泳池任游，有满目湖景，连游湖也省了。早餐也够水准。","validation","3807","chnsenticorp-3807"
"chnsenticorp-594","1","2006年6月2日时曾住过这家酒店，晶丽的服务仍然很不错，结帐时给客人的信任非常难得，不象绝大多数酒店那样问了是否使用过收费物品后仍要派人检查。我看了之前的点评中对门童大叔的描述，特例留意了一下，果然名不虚传。晶丽值得一住。","validation","594","chnsenticorp-594"
"chnsenticorp-1175","1","景观不错,服务也不错,早餐也不错,地段不错,去哪都方便","validation","1175","chnsenticorp-1175"
"chnsenticorp-2270","1","周围环境不错,就是房间太旧了.还有兑换外币也不很方便.","validation","2270","chnsenticorp-2270"
"chnsenticorp-3922","1","房间有点异味！是从卫生间传出来的。其余都不错。","validation","3922","chnsenticorp-3922"
"chnsenticorp-618","1","总的感觉还可以，很安静，房间也好。靠近民族村和海埂公园，晚上可以去滇池边坐坐，听听潮汐，非常的享受。唯一不好的就是晚上打车出去不方便，不过前台也有准备，可以帮你叫出租车，提前说一声就行。","validation","618","chnsenticorp-618"
"chnsenticorp-1500","1","此次入住双人豪华商务房有提供计算机，饭店位置离机场巴士终点上清寺站打出租车起步价五块，坐轻轨在曾家岩站下车Ｃ号出口。交通位置方便，住起来也安静。","validation","1500","chnsenticorp-1500"
"chnsenticorp-1375","1","前台服务态度非常好,房间大小清洁也都不错退房当天早上才通知延至下午三点退房也ok.离万象城近有机会还是会入住.","validation","1375","chnsenticorp-1375"
"chnsenticorp-497","1","我是6月5-6日住的，主楼园景双人房，对酒店非常满意，设施还算新，房间够大，布置也不错，大堂够气派，服务也好，酒店外就是白鹭洲风景区，一出酒店就是湖，非常舒服，而且地段也不错，10元就能到中山路，送的自助早餐不错。如果下次去厦门，我也会再住这里的。","validation","497","chnsenticorp-497"
"chnsenticorp-3424","1","总的来说,这家店不错,就是环境有点吵闹,设备坏了也不维护,我洗澡的时候,差点被懂感冒,洗浴室的窗户把手坏了,冷风直灌,哎,不过早餐还行.","validation","3424","chnsenticorp-3424"
"chnsenticorp-2077","1","从入住到离开,都很满意,下次来杭州一定还会入住的.宾馆反馈2008年6月24日：感谢您对酒店的评价，这对我们而言是最受鼓舞的客人反馈。期待您的再次光临！","validation","2077","chnsenticorp-2077"
"chnsenticorp-1562","1","地理位置佳，交通方便，酒店服务、设施都不错，在郑州算好的酒店了，以后有机会去郑州还住裕达。","validation","1562","chnsenticorp-1562"
"chnsenticorp-4466","1","房间蛮合心意，早餐也很丰富，附属设施一般。周围的环境比较差，不过还算有几个小吃店能对付一顿简餐。","validation","4466","chnsenticorp-4466"
"chnsenticorp-4010","1","399真的很值得之前也住过别的差不多价位的酒店式公寓没有这间好厨房很像厨房很大整个格局也都很舒服早上的早餐我订的8点半的已经冷了。。。位置啊什么还是很好的下次还会去服务也很周到","validation","4010","chnsenticorp-4010"
"chnsenticorp-2729","1","很好，这次入住酒店帮我免费升级为商务间，说是给携程的年终优惠，意外地满意。宾馆反馈2008年1月16日：感谢您对大连银帆宾馆的满意和支持！商务间是比基础房型豪华间高两个级别的全新房型，目前推出年终回馈498元商务间升级活动，希望大家更喜欢我们的新房间、新银帆！银帆宾馆欢迎您！","validation","2729","chnsenticorp-2729"
"chnsenticorp-3131","1","酒店位置还不错，周围设施也比较方便，周围小吃还挺多，基本上来说是一个适合住宿的地方。缺点是门童不太好，基本上没有什么礼貌用语，也没有眼色帮客人拿行李或者叫出租车。","validation","3131","chnsenticorp-3131"
"chnsenticorp-5029","1","位置极佳，在国贸附近，相对于其他4，5星级的宾馆，性价比还是可以的，还会去住","validation","5029","chnsenticorp-5029"
"chnsenticorp-5322","1","总的来说可以，总是再这里住，公司客人还算满意。就是离公司超近，上楼上班下楼回家","validation","5322","chnsenticorp-5322"
"chnsenticorp-1310","1","地理位置优越，前台服务速度还好。大床间的房屋很差，不能通风，采光也不好。客房内弥漫异味。夜间室外超重低音影响，电话骚扰，影响睡眠。另外，把角的房间内手机信号不好。","validation","1310","chnsenticorp-1310"
"chnsenticorp-580","1","环境交通都不错，房间也可以，下次还会再来","validation","580","chnsenticorp-580"
"chnsenticorp-3205","1","订的是山景房,房间还不错,挺干净.前台服务员有点小问题：一是人数偏少，只有两个人，另外最好多点笑容；二是前台服务员对本地的景点不熟悉是最大的遗憾了。","validation","3205","chnsenticorp-3205"
"chnsenticorp-1206","1","这是我第二次住悦达酒店，这里环境和地理位置都还好，价格、服务和高层的房间环境等等性价比还是很高的。特别说的是床睡得非常舒服，很喜欢。另外离农民美食街很近，非常值得推荐！","validation","1206","chnsenticorp-1206"
"chnsenticorp-4205","1","5月21日入住,大床房空间很大,和价格相符.如再便宜点就更有竞争力.宾馆反馈2008年6月27日：感谢您的点评及对我们酒店的赞赏,从6.28日起我们每个周末都有优惠的房价,欢迎您下次入住.","validation","4205","chnsenticorp-4205"
"chnsenticorp-3448","1","房间还算不错，窗户设计的不错，视野很宽阔！住在高层之上，可以远眺上海的夜景！宽带费太贵了，每小时40元！","validation","3448","chnsenticorp-3448"
"chnsenticorp-322","1","不错，房间很大，设施比较完备，地理位置也很方便。电视机稍微差了一点。","validation","322","chnsenticorp-322"
"chnsenticorp-1896","1","离开温泉酒店就入住了这间酒店，感觉就和一般的四星没什么两样，出入蛮方便的，最方便的是酒店对面有个海鲜大排挡，到那里吃海鲜很爽，各种海鲜都有，有很多都叫不出名字，不过都很好吃。","validation","1896","chnsenticorp-1896"
"chnsenticorp-1397","1","价格和设施还是成正比的。这次给客人预定，反映还是不错的。","validation","1397","chnsenticorp-1397"
"chnsenticorp-834","1","住了几次，这次还特意带了朋友一起去入住，结果，酒店的早餐让我们太失望了，越来越差啊，九点去的时候吃的东西都没有什么了，以后我是不会再来了。","validation","834","chnsenticorp-834"
"chnsenticorp-3263","1","离杭州不少路,酒店特别是晚上不好找,游乐项目不多宾馆反馈2007年3月5日：酒店已增加了园区内电瓶车观光游览、垂钓、各种球类运动项目、射箭、野外拓展、农家土柴灶自己烧、烧烤等等活动。","validation","3263","chnsenticorp-3263"
"chnsenticorp-1270","1","非常好。国内最好的酒店之一。各方面都不错。","validation","1270","chnsenticorp-1270"
"chnsenticorp-3396","1","Excellentlocation!NexttoCiticSquareandoppositetoPlaza66.TheLine2metrostationiswithina3-minstroll.Theroomisslightlysmallerthanexpected.I'vestayedattheRegalia'sservicedapartmentinSuzhouonceforalowerpriceandmuchbiggerroom.There'sevennokitcenwareinthemini-kitchen.Reckonit'llbekindainconvenientforlong-termguests.Anywayit'snotabigdealtomeasIdon'tbothercooking.Choicesatbreakfastarelimited.Serviceisprettygoodthough.宾馆反馈2008年7月31日：ThankyouforreplyingtoCtripsfeedback,weappreciateallfeedbackasitmakesusawareofwhatourcustomersneedsandexpectationsare.Shouldyourequireanykitchenutensilsorequipment,pleasecallHousekeepingandwewilldoourutmosttomeetyourneeds.ThankyouagainforyourfeedbackandwehopetoseeyoubacksoonatCentralViewSuites.","validation","3396","chnsenticorp-3396"
"chnsenticorp-3450","1","房间比较舒服,酒店的地理位置也比较好.但是宽带收费太贵~","test","3450","chnsenticorp-3450"
"chnsenticorp-4180","1","出差途中无意中获得一张携程旅行网会员卡,通过网络订房及上网查询酒店的有关介绍,对其介绍的诸多荣誉很是好奇,入住期间所享受到的服务与大堂的荣誉榜甚是吻合,住宿、用餐、K歌及价位偶总体很满意。在此，谢谢携程网！谢谢石狮五洲大酒店！","test","4180","chnsenticorp-4180"
"chnsenticorp-5099","1","前台接待人员略显死板，不能主动向客人介绍各项事宜，服务较被动","test","5099","chnsenticorp-5099"
"chnsenticorp-1414","1","酒店设施看得出来质量不是很好，细节都很粗糙。服务还可以","test","1414","chnsenticorp-1414"
"chnsenticorp-2686","1","服务还不错，但是客房装修过于陈旧，隔音效果确实不好。另外想要对客房部替个意见，你们能不能在客人没有要求清理的情况下，于顾客离店后在进行清理客房呢？最后说一句“真的不要对早餐抱有太大的希望！”","test","2686","chnsenticorp-2686"
"chnsenticorp-1959","1","早餐一般。2次去住都碰上有会议，看起来酒店生意很好啊。","test","1959","chnsenticorp-1959"
"chnsenticorp-3254","1","酒店比较老,但是设备维护的还是不错.服务不错,比较细心周围,晚上回来开了夜床,感觉很好.楼下商场据说算济南最好的，感觉不错~~`下次还住这里","test","3254","chnsenticorp-3254"
"chnsenticorp-29","1","总体感觉不错，美中不足的是房与房之间隔音效果不太好，还有房价感觉稍高。","test","29","chnsenticorp-29"
"chnsenticorp-3771","1","6月初蜜月旅行，到达丽江的第一晚入住。房间很整洁，木质的家具感觉非常舒服，很有古朴的味道，与庭院的风格非常接近，一下子就喜欢上了！以后去的话还会住在这里。","test","3771","chnsenticorp-3771"
"chnsenticorp-102","1","意外，入住时给了早餐券和一张50元餐券。用完自助早餐后，中午在旋转餐厅用了个行政套餐，还余3块钱，可惜不退给我。不错，酒店包两餐，社会主义啊。","test","102","chnsenticorp-102"
"chnsenticorp-1498","1","每次重庆出差，基本上都住雾都宾馆，宾馆很温馨，服务周到，价格合适，交通方便......各方面都不错，下次去还会住雾都宾馆！","test","1498","chnsenticorp-1498"
"chnsenticorp-4088","1","感觉比老街口客栈舒适，很中规中矩的3星级，推荐大家住主楼的豪华间，设施比较好，前台和大堂的服务比较热情，通过酒店推荐的出租车司机十分的讲诚信，守时！这才是我最喜欢这家酒店的地方。就是洗澡水有时忽冷忽热，希望改进。","test","4088","chnsenticorp-4088"
"chnsenticorp-3868","1","房间不错，朋友很满意，价格很实惠，服务态度很好","test","3868","chnsenticorp-3868"
"chnsenticorp-1112","1","房间很小，其他到还可以。虽然名字包含了假日，花园，但是和holidayinn,gardenhotel都不是一家。房间很小，几乎像一个小卖部：几乎所有东西都是收费的，小心。早餐很简单，很简单。总之，和大部分北京饭店的感觉一样，没什么特别的。","test","1112","chnsenticorp-1112"
"chnsenticorp-148","1","协程价格比较好。下次出差还会住这里。房间还不错。","test","148","chnsenticorp-148"
"chnsenticorp-2135","1","这个地段这个价位这个服务的酒店，算是很难得了。","test","2135","chnsenticorp-2135"
"chnsenticorp-5304","1","入住前看了之前各位网友的点评，心里预期不是很高，而且自己准备了拖鞋和饮用水，在入住的时候特意要了无烟房。入住之后，发现房间的面积挺大，基本设施虽然不新但是功能都完好，房间（我住在3层）的隔音也不错。总体感觉还可以了。","test","5304","chnsenticorp-5304"
"chnsenticorp-4104","1","第一次入住，感觉很好，不吐不快，一来表扬酒店，二来为他人做一介绍。本次入住主要感觉的特点如下：1、服务较好；2、大床房的床真的很大，很舒服3、有健身房、游泳池和桑拿，住客免费4、西餐厅个别菜肴和点心味道极佳（名字搞忘了）","test","4104","chnsenticorp-4104"
"chnsenticorp-1739","1","酒店陈旧，但房间暖气供应很足，非常好！宽带速度很快，非常方便。只是早餐时的红茶，咖啡需提高，口感和颜色均令人无所适从。三楼酒吧非正常人能享受，特别是女性。一楼的大堂吧很冷，无法在酒店找到可以餐后轻松聊天的地方。","test","1739","chnsenticorp-1739"
"chnsenticorp-4575","1","交通便利,恰好位于解放西路和黄兴中路的交界处；出门一拐就是步行街，而且濒临湘江。房间条件比三星要好一点（我住的豪华）；晚上附近的歌厅有一点点吵，12点以后没多大动静。免费宽带上网和早餐，自助早餐还不错。总之条件虽然不是很豪华，但是住着舒服方便；性价比不错。推荐入住。","test","4575","chnsenticorp-4575"
"chnsenticorp-3723","1","酒店外观不怎么样，但是里面的服务很好，而且房间超级大，床也超级大，绝对可以睡4个人，早餐也可以。总体来说不错，性价比还ok。从虹桥机场过去打车19块，十来分钟就到了。要是在虹桥附近办事，推荐这家酒店，很方便。","test","3723","chnsenticorp-3723"
"chnsenticorp-2","1","距离川沙公路较近,但是公交指示不对,如果是""蔡陆线""的话,会非常麻烦.建议用别的路线.房间较为简单.","test","2","chnsenticorp-2"
"chnsenticorp-1022","1","定了两个标准房，总体还满意。早餐还不错。前台服务也不错。","test","1022","chnsenticorp-1022"
"chnsenticorp-1092","1","行政房确实不错，服务好，房间也舒服这个价位真","test","1092","chnsenticorp-1092"
"chnsenticorp-1802","1","房间确实不错，帮朋友订的，朋友说这里的服务很好","test","1802","chnsenticorp-1802"
"chnsenticorp-2346","1","服务基本周到,房间设施齐全,交通较为便利,价格稍偏高.","test","2346","chnsenticorp-2346"
"chnsenticorp-4742","1","山项游泳池的清泉碧水印象深刻。餐厅不错，从外面玩一天回来晚上九点半还有吃的，最稀饭萝卜干炒鸡蛋，味道好而且价格公道，卡卡~从此爱上闽西。。","test","4742","chnsenticorp-4742"
"chnsenticorp-403","1","交通挺方便，服务也不错，附近走不远就有很多吃的地方，挺好，就是电梯需要用房间钥匙很麻烦。补充点评2008年7月14日：电视的台少了些，就那么十来个吧，还很多外国台，国内的地方台大部分看不到，这点不怎么好。","test","403","chnsenticorp-403"
"chnsenticorp-3837","1","房间够大,服务不错.下次有机会还会去住.","test","3837","chnsenticorp-3837"
"chnsenticorp-4628","1","便宜，物有所值。早餐：相对比较单调。","test","4628","chnsenticorp-4628"
"chnsenticorp-3650","1","跟同一条街不远的经济型酒店比较我更喜欢假日之星酒店我订的是商务大床房相比房间面积大一点感觉不那么狭窄还有浴室提供吹风机另家经济型酒店同类房间里也没有缺点：大部分经济型酒店不提供早餐还有就是房间的隔音效果做的不是很好神经衰弱的不建议入住","test","3650","chnsenticorp-3650"
"chnsenticorp-3508","1","房间不大,但里面的硬件设备不错,地理位置也很好,只是下面的KTV实在比较吵","test","3508","chnsenticorp-3508"
"chnsenticorp-2365","1","酒店不错，每次去中山出差都住的这家。如果已经成为酒店的会员，还会有一些小礼品，而且预授权也不过1倍。不错。早餐不错，花样很多，而且RoomService也很棒，订餐的时候接线人员也会很仔细的回答问题，还会针对我的口味推荐。","test","2365","chnsenticorp-2365"
"chnsenticorp-4244","1","六号楼是龙岩地区目前最好的宾馆，硬件很新，服务也还可以，感觉很不错。但美中不足的是暖气不行，晚上冻醒，希望改进。宾馆反馈2008年3月12日：感谢您提的宝贵意见，宾馆已经针对您的建议作出改进。期待您的再次光临。","test","4244","chnsenticorp-4244"
"chnsenticorp-5243","1","这次是我第二次入住青年会了,主要是服务态度好,房间环境好,周围的交通比较方便..这次酒店给我们安排到新装修的房间,各个设施以及环境更加齐全更好.下次还是会选择青年会.","test","5243","chnsenticorp-5243"
"chnsenticorp-3005","1","我们一家三口在岛上住了一天,总的感觉还不错.沙滩海水无得弹,很多珊湖石.在携程订观海木楼,山下几间房是看不到海的,一定要山上的才能观到海,有点遗憾.在岛上吃得还能接受,就是什么都要现金,另外晚上有很多小动物.","test","3005","chnsenticorp-3005"
"chnsenticorp-4896","1","环境确实不错，很安静，我很喜欢。特别是木屋，户外阳台留有插线板，坐在阳台上上网很惬意的。这是我第二次在这里居住了。就是无线网络信号太弱，经常短线。没办法最后只要能用GPRS上网。非周末时间居住，感觉整个风景区被我一家人包了似的。","test","4896","chnsenticorp-4896"
"chnsenticorp-2560","1","酒店位置很好，房间也很舒服，下次还会入住。","test","2560","chnsenticorp-2560"
"chnsenticorp-251","1","酒店设施及服务质量一般,交通情况比较方便,较适合中等收入家庭旅游选择","test","251","chnsenticorp-251"
"chnsenticorp-337","1","可以说是金华最好的宾馆了，但不是性价比最高的。金华没有比它好的，但是同星级的不是最好，还过的去吧，价格高了点","test","337","chnsenticorp-337"
"chnsenticorp-2709","1","已经多次入住了,在徐州是一家不错的酒店,环境雅致,早餐也不错,有当地的特色.","test","2709","chnsenticorp-2709"
"chnsenticorp-1904","1","酒店最近房价浮动太大了，从以前携程价格的RMB591到现在已经要RMB965了，太贵了！","test","1904","chnsenticorp-1904"
"chnsenticorp-1247","1","同时订的两套房间，入住时间不同，最后拿到的房间也不同，很奇怪今晚酒店的房间怎么老是这样，当然都是升级到更高层次的房间。","test","1247","chnsenticorp-1247"
"chnsenticorp-2134","1","春节期间酒店比平时折扣更多！非常不错！已经第三次入住了！补充点评2008年3月3日：我是春节期间入住，目前的价格又回复到285了，春节期间是258,含早哦","test","2134","chnsenticorp-2134"
"chnsenticorp-4186","1","房间旧了，马桶竟然冲不去，只好换房，有服务员协助周一上午有升旗仪式，国营的风格","test","4186","chnsenticorp-4186"
"chnsenticorp-1891","1","海景房还是挺不错的，挺大的，也能看到海。服务就不知道了，只住了一晚上。下次有机会还住那里，多住几天。","test","1891","chnsenticorp-1891"
"chnsenticorp-3900","1","这次回国在上海的邦臣万源酒店入住，总体感觉还不错。服务质量不错，房间很干净，设施也算齐全。江景套房的布局很合理，卧室的用具很干净。缺点是空调声音有些大，而且不能开窗。时间长了房间的空气就有些难以忍受。另外，厨房的灶具多半是摆设，没有实用性。","test","3900","chnsenticorp-3900"
"chnsenticorp-602","1","服务很好，环境也不错，很舒服，餐厅也很舒服，很温馨。","test","602","chnsenticorp-602"
"chnsenticorp-5060","1","整体还算可以，离市区稍远，环境不错，旁边有公园，酒店提供接机服务，如果有送机服务就更好了（打的到机场20元）","test","5060","chnsenticorp-5060"
"chnsenticorp-1050","1","其它都可以但本次提供的房间不好窗户离墙只有几公分，应事先和客人打个招呼说明一下，否则很郁闷。","test","1050","chnsenticorp-1050"
"chnsenticorp-3686","1","酒店房间内挺干净整洁，就是酒店没有隶属餐厅，吃饭不能签到房间的账单里。","test","3686","chnsenticorp-3686"
"chnsenticorp-4417","1","非常别致的一家酒店，设计很独特。地理位置有点偏，但酒店有班车也挺方便的。下次还会住。很喜欢：―）","test","4417","chnsenticorp-4417"
"chnsenticorp-3810","1","地理位置确实不错，直面千岛湖。可能是使用时候稍长的原因，有些地方稍有些脏，比如地毯。早餐的小馄饨很好吃，特别推荐一下。","test","3810","chnsenticorp-3810"
"chnsenticorp-1628","1","酒店环境比我想象的好，房间也非常干净。我住的是400一晚的。早餐时间比较短，睡过头了就没有去吃。但是古色古香的环境还是不错的。","test","1628","chnsenticorp-1628"
"chnsenticorp-4220","1","所定的房价间并不是水床房，那里水床只有两间，房间的空气并不好，很闷。","test","4220","chnsenticorp-4220"
"chnsenticorp-4519","1","房间是老了点，不过设施还满周全的，服务也不错，门口的好几个大堂副理都挺热情，对所有询问都耐心解答．","test","4519","chnsenticorp-4519"
"chnsenticorp-3724","1","房间设施和卫生还可以，但不幸的是酒店2楼还是3楼是歌厅，即使在6楼，夜里也可闻歌舞声，另外就是晚上有骚扰电话。","test","3724","chnsenticorp-3724"
"chnsenticorp-623","1","交通很方便，房间小了一点，但是干净整洁，很有香港的特色，性价比较高，推荐一下哦","test","623","chnsenticorp-623"
"chnsenticorp-455","1","预定的是商务大床房，房间和床都够大。但是空调的出风口对着床，即使开了微风还是有点冷。空调器固定在墙上的，只能走过去调节空调，不太方便。电视机有点小，而且也不是纯平的，算是缺陷了。其他都挺不错，整体房间很干净，设施也基本齐全。","test","455","chnsenticorp-455"
"chnsenticorp-2655","1","已经第三次入住这家酒店了，除了前台服务很好以外，其他的服务都很好。这次去是免费升级了套房，有厨房，而且有客厅，刚好房间是对着维多利亚港的，能直接看到会展中心，真的感觉很棒！下次会继续入住，并会推荐我的朋友们和客人们入住此间酒店！","test","2655","chnsenticorp-2655"
"chnsenticorp-3068","1","环境很美，服务很好。但房间装修一般，入住时感觉房间很潮，酒店内吃饭的地方太少。","test","3068","chnsenticorp-3068"
"chnsenticorp-301","1","12月在金泉住了几天，开始订的豪华商务小套房，后来换了个商务标间，感觉性价比更好：两种房间大小差不太多，可以向酒店免费租一个猫，通过电源线上网，上网速度挺快。","test","301","chnsenticorp-301"
"chnsenticorp-281","1","地理位置不错，房间环境也可以，洗衣速度快，值得称赞，唯一不足就是装修期间，很多楼层乱乱的。","test","281","chnsenticorp-281"
"chnsenticorp-1378","1","硬件不错,商务酒店里面算是有特色的了。服务中等，前台不错，但房间服务一般般。价格比较贵，不过行政间大抵都这样子。位置有点偏不太好找，出租汽车司机有些找不到，说是万象城附近，但要绕进去","test","1378","chnsenticorp-1378"
"chnsenticorp-3541","1","房间很新，服务员水平也很高，物有所值。4楼房间太压抑，这次先进了4楼然后不满意很快换到10楼，感觉就好多了。房间临街不吵。酒店的资助晚餐便宜美味有很多海鲜，物超所值。补充点评2008年1月2日：这家酒店我经常入住。在开发区范围内是性价比最好的了。","test","3541","chnsenticorp-3541"
"chnsenticorp-3041","1","交通方便,环境优美,很幽静,空气也很清新补充点评2008年5月4日：价格合算","test","3041","chnsenticorp-3041"
"chnsenticorp-2667","1","酒店硬件条件不错，服务也挺好，价格合适。只是当地风俗让我们有点受不了，晚上酒店有新人结婚，乐队一直在大门外演奏，异常吵闹。本来酒店身处安静之地的优点被全部破坏了。","test","2667","chnsenticorp-2667"
"chnsenticorp-443","1","酒店的服务员服务很规范,早餐品种丰富。紧挨路边，周边环境有点吵，很早就有大卡车鸣笛。可能是住得太高的缘故(住顶楼6楼),晚上洗澡洗到一半没有热水了,过了约1分钟才慢慢来水.这在冬天是较难忍受的.","test","443","chnsenticorp-443"
"chnsenticorp-1352","1","交通方便，室内干净，基本生活电器都配备。出嫁那天需要红色床单，前晚给前台打了电话，他们回复说要去仓库找下，没想到第二天真给送来并布置好了，态度还不错！","test","1352","chnsenticorp-1352"
"chnsenticorp-3898","1","不错的酒店，好像是公寓改装的，很新的设施，就是前台非常小。服务小姐很亲切，笑容可亲。","test","3898","chnsenticorp-3898"
"chnsenticorp-828","1","房间宽敞，很干净，墙上挂着小型液晶电视机，卫生间没有浴缸只能淋浴，不过不成问题。长宁路是个大马路，但因为酒店位于弄堂里，所以环境比较安静。我比较喜欢锦江大厨，价廉味美，服务态度也还可以。229元的房价的确很有竞争力。网络速度有点问题，经常有中断或连接不上的情况。","test","828","chnsenticorp-828"
"chnsenticorp-3116","1","酒店房间很好，闯很大，不是一般大！总体来说不错，唯一美中不足的是早餐还没到十点服务员就来收牌子，令到来晚一点的住客都不知道有什么吃的。","test","3116","chnsenticorp-3116"
"chnsenticorp-3313","1","我入住的那天正好下雨，酒店迎宾主动打伞接送，服务很到位。房间很干净，卫生间与洗浴区之间过道有点狭窄，建议把玻璃浴墙改成可折叠或是拉帘式的。阳台漏雨，不方便观雨景。餐厅服务很好，只是菜品较少。无24小时送餐","test","3313","chnsenticorp-3313"
"chnsenticorp-3483","1","房间挺大卫生也还行就是洗澡水早晨有点凉","test","3483","chnsenticorp-3483"
"chnsenticorp-5150","1","早餐丰富.服务人员态度不错.但是入住时发现卫生间有积水,housekeeping来检查未有结果以为是我们的小孩子搞的,心情落差.擦干后半小时内又有积水,他们只能叫维修人员,原来是水斗的一个接头坏了.口头对不起.checkin&checkout比较快.Italian餐馆味道不错,服务很好.价格跟上海差不多.4楼海景不够好,应该往上层更佳.去海港城和广东道不够方便","test","5150","chnsenticorp-5150"
"chnsenticorp-2382","1","我入住的是酒店豪华单人房，酒店房间设施基本满意，就是卫生间浴池上掉墙皮，而且热水放一会才热，早餐在22楼观光餐厅，丰富服务周到，比较满意~~","test","2382","chnsenticorp-2382"
"chnsenticorp-2632","1","地理不错，大堂环境不错，房间设施齐全。不过早餐一般，不是很丰富。","test","2632","chnsenticorp-2632"
"chnsenticorp-584","1","非常感谢携程工号84392的客服人员,帮助妥善解决了由客人自己信用卡担保的失误,没有及时告知的事件.下次有机会会再次光临本宾馆,支持携程","test","584","chnsenticorp-584"
"chnsenticorp-1100","1","座落在华侨城，环境优美，房间也大，服务按５星级标准还应再提高","test","1100","chnsenticorp-1100"
"chnsenticorp-4164","1","我住的行政房，管理不错，行政楼层有单独的前台很方便，房间偏小，沙发布面脏了旧了。行政楼层早餐独立的，但是东西实在太少，品种少，数量也少。","test","4164","chnsenticorp-4164"
"chnsenticorp-1879","1","位置不错，购物方便，但是房间太小，同等价位在东莞这个地方没有竞争力，服务一般，前台都不懂得英文，酒店也不够大气。","test","1879","chnsenticorp-1879"
"chnsenticorp-2517","1","酒店交通便利,房间早餐都很不错,但隔音效果不行.补充点评2007年12月22日：豪华双人间的床很大，舒服。在26的房间里看夜色还是不错的。","test","2517","chnsenticorp-2517"
"chnsenticorp-694","1","朋友前一阶段入住的。感觉很好，对这个城市的环境也有很高的评价。","test","694","chnsenticorp-694"
"chnsenticorp-2691","1","不是所有的房间都有阳台入住记得要问一下向马路的单床间两头的都没有阳台服务很好隔音很差尤其是晚上只要有人在走道说话一清二楚","test","2691","chnsenticorp-2691"
"chnsenticorp-3038","1","周末和老婆过去住的，感觉还不错，环境比较好。酒店的服务还可以，但是服务员见到了客人连招呼都不打一个，这点感觉服务员的素质还需要改变，总体感觉不错","test","3038","chnsenticorp-3038"
"chnsenticorp-2973","1","价格确实比较高，而且还没有早餐提供。携程拿到的价格不好？还是自己保留起来不愿意让利给我们这些客户呢？到前台搞价格，430就可以了。","test","2973","chnsenticorp-2973"
"chnsenticorp-3536","1","性价比还不错,这个价格在北京的西四环,算还可以啦,我住的商务房,感觉还算温暖,服务也还可以,交通不算很方便,自己有车就没问题.","test","3536","chnsenticorp-3536"
"chnsenticorp-4970","1","非常满意，服务贴心到位，还主动把携程的预定门票换成门票，我们可以不排队。房间干净整洁，还很漂亮，很赞的","test","4970","chnsenticorp-4970"
"chnsenticorp-480","1","离火车站、汽车站较远，不利于自助游！但酒店的环境和服务还是不错的......","test","480","chnsenticorp-480"
"chnsenticorp-3946","1","6月30日入住的。房间总体还行，就是有点旧。周围环境较好。服务方面，门童帮忙开车门倒是挺勤快，可惜不知道帮忙拎行李。特别表扬早餐比较好。总的来说，感觉可以是3星+的标准，但算不上4星","test","3946","chnsenticorp-3946"
"chnsenticorp-4183","1","在该酒店住过，感觉挺舒适，特别是服务挺周到，中餐菜肴特别营养丰富可口，别具特色！记得要提前预订哦!经常满座,用餐还要排队等候了。","test","4183","chnsenticorp-4183"
"chnsenticorp-4221","1","非常好，特别是休闲房。早餐非常丰富。再来还住。","test","4221","chnsenticorp-4221"
"chnsenticorp-2769","1","酒店位置不错，出门去转转还很方便。单人间小了些，但还是有五星级风范的，房间稍旧了些，但性价比还是不错的。","test","2769","chnsenticorp-2769"
"chnsenticorp-1491","1","服务尚可,携程网协议价偏高.本人发现其他公司协议价只有366元(含早).","test","1491","chnsenticorp-1491"
"chnsenticorp-2685","1","以前住过，这次感觉没有以前好了。首先是房间里的设施折旧太快，像用了很多年似的。其次是离火车站太近，又在十字路口，白天汽车噪音大，空气也不好，晚上火车进出站汽笛声很吵人。其它的则一般般，普通而已。","test","2685","chnsenticorp-2685"
"chnsenticorp-1837","1","房间不错，性价比很好。但餐饮单调，没有地方特色。周边绿化不错，但离城里很远，出门逛街不便。总的说来，价格挺合理的","test","1837","chnsenticorp-1837"
"chnsenticorp-3090","1","房间很干净，条件比较好，上网速度很快，早餐很丰盛，但在徐州这个位置，价格偏高，要是在200以内就好了。","test","3090","chnsenticorp-3090"
"chnsenticorp-2364","1","没有想到开封这个地方.居然有服务这样好的宾馆。酒店人员的培训是很到位了。服务和我经历过的一些五星级酒店差不多了。果然是市委招待所的班子.缺点就是我们住的哪个房间,设施有点陈旧.交通很便利.从酒店步行5分钟就到了最繁华的开封的小吃一条街.","test","2364","chnsenticorp-2364"
"chnsenticorp-1132","1","我住的是豪华房,酒店环境很不错,服务满好,饭菜也过得去,按此级别的酒店早餐算满好了,位置也还方便,唯一的不便就是上网按30元收费,觉得很不便,下次再去如果只是路过一天还是住这里,如果住几天就肯定换酒店了,查询旅游信息和上网联络很不划算","test","1132","chnsenticorp-1132"
"chnsenticorp-2806","1","服务很好！员工很礼貌！房间很干净就是小了点！房间不能直接通话，需要总机转，不方便！在我看来：只能是准四星级酒店，在黄山只能算三星级酒店！","test","2806","chnsenticorp-2806"
"chnsenticorp-3375","1","我经常住在西藏大厦，主要出差的方便，周围的饭店也比较熟悉了，还有一个物美大卖场；去首场机场相对较方便。","test","3375","chnsenticorp-3375"
"chnsenticorp-576","1","房间太陈旧,服务还可以,毕竟整个长春的宾馆业都不太先进","test","576","chnsenticorp-576"
"chnsenticorp-3692","1","很喜欢这个酒店,每次都挺满意的.住了五次了都,还介绍了同事去住,大家也都挺蚂蚁的,呵呵补充点评2008年4月25日：就是电梯速度慢了很多,不知道为什么","test","3692","chnsenticorp-3692"
"chnsenticorp-2804","1","首次预订入住精致套房，没有想像的好，感觉装修有点陈旧了。电视机位在卧房，在中间厅里看就嫌小了，不像在上海住的绿地豪生全套房酒店，卧室和厅是各有一个电视的。床和枕头还是比较舒服的，晚上可以睡得很好。上网线的插头有点接触不良，建议更换。酒店大堂在三楼，有点怪。","test","2804","chnsenticorp-2804"
"chnsenticorp-2678","1","位置还可以离解放碑地区不远，打车起步价（5元），房间价格236元，我的房间还可以看到江景，电视卫星频道不错选择很多，房间不算大，洗手间很小，但还算清洁。总得来说性价比还可以。","test","2678","chnsenticorp-2678"
"chnsenticorp-4930","1","帮朋友订过,大家反映还不错,住宿条件满好的.房价不贵,早餐品种还算丰富,中午自助相当便宜,建议有机会可以去尝尝.下次还是会住的.","test","4930","chnsenticorp-4930"
"chnsenticorp-2751","1","房间还是蛮宽敞和干净的，早餐也不错，特别喜欢房间的落地窗，可惜上网收费不封顶，有点落伍了。","test","2751","chnsenticorp-2751"
"chnsenticorp-1939","1","早餐是中式，有些东西很奇怪。住店停车还收费，不应该。","test","1939","chnsenticorp-1939"
"chnsenticorp-2778","1","服务很好,房间质量太差,差点被蚊子给吃了..唉..不过服务员的服务真的很好,能和五星级的相比..","test","2778","chnsenticorp-2778"
"chnsenticorp-663","1","标准间环境不怎么的，楼层低、有蚊子。商务间还可以，大床房1","test","663","chnsenticorp-663"
"chnsenticorp-778","1","1。环境不错，不远就是三峡广场，无聊可以去看看美女2。早餐，赞！3。结帐速度较慢总的来说，还是不错的","test","778","chnsenticorp-778"
"chnsenticorp-2307","1","住的行政大床房,虽然在义乌这个房价有点高,但我觉得值得推荐,服务都不错的","test","2307","chnsenticorp-2307"
"chnsenticorp-5308","1","可能是因为周围修路，所以人比较少，环境很好很安静我入住的是标间的大床房间暖风很充足，浴室比较好，很大，水温不错房间很干净，空间大，房高，床也很舒适，也没有骚扰电话唯一缺点就是电视太小。。","test","5308","chnsenticorp-5308"
"chnsenticorp-4891","1","酒店员工的外语水平需要加强，和外宾交流不畅，其他的服务还是不错的！","test","4891","chnsenticorp-4891"
"chnsenticorp-1975","1","1.春节入住,涨价30元,2进房时竟然还没打扫完,既然已经是预订的房间.总台就应该安排好,不要让客人看着服务员打扫.心里不舒服.3每到杭州总入住此酒店.有个建议,四楼的金玲珑餐厅要换换菜肴了.前年的菜谱用到了今年.希望有点变化.","test","1975","chnsenticorp-1975"
"chnsenticorp-472","1","距拱北关口近，标准间太小，豪华大床不错，服务好早餐不好太草率了其他不","test","472","chnsenticorp-472"
"chnsenticorp-829","1","作为经济型连锁酒店，我觉得锦江之星要比如家、莫泰等高出一筹。最明显的就是房间本身够宽敞，厕所也不局促，马桶还是加长型的呢。10元的早餐算丰富的。整个酒店的色泽和基调看着舒服，如家就土点。","test","829","chnsenticorp-829"
"chnsenticorp-2343","1","有特色,有回味.我订了两个商务大床房,","test","2343","chnsenticorp-2343"
"chnsenticorp-1465","1","价格比较合理，位置及环境也不错．早餐虽然简单也还不错．","test","1465","chnsenticorp-1465"
"chnsenticorp-3372","1","度假不错，不太适合商务，晚一点连吃饭的地方都没有，早餐的品种也少，最难受的是晚上有蚊子．","test","3372","chnsenticorp-3372"
"chnsenticorp-1330","1","地点在市中心，出行方便，服务态度好。住豪华标间，宽敞，重装修较新,卫生不错，免费的矿泉水和咖啡，配的文具包很方便，较人性化，我买了一个，呵呵！。早餐丰富，烫干丝味道佳，娱乐设施比较齐全，桑拿浴比较豪华，据说在仪征是最好的，价格也不贵。","test","1330","chnsenticorp-1330"
"chnsenticorp-4488","1","第一次去香港,住帝豪奥运.之前也看了大家的评论,还是没有实际感受来得真切呵.我和老婆的一致评论如下:优点:1.酒店","test","4488","chnsenticorp-4488"
"chnsenticorp-4007","1","该酒店地理位置不错，离浦东机场不远，主要是周围环境还不错，而且干净，酒店服务就更没得说了，非常到位！","test","4007","chnsenticorp-4007"
"chnsenticorp-3905","1","非常好的一家酒店，服务很好。房间的设施也很好。比很多五星级的酒店也好。但是，外面比较难打的。并且，这边的的士，都不打表，去3公里的地方，他们开价30元，真是天价的士。虽然跟酒店没关，但希望酒店能到相关部门反映一下。","test","3905","chnsenticorp-3905"
"chnsenticorp-366","1","我住的是新毫华海景房唯一好处是可以看到海但房间很小很旧是很老的一家酒店下次有机会来大东海的话应该不会选择这家酒店了这家酒店唯一的优点是交通方便虽然是老酒店但卫生做的很好补充点评2007年12月24日：房间实在太小了","test","366","chnsenticorp-366"
"chnsenticorp-3538","1","酒店大堂不错,房间设施也物有所值,服务员态度非常好","test","3538","chnsenticorp-3538"
"chnsenticorp-642","1","地理位置佳，在市中心。酒店服务好、早餐品种丰富。我住的商务数码房电脑宽带速度满意,房间还算干净，离湖南路小吃街近。","test","642","chnsenticorp-642"
"chnsenticorp-1428","1","我是12月23--26晚住在港威,由于此行的目的就是圣诞节购物,因此觉得特别的方便,而且平安夜广东道上的零点倒数活动就在我的房间楼下进行,酒店内的硬件设施还好,卫生间挺大的,每天送新鲜的水果,服务也不错,唯一的缺点当然是价格咯!","test","1428","chnsenticorp-1428"
"chnsenticorp-2276","1","我定的是豪华客房，看了之前的点评，实际去到还是比想象中的好，房间较大和干净，装修也比较有特色．","test","2276","chnsenticorp-2276"
"chnsenticorp-4012","1","德宝饭店装修很过时，估计是上世纪90年代装修过的，配套实施更老。尤其是卫生间的淋浴居然放的很低，让我不能站着洗澡，喷头居然在腰的位置。门口打车很不方便，在早晨9点左右要等10分钟左右。除了地理位置比较好以外，没有什么优势。补充点评2008年3月5日：而且在二会期间，房价在飞涨","test","4012","chnsenticorp-4012"
"chnsenticorp-5165","1","房间很不错，到底是在比较偏僻的九龙城，所以房间就是比市区里面的大上好多。如果不是时间很赶的游客，推荐这家酒店。就是要考虑到每天都会增加12元港币的小巴费用。","test","5165","chnsenticorp-5165"
"chnsenticorp-976","1","酒店在老市中心，交通方便，房间干净。但开办时间较早，与其他四星相比，硬件略差，周围特色饭店较少。","test","976","chnsenticorp-976"
"chnsenticorp-2843","1","环境不算豪华，但是还算干净。吃饭很贵，不如去边上海滩边的大排档划算。海景房看风景还算好，晚上能听到海浪声。有免费的车位。","test","2843","chnsenticorp-2843"
"chnsenticorp-3789","1","1、环境不错，离东百很近，就在东街口后面。2、房间不错，有电脑，可以免费上网。","test","3789","chnsenticorp-3789"
"chnsenticorp-1746","1","感觉很您好环境也不错晚上很安静下次有机会还会选择住金叶的","test","1746","chnsenticorp-1746"
"chnsenticorp-3288","1","去年住的希尔顿，今年住万豪。万豪的房间明显要小一些。第一天刚来的时候女儿在车上睡着了，我抱着她下车，老公拿大包行李下了车，门童居然在聊天也不来帮一下，不过后几天的门童都还不错。再就是房间没有沙滩袋，很不方便。不过酒店还是很气派漂亮。","test","3288","chnsenticorp-3288"
"chnsenticorp-4935","1","地段不错，比较闹中取静的，就是出租车比较难叫，好在门口的服务员会帮你叫，总体感觉不错，房间也比较大","test","4935","chnsenticorp-4935"
"chnsenticorp-48","1","去住的话最好是住朝向大院的房间，因为酒店后面有中央空调的一些设备，晚上响起来的话影响休息的。早餐很一般，没甚么好吃的东西。酒店旁边有条小路，那里有几家实惠的小饭店，比如私家菜甚么的。总的来说，出差宜兴，国际饭店还是第一选择。","test","48","chnsenticorp-48"
"chnsenticorp-2127","1","此酒店有欺诈客人的嫌疑！房间的MINI吧里，所有的饮料均标有价格，惟有放在小桌上的矿泉水没有标价，并在该矿泉水旁还有友情提示：用此水泡咖啡味道更佳。我们误以为这是免费的，就用了1大瓶2小瓶。不想在结帐时被告知此矿泉水是收费的，费用高达168元！","test","2127","chnsenticorp-2127"
"chnsenticorp-4269","1","有宽带接口,但没有电脑,多加的钱太不值了.另外,该酒店的水龙头流出的水太小了.","test","4269","chnsenticorp-4269"
"chnsenticorp-2296","1","房间很好，我的客人很满意。电视、地毯、大床等等我的客人见了都感觉很好","test","2296","chnsenticorp-2296"
"chnsenticorp-2598","1","酒店的服务和园林是好得没话说的啦，房间设施就一般，有的旧了，但被铺还是很干净舒服，就是580的价钱有点贵！","test","2598","chnsenticorp-2598"
"chnsenticorp-4632","1","物有所值,但其预定车票的服务太一般,我给他们商务中心要求订次日到西安的卧铺票,除要收我30元订票费外还要收我他们订票员来回打的士钱20元,到头来也只能买到无座票,我只好不让他们订了(当然还付了20元的费),但次日我自己直接在火车站买了一张2120次到西安的卧铺票(票价80元硬卧上铺),并在上车后顺利换成软卧(当然又补了43元差","test","4632","chnsenticorp-4632"
"chnsenticorp-425","1","我是7月29日入住，5楼服务员有5星水准，赞。管家部经理和蔼可亲，也有5颗星，赞。只是冲淋水笼头高度太低，我要弯腰洗头，算美中不足吧。","test","425","chnsenticorp-425"
"chnsenticorp-937","1","整体上比较满意但是房间没有想象中的理想没有同样是五星级的济南索菲特的房间好","test","937","chnsenticorp-937"
"chnsenticorp-1867","1","第二次入住，蛮好的酒店。总的来说。在国内算不错的公寓式酒店。","test","1867","chnsenticorp-1867"
"chnsenticorp-4256","1","我感觉在亚龙湾这个酒店还是不错的,性价比非常高,但我定的房间宽带需另外付费.餐厅的菜真是太贵了.没有办法整个亚龙湾都是这样,真的希望在附近能有些实惠的餐馆.","test","4256","chnsenticorp-4256"
"chnsenticorp-4456","1","住宿方便，房间清洁，价格实惠，服务尚可。","test","4456","chnsenticorp-4456"
"chnsenticorp-1734","1","很舒服的一个度假酒店。虽然黄金周的时候入住人多了点，但是服务和设施的都没有落后。我是先通过旅行社订了一天的房，结果就喜欢上了这个酒店，想延住，却被告知没有房间了（因为是黄金周期间），最后是通过携程预订了房间。看来携程还是不错的，这么紧张的时候还能订到酒店。","test","1734","chnsenticorp-1734"
"chnsenticorp-1259","1","服务非常好，环境也比较舒适，只是酒店的餐饮方面一般般。","test","1259","chnsenticorp-1259"
"chnsenticorp-1911","1","是个悠闲度假的好选择，可惜度假村部分设施没有整理，无法使用，有点可惜！服务人员的态度不是很热情！不过整体来说，还是值得推荐，环境不错！","test","1911","chnsenticorp-1911"
"chnsenticorp-1960","1","这次去广西在金都住了2天，一次普通房，一次豪华房。规规矩矩4星级。服务很好，房间不错，离火车站步行10分钟。性价比很好。当然广西整体房价不高。推荐。","test","1960","chnsenticorp-1960"
"chnsenticorp-4792","1","总体来说很不错.就是地理位置并不是想象中的好.虽然也被列入陆家嘴附近.虽然服务人员说离正大广场很近.可是还是相差很大的.总体还是很不错的,相对于其他住酒店的经历.","test","4792","chnsenticorp-4792"
"chnsenticorp-5080","1","还不错，可以住一下，并且建议你住高一点层次的房间","test","5080","chnsenticorp-5080"
"chnsenticorp-3127","1","大堂很大气，服务也不错，早餐业还ok，在大同这样的城市算性价比不错的酒店了，下次还会入住，送的瓶装水，有一瓶感觉被人打开过，盖子下面那圈连着盖子一起被拧开了，是不是上一个客人发现这种情况，没喝，所以服务员只换了一瓶水。","test","3127","chnsenticorp-3127"
"chnsenticorp-2412","1","房间整整有2房2厅就像家一样的大,一家人住的非常高兴,下回还住这..","test","2412","chnsenticorp-2412"
"chnsenticorp-4523","1","地理位置不错，房间里设施较旧，属于比较好的三星酒店，基本有准四星的程度","test","4523","chnsenticorp-4523"
"chnsenticorp-2610","1","酒店的位置到是不错,就是早餐不太好.房间的服务也可以,就是晚上的骚扰电话太多.我入住的时间正好是糖酒会期间,所以价格偏高,价格要是在190含早的标价还是不错的.补充点评2007年10月13日：对了,看到有人反映前台的服务,差点忘记点评.前台的服务是不好,又慢又不热情.","test","2610","chnsenticorp-2610"
"chnsenticorp-3930","1","房间还可以（我住的是二十一层），但空调不太好--温度不好调节以及噪音不小，淋浴水量也不是很大。另外就是酒店电梯太少了，只有两部可以用。每次都要等好长时间才能等到电梯。下次估计不会再住了","test","3930","chnsenticorp-3930"
"chnsenticorp-507","1","房间有免费宽带,速度很快.酒店离将军行署很近.想去参观时间又短的人可以选择这里.","test","507","chnsenticorp-507"
"chnsenticorp-1005","1","我定的是大床房间，房间够大，如果没有其他需求睡觉是够了，床舒服。洗手间虽然该有的都有，但装修简陋。酒店人员的服务80分，不要和四星级五星级比较啦。打车到虹桥机场18元，从机场来时被司机绕了弯子，花掉33元。大家注意。","test","1005","chnsenticorp-1005"
"chnsenticorp-4084","1","交通比较便，设施比较新，房间比较小，早餐比较乱。","test","4084","chnsenticorp-4084"
"chnsenticorp-2492","1","1.地理位置不错2.周围设施商圈热闹方便3.酒店比较旧,应该改造了4.服务态度不错","test","2492","chnsenticorp-2492"
"chnsenticorp-1137","1","地点和位置很好，晚上比较安静，设施较全。对于一般的自助游来说比较合适。","test","1137","chnsenticorp-1137"
"chnsenticorp-1186","1","酒店地理位置不错，服务也可以，但装修就比较旧了","test","1186","chnsenticorp-1186"
"chnsenticorp-3553","1","面对大海很舒服.周围环境也很不错.客房也就3.5星.早餐也实在没档次.","test","3553","chnsenticorp-3553"
"chnsenticorp-5227","1","房间内环境还是不错的,就是上网有点贵,12块一个小时,还有门口修路,门前环境不好","test","5227","chnsenticorp-5227"
"chnsenticorp-2866","1","很满意的酒店设施和服务都不错以后会常来","test","2866","chnsenticorp-2866"
"chnsenticorp-1103","1","总体感觉不错。房间略小，已经够用了。性价比很高。位置略偏。附近有公园，超市，KFC。","test","1103","chnsenticorp-1103"
"chnsenticorp-4554","1","酒店比较干净，设施也不错。反正就200出头的酒店也是相当的不错了，就是一般房间不带早餐让人不解，钱也不多啊。。。。大不了转嫁到房费里面好了","test","4554","chnsenticorp-4554"
"chnsenticorp-4831","1","整体环境不错,离市区较远，出租车到火车站15快。我住南楼，298的价位跟房间环境比算贵。结账遇到很大麻烦，先说我用了付费饮料及食品。后来又说浴袍没了。通常大家住店都不会检查其是否存在。尤其是在四星酒店。","test","4831","chnsenticorp-4831"
"chnsenticorp-533","1","已经第2次入住啦，老板对酒店非常满意哦，不然也不会订了，西西","test","533","chnsenticorp-533"
"chnsenticorp-4040","1","酒店总体来说还好。房间比较宽敞，但是说是4星，大概应该只有3星。没有一次性拖鞋比较郁闷。早餐不错，比较满意。交通非常方便，但是酒店外面的出租车最好别坐，太黑人。我们被拉到一家超级无敌宰客的地方吃海鲜，晕啊，三叠菜，500块，滴血。。。出门旅游，捂好荷包啊！","test","4040","chnsenticorp-4040"
"chnsenticorp-4690","1","我入住的是商务房，感觉还挺不错的。不过空调一般，打开后好像都没有打开空调一样，还好我入住那天天气不错，开窗后感觉也挺好的。房间的洗手间是玻璃透明的，如果有人在，感觉很尴尬。附近吃饭的地方不多，没有逛街的地方。酒店附件并不是太繁华！","test","4690","chnsenticorp-4690"
"chnsenticorp-2432","1","相当不错宽带速度很不错。周边环境也可以个人比较喜欢","test","2432","chnsenticorp-2432"
"chnsenticorp-1640","1","对这次携程网提供的世贸广场酒店很满意，服务态度一流，环境也不错，只有房间的装修感觉稍微久了点。补充点评2008年2月10日：要补充的是：我们这次住的是豪华套间，房间的电视稍微小了点，要是液晶的就好了。呵呵","test","1640","chnsenticorp-1640"
"chnsenticorp-2206","1","整体感觉还可以吧，价格方面在厦门还算可以，叫了餐服，服务态度还不错，房间感觉不是太好，用的洁具都很一般","test","2206","chnsenticorp-2206"
"chnsenticorp-997","1","国产的5星级酒店,地理位置相当不错,只是价格和房价不符,1000多的豪华间房","test","997","chnsenticorp-997"
"chnsenticorp-3640","1","不错的酒店,环境很好,服务态度也很好,下次有机会应该还是会入住的","test","3640","chnsenticorp-3640"
"chnsenticorp-2701","1","近临富春江边，环境优美，喜欢早晨锻炼身体的好场所。","test","2701","chnsenticorp-2701"
"chnsenticorp-2395","1","酒店在五一假期前后开始降价促销,感觉不错.","test","2395","chnsenticorp-2395"
"chnsenticorp-2071","1","酒店前台效率比较低，我们在CHECK-IN的时候，有另外一个老外在CHECK-OUT，那两个前台前前后后忙活了好久，几乎就没把我们当人！相当气愤！在办理入住的时候，她们竟然连句抱歉都没有！！房间呢，还是不错的。我们是圣诞节入住的，才700块一晚，觉得很值，呵呵，这个价钱平时可是想都没法想的哦~","test","2071","chnsenticorp-2071"
"chnsenticorp-52","1","硬件很好,服务质量也很好,特别是酒店周围环境非常优雅.早餐也不错,下次去还会入住","test","52","chnsenticorp-52"
"chnsenticorp-3207","1","应该是济南最好的酒店了，不过从档次上来讲房间不够大，没有自带的商场是很大的遗憾！","test","3207","chnsenticorp-3207"
"chnsenticorp-682","1","08年2月份入住的大床房，非常满意。的确是5星的水平，当时的价格也低。下次有机会还会去。","test","682","chnsenticorp-682"
"chnsenticorp-5087","1","家具太陈旧，早餐也很简单。这些都不说了，让我气愤的是我裤兜里的300块通知洗衣前忘了拿出来，等到4小时后想起来再打电话询问的时候已经没有了。房务中心的服务员很甜美地告诉我：“确实没有看到，我们在洗衣前有三道检查的，麻烦您再找找。”我不想冤枉她们，找遍了所有的地方可就是没有。无话可说....下次不会再住那里了。","test","5087","chnsenticorp-5087"
"chnsenticorp-4675","1","总体还算不错的.房间有异味.服务挺好.","test","4675","chnsenticorp-4675"
"chnsenticorp-1540","1","又涨价了！价格极端不稳定，不在携程订了，直接去前台。","test","1540","chnsenticorp-1540"
"chnsenticorp-3617","1","酒店设施和服务都不错，满意。酒店地处较偏，但当地物价便宜，打的出去也挺方便的。","test","3617","chnsenticorp-3617"
"chnsenticorp-1614","1","房间内设施有些旧，但洗浴设备还不错，洗澡水温度好，水量大。比较卫生。感觉比较适合工薪层家庭旅游时居住。","test","1614","chnsenticorp-1614"
"chnsenticorp-3438","1","又一次来到东胜海天酒店，比第一次的感觉更温馨，更舒适，嗯，很不错。","test","3438","chnsenticorp-3438"
"chnsenticorp-2004","1","6/7日入住酒店，接待小姐很热情，快速入住和快速退房很满意，唯一不足之处就是洗手间过分狭小，非常不便。","test","2004","chnsenticorp-2004"
"chnsenticorp-3320","1","这家酒店总体感觉不错，房间挺大的，酒店位置也好，就是服务员反应比较慢。。。。。。，态度还行，就是能不能解决，什么时间能解决，总应该有个明确的答复吧，无语！！！","test","3320","chnsenticorp-3320"
"chnsenticorp-2970","1","标准房间设施一般，外部环境绝对一流！至少要提供暖风机之类的便民设施。补充点评2008年4月9日：之前点评有理，房间真的霉味很重，有待改进！","test","2970","chnsenticorp-2970"
"chnsenticorp-3597","1","住了3天的五号楼,感觉相当不错.无论客房还是餐饮部的员工都能给客人以真诚微笑的服务.酒店附近交通方便,离市中心和各景区都不远.下次还会来住.","test","3597","chnsenticorp-3597"
"chnsenticorp-3879","1","位置还好，不算太难找，屋内比较干净，卫生间装修不错，木制的氛围比较喜欢。没窗户，但是夏天住空调房也不是很需要窗户，所以能接受。","test","3879","chnsenticorp-3879"
"chnsenticorp-2397","1","总体来说还是不错的，就是酒店大堂设在商场里面给人感觉并不是很好，其他条件都尚可","test","2397","chnsenticorp-2397"
"chnsenticorp-952","1","酒店没有想象中和介绍中的那么好。1188的房间很嘈杂，1楼的阳台走出去感觉像是住在大街边。房间也不大。后来换了行政房，也不是很满意。虽然房间大很多，可是其他物品感觉都不好。","test","952","chnsenticorp-952"
"chnsenticorp-3403","1","因为要去芭洲会展中心，就定了这个酒店，感觉设施比较新，服务挺周到。唯一遗憾的是早餐的时候，有个烤面包机，面包在机器传动带上移动着烤，最后会掉在桌面上，虽然酒店放置了一张纸垫在下面，但总觉得不是太妥当，改进一下会更好。","test","3403","chnsenticorp-3403"
"chnsenticorp-2351","1","在市中心,离观前街很近,房间比较小,很干净,庭院式的,比较雅致,如果是去工业园区,不建议住这里.","test","2351","chnsenticorp-2351"
"chnsenticorp-1771","1","房间设施还不错.就是有一个缺点.我住的是套房.就是客厅里的沙发坐着只能对着一副书法.为什么不是个电视呢.还算不错.还有,离周庄景区远了点.走走也要15分钟.","test","1771","chnsenticorp-1771"
"chnsenticorp-4207","1","我们第一次入住的是10楼标准间，海景非常美。记得第一天早上起来，看见那海和海上停泊的渔船，心里豁的一下子。酒店位置非常好，离市中心只几步路，购物及吃饭非常方便。第二次入住的是5楼的房间，比起10楼的海景相差不少。建议如有可能要高层的房间。","test","4207","chnsenticorp-4207"
"chnsenticorp-5154","1","房间不算太小，床不错，虽然不太软但也挺舒服，干净。最大的问题是上网太贵，HKD70/HOUR，抢钱似的，为什么香港的酒店都没有免费上网呢？","test","5154","chnsenticorp-5154"
"chnsenticorp-3126","1","酒店服务非常好，房间还可以，总之比较满意啦！","test","3126","chnsenticorp-3126"
"chnsenticorp-4367","1","非常不错，大大出乎意料，大堂不气派，但是房间真的不错，给我们安排了一间很大的房间。床很舒服，就是由于房间太大，电视距离远，没办法躺在床上看。但是干净、卫生、舒适、闹中取静。地理位置也不错！下次还来！","test","4367","chnsenticorp-4367"
"chnsenticorp-4542","1","通过朋友介绍入住该酒店,总体印象很不错,有停车场,酒店大堂明亮气派,线条流畅.","test","4542","chnsenticorp-4542"
"chnsenticorp-5288","1","总体来说还可以，门口的车不是很多，但是金门路上车很多，游5等都可以直接到火车站，离寒山寺留园虎丘定园都很近！","test","5288","chnsenticorp-5288"
"chnsenticorp-5086","1","航空酒店还是不错的，房间也干净整洁，地理位置也好，价位也适中。","test","5086","chnsenticorp-5086"
"chnsenticorp-2546","1","前台的小姐呆头呆脑的,入住手续超级慢,早饭还行,吃的东西不少,就是层次比较低,吃饱为主,离开灵隐寺很近,烧香去的话,还可以,去游玩不推荐。","test","2546","chnsenticorp-2546"
"chnsenticorp-4121","1","虽然外观不是很起眼，但房间内部还是不错的，毕竟是挂牌四星，该有的都有，浴袍也很舒服，酒店的早餐品种很多，地理位置的话算是市中心，但不是景点的中心，好在厦门城市不大，打车去各景点基本上不超过１５元．值得推荐的酒店．","test","4121","chnsenticorp-4121"
"chnsenticorp-4996","1","房间很干净，就是有点小。服务不错，服务员都很乐意帮忙。早餐也很棒，有很多广式点心。就是嘉善的计程车司机太黑了，大家打车前记得跟前台问清楚路线","test","4996","chnsenticorp-4996"
"chnsenticorp-2962","1","开始住的六层的房子不是特别好，后来调到10层后房间不错。大小合适，虽然价格比较贵，但是4星级还是可以的。","test","2962","chnsenticorp-2962"
"chnsenticorp-2284","1","交通很方便,附近有很多公交车.房间虽然不大,但很干净,床很硬很舒服,卫生间是小了点.酒店员工对客人很友好.我与大堂经理商量是否可以把退房时间延迟到下午2点钟,他一口就答应了.","test","2284","chnsenticorp-2284"
"chnsenticorp-1609","1","第二次入住，酒店的花园比1月份来时漂亮多了，到处春意盎然。散步期间，鸟语花香，沁心醉人。上午在酒店小溪钓了半天的鱼，收获颇丰；下午去高尔夫训练场练了半天的球，腰酸背疼；晚间享受了酒店的桑拿和足浴堂促销套餐，精神气爽……，短途休假值得去。","test","1609","chnsenticorp-1609"
"chnsenticorp-3561","1","酒店的位置不错，附近都靠近购物中心和写字楼区。以前来大连一直都住，但感觉比较陈旧了。住的期间，酒店在进行装修，翻新和升级房间设备。好是好，希望到时房价别涨太多了。","test","3561","chnsenticorp-3561"
"chnsenticorp-5081","1","酒店很好可以免费打长途，随便打都不要钱，这点比较吸引人","test","5081","chnsenticorp-5081"
"chnsenticorp-1328","1","酒店离市中心公共交通不是很方便,打的一般在11-12元。酒店的早餐很丰富，考虑的很周到。有粥、面条、蛋糕等等，牛奶是鲜奶。","test","1328","chnsenticorp-1328"
"chnsenticorp-2557","1","一个多月前去住过，现在去发现新装修过了，看得出他们很努力，支持一下！","test","2557","chnsenticorp-2557"
"chnsenticorp-2767","1","大堂显得太小,服务周到细致,我下次一定会在入住.","test","2767","chnsenticorp-2767"
"chnsenticorp-5069","1","服务非常好,希望不是正好赶上奥运才这样.去哪里都有人带路.宾至如归啊!早餐还算丰富,门口也有不少餐厅.出门就是海边.风景美.值得一住!","test","5069","chnsenticorp-5069"
"chnsenticorp-646","1","以前在学校读书的时候老板曾经带我们去过这里打保龄和吃饭等等，环境不错，房间也挺舒服，是闵行区比较高档的酒店","test","646","chnsenticorp-646"
"chnsenticorp-4979","1","很：在大得陲有和北酒店格么相似得酒店，房馨大，舒而且很人性。生好大好敞，淋浴和澡盆是分得，直接可以充得插座很方便。大大得落地窗是距看木最著名得山，夜色很漂亮，熟悉得妃躺椅，能喝到正宗得北咖啡，真得不像是到。有很快也方便。房便宜不到肆佰人民，真得值。","test","4979","chnsenticorp-4979"
"chnsenticorp-2267","1","逛街很方便，没有免费停车有点不方便，，，","test","2267","chnsenticorp-2267"
"chnsenticorp-3361","1","地理位置不错,房间对着中央大街,隔音玻璃还不错,街上的声音房间里听不到.需要提高的是卫生间里卫生纸的质量,实在太差.而且卫生纸快没了,也没有及时补充.早饭还不错,但橙汁是冲泡的,估计是果珍之类,而不是纯果汁.品种还算丰富.","test","3361","chnsenticorp-3361"
"chnsenticorp-3085","1","酒店位置不错，房间也比较干净。酒店服务员的办理速度还比较快，而且态度不错，主动告诉我们到各旅游点的公交线路。早餐一般，但是老公说还可以。在这里吃了一顿晚饭，也是一般。不过这里到洛阳的各个大景点的公交非常方便，就在酒店门口，出门就是。不错","test","3085","chnsenticorp-3085"
"chnsenticorp-2708","1","首次入住该酒店,环境雅致,服务非常不错,很多笑脸,感觉热情,早餐可以接受,有送餐服务以后去徐州还会考虑入住。","test","2708","chnsenticorp-2708"
"chnsenticorp-4779","1","房间比较大，很舒适；隔音效果还不错；但早餐品种太少，电视节目不够丰富。如果周末的房间也是298，就比较实惠了。","test","4779","chnsenticorp-4779"
"chnsenticorp-3976","1","正好到宝钢出差,朋友推荐入住粤海酒店,酒店整体不错,听说已开张3年多,但看上去蛮新的。大堂很气派，还是坐式服务，坐一会感觉还真不错。我住的是高级大床房，房间蛮大的，床也蛮大的，很舒服。浴室和卧室是由玻璃隔开的，很新鲜，总的感觉很不错。下次来基本还会住粤海酒店。","test","3976","chnsenticorp-3976"
"chnsenticorp-1799","1","酒店建在一个小山丘上,花园式独立小楼,环境很好,酒店和建设,设备,设施都体现","test","1799","chnsenticorp-1799"
"chnsenticorp-78","1","性价比很高的一家~也是我目前最满意的一家.门口就有便利,水果店,离久光百货5分钟步行,离2号线静安寺5分钟步行.酒店服务很到位!表扬~房间叫餐好方便,味道足,量足,价格平民~以后我会一直选择这里的.呵呵,大家记得早点预定哦!","test","78","chnsenticorp-78"
"chnsenticorp-3073","1","早餐一般。其它还行。在富阳位置也算还行。","test","3073","chnsenticorp-3073"
"chnsenticorp-2181","1","也是朋友推荐来的这家酒店。本来说是要订3间房，后来看到有家庭式公寓房就订了一个普通的家庭房。来到酒店checkin的时候，告知要加床，前台建议住豪华家庭套房，两室一厅两卫，三张床，750元。于是就订了。","test","2181","chnsenticorp-2181"
"chnsenticorp-1000","1","我们定的行政大床房，装修很不错，就是床小了点，小孩子一起睡比较挤；还有窗的下面就是设备房，开窗后轰鸣声较大。酒店和携程的服务态度都很好，因为我和朋友衔接上的问题，预订修改了两次，他们都不厌其烦，非常感谢！","test","1000","chnsenticorp-1000"
"chnsenticorp-498","1","地理位置佳.只是,所订的附楼与白鹭洲大酒店主楼是两码事.原来好像叫矿业大厦.现在与白鹭洲酒店合营吧.房间比较大,只是装修等相对比较旧了.刚开房间门有一点点霉味.好在只是在那里睡了5,6个小时而已.唯一的优点:靠近沅当湖,早晨起来空气清新.","test","498","chnsenticorp-498"
"chnsenticorp-2212","1","房间有红、黄、蓝三种色调。入住时，前台还主动询问选择哪种颜色的房间.床上用品很舒适.感觉是全棉的。房间虽小，但装修风格独特，值得一住。","test","2212","chnsenticorp-2212"
"chnsenticorp-4126","1","酒店位置很好,就在五一广场旁边.前台服务员check-in/check-out很快.房间及洗手间很整洁,服务员态度也很好.自助早餐食物很丰富.总体来说非常满意.","test","4126","chnsenticorp-4126"
"chnsenticorp-1265","1","一个干净，舒适的酒店，如果你不是一定要住在市中心的话，是一个不错的选择。早餐很丰盛，价格稍微高了点。一楼的川菜也是不错的。","test","1265","chnsenticorp-1265"
"chnsenticorp-4612","1","厨卫配备是实在可用的。地理位置不错，在深圳西边新城区，门口附近的便利店、卤水店挺方便。就是房间内装，虽明显优于一般的酒店式公寓，但相对于号称的五星级，还是略显简单、不够大气。","test","4612","chnsenticorp-4612"
"chnsenticorp-132","1","不值房价，早餐太糟，也许我去的比较晚，九点左右，没东西吃","test","132","chnsenticorp-132"
"chnsenticorp-2642","1","不错干净服务也不错可惜的是只有几层免费注册网站导航宾馆索引服务说明关于携程诚聘英才代理合作广告业务联系我们Copyright1999-2008,ctrip.com.allrightsreserved.","test","2642","chnsenticorp-2642"
"chnsenticorp-1737","1","在南通这种地级市，能有这样的宾馆，算是很不错的啦。有一些小的缺陷，但不会影响质量。","test","1737","chnsenticorp-1737"
"chnsenticorp-547","1","基本设施可以，服务热情。早餐一般，但有江西特色。我感到的问题在墙壁和门的隔音效果，不太好。","test","547","chnsenticorp-547"
"chnsenticorp-3064","1","晚上9点多到，结果前台说携程没有定，向我推荐了另一房间，由于外面下大雨，手机被雨水淋坏了，只好入住了。第二天携程电话确认，说确实给我定了，可能前台他们搞错了，或者是新来的。虽然有点不愉快，但是他们态度还是不错的。","test","3064","chnsenticorp-3064"
"chnsenticorp-4233","1","酒店很新,房间大设施全,离汽车站很近,不过地点大概属于城外了.下次还是会选择这里","test","4233","chnsenticorp-4233"
"chnsenticorp-2906","1","这是我在新会住过的最好的酒店，平均一个半月住一次，推荐大家入住；虽然含早餐，不过推荐推荐在旁边的餐厅喝早茶，味道不错！","test","2906","chnsenticorp-2906"
"chnsenticorp-3992","1","非常不错的一个酒店,离北京后海酒吧一条街很近,就在平安大街的旁边,很好找,房间很干净舒适,环境也不错,唯一不足的是服务员水平一般,素质不高.不过还是可以住的","test","3992","chnsenticorp-3992"
"chnsenticorp-692","1","酒店设施确实旧了，但地毯可以换啊，好破还好脏，服务态度不错，每到一个客户，都有服务生送你进客房，还有一壶带保温设置的茶附送进房，很温馨。","test","692","chnsenticorp-692"
"chnsenticorp-3705","1","房间虽小，但设施齐全，非常整洁。特别隔壁就是朗豪坊，购物、吃饭、看电影极其方便，不同楼层有适合不同年龄和消费群体的服饰、百货，应有尽有，称得上购物天堂。","test","3705","chnsenticorp-3705"
"chnsenticorp-4350","1","总体还可以,网线接口与桌面距离遥远且怪异,不知道当初设计时是怎么想的,要横夸半个房间;晚上暖气太好了,第一天晚上被热得睡不着,又不能象空调一样可调节;早餐没什么吃的,过于简单,顶多准三星的水平.不过在西宁据说算好的了","test","4350","chnsenticorp-4350"
"chnsenticorp-979","1","服务还行，由于在市中心，周围环境有点闹，打车不方便，淋浴很好，水质及流量都比较满意，下次去还会考虑住这里。","test","979","chnsenticorp-979"
"chnsenticorp-743","1","早点还可以，酒店环境很好。不过丁山楼还是和主楼有很大的差距","test","743","chnsenticorp-743"
"chnsenticorp-4998","1","装修前也住过几次,现在感觉完全不一样,非常不错的一家4星酒店,早餐也很丰盛,下次去嘉善还会考虑住,出来就是市中心,就是房间的隔音差了点,隔壁的电视声音也听得见,还有浴室的灯是感应式的,但感应范围好像不大广,人在浴缸基本感应不到,会熄灯...","test","4998","chnsenticorp-4998"
"chnsenticorp-376","1","环境很好，花园很大，服务生态度也很好，距离机场很近很方便，不错，下次考虑再次入住","test","376","chnsenticorp-376"
"chnsenticorp-3813","1","定的高级房，免费升级到豪华房，不错的。海景不错，就是电视差了点，最起码也应该弄个液晶嘛；价格没竞争力，与前台一个价，所谓的果盘也没见到。","test","3813","chnsenticorp-3813"
"chnsenticorp-1557","1","住了无数次了，中轨中距，差不多四星吧，也没什么太多可说的。上海的酒店都比较贵，徐家汇这里也没什么价位始终的了。其实，如果是旅游，大可以去旁边的天平宾馆，价格低了很多，离地铁站也不远，房间也没什么不好的。","test","1557","chnsenticorp-1557"
"chnsenticorp-1806","1","设施环境都很好，唯一美中不足的是去的时候正赶上练习场还在施工改建，没能过把瘾，下次带家里人一起去度假宾馆反馈2008年6月29日：感谢您的点评！练习场已正常开放，并在6、7月份有试打活动，详情可见携程礼包，欢迎您携家人前来。","test","1806","chnsenticorp-1806"
"chnsenticorp-1037","1","感觉可以。属于哪种既无惊喜，也不失望的哪种。我订的十三楼，较安静，但冷水上不来，没办法洗澡。","test","1037","chnsenticorp-1037"
"chnsenticorp-5199","1","香港的酒店在面方面就不需要求什了家酒店施已比了，不交通比方便的服方面尚可","test","5199","chnsenticorp-5199"
"chnsenticorp-2219","1","山西去过没几次，但是感觉上最好的就是这个酒店。前台比较满意，浴室很干净。","test","2219","chnsenticorp-2219"
"chnsenticorp-2792","1","定的时候刚好特价不到200一晚感觉还不错。但还不是特别方便。","test","2792","chnsenticorp-2792"
"chnsenticorp-4479","1","我是帮两位外国客人定的江景房。客人的回馈还是不错的。我看了其他客人有的评点不是很好，可能还是江景房比较能保证质量。","test","4479","chnsenticorp-4479"
"chnsenticorp-3638","1","闹中取静，年底地铁6号线通了会更方便，在浦东公干，每次都住这里。","test","3638","chnsenticorp-3638"
"chnsenticorp-971","1","出差时住的，酒店地理位置不错，服务也很好","test","971","chnsenticorp-971"
"chnsenticorp-3933","1","在北京用这样的价格能住4星酒店的确不容易了，不过这里也太偏僻了，理论上都不能算北京了。。。。","test","3933","chnsenticorp-3933"
"chnsenticorp-461","1","总体来说还可,主要是正好去办事情，方便.以后基本还是住这","test","461","chnsenticorp-461"
"chnsenticorp-5078","1","酒店比较干净，服务也还不错。停车也较方便","test","5078","chnsenticorp-5078"
"chnsenticorp-3996","1","房间不错,价格贵了点,不过房间有电脑蔓好的,房间视野很好,这次前台服务稍好点,","test","3996","chnsenticorp-3996"
"chnsenticorp-2898","1","1.更改订房造成房费增加并未告知2.未询问是否以现金方式结算,取消信用卡预授权后,又直接再刷卡结算,前台人员素质有待加强!","test","2898","chnsenticorp-2898"
"chnsenticorp-3169","1","交通还酸方便。挺干净的。前台的服务态度也不错。","test","3169","chnsenticorp-3169"
"chnsenticorp-761","1","从市内打车要15元，偏远了一点，不过到了以后才发现环境不错，比较满意","test","761","chnsenticorp-761"
"chnsenticorp-4366","1","服务方面细节考虑比较好，特别是在酒店入住后服务员会给你送来水果。虽然水果不值多少钱，但是给客人的感觉比较好。","test","4366","chnsenticorp-4366"
"chnsenticorp-1621","1","因为是晚上入住，没看清整体外貌，不过感觉还行，很幽静，大堂很大，标间宽敞，家具不算很旧但是台面被茶杯烫的一个个白色斑点。卫生间干净热水很大，毛巾很白很干净。离金山风景区和天下第一泉景区很近，很方便。","test","1621","chnsenticorp-1621"
"chnsenticorp-4391","1","酒店有些老，设施一般，早餐一般。位置位于火车站附近，但是周边环境有些乱。","test","4391","chnsenticorp-4391"
"chnsenticorp-3430","1","房间非常宽畅，服务也很好，喜欢住酒店式公寓。离李公堤、金鸡湖很方便，开车5分钟。室内游泳池不大，但水温挺高，适合小孩子玩。金鸡湖很漂亮，周边餐厅、酒吧、还有OUTLETS，无论中午还是晚上，选择在靠窗望湖的座位用餐，让人心情放松而愉快。","test","3430","chnsenticorp-3430"
"chnsenticorp-2059","1","环境非常好，服务非常好，交通不方便，价格有点贵","test","2059","chnsenticorp-2059"
"chnsenticorp-1622","1","位置好!性价比好!环境好!缺点是较旧.","test","1622","chnsenticorp-1622"
"chnsenticorp-2327","1","房间设施装修都不错，服务到位，餐厅早餐还够的上标准，但发现餐具清洗的有些问题。我们一家三口连续住了三天，每天都发现餐盘和咖啡杯上有污迹，算是美中不足的一点缺憾吧。","test","2327","chnsenticorp-2327"
"chnsenticorp-1565","1","酒店非常赞.性价比极高!下次还会继续选择.","test","1565","chnsenticorp-1565"
"chnsenticorp-3818","1","房间在深圳宾馆来说空间算大。不过细节服务不够。还不如深圳的上海宾馆。补充点评2008年7月21日：床的舒适度还是很满意的。","test","3818","chnsenticorp-3818"
"chnsenticorp-1505","1","设备较老,空调不好用,说好下午两点退房,结果我一点回房间时门就打不开,到前台后前台直接把房卡就收了,反而又让我跑到房间等着服务员帮忙开门拿行李,感觉很不尊重客人,唯一可取的就是离星海广场近了,订的是海景房只能看到15度角的海啊!","test","1505","chnsenticorp-1505"
"chnsenticorp-4060","1","酒店设施太旧,隔音效果差.还不及国内三星装潢早餐可以.服务也不错.交通不是非常便利.1000的价没竞争力","test","4060","chnsenticorp-4060"
"chnsenticorp-873","1","帮朋友定的,他们很满意,苏州园林特色.下次还会住.","test","873","chnsenticorp-873"
"chnsenticorp-2582","1","过年时一家三口在这家酒店住了一周一线海景套房,感觉很不错.房间安静,又能看海,服务也不错.就是当时人太多,前台CHECKIN,CHECKOUT都要等很久.","test","2582","chnsenticorp-2582"
"chnsenticorp-4023","1","由于杭州湾大桥修通，现在从上海到宁波非常方便，直接导致我心仪的这个宾馆很难定，靠携程沟通半天才订到两张双床房，所以出现一次入住两个点评。","test","4023","chnsenticorp-4023"
"chnsenticorp-3867","1","已住好次，次新修的，房感更好了，不淋浴的下水特慢，不知道是所有房的是只有608的。因太晚了所以找修，希望能修一下。","test","3867","chnsenticorp-3867"
"chnsenticorp-928","1","感觉还算可以的，不过没有香格里拉那么好，价格和协议的也没什么区别．所以还是去香格里拉较划算点．","test","928","chnsenticorp-928"
"chnsenticorp-2422","1","差就一个字！房间隔音差，马路上的声音声声入耳！所谓的宽带还没有拨号上网快，打开网页要等半天，收邮件整整收了5个小时才收下来！跟前台反映问题说没有办法解决！","test","2422","chnsenticorp-2422"
"chnsenticorp-4039","1","今年年初新开的酒店，房间设施很新，感觉十分不错，性价比很高，在宝山区个人认为比宝山宾馆好很多。到宝钢办业务的人员最佳选择。","test","4039","chnsenticorp-4039"
"chnsenticorp-3081","1","酒店位于南北主干道旁，交通非常便利，特别适合自驾车旅游者。（酒店门口免费停车）房间设施不错，服务态度挺好。就是牡丹节期间洛阳的酒店价格都上浮厉害。","test","3081","chnsenticorp-3081"
"chnsenticorp-3446","1","房间比中州皇冠之类的大多了，服务也还可以；早餐太次，品种太少。此外，房间装修在细节性方面有待改进，尤其是门框等木质装饰，实在不像5星级别。","test","3446","chnsenticorp-3446"
"chnsenticorp-3870","1","总体来说,在上海这样的大都会,海","test","3870","chnsenticorp-3870"
"chnsenticorp-282","1","地理位置不错，但是设施已经非常陈旧了。其他的也还可以。看见上面有人说可以免费打长途，可我打了两个市话，结账时还收了我2元的市话费。","test","282","chnsenticorp-282"
"chnsenticorp-4751","1","住的豪华大床房，房间基本无可挑剔，就是阳台脏了些。早餐要早点去，晚了连座位都没有。还是比较满意的。","test","4751","chnsenticorp-4751"
"chnsenticorp-378","1","环境一流，庭院深深，小桥流水，枯藤老树昏鸦。多次入住。只是早餐极其惨淡，无论中西，希望改进。","test","378","chnsenticorp-378"
"chnsenticorp-4622","1","真的是独栋别墅，我住的是每栋6间房，可惜没有了大床房。装修有点旧了，周边环境很好，适合休闲度假，这个价位超值了","test","4622","chnsenticorp-4622"
