id,label,review,split,source_row,group
"weibo-83686","0","居然有耐心把30集?千山暮雪?看完了，除了男猪脚还算帅，其他从情节到演员真是不敢恭维，一部变态剧，浪费了我这么多时间[衰]","train","83686","weibo-83686"
"weibo-115164","0","喝水最好! @百莲 @amay_tt @车家cherry @豆爸HOLD住 @贰到无限 @Ellen_金易安 @?琦君 @致青 @浆浆毛毛 @简单生活_chen //@黄自强:// @pochacco?? :[吃惊][哼][鄙视][怒骂]还有人性麽？// @-LovechErry :// @娜依Shereen :无","train","115164","weibo-115164"
"weibo-89322","0","为伟大的母亲转！//@那英: [泪][泪][泪]伟大啊！伟大//@SharleySC: [泪][蜡烛]~ 伟大的母爱","train","89322","weibo-89322"
"weibo-108921","0","//@福建农大微博:毕业了，不要来送我。戳中泪点~[泪]","train","108921","weibo-108921"
"weibo-107865","0","一张图看懂2014放假安排，可是除夕那天。。。[晕]请用一句话概括你的心情","train","107865","weibo-107865"
"weibo-64950","0","我也差不多了，留?～～～～//@肉肉肉爷: 完了！这速度今晚要出事儿啊！[哈哈][哈哈]身在大梅沙的我嫉妒中……[抓狂]","train","64950","weibo-64950"
"weibo-68475","0","到底哪个准？！？！[抓狂] @口十等等","train","68475","weibo-68475"
"weibo-88532","0","#壹光年#中带给我的第二大惊喜！@张圣岳 扮演的“?丝气质的高富帅”真是太太太成功啦！眼神、体态、语气皆巨赞无比~~~[带感][江南style]还有，虽然我坐在第三排，但谢幕时，分明看到了张圣岳同学眼中闪烁的泪花，一瞬间我的心也颤动了一下。[泪]好剧，太值得推荐了！","train","88532","weibo-88532"
"weibo-111409","0","不会吧，纽约下雪了，这可是被我赶上了!!!![晕]","train","111409","weibo-111409"
"weibo-110404","0","来享受享受！ //@小狸nina-多儿DE:最后那个太心水了[抓狂]//@杨粉帅:转发微博","train","110404","weibo-110404"
"weibo-95786","0","睡了一觉 头昏脑胀的 新浪好有空啊~每天造那么多僵粉，还都没头像的 这质量也太差了点吧 例如 @爱约会 [晕]","train","95786","weibo-95786"
"weibo-74800","0","今天是什么破网啊？一晚上我连一集都看不完啊！各种停止，各种重来！[抓狂]","train","74800","weibo-74800"
"weibo-67945","0","1:5叫做惜败吗？//@市场星报: #星资讯#【中国1-4泰国】今天，国足与泰国队在合肥奥体中心进行的热身赛，国足1:5惜败。国足在热身赛中已经整整一年未尝胜绩，此前的7场热身赛，也仅仅取得2平5负的战绩。[悲伤]","train","67945","weibo-67945"
"weibo-95443","0","小日本的比较良性，中国的将什么时候变成曲线呢？//@杨彦锋: 中国出境旅游花费狂飙突进，二元结构就是这样的[衰]。//@蒋依依的微博: 转发微博","train","95443","weibo-95443"
"weibo-101030","0","现在更糟了[失望] //@吉和网:[江南style]这就是长春！","train","101030","weibo-101030"
"weibo-105094","0","[泪]终于来了","train","105094","weibo-105094"
"weibo-81412","0","回复@朱小慧Aier:本来要睡了，和老公聊家和孩子的事儿聊醒了，哈，再微博一会儿就困了。 //@朱小慧Aier:不是说晚安了吗？[晕] //@金星:回复@卡布奇诺HXT:我也默默地感受着并感动着，谢谢。 //@卡布奇诺HXT:金姐姐越来越喜欢你了我总是默默的关注你[爱你]","train","81412","weibo-81412"
"weibo-86378","0","被发现了。。。[衰]","train","86378","weibo-86378"
"weibo-60061","0","?菜?盾 //@蘑小菇even:就是……什么萝卜啊，1200一份……小数点儿呐亲！！！//@MaaHoo: 哥，下次我带一麻袋钱去，只为吃一份跳水萝卜皮[泪]","train","60061","weibo-60061"
"weibo-90918","0","//@黄泰元策划:[伤心] 五?的台湾小同胞失?！?各位博友????！福建 ?? 福清 福州 泉州的博友，????忙??！如有?息?立即??:+886988850381台?高雄 km.ming@msa.hinet.net","train","90918","weibo-90918"
"weibo-94755","0","我的尾戒也找不到了……[泪]","train","94755","weibo-94755"
"weibo-109748","0","是说柯南终于太监了么？//@小狐狸V:柯南[泪] //@J炜音袅袅:瓦的火影！！呜呜～ //@背??背的想死_吖奈:[?]我家快斗aaaa..QS你快粗来啊啊啊。。。 //@求匿名的某奶希:神马。。。柯南还没写完你躲哪去了。。。","train","109748","weibo-109748"
"weibo-81823","0","这。。。干嘛AT我[晕] //@一土车干:目睹整个事件的刘先森…@LC刘三金","train","81823","weibo-81823"
"weibo-73210","0","我也拍了，但是对这张只能仰望~//@王旌羽：[orz] 刘大师的这张图让我拍的Vision ConnectedDrive的图全都得扔。[泪] //@王洪浩:转发微博。","train","73210","weibo-73210"
"weibo-67039","0","坏坏坏，坏人呐!NND[怒]","train","67039","weibo-67039"
"weibo-109313","0","大学里做的笔记，这是在练字么[衰]","train","109313","weibo-109313"
"weibo-66260","0","擦~~！这都可以？//@乐酷网姒寅: 回复@刘大栋luca:哈哈~ //@刘大栋luca:【小葵花麻麻课堂开课啦】孩子在学校老是被揍，多半是不想上学，装滴！你再揍他一顿就好了[衰]~~~ @葵花药业集团 @小葵花妈妈课堂网 @陈武涛 @慕辰北 @乐酷网姒寅 @沉默的麦子程","train","66260","weibo-66260"
"weibo-119180","0","原以为那么辣会把病菌辣死的[衰]","train","119180","weibo-119180"
"weibo-61077","0","含蓄点到为止让人思考的听风者很好看[泪]","train","61077","weibo-61077"
"weibo-79796","0","像个悲壮的英雄 //@Aries_马唯一:眼泪包含着很多的感情，短短的半年时间大家不会忘记！ //@国安国米：[泪] //@六月myth：刚看完体坛资讯，心里难受。要不是家长在旁边，我已经哭出来了，但眼睛里还是饱含泪水","train","79796","weibo-79796"
"weibo-89796","0","sb还说美国发生抢劫，这斯是提醒犯罪分子赶紧出来干活么[怒] //@帝小白:我也刚看到这报道，真是一群恶心的“砖家”。","train","89796","weibo-89796"
"weibo-93980","0","清明将至，特别相思，再一次想起我的哥哥。你已经走了十年，一直很想给你上一品清香，可惜至今我连你葬于何处我都不知，做弟弟的甚感内疚。孩提时代，你教了我很多，我总喜欢坐着你的单车，一起去练乒乓球，今晚多希望和你梦中相见。[悲伤]","train","93980","weibo-93980"
"weibo-82936","0","//@hemi王小嘉:没人性啊[怒][怒] //@李老尸: 把抢钱者照片做个页面扩散施压 //@王老小四://@上海官微精选: 啥也不想说","train","82936","weibo-82936"
"weibo-73594","0","最近有点迷网购，快递不断，上午刚送来米娃娃的漂漂衣服，午饭时又有人上门，外公惊叹道：又来啦？！潜台词是：你俩儿可真能花钱啊[抓狂][哈哈]有了宝儿总想把最好的给她，没办法啦[偷笑]","train","73594","weibo-73594"
"weibo-61371","0","[可怜]//@张鑫-张小宝: [赞][赞][赞]//@单弦相声吴斌: [泪]","train","61371","weibo-61371"
"weibo-73300","0","//@中国企业家杂志: 网购达人再也不用自己剁手了……[衰]","train","73300","weibo-73300"
"weibo-103048","0","cry[泪] //@王超irwin:酒店的电商现在已经是全媒体能手！[good][威武]#社交媒体#","train","103048","weibo-103048"
"weibo-80900","0","是怎样啊，求蹭吃。 //@乔迈迈:啥时候艾特我的呀，刚看到[泪]","train","80900","weibo-80900"
"weibo-108618","0","时不时的会看到自己的各种头像长头发时候的照片 然后觉得世界上没有比这个人再陌生的了 可是再看看现在的样子 好像更陌生 好吧又犯病了这是。。。从不到九点躺到现在睡不着 怎样能让我的大脑和眼睛一样困[晕]","train","108618","weibo-108618"
"weibo-114592","0","如果不是招行自己发的，我还真不会相信啊！ //@李开复:[汗]//@微博音乐盒:混蛋啊，被骗了这么多年！[泪]","train","114592","weibo-114592"
"weibo-107271","0","准备出发接着吃一天，不知道不穿外套会不会冷[泪][泪][泪]","train","107271","weibo-107271"
"weibo-66137","0","烦！[怒][怒][怒][怒][怒][怒][怒] 我在这里:http://t.cn/zjXlZUg","train","66137","weibo-66137"
"weibo-96097","0","现在听到人家跟我说什么很急，我就很暴躁！急什么急！我已经什么事都够迅速了！催什么催！再催自己干去!!!少跟我说急！我急的时候你在哪呢！！！别惹我！[怒][怒][怒]","train","96097","weibo-96097"
"weibo-61016","0","[鄙视] 一怒再短发去，泥马啊，这是封建旧社会啊[抓狂][抓狂][抓狂]//@梁延利:[哈哈][哈哈][哈哈]@活跃的氧气 //@糗事大百科:[挖鼻屎]","train","61016","weibo-61016"
"weibo-109303","0","回复@柒分4:他们用wifi //@柒分4:没信号那野人是怎么使用手机呢[衰]","train","109303","weibo-109303"
"weibo-72239","0","//@青衫夕照W良家族: //@佑子想哇想的神叨了: 直播现在就开始了？！晚上还睡么[泪]//@??良是抱抱Ariel的?心思想: 真的好帅//@带着微笑的清晨:让帅照来得再猛烈些吧！//@钟汉良资讯台: 哇！好帅！[酷]#钟汉良##电影毒战#","train","72239","weibo-72239"
"weibo-70869","0","小谢，可惜了[泪]","train","70869","weibo-70869"
"weibo-97646","0","想去买海鲜结果在百子湾桥地下堵了一个多小时才走了120米，眼看海鲜市场关门真郁闷[晕][疑问]","train","97646","weibo-97646"
"weibo-66078","0","没买着火车票[伤心]//@卢米埃沈阳市天地影城: 报名~~[围观]","train","66078","weibo-66078"
"weibo-104418","0","帅的 //@谷_多:有点意思！// @舒淇 ：??奏?真不是普通抓得好呀~~?~~// @大S ：玄！太玄啦！ // @余文? :太...太...太利害了!!!! 大家一定要看~ so coolllllll[抓狂] [抓狂]","train","104418","weibo-104418"
"weibo-92009","0","这个DIDI是啥？ //@NickisFrankenstein:[泪]","train","92009","weibo-92009"
"weibo-94522","0","英文不准选英文歌，确实不赏心悦目也不动听[衰]","train","94522","weibo-94522"
"weibo-118161","0","[汗][顶][生病][抓狂]","train","118161","weibo-118161"
"weibo-119058","0","//@金朝顺：@洪璐葫芦 @斑马大小姐 我讨厌电梯不是没理由的吧//@纪伟W3C：[晕]","train","119058","weibo-119058"
"weibo-78515","0","//@美容减肥资讯: [泪]","train","78515","weibo-78515"
"weibo-77353","0","它是因为开会实在太无聊了么？ //@蓝鉴:能干点正事么……[晕]","train","77353","weibo-77353"
"weibo-90452","0","精辟[哈哈] //@叶大伟的微博:最后一条，[衰]","train","90452","weibo-90452"
"weibo-98194","0","这个周末七天班，今天都没心情工作了，[睡觉]清明过后要不要休两天年假呢，[怒]纠结","train","98194","weibo-98194"
"weibo-76817","0","这是披着羊皮的狼吗//@胡悦笛就是土豆脑袋: 这也太残忍了吧[抓狂]","train","76817","weibo-76817"
"weibo-75117","0","今天可砸锅了[晕][晕][晕][晕]","train","75117","weibo-75117"
"weibo-97270","0","那些洋奴真是猪狗不如[怒]","train","97270","weibo-97270"
"weibo-90933","0","//@洛阳一米八三: 太给力了~我们已经把它秒杀了~ //@lynn鸥:小期待一暑假，昨天看到有团购的代金券就立马买了带同学去吃，结果是28号开业[泪]我被那红烧肉肉的色相深深迷倒了，连时间都没看[抓狂]@天空下的流星Gary @Qq靳莎莎","train","90933","weibo-90933"
"weibo-86277","0","//@韧雨潇潇：畜生啊[怒][怒]//@AuPP之金光闪闪:谋杀 // @raylt :b","train","86277","weibo-86277"
"weibo-104407","0","要抽不中，我就买台。。。剁手！剁手啊！@北京挎子兄弟联盟 [泪][泪][泪] //@山民主义7seeds:[哈哈]","train","104407","weibo-104407"
"weibo-66092","0","如果没有GDP目标？各级政府就不会干活了吗？//@管清友:道理是这个道理。但我们现在只做预测。 //@天狼50陈浩:我认为7.5%还是高。投资拉动GDP的时代必须结束，否则走不出低效率了。 //@亟兮般若: 估计这两个月有回升[抓狂][抓狂] //@晓雨闻铃:俺赌你输[嘻嘻]","train","66092","weibo-66092"
"weibo-65218","0","我发现圈里不少人不睡觉，这危害太大了！[衰] http://t.cn/8kZ1cDS","train","65218","weibo-65218"
"weibo-107200","0","目标：每天重点包装一条微博，并力促转发量50+[神龙][放鞭炮][衰]","train","107200","weibo-107200"
"weibo-76283","0","//@木子师傅star: [蜡烛][蜡烛][蜡烛] //@昙花一茜: 好感人[泪][泪][泪]//@相声演员王勇:[蜡烛][蜡烛][蜡烛] //@神神神神神经_刘璇:转发微博","train","76283","weibo-76283"
"weibo-109330","0","北京怎么今年雨水这么多?!偏偏又遇上出差日，航班取消[泪]","train","109330","weibo-109330"
"weibo-97098","0","谢谢@焰火大叔 的塑料袋，在惠新西街南口站用上了[泪]","train","97098","weibo-97098"
"weibo-74405","0","少女时有个大叔在奔跑，如今生活里真真有个大叔自然在奔跑。。。。大叔，您可以歇会儿么。[晕]","train","74405","weibo-74405"
"weibo-61697","0","//@煦不别: 谁再诬陷狗吃小孩，我就。。[怒]//@wenbo_s34: 谁再打狗，我就打人。谁再吃狗，我将诅咒！ //@virginia_SHG: [爱你][爱你]感动。。谁再吃狗，我就吃人[怒]","train","61697","weibo-61697"
"weibo-106891","0","各种换背景~各种换搭配~各种摆~我饿了~看着牛排直流口水~[抓狂]","train","106891","weibo-106891"
"weibo-92135","0","每次看书眼都花[泪][泪][泪]","train","92135","weibo-92135"
"weibo-64031","0","交了这么多年车船税，终于知道为啥了~[泪]//@龚宇: 难怪车船使用税是一个税种[泪]","train","64031","weibo-64031"
"weibo-86180","0","要找这个东西请去@Chi爱嘉人 处~~~//@高妮娜: 办公桌下面的垃圾桶都翻过了，也没找到正能量[失望]","train","86180","weibo-86180"
"weibo-84490","0","又是一轮赶路潮：今天在福州，明天到杭州，后天到苏州，大后天到上海，大大后天，回到北京...[抓狂]不但赶路，还有，各种赶...[思考]想一想，看看自己，真扯淡！[可怜]","train","84490","weibo-84490"
"weibo-65431","0","为何双眼突然短时一片漆黑、模糊[衰]，菜单上的字重重叠叠[抓狂]难道我的黑暗世界快要来临了吗[吃惊]？如果真的有一天七彩世间与我无缘，至少还有一双聪慧的耳朵陪伴我，去聆听世间一切的一切美好！ 我在这里：http://t.cn/zjcu36S","train","65431","weibo-65431"
"weibo-77254","0","还是双拼[泪]","train","77254","weibo-77254"
"weibo-83171","0","[围观] //@管尔谊Scott:[怒][怒][怒][怒] //@?开枪我是诺伊斯:从来不转地域帖，这次真的气的发抖。","train","83171","weibo-83171"
"weibo-113073","0","麦先生蟹蟹和你想的一样！他真是无比的怀念啊。对于我只有丢钥匙。。古道西风瘦马。。。你俩一块去吧！[哼][酷][偷笑][抓狂]！","train","113073","weibo-113073"
"weibo-100641","0","高雄到了，顺便吐槽一下，台湾的3G太不靠谱了[晕][晕] 我在:http://t.cn/zQ7NKy8","train","100641","weibo-100641"
"weibo-85616","0","卖呆这个表达实在是太精辟了！！她总是一副呆傻nié的样子，搞得我越来越随她！！[晕][晕][晕]","train","85616","weibo-85616"
"weibo-75656","0","#glossybox 10月最粉丝#每个月拆礼物的时刻最嗨皮啦！订购不到一个月，三个盒子就都被俺掏空了，只能用鼻子吸吸妆前霜来搞怪啦！！！一不留神，大眼袋暴露鸟！！！[泪][偷笑][挖鼻屎]@安拉安奇 @GLOSSYBOX","train","75656","weibo-75656"
"weibo-92117","0","这个。。。。不靠谱吧。/@雪蕾的围脖:@tina_耿昕 @Gemini_NANA //@孙畅畅:@杨晶晶儿 //@呆头呆脑小萱:被狗追，是怎样 //@冷笑话精选: 好事老沾不着边，糗事就连环中。。。[抓狂]","train","92117","weibo-92117"
"weibo-117743","0","跌一次涨一次！//@邵黑皮:总算跌了…没多久就要涨了，涨的比现在还多！等着把//@G_Niteee: [晕][晕][晕]","train","117743","weibo-117743"
"weibo-72832","0","吃什么好纠结啊[抓狂] 明天一定要带饭，带饭","train","72832","weibo-72832"
"weibo-75770","0","在美莫长城边等待过边境，车流龟速蠕动中，莫非也要两小时？[泪] 我在:http://t.cn/zj8L8Ik","train","75770","weibo-75770"
"weibo-86987","0","看?了，?是?局很悲?。。。自??巾[浮云][伤心]//@波妞拉娘:看看@波妞她爸","train","86987","weibo-86987"
"weibo-99606","0","叫你大爷的。 //@刘芮东:[晕]","train","99606","weibo-99606"
"weibo-107664","0","真心没篮板啊[抓狂]","train","107664","weibo-107664"
"weibo-74277","0","[衰]有什么影响？","train","74277","weibo-74277"
"weibo-60681","0","突然觉得，对人情世故完全不了解，对亲戚朋友具体工作不知道，到底是幸还是傻？[晕]正常社交要捡起来啊。。。??","train","60681","weibo-60681"
"weibo-61964","0","看到这个[泪][泪][泪][泪][泪]//@牛王爷de糖额娘: 每次去景区最讨厌看到骑马骑骆驼什么的。。。还记得去西藏因为看到有人骑牦牛很粗鲁生气导致高原反应不停呕吐晕眩。。。。[抓狂][怒][怒][怒]","train","61964","weibo-61964"
"weibo-76726","0","[泪]，全面延误，又拖到11点，而且全面延误","train","76726","weibo-76726"
"weibo-85081","0","#高级定制# 彩宝系列...小伙伴儿们我已经看花眼了！喜欢的快来自己看吧...[晕][晕][晕][偷笑]???...","train","85081","weibo-85081"
"weibo-116985","0","[弱]//@樊德安: [怒]#热门微博# http://t.cn/zj6xOpF","train","116985","weibo-116985"
"weibo-97256","0","郁闷了，升了三级然后死机了……[泪][泪][泪]@养熊猫的李桑 @压路机小提琴","train","97256","weibo-97256"
"weibo-113213","0","好吧 三天前在景洪这里，机场好小但民风很好风景秀丽，女生被称为“哨多丽”男生叫“猫多丽”现在又回到昆明转机啦，诺大个机场找不到一个国际联锁餐饮品牌，48的套餐也未必有wifi，过度保护让人不爽[怒][怒][哼][?]","train","113213","weibo-113213"
"weibo-68348","0","要死了。。。[悲伤][衰][泪][失望]","train","68348","weibo-68348"
"weibo-118426","0","原因值得深思!!![抓狂] //@书香数缘:回复@5得瑟得瑟:不能光骂人家，祖国咋不争气呢？有本事让美国的富翁移民过来。 //@5得瑟得瑟:孙子早就算到了：36计，走为上策。更何况，现在多了项双轨风险 //@书香数缘:富翁移民，掏空中国。发人深省。","train","118426","weibo-118426"
"weibo-78215","0","妈的，昨天晚上睡觉落枕了[害羞]疼了他妈的一天，麻将都打不成[抓狂][抓狂][抓狂][抓狂][抓狂]。还好晚上老婆不忙按摩，谢谢@肥天小飞猪","train","78215","weibo-78215"
"weibo-94073","0","回复@潘昶永: [钟] 距年会开幕，还有4分钟…… //@潘昶永:我们快到了！堵堵了[抓狂] //@新浪图片博客活动花絮: //@阿瑞摄影: 回复@鸢尾:我们负责现场直播。 //@鸢尾:回复@新浪图片博客活动花絮:我是场外热心观众","train","94073","weibo-94073"
"weibo-99058","0","真饿啊、饿的没知觉了???快饿死了[泪][泪][泪][泪][泪][泪][泪][泪][泪]","train","99058","weibo-99058"
"weibo-119889","0","[蜡烛] //@加措活佛-慈爱基金：感恩伟大的天下父母//@格桑小巫：看哭了[泪] 宣传部领导下的电视媒体真的完败了！","train","119889","weibo-119889"
"weibo-108057","0","[泪]//@巫小刘走丢了:温暖的文字 戳中泪点 //@新浪湖北: [泪]//@新浪四川: 求，别说了，心疼[泪][泪][泪]","train","108057","weibo-108057"
"weibo-84908","0","因为默认医保医院人满为患，自选医院因搬迁而远在二十公里外。。。偶又一次被伟大的ZF鄙视在了96％以外 [泪]","train","84908","weibo-84908"
"weibo-114890","0","周一早上，忙的大脑缺氧[晕]","train","114890","weibo-114890"
"weibo-109108","0","喜欢这句：“看清了想明了纠正了，他依然是恩人。”[good]才女 //@衣露深小姐: 从未嗔恨 也无从原谅。感情里面没有错的人 只有不对的关系。看清了想明了纠正了，他依然是恩人。 //@秋微:简称：「我爱你，与你无关。我原谅你，与你无关」[伤心][心][太阳]","train","109108","weibo-109108"
"weibo-65008","0","@有趣岛王晓丹 @余肖龙 [衰]游戏出来了","train","65008","weibo-65008"
"weibo-85474","0","看到懦弱的人碰到卑鄙的人是让人多么的气愤！我都想把卑鄙的人给掐死！[怒骂][怒骂][怒骂]","train","85474","weibo-85474"
"weibo-104481","0","//@星座宝典: 泪崩，哭到死。 [泪] 梅丽号 ~","train","104481","weibo-104481"
"weibo-83368","0","[花心]//@玛丽莲-梦兔森色: [晕] //@W帅er: [爱你]","train","83368","weibo-83368"
"weibo-113572","0","太萌了[泪]","train","113572","weibo-113572"
"weibo-62624","0","下午买了5个苹果，3个橘子。要18块[晕] 今晚油价又要涨，物质飞涨。生活成本太高啊[泪]","train","62624","weibo-62624"
"weibo-94925","0","一塌糊涂的乱，怎么就睡着了[晕]","train","94925","weibo-94925"
"weibo-114765","0","这个社会是疯了吗，为什么连最起码的同情心和尊重都没有！ //@角度女王: 还有良心嘛！！！！！！[怒] [怒] [怒]围观的还是人吗？？？？ //@Klien：河南人是做的出这种事情的！[怒] //@ALF雷德：河南人。。。可以的。。。//@YumikoW：这个国度还有良知吗[怒][怒][怒]","train","114765","weibo-114765"
"weibo-70466","0","//@大连国企混: [怒]//@剩世飞刀11:这些种无偿捐赠吗?如是,捐给谁?//@白日见鬼1976:建议南京可搞个南京大屠杀纪念酒.[挖鼻屎]","train","70466","weibo-70466"
"weibo-75163","0","我老公喊我去阳台晒钱[抓狂][抓狂][哼][闭嘴][吃惊][汗]","train","75163","weibo-75163"
"weibo-64433","0","那些坑爹的二货主人！闹够了没？？又该吃药了。。。[晕]","train","64433","weibo-64433"
"weibo-79980","0","回复@靠谱的天使晓猪:嗯，爱他就去他的家乡看一看，一定要去台湾 //@靠谱的天使晓猪:回复@董曦阳:大爱林同学！ //@董曦阳:我拉黑了好几个恭喜羽泉夺冠的人！[悲伤] //@佘依爽: 哈哈，严重同意～[笑哈哈]","train","79980","weibo-79980"
"weibo-105681","0","据说你流出来的眼泪是你脑子里进的水。。。[泪]","train","105681","weibo-105681"
"weibo-85939","0","那是合作伙伴对我们的信任，谢谢@陆亚明 对我们的抬举。 //@陆亚明:#Cross-marketing Case#特航下嫁中行，嫁妆仅得50元～逆天的！[抓狂]","train","85939","weibo-85939"
"weibo-74066","0","福建漳州110最先提出的承诺，后来各地效仿。把“匪警电话”变成“热线电话”。[怒] [闭嘴] //@莉莉的sanya:谁让那时候整天喊什么“有困难找民警”来着。 //@张超zhangchao:“12345”非紧急热线的宣传力度不够！","train","74066","weibo-74066"
"weibo-107626","0","#绿色环保出行#。。车牌限行。。一贯打车的偶。。突发奇想登上了地铁。。感受一个字：挤、挤、还是挤！[晕]。。下定决心。。下次骑单车！[酷]","train","107626","weibo-107626"
"weibo-92206","0","到温州发现北京天气变好了，这里反而污染了[泪][泪]","train","92206","weibo-92206"
"weibo-104427","0","累死我了[泪][泪][泪][泪][泪][泪][泪][泪][呵呵][呵呵][呵呵]","train","104427","weibo-104427"
"weibo-86114","0","今天晒伤了，脖子下一圈红色。晚上又不小心落魄珠海了。[泪] 我在:http://t.cn/zHakWkD","train","86114","weibo-86114"
"weibo-116147","0","[衰]//@央视新闻:【一般癌症若早发现，治愈率达65%以上】①皮肤癌，留意皮肤上的任何一个结节和疙瘩，特别是经久不愈的溃疡 ②流血、便血或是妇女的月经过多 ③多年不好的“痔疮”，是否是直肠或结肠里流出来的血 ④流鼻涕、咳嗽时经常带有血丝......这些有可能是癌症的征兆。","train","116147","weibo-116147"
"weibo-71219","0","这个梗害我足足想了十秒钟。是毒气吸多了么？[偷笑] //@徐一龙: 这个梗很容易想到啊。 //@中国周刊:那一年，我们都是钟欣桐……[泪]","train","71219","weibo-71219"
"weibo-67489","0","悲催啊 六点起床 太阳[太阳]底下晒了半天 大汗淋漓就拍了这一场戏 还是两只脚[抓狂]?，那＂一双脚＂?是我的 如假包换?","train","67489","weibo-67489"
"weibo-114243","0","天蝎座一直在守护着大家，就算受到别人的伤害，她也只是一笑而过...[泪][泪][泪]","train","114243","weibo-114243"
"weibo-72681","0","今天都没走什么路腿却感觉快断了[泪]赶紧处理下，年纪上了还真不行@傻妮子胡冉冉","train","72681","weibo-72681"
"weibo-63757","0","#开心早安#一觉醒来，发现已经是9点！瞬间就这个表情了~[衰] 习惯性穿衣服准备出门~结果突然发现！今天是周六！[哈哈]","train","63757","weibo-63757"
"weibo-94045","0","直播开始，吃货签到。@盛博 还记得我们一起吃过的大盘鸡，馕烤羊腿，炒烤腰子，秘制烤羊排吗？晚上还有美女表演，是那种我此生都学不会的阿拉伯肚皮舞[泪][泪][泪]","train","94045","weibo-94045"
"weibo-89056","0","因为自己脑残，所以得找个健全的。 //@法国旅游局齐勇:转[怒] //@Ernie-Wang:脑残的无厘头行为！[怒]","train","89056","weibo-89056"
"weibo-111659","0","那估计我也转不动啦[din汗]//@小予CAT: 爬上那么多台阶连气都喘不匀了 最少也要四五个人才能转动 我一个人废了半天劲儿还是纹丝未动[衰]//@边边小猫://@重口怪咖: 一定要去转一转这最大的转经筒//@西藏在线网: 转发微博","train","111659","weibo-111659"
"weibo-72300","0","去了这么多次故宫第一次听带私导儿的，太上等了！一口气爬上景山差点没吐一口老血直接身亡。。[晕]体力不支啊。。在景山上见到了重口味的娘娘。。共享之。。@丽江醉漫时光 @麦Maggie琪","train","72300","weibo-72300"
"weibo-87409","0","哈~这位亲11岁就去巴黎了，难道是传说中的白富美么？ //@Kuma酱朱古力是个重口味女青年: 我去巴黎的时候才11岁，连枫丹白露都因为累没去，哪里懂得少女的酥胸啊！[泪] 转起求抽中！@我是你心中的日月V @十妹Gaia @Piposaru_Monkey [可怜]","train","87409","weibo-87409"
"weibo-60702","0","[委屈] //@圆球婧婧Show：[泪] [失望]","train","60702","weibo-60702"
"weibo-77268","0","看得我一声惊叫！简直是畜生！//@急救医生贾大成: 虎毒不食子！//@love-枕头的味道: 操你娘的！我要看见，我非宰了他，麻麻的！[怒][怒][怒]@薛蛮子 @急救医生贾大成","train","77268","weibo-77268"
"weibo-94308","0","打工者们好像都这样[泪][泪][泪][汗]@权金城-徐艾婵 @武汉权金城韩国烧烤 @权金城市场总监-吴楠","train","94308","weibo-94308"
"weibo-116750","0","中午没吃就饱了，因为喝风了[泪]","train","116750","weibo-116750"
"weibo-80585","0","就差了一点//@Wop_:嗳，当年三弟翼德张在当阳桥一声吼[抓狂]桥断水倒流，有历史依据的，没说是司机违规打喷嚏就八错鸟 //@杨凯-兰会所:卢沟桥 赵州桥 十七孔桥 早该塌了吧[偷笑] //@季洋_鼠尾草:最后还是无耻地不了了之！","train","80585","weibo-80585"
"weibo-90527","0","成都，试问我该走哪条路哦？！[泪][泪]六点的南延线让我泪崩！ #WeicoLomo#","train","90527","weibo-90527"
"weibo-113775","0","Iphone5排在这么后边[晕]","train","113775","weibo-113775"
"weibo-86632","0","#好吃好玩在北京#啊，要关啦？？[泪]","train","86632","weibo-86632"
"weibo-90778","0","?山王榴?摩?蛋糕。味道好但??蛋糕真不是我的??。[泪][泪]","train","90778","weibo-90778"
"weibo-60934","0","依法治理没有错！以法欺人就太TMD的操蛋了！ //@洛阳-游子: //@郭靖华: 坦率讲，这些人日他妈的都是畜生！ //@洛阳杜康: //@斯伟江: //@欧阳梦粥: 人家一口饭，你赶人家走开就是了，一定要把摊子打翻，又算什么呢？[怒]","train","60934","weibo-60934"
"weibo-78330","0","最近真心倒霉啊！连喝凉水都塞塞牙缝，merde !!!我的新红围脖啊啊啊啊啊啊，就这么没了！忘在教室里，等我回去再拿就没了！法国人穷疯了？连围巾都偷！[泪][抓狂]@巨ta @QC最佳拍档","train","78330","weibo-78330"
"weibo-60584","0","没错！日本核灾难，是全世界的灾难！ //@侯宁: [汗][衰][雪]","train","60584","weibo-60584"
"weibo-101835","0","//@吴秋?: [愤怒]//@张所家CAFA:重点是数值和色标[衰]","train","101835","weibo-101835"
"weibo-78943","0","明天上午，北京商务工作会议，在苦逼的北京会议中心。不睡了，写完稿洗个澡直接出发了。[衰]","train","78943","weibo-78943"
"weibo-90951","0","前几天带队试吃活动，回程的路上遭遇意外，好在有惊无险没出大问题。点评管理团队知道后一直在关心，今天还收到了礼物[泪]，特别感动！@Berber巫 @大众点评网-北京美食 我在:http://t.cn/zRlRes1","train","90951","weibo-90951"
"weibo-100995","0","你会选哪个做礼物？反正是金的我都想要！[泪][泪][泪] #Lovegold爱礼物##想送我礼物的亲你们别太沉得住气# @LoveGold","train","100995","weibo-100995"
"weibo-109493","0","回复@微博会员:会员君 你就招了吧[偷笑] //@微博会员:[衰] //@徐智明:英国首相购买“微博会员”花的钱，议会批准了吗？","train","109493","weibo-109493"
"weibo-61099","0","十年，我在支付宝花了很多钱...说多都是泪[泪][泪][泪] #十年记忆 支付时光#","train","61099","weibo-61099"
"weibo-69984","0","现写本书，来得及吗？同求~//@青曜吟：不是名家，铜球[泪] //@谢思鹏：[泪] 不是名家，也想，//@天心亲王：我来了我要认证","train","69984","weibo-69984"
"weibo-94584","0","官方加V帐号，转载请注明原作者，尊重他人也是尊重自己，谢谢！//@55BBS蓝梅汁: 不注明出处真是剽窃了 //@那年那月nina:转我文字转我照片 我都木有意见，可是您得注明出处啊，不然可就是盗图啦！！[衰]@黑摄会被抢注","train","94584","weibo-94584"
"weibo-118287","0","COS -- 小时候的外号叫三儿（不知道为啥。。。），然后这个孙子@赵哥是?喵喵咪 楞是说我抠儿，结果丫就给演化成抠三儿=COS（cosin）了[怒]","train","118287","weibo-118287"
"weibo-119799","0","[泪][蜡烛]同行，走好","train","119799","weibo-119799"
"weibo-98064","0","十斗 //@向左转向右转-:当铺啊…[衰] // @冷笑话精选 :十全十美大福大贵！[嘻嘻]","train","98064","weibo-98064"
"weibo-71209","0","转个带视频的[衰] //@林依轮:我们内地肿么了[泪]欺负银..[可怜]","train","71209","weibo-71209"
"weibo-80616","0","又拉肚子了[衰]","train","80616","weibo-80616"
"weibo-80317","0","为什么不做两个呢？手艺代代相传啊，还可以开个天猫什么的，太可惜了。悲伤。[泪][泪]","train","80317","weibo-80317"
"weibo-96799","0","大量储备粮过期……损失惨重[泪]","train","96799","weibo-96799"
"weibo-103010","0","这个可是大补 //@央广雅萍:吃的时候怕吗 //@楚痕云波:“蛤蟆”成了美食？这个真不敢吃！[汗][黑线][衰] //@拍客老李: 介个[汗]","train","103010","weibo-103010"
"weibo-119755","0","会的…… //@济宁台安舒:要相信我们都会幸福，老了我们和老伴也会如此～[爱心传递] //@济宁交通广播小虎:真感人、真幸福[泪] @金吉利婚礼 @叉烧的宝贝卤蛋 @济宁台安舒 @乐馨","train","119755","weibo-119755"
"weibo-60199","0","浑身酸软无力，烧啊烧啊烧[晕][晕][晕][晕][晕][晕][汗][汗][汗][晕][晕][晕][晕][晕][晕]","train","60199","weibo-60199"
"weibo-69999","0","去了两次，一次暴雪，一次暴雨...痛...[泪]","train","69999","weibo-69999"
"weibo-111566","0","你的位置不好！[泪]","train","111566","weibo-111566"
"weibo-111145","0","【德国90头奶牛放了一个屁！引发爆炸崩塌牛棚[衰] 】德国警方28日消息，消防员和警方第一时间迅速赶往事发地点，发现牛棚棚顶被部分震坏，一头悲催的奶牛轻微烧伤。警方分析：90头奶牛每日在这座牛棚中打嗝放屁，排放出了大量的甲烷和氨气，遇上静电引发悲剧。危险无处不在啊！！","train","111145","weibo-111145"
"weibo-92282","0","塔哈尔的大盘鸡和羊肉串,我整个人都羊肉串了[晕][晕][晕]","train","92282","weibo-92282"
"weibo-105316","0","足足在路上堵了2个小时！！！[怒][怒][怒][怒]","train","105316","weibo-105316"
"weibo-86215","0","海天盛筵？ //@海南呀诺达蒋天岚:很好的品牌活动变味了！本想培植贵族，成了道德祭！[衰]","train","86215","weibo-86215"
"weibo-73091","0","厦门[晕]@如少年 请保重//@郑正: ??也?始了？?句歌?倒是?景","train","73091","weibo-73091"
"weibo-63137","0","厕所厕所厕所。。。。[抓狂][泪][抓狂][泪][抓狂][泪]","train","63137","weibo-63137"
"weibo-71144","0","吃了一根灌肠，醉了[晕]...小舅！我认为灌一次香肠放十斤白酒的配方不太科学...[黑线]","train","71144","weibo-71144"
"weibo-66196","0","不行啦不行啦！感动得哗啦哗啦滴！！！[泪]有个好朋友住在附近简直是三生有幸啊！！！碰见坏人可以去她家避难，这会儿还搞突然袭击送来热腾腾的爱心晚餐，幸福滴我飞上天了都！！！虽然刚吃过晚饭，可再撑我也要全部吃光光！！！[心]","train","66196","weibo-66196"
"weibo-90738","0","#汪汪在旅途#沈阳今天零下七度[泪][泪][泪]","train","90738","weibo-90738"
"weibo-75683","0","我手真欠[晕]","train","75683","weibo-75683"
"weibo-72742","0","加油?(^ω^)? //@七月之后的微博:是满屋子的箱子待整理呀[泪]","train","72742","weibo-72742"
"weibo-118421","0","让我这天天喝茶的人情何以堪啊[衰]","train","118421","weibo-118421"
"weibo-64565","0","刚刚发现一个近期异军突起的淘宝港澳酒店卖家，背后是一个之前口口声声说不做B2C的传统批发商，相当令人失望啊[怒]","train","64565","weibo-64565"
"weibo-83803","0","最近变胖纸呢。。。。[泪]","train","83803","weibo-83803"
"weibo-60481","0","可以触摸的痛苦是什么？就是觉得肚子都饿扁了，一摸还是有一坨肉。。。[泪]","train","60481","weibo-60481"
"weibo-86510","0","[抓狂]总算跳完了马卡洛娃奶奶舞姬二幕！[哈哈][爱你][爱你][威武]还有她的礼物！[鲜花]","train","86510","weibo-86510"
"weibo-96896","0","【2014年苹果新产品发布时间表】据报道，分析师郭明池预测苹果2014年将推出大量新产品。6月份的WWDC推出新iMac，9月份推出4.7寸新iPhone、iWatch及新一代iPad。年底发布新款Apple TV、5.5寸新款iPhone等。 肾不够用了。[衰]","train","96896","weibo-96896"
"weibo-81663","0","我看成了平静地被处决[衰] //@纯洁哥啊:平静地获得解决...//@透明的杯子: 还是不知道。","train","81663","weibo-81663"
"weibo-101774","0","绿茶餐厅[悲伤]上次去都不记得是神马时候了","train","101774","weibo-101774"
"weibo-61054","0","帮可怜的前台MM转[泪]","train","61054","weibo-61054"
"weibo-114263","0","夜深了，我也到家啦！我在这里: #昌平区#。 希望一切顺利吧！今天把手机美美摔了一下，我好心疼啊！[泪] http://t.cn/zOOo1Lc","train","114263","weibo-114263"
"weibo-108382","0","[泪][泪][泪] //@大熊:[泪] //@裘然: [泪] //@宋鹏0428://@全球热门搜罗:“过劳肥”你中招了吗？","train","108382","weibo-108382"
"weibo-87134","0","已婚86年女生容易有孕？[吃惊][抓狂] //@RubyWu_FF:给你们看看","train","87134","weibo-87134"
"weibo-95455","0","[泪][泪][泪][泪][泪]//@一棵小菠菜vika: 转发微博","train","95455","weibo-95455"
"weibo-116261","0","//@王先知V: //@9958-王昱: [衰][怒] //@才让多吉:救人救到一半跑了，把被救助者扔到死上去了！","train","116261","weibo-116261"
"weibo-113476","0","半个月内要坐6次火车，最短间隔时间不到一天，我的春节就这样贡献给高铁了。??[晕]","train","113476","weibo-113476"
"weibo-63751","0","姑娘，咱能讲究点儿吗？这点儿了，您在办公室吃韭菜，是不是考虑一下别人的感受啊。别怪我嘴损，只图自己痛快，真找不着对象。[晕]捏着鼻子，憋死我了","train","63751","weibo-63751"
"weibo-116195","0","我的手机打不开链接[泪][委屈] //@thanapanyo:you speak thai very perfect !! ( weibo thailand )http://t.cn/zTK1TeA","train","116195","weibo-116195"
"weibo-63819","0","回复@叶江海_:胃口太好[偷笑] //@叶江海_:哎，想打包都没得打，吃完了！！[泪]","train","63819","weibo-63819"
"weibo-87719","0","//@微博搞笑排行榜:好感人的微小说[泪]","train","87719","weibo-87719"
"weibo-114316","0","//@蜜蜜嘎儿: 纳尼[衰][吃惊] //@大连冰峪沟汇金酒店: 转发微博。","train","114316","weibo-114316"
"weibo-94374","0","征求一下大家意见，是不是除了给好的餐厅打[心]，是不是再给那些不好的餐厅打[衰]？表现有些差的（包括出品、服务、卫生、价格太不值）给[衰]，表现很差的给[衰][衰]，表现极差，应该驱逐出餐饮界的给[衰][衰][衰]？#看样子这样我可能被追杀#[偷笑]","train","94374","weibo-94374"
"weibo-84688","0","原来是子公司[衰]","train","84688","weibo-84688"
"weibo-116841","0","宠物店看见小金毛，超爱，抓狂中[抓狂] 要养要养要养么","train","116841","weibo-116841"
"weibo-72874","0","干……老公收到！一定与＂老公＂打起十二万精神努力！[拳头][拳头] //@白百何:老公和干老公加油！！！[爱你][晕][爱你]","train","72874","weibo-72874"
"weibo-111844","0","额……肚子正痛到抓狂的人听你们这么说好安慰[泪] //@神马的西河:……今天第二次看到有人这么说……我也只好回答，手能进去不如扔两颗花椒进去麻一麻就不痛了……","train","111844","weibo-111844"
"weibo-98021","0","【#我是传奇2欢乐季#第4期】@于谦 @台湾康康 助阵@郭德纲 @吴宗宪 现场欢乐升级。用生命在表演的小赵四当时就震惊了！！最美艳韩国女团令老郭宪哥Hold不住！短腿胖子的悲哀[泪]萌翻全场的小公主！至贱无人能比的小人舞！老郭宪哥频秀下限！！！29分钟的那个光头！鸡皮疙瘩快掉没了http://t.cn/zYzWTxA","train","98021","weibo-98021"
"weibo-94110","0","淫僧最悲催的莫过于一直穿的很职业很体面，结果一直没用上。然后放松警惕，穿了牛仔裤和假UGG上班。然后，新华社采访大使。领导托人叫我下楼，交换了下名片之后，被偷偷告知：Súbete。外加一个安慰性的呼噜呼噜毛儿。[泪]下礼拜开始重拾职业装！","train","94110","weibo-94110"
"weibo-119346","0","为什么老选学校下手，这些恐怖分子十恶不赦。[怒]//@导演高晓舰:[吃惊]","train","119346","weibo-119346"
"weibo-87981","0","同感。。。同感。。。我也想回去，，，很想念@_浮生若孟_ 帮我好好看看//@floraliang: [泪] 想死西班牙了。//@玫铮：哈哈，咋一看还以为是我们老家的达濠古城呢。//@且品且读: 挺有感觉的[呵呵]//@笨小孩sun: [微风]//@秋天的童话Tina: 在这种小镇闲逛，那才惬意！","train","87981","weibo-87981"
"weibo-106308","0","[怒] //@大衣柜: //@一朵云不芸:WTF！太残忍了！天理何在！泱泱大国如我天朝，岂能容国民被此等杀害，要给说法阿！！","train","106308","weibo-106308"
"weibo-88857","0","吸入雾霾太多，脑子彻底坏了！[怒]","train","88857","weibo-88857"
"weibo-103442","0","该轮到我了？感动 [泪]谢谢 格莱美 谢谢 奥斯卡 [偷笑]","train","103442","weibo-103442"
"weibo-76094","0","应该再爱特下@TOP旅行陈安然 //@雷砣砣:@TOP旅行肖丽 @今日女报 @吃在长沙 全面封杀！[怒骂]","train","76094","weibo-76094"
"weibo-105991","0","在网上搜空客A321的照片，居然弹出一张失事飞机的照片[抓狂][抓狂][抓狂]，GNM太不吉利了。艹[怒][怒][怒]","train","105991","weibo-105991"
"weibo-114586","0","再见了，高贵冷艳古典乐迷，小叫花子你们好[泪]","train","114586","weibo-114586"
"weibo-104193","0","最近要好好补补脑子了[泪]","train","104193","weibo-104193"
"weibo-66324","0","//@永远的协和://@Gary徐可可:帮忙转//@阿凡卡://@王昊-王厂长: [怒][泪] //@斯坦-maston:转发微博","train","66324","weibo-66324"
"weibo-107938","0","[嘻嘻]内涵啊//@任轩宁Alex: 笑死我了//@水洋:[衰]","train","107938","weibo-107938"
"weibo-93422","0","做人就要这样！ //@张菲洋:感动 这两个人我都超喜欢 做好事虽然不需要图报 但是对于受恩之人 我们心里该心存感激 知恩图报 // @给诺诺 :// @_文雯_ ：心里必然是泪如泉涌[泪] [赞]","train","93422","weibo-93422"
"weibo-67282","0","今夜城里注定不会淡定，在机场睡一宿吧，明天再进城。 //@飞常准: 机场大巴还在运行！[鼓掌]//@pengtao1027:还有心情看海[怒]，现在我们被机场大巴统一发配到三元桥，怎么回家还是没着落，我现在到是真有一种大海的赶脚。[抓狂][泪][晕]","train","67282","weibo-67282"
"weibo-65808","0","谁动了我的起落架？[抓狂]","train","65808","weibo-65808"
"weibo-72196","0","三月啦，是不是可以买春装了呢？算了，还是先减肥吧[抓狂]","train","72196","weibo-72196"
"weibo-92874","0","每天早上五点都被楼下的说话声吵醒，睡觉太轻的我可真的是要崩溃了[泪][泪]","train","92874","weibo-92874"
"weibo-113758","0","向微博机器人提问：京东商城怎么样？机器人答：说个别的话题吧！[衰] @京东商城 @刘强东 @一下搞笑","train","113758","weibo-113758"
"weibo-73479","0","#遨游巴厘岛# 午餐时间，你们饿了吗，表下雨，我要去吃饭！[泪][泪][泪]","train","73479","weibo-73479"
"weibo-114963","0","回复 @孙涛TT:你问出了我的疑惑 //@孙涛TT:我特想知道这是什么部位，还有些许的毛…… //@熊丽电台：回复 @戴艺:这你就不懂了吧！不想做足疗的咖啡馆不是好动物园 //@戴艺:你能再丢人点么？！[抓狂] //@熊丽电台:上岛？是做足疗的吗？","train","114963","weibo-114963"
"weibo-89291","0","#汪汪在旅途#还没登机呢[抓狂][泪]今天好背啊，改签了八遍了[衰][晕] http://t.cn/zWtYThE","train","89291","weibo-89291"
"weibo-73943","0","用surface上新浪微博真心别扭，不能竖屏，看好友微博也贼不方便，版面排列还会让人错以为进入了美丽说，瀑布式的信息流让我无所适从[晕]","train","73943","weibo-73943"
"weibo-74617","0","1999年[泪]","train","74617","weibo-74617"
"weibo-62321","0","[泪]感动！@安婷Tanz","train","62321","weibo-62321"
"weibo-104269","0","失眠！艹[怒]","train","104269","weibo-104269"
"weibo-87412","0","[泪] //@于莉赵：写的好~ //@左南ZuoNan：赞","train","87412","weibo-87412"
"weibo-107296","0","#高级定制# 祖母绿系列...最近找的童鞋特别多...我都看花眼啦[晕][晕][晕]挑了这一手...来吧！预备...开始...[嘻嘻]???...","train","107296","weibo-107296"
"weibo-97808","0","累屁了我了，能平安到家甚是欣慰！@韩玉hany 批评我了，现在不理我了[泪]","train","97808","weibo-97808"
"weibo-61578","0","夏季扒窗盗窃频发，昨晚竟然真的发生在自己身上，客厅放的包和手表被盗，今早在楼下草坪里找到贼偷扔掉的包和卡，钱包和名表就算贡献了，幸运的是遇到只取财的贼，这世道，一定要提高警惕，安护栏锁好门！[怒]","train","61578","weibo-61578"
"weibo-114742","0","我倒，真的又来一个[伤心] //@薄荷品牌设计_whodesign:绝了... 对得起这书名中的名词//@杨_林青: @韩湛宁 @?重老? 绝了！[阴险]","train","114742","weibo-114742"
"weibo-106164","0","北京这大风刮的呀，我的脸都吹木了。三环还各种堵车。[晕]就当在车里取暖了。你在“享受”晚高峰嘛？[衰]","train","106164","weibo-106164"
"weibo-113553","0","有种死法叫捧杀！[衰]//@懒人业余餐厅南京店: 三锅，整高了还下得来么[哈哈][哈哈][偷笑][偷笑][偷笑]//@懒人业余餐厅:做事严谨...还巨！[汗][汗][汗]#完美主义拖沓症患者治愈中~#","train","113553","weibo-113553"
"weibo-62462","0","按照物价的涨幅百分比，加倍还出来//@上海有机菜: 求彻查 //@李兴华来也: [抓狂][抓狂]//@摆古论今: //@柴禾: 谁，谁干滴？","train","62462","weibo-62462"
"weibo-60495","0","每天都是雷阵雨，持续一个多星期了，接下来几天还是，什么时候可以刷车[晕]","train","60495","weibo-60495"
"weibo-63745","0","回复@L__小?Jenna:我们只是去为白领事业做做市场考察！学学人家的设计，别急啊，乖！@水瓶座的米小婕 //@L__小?Jenna:没有我们的合照，没有我们的合照！！！！[泪][泪][泪]璐璐姐姐！！！求合照，求范儿！[花心][花心][花心]","train","63745","weibo-63745"
"weibo-116278","0","话当年，破坏了很多美好的记忆??? //@神秘野史搜罗:三毛的话，总是直指人心。[泪]喜欢三毛的童鞋，推荐关注@三毛全集","train","116278","weibo-116278"
"weibo-82211","0","[音?盒]别人即使知道我所要表达的下一句话是什么，但却不知道我是怀着怎样的心情说的[失望]","train","82211","weibo-82211"
"weibo-115900","0","今天抽空练会古琴指法，老公教我哒[偷笑]但我老把我弹古筝时的劲儿带出来，遭到唾弃[泪]…","train","115900","weibo-115900"
"weibo-66651","0","哪里能汇聚用户，哪里就不愁应用开发者和应用使用量。 运营商不能为了做应用商店而做应用商店，汇聚人气的平台和策略在那里？ 网络应用多入口化是趋势。 //@任伟权:运营商又错过了[泪] //@孙?-:转发微博。","train","66651","weibo-66651"
"weibo-113887","0","为我青春的记忆[泪]","train","113887","weibo-113887"
"weibo-68996","0","请把我留在最好的时光里[爱你] //@顽主KEN:[泪]","train","68996","weibo-68996"
"weibo-76701","0","刚刚准备休息突然看到新闻说明天油价又涨重返八元时代，顿时睡意全无！以博尔特百米冲刺的速度跑去加油，到加油站才发现穿睡裤出来没带钱[抓狂]。不过还好爷有卡！[奥特曼]","train","76701","weibo-76701"
"weibo-110931","0","都卖给我们了[衰]","train","110931","weibo-110931"
"weibo-106011","0","今天深刻的体会到了中国人民骨子里所蕴含的奴性。。[失望]","train","106011","weibo-106011"
"weibo-118437","0","巨星陨落[衰]//@巴曙松:死亡不是死者的不幸，而是生者的不幸。伊璧鸠鲁这句话用在乔布斯与苹果迷身上很合适。[绿丝带][蜡烛][泪] // @有报天天读 :Steve Jobs Dies: Apple Chief Created Personal Computer, iPad, iPod, iPhone By NED POTTER and COLLEEN CURRY 22 seconds ago","train","118437","weibo-118437"
"weibo-105897","0","#一起玩--脑筋急转弯#有没有一个人，让你想起就想哭？[泪]","train","105897","weibo-105897"
"weibo-117936","0","这不是砸到花花草草的问题了 //@傅宇权:[晕]","train","117936","weibo-117936"
"weibo-60977","0","回不去家了，赶紧打车！[泪][泪][泪][泪] 我在#长虹公园# http://t.cn/zOeWnmF","train","60977","weibo-60977"
"weibo-77800","0","顺利!后15：00哈 //@宥鸣:[泪] 命太苦// @主播黄锐 ：你吃吧，不然都瘦成竹竿儿了。 // @宥鸣 : 黄主播，要不要来一份[偷笑] // @主播黄锐 ：哎呦 // @宥鸣 : 好食！[偷笑]","train","77800","weibo-77800"
"weibo-61056","0","[衰]//@董明V: 北京工体附近下雪，这是什么情况？//@围脖老丁: 擦。。。","train","61056","weibo-61056"
"weibo-72918","0","“这是天籁??这是天籁???”完了，这旋律老在我脑子里了???//@饭饭-盈盈: 我当然是为了@樊博天籁之声 而转发[抓狂][抓狂][抓狂]","train","72918","weibo-72918"
"weibo-114439","0","是不是也可以认为，我们的行政体制存在一言堂或一把手政治的弊端？//@杨锦麟: 上面还有明白人！ //@萧含: 这话说得很地道。只是，假如那些组织部长本身就是贪腐分子，情何以堪啊~~~？[晕]","train","114439","weibo-114439"
"weibo-101356","0","想喝健力宝了！//@慕春彦: 还好，还好，梦想还在。 //@阿昕:想喝罐健力宝[泪] //@沾泥流: 健力宝有心了！[?]//@红红的红包: [哎呦熊泪奔]。。//@这里有阳光: //@半空秋千: 转发微博","train","101356","weibo-101356"
"weibo-73345","0","[怒][怒] //@薛蛮子:无","train","73345","weibo-73345"
"weibo-68514","0","陈玮节日快乐//@陈玮lavender：我要过节.....[泪]//@朱丹燕cassie:[哈哈]","train","68514","weibo-68514"
"weibo-75618","0","我的错[泪]，勤快爱收找不到了[抓狂][抓狂][抓狂]","train","75618","weibo-75618"
"weibo-78355","0","傍晚的太阳很漂亮，但我要回公司继续做「表姐」。[晕]","train","78355","weibo-78355"
"weibo-119657","0","天寒地冻的时候即将到来！冻未着⊙o⊙[抓狂]@五明品出个辉太郎","train","119657","weibo-119657"
"weibo-89164","0","看伦敦奥运，眼睛[悲伤]都睁不开。[睡觉]上课去啦。[电影]","train","89164","weibo-89164"
"weibo-80481","0","秋天到了，叶子黄了[泪]","train","80481","weibo-80481"
"weibo-118440","0","后悔今天没去！[泪][泪]","train","118440","weibo-118440"
"weibo-90185","0","看《最美的时光》被苏蔓和陆励成虐惨了！[泪]谁说一个人一次只能看着一个方向？@张钧甯 你倒是看看身边的@钟汉良 啊！?不管你是想靠“打油诗”混全场被@何炅 揭穿，还是突破尺度现场热舞，他的眼里只有你啊只有你！[哈哈]今晚（1月4日）20:10快乐大本营，最美的时光，给你最美的结局！","train","90185","weibo-90185"
"weibo-95800","0","[怒]//@灰射: 就在“乔尔竖中指”照片赛后被媒体爆出后，关于他是否真的作出这一侮辱性动作的争论也随之而来。中国足协考虑到联赛正值收官阶段，违纪问题甚为敏感，特意找到了拍摄乔尔照片的河南媒体的摄影记者，并要来8张证明竖中指的照片及文字说明。","train","95800","weibo-95800"
"weibo-113421","0","//@陶然万柳世界: //@姚成龙微博://@徐枫华:[晕]//@王占阳: 搞新民主主义？//@作家-天佑: 要求发扬井冈山精神和延安精神，并且将毛泽东选集作为必读书籍？这是什么节奏？//@王占阳: 中石化的消息。","train","113421","weibo-113421"
"weibo-102944","0","计划被打乱的不是一丁半点。[抓狂]","train","102944","weibo-102944"
"weibo-101450","0","害怕着同时惊艳啊 //@Ben9号:去了就回不来了！ //@淡若天涯张小爱:@Ben9号 蓝洞，蓝洞，我们那未去成的帕劳蓝洞！[泪][泪][泪]","train","101450","weibo-101450"
"weibo-78878","0","搬西藏吧，全年空气质量优！//@来去之间:[熊猫]//@陈宇微博:[衰]//@琢磨先生:看看外国人眼中的中国。 //@武大沈阳:转发微博","train","78878","weibo-78878"
"weibo-101781","0","#敢吃逗你玩#连上八天班的后果是...[抓狂]「图片来自网络」","train","101781","weibo-101781"
"weibo-82581","0","//@SCC马健健健: 其实不拓宽也行阿[抓狂]","train","82581","weibo-82581"
"weibo-82781","0","人间有真情，人间有真爱~//@环球高清影城: 让无数人洒泪的帖子，你能撑到第几张？？[泪][泪][泪]","train","82781","weibo-82781"
"weibo-65392","0","哎呀妈呀[衰]","train","65392","weibo-65392"
"weibo-116824","0","交警效率太低了吧，电话打了20分钟了居然没人来。[抓狂]","train","116824","weibo-116824"
"weibo-76470","0","人渣[鄙视]//@剑漂江湖7960: 这个狠心的老娘们儿。[晕] //@闪天逛:这个女的嫁不出去了","train","76470","weibo-76470"
"weibo-60013","0","[黑线] //@周?喵: [衰][晕][生病]","train","60013","weibo-60013"
"weibo-90677","0","//@经典丶古诗词:戳中泪点[泪]","train","90677","weibo-90677"
"weibo-80409","0","回复@毅boss:毕业早了[泪] //@毅boss:在学校 你算是小巧手了~~~老师该发大红花啦","train","80409","weibo-80409"
"weibo-90617","0","??又在吟唱「河西走廊」啊？我哭了。[泪]","train","90617","weibo-90617"
"weibo-89908","0","很想去看看。//@李开复: 在北京敢坐，因为反正车子动不了~ [衰]","train","89908","weibo-89908"
"weibo-68920","0","眼泪汪汪，昏昏沉沉[悲伤][困]","train","68920","weibo-68920"
"weibo-115901","0","今夜吃完麻小体验了一把冰火两重天，因为吃最后几只没戴手套才总结出要便前洗手的道理。多亏旁边小卖铺的一瓶冰镇矿泉水才解除了下体痛苦。真特么爽呆了[泪][泪][泪]","train","115901","weibo-115901"
"weibo-81059","0","局长，有发票！！！[衰]//@风的羽翼jason:牛//@汤侃aaron:没有多点，应该都吃得掉[汗] //@苏州阿甘: 真是大开眼界啊！","train","81059","weibo-81059"
"weibo-78372","0","太过分了，有位座轮椅的老爷子因为差一岁70愣不让在绿色通道办，溜溜等了一天[怒] //@嫣然左岸:他们知错，只是从不觉得有必要改而已！","train","78372","weibo-78372"
"weibo-78297","0","又打记者，无法无天。[怒骂][怒骂]","train","78297","weibo-78297"
"weibo-98586","0","我们每天苦逼上班就是来补这漏洞，补这亏损？[怒]","train","98586","weibo-98586"
"weibo-73375","0","太可爱了，快点领养。。//@不淡定??: 好心人领养吧！！！//@最爱柯基: //@梅暗香: 给娃个家吧！[泪]//@天佑流殇: #北京领养#超级大包子！！！猫叔和bob结合范儿！！","train","73375","weibo-73375"
"weibo-105275","0","我爱轩辕剑系列，我爱大宇和DOMO，所以原谅我不能投票给电视剧。[泪]","train","105275","weibo-105275"
"weibo-65957","0","[蜡烛]//@刀客特照:一代巨星陨落长海，中国消化为之哭泣。[伤心][蜡烛][蜡烛][蜡烛]","train","65957","weibo-65957"
"weibo-94088","0","转给开车的朋友们 //@文怡:注意[晕]","train","94088","weibo-94088"
"weibo-66307","0","第四个是慈姑（音）吗？第三个不是芋头吗蒸熟蘸糖好好吃 #块茎类食物爱好者现在饿了[泪]# //@刘新征:回复@杨三:土豆红薯，第三个吃过，但不普遍知道，第四个是啥？是洋姜么。。。 //@杨三:土豆，山芋，芋头，地瓜。@刘新征 @夏小喵 @LEEY 你们家一般咋叫得啊？","train","66307","weibo-66307"
"weibo-61706","0","表吓我！！！[晕][抓狂][阴险] //@宅男门前是非多:@王东驰 @阿?_IanYeung 离不开的好朋友 好基友！","train","61706","weibo-61706"
"weibo-103489","0","同样喜欢带着杯子去旅行的人！[good]//@大卫独夫DE吴志伟: 回复@_大叶_:我觉得我是否该开个淘宝店卖电热被神马滴？[抓狂] //@_大叶_:求买电热杯的资料，有多大的？方便携带吗？","train","103489","weibo-103489"
"weibo-70515","0","表给我带高帽子了，等着我明天一起早点[嘻嘻] //@胖??偶祖?：娜姐发扬一姐的风范，第一个来，看来得最后一个走～必须热泪盈眶[0] [r] [z] [鼓掌] //@蔡丽娜Vita：现在还木有结束[泪] //@mus娜娜：明????公室??","train","70515","weibo-70515"
"weibo-103318","0","连续N天 每天来回100公里＋ 也是个体力活啊 怎么没把我熬瘦一点呢。。。苍天啊！！！ 你是有多怜香惜肉啊[泪][泪][泪]","train","103318","weibo-103318"
"weibo-73078","0","//@独狼八点:操！中国体制下的好警察 //@冯世宁:哎我去！[怒]","train","73078","weibo-73078"
"weibo-60482","0","这城市已无生存质量而言！大雾锁城！从三环到四环，就此可以推论，大中午的全城拥堵[怒] my dear mother city how can I help you!!","train","60482","weibo-60482"
"weibo-119221","0","//@霞浦行摄生活: 我正在遭遇不幸，希望能如此！！！[泪][泪]","train","119221","weibo-119221"
"weibo-65665","0","花姐肯定有切肤之痛啊，呵呵。 //@花生米哦: @风帆远行的小窝 //@景赫博-移动互联网:STC这变态[怒]让人咬牙切齿啊！","train","65665","weibo-65665"
"weibo-103943","0","?有??的。//@winnienelson:太可惜今次?局去唔成@KC?味?? [泪][泪][泪][泪][泪][泪]//@不眠王子:乳羊架也令我念念不忘 [馋嘴]","train","103943","weibo-103943"
"weibo-117858","0","吃着晚饭，喝着啤酒，看着电视，突然，听到外面传来一阵救护车急叫。。。唉。。。又哪儿出事了[失望]","train","117858","weibo-117858"
"weibo-106474","0","#主播乐颜逍遥游台湾#今天的夜市就暂告一个段落吧，最后用水果来收尾吧！左下就是释伽，但我好像有点不敢吃[晕]，你们喃？","train","106474","weibo-106474"
"weibo-99689","0","“在青衣区排四天三夜队”……看场演唱会要出动ICAC，威到晕[晕]//@猪头e是爱死Ta: 回复@奥黛丽-东冬: 据说已经炒到三万一张了~~~~ //@奥黛丽-东冬:[汗] @猪头e是爱死Ta","train","99689","weibo-99689"
"weibo-106576","0","我都快冻成冰块儿了，此时此刻胡同口的路灯下居然还有大爷支个摊儿下象棋！居然还有大爷围观！这场面太励志了！！[晕][晕][晕][晕]","train","106576","weibo-106576"
"weibo-68794","0","年纪大了，熬一宿真难受啊！[晕]","train","68794","weibo-68794"
"weibo-110609","0","想吃野串了，不知否出来没有…[抓狂][抓狂][抓狂]","train","110609","weibo-110609"
"weibo-84848","0","比小鬼子更鬼子，[衰] //@v1702://@时事周刊:转发微博","train","84848","weibo-84848"
"weibo-77604","0","1111早上起来一看微博，哥的粉丝数达到111，立马晕倒[晕] 光棍节快乐！","train","77604","weibo-77604"
"weibo-110726","0","当两个手机都在充电时，突然不知道该干什么了[抓狂]","train","110726","weibo-110726"
"weibo-66401","0","中国男篮比赛还有20分钟开始！！目前战绩全负！！！[泪]看这场了。。","train","66401","weibo-66401"
"weibo-108188","0","@搜狗涂强 @端木妙子 你们说这够几个paris viillage了 //@端木妙子:[晕] //@BiMBA-Ulan:继续找…… //@商克伟:让我想起一个项目。 //@桂曙光:有些创业者心太大，我私信收到的一个社交网络项目，＂计划今年8月份上线，市场估值10亿美金，第1轮融资计划引进1亿美金。＂我们这个小基金全给他都不够！","train","108188","weibo-108188"
"weibo-108394","0","[衰]//@?黑脸:这也是当年陈友谅和朱元璋决战的地方，湖底有几十万将士的新魂旧魄在等着你们[困死了]","train","108394","weibo-108394"
"weibo-77907","0","[怒]//@煦不别: 转发微博","train","77907","weibo-77907"
"weibo-104684","0","菜好少[泪]","train","104684","weibo-104684"
"weibo-80259","0","[衰] //@杨宏伟:一副?样[挖鼻屎]","train","80259","weibo-80259"
"weibo-89694","0","没听懂，啥意思//@皆尘土:[吃惊][汗][晕] //@曹涵曾:我被雷到了，真是这样吗？我从来不关心我的医保卡。果真如此，这就是一群强盗啊！！！","train","89694","weibo-89694"
"weibo-84551","0","大中午您介是要奔着馋死我们吧[泪][泪]","train","84551","weibo-84551"
"weibo-85739","0","#我是歌手# 黄妈第一实至名归，杨宗纬第七太出乎意料，看出来了那些评审主要来看热闹外加表演自我的，只要热闹就是好[浮云][浮云]安静的不能给他们表演的舞台坚决不选[挖鼻屎]杨宗纬两期就撤了[失望]","train","85739","weibo-85739"
"weibo-100663","0","回复@永不停歇的牛牛:没有，还没买到[衰] //@永不停歇的牛牛:没有羊蛋蛋啊 //@马剑是谁:回复@美食重庆人:靠，没有。[衰][衰][衰] //@美食重庆人:为何没有羊鞭[偷笑]","train","100663","weibo-100663"
"weibo-75757","0","//@frank7383: //@W天之蓝W:这个总统应该上断头台[怒] //@frank7383:Repost","train","75757","weibo-75757"
"weibo-73088","0","老子tb登?不上去！你?@Pessego @Mariana @Cheegee 一??地毯式?炸的，75我跟@鱼叉叉叉叉鱼 啊啊啊[泪][泪][泪][泪]","train","73088","weibo-73088"
"weibo-111749","0","过去了这么多年……我才明白，原来我曾经待过的那个地方，那儿是天堂~[泪]","train","111749","weibo-111749"
"weibo-116766","0","[开心] 俺不是有意的。。俺们去问zara要代言费吧。。。哪天我们出去玩一起穿今儿买的裙子吧~虽然我会感觉压力很大。。。你比我瘦！[抓狂]","train","116766","weibo-116766"
"weibo-81888","0","一大早受刺激。。[晕]","train","81888","weibo-81888"
"weibo-90182","0","城市越来越快，我们走得越来越慢～万能得围脖告诉我，此刻魔都的哪条路不是那么堵～[晕]","train","90182","weibo-90182"
"weibo-96534","0","今天怎么这么冷啊[抓狂]怎么呆怎么冷！ 我在:http://t.cn/zjcjmEf","train","96534","weibo-96534"
"weibo-61552","0","回复@李韬之流年似锦:对你们这些没有上班滴人，偶充满了羡慕嫉妒恨啊~~现在偶在苦哈哈滴结一月份滴账，做财务滴人艰辛~~[泪] //@李韬之流年似锦:回复@贵州媳妇:啥意思啊？","train","61552","weibo-61552"
"weibo-115980","0","巴宝宝在国内卖太贵了，这款Polo衫直接飙到了2000多软妹币！[抓狂] http://t.cn/8s5jKfh","train","115980","weibo-115980"
"weibo-69960","0","你有时间去体会到重口味，与轻柔，关键取决于谁去推动它，本色的4单元，普通的播放器只能说勉强，而c4的确是与众不同[晕][晕][嘻嘻]","train","69960","weibo-69960"
"weibo-115835","0","出门经常打不着车。。[衰] //@陈令闻:路人粉转黑的有没有","train","115835","weibo-115835"
"weibo-64619","0","读下来也不适合再往名片上印鸟！[泪][可怜]","train","64619","weibo-64619"
"weibo-118539","0","学习！//@雷永青: //@顾晓斌:这场巨大的IPO是终点也是开始。[泪]","train","118539","weibo-118539"
"weibo-85947","0","//@重口味围脖: [衰]","train","85947","weibo-85947"
"weibo-83341","0","在这个静静的早晨，看着还没苏醒的城市，还带着夜阑人静的夜意，天边的晨曦悠悠流动，我和春天有个约会.?.?. //@然也rain: 1996年~~当这首歌曲里的萨克斯风响起的时候~~ 很多很多记忆都回来了[泪]","train","83341","weibo-83341"
"weibo-72501","0","[衰]//@江南春://@老沉://@杨浪:[泪]图片极具震撼力！视觉冲击来自＂妈妈没法抱你＂的细节。延申至对城管执法权的质疑、公权使用中的伦理与社会冲突的原因恩考。使人过目不忘且愤懑不平的新闻图片！可留北大讲视觉课举证。","train","72501","weibo-72501"
"weibo-62110","0","遗忘了我的兄弟们！尤其半颗总！[抓狂][哼]","train","62110","weibo-62110"
"weibo-83277","0","[失望]//@佰程旅行网: #免签是一种尊严#100多个签证，价值6万多元钱、一年工作日，人们从来没有在意过这笔物化的算计。我们所需要的是作为一个公民在他国受到的尊重。不知道大面积免签的日子何时到来，但谁都知道，那会是一个真正的光荣日。","train","83277","weibo-83277"
"weibo-86205","0","下一期做塞尔努达的诗，转发能过十吗？[衰]","train","86205","weibo-86205"
"weibo-67446","0","回复@邓兆琨:这不只是好不好看的问题，是诚信问题[挖鼻屎]说好DS是与众不同，走的是品味路线，现如今，就一C4L土豪版[泪][泪]//@邓兆琨:可以说~真心不好睇吗[泪]","train","67446","weibo-67446"
"weibo-76202","0","抱考拉摸袋鼠，又完成了2个心愿，好开心[泪][泪][泪]","train","76202","weibo-76202"
"weibo-91858","0","哈哈！//@爱吃这口儿: 回复@爱吃烤白薯:看帖有风险，点开须谨慎。[偷笑] //@爱吃烤白薯:完了，今天的茶一口都不想喝[泪]","train","91858","weibo-91858"
"weibo-82130","0","#七年后再游日照# 回忆当年来日照，光阴已过七年。坐了六个小时汽车终于到达目的地，打车二十分钟到了酒店，屁股都坐疼了[汗]。老公对下榻的酒店非常不满意，没有国际五星你也敢来[泪][泪][泪] 我在这里:http://t.cn/zHeBjDv","train","82130","weibo-82130"
"weibo-93743","0","[抓狂] 老子很纠结 !!!!![抓狂] 为毛老子的微薄几天都传不上图片????!!!!为毛为毛???!!!![泪]","train","93743","weibo-93743"
"weibo-81659","0","[伤心][蜡烛][蜡烛][蜡烛][蜡烛][蜡烛][蜡烛]","train","81659","weibo-81659"
"weibo-106601","0","[哈哈] //@糯米妈咪:想象和现实总是有差距的.......[晕] //@欢喜宝儿: 还真的是，尤其是那个拽头发。。。 //@狠酷狠有才:[嘻嘻]","train","106601","weibo-106601"
"weibo-101118","0","回复 @沈宏非:@大董大懂 快来看看这位让你爱到痛彻心扉的男人 //@沈宏非:太有意思啦拉拉 //@熊丽电台:有意思吗？有意思吗？我最近招谁惹谁了，动不动就被@好几百次，全是馋我的，有没有良心啊？有没有天理啊？@大董大懂 @盛博 @伍餐肉[泪] [抓狂]","train","101118","weibo-101118"
"weibo-87613","0","一碗硬货，各类海鲜，尊补啊[泪][泪] 我在这里:http://t.cn/zjXU0Un","train","87613","weibo-87613"
"weibo-113462","0","[晕]早上买包面，分享奖。这奖肿么领?[偷笑]","train","113462","weibo-113462"
"weibo-74162","0","吃好也要?尊重食物。?我?反面。[怒][怒][怒]","train","74162","weibo-74162"
"weibo-62526","0","整理电脑，又看到上次厦门行时收录到相机里的那些小吃了，[抓狂]。。。555，我想死 鼓浪屿 上那些10块钱5个的炭烤生蚝袅。。。[馋嘴][馋嘴][馋嘴]。。。","train","62526","weibo-62526"
"weibo-86664","0","这一天天的，我非得被各种人气出RX癌来！[怒]","train","86664","weibo-86664"
"weibo-109803","0","朋友发给我的，宁可信其有吧[衰]","train","109803","weibo-109803"
"weibo-67346","0","为什么那些人总喜欢在微信上转发一些乱七八糟的东西 [抓狂][抓狂][抓狂][抓狂]","train","67346","weibo-67346"
"weibo-93433","0","真不错！！//@刘佳琳Ichigo：精彩！@兔兔陈小姐 //@lynshos: 我靠，这个，真是重口味，有点HappyTree的风格@苏门答腊大肥猫 @陈浅浅 //@微博搞笑排行榜：《屎神来了》。。。重口味，未成年人不要看[衰]","train","93433","weibo-93433"
"weibo-98613","0","遗憾没看到据说有专人把守，戒备森严的麦哥哥的办公室！[泪]//@邓广?:苏州河边、风水不错！// @简红明 ：回复 @吴楠-楠梓 :风景也不错！ // @吴楠-楠梓 :半包围结构～","train","98613","weibo-98613"
"weibo-89299","0","明天chef Anthony就离开北京了，好舍不得，下次再见喽……[泪]","train","89299","weibo-89299"
"weibo-98559","0","回复@卜潢信河:[赞]您的回答太实在，wifi技术要革新了！ //@卜潢信河:不会，我会在旅途结束后适当分享，因为……旅途中分享照片太耗流量了[衰]","train","98559","weibo-98559"
"weibo-61069","0","没看到[泪]","train","61069","weibo-61069"
"weibo-79511","0","上来和众人打完招呼，第一个地方去的不是Andrea的办公室，也不是皇家套房，而是这。。最情何以堪的是我一在电梯口VIP Service 组长黄婷婷就说“我呼赌区把灯给你打开”，@陈紫涵Sophia 我在这就这形象吗？？[哼]好吧看来我是没救了。。[晕]","train","79511","weibo-79511"
"weibo-94000","0","不露肉就算白来，拚了[抓狂]","train","94000","weibo-94000"
"weibo-65019","0","睡得越来越晚，醒得越来越早。有时责任感旺盛也不是什么好事，整天的焦虑，我有自虐强迫症？[抓狂][浮云]","train","65019","weibo-65019"
"weibo-98253","0","在话筒里说了一大堆关于学习雷锋月的宣传活动，对于这件事不敢也不想做过多的评价，这个社会有时候让我觉得心寒//@广播电台治愈系: [悲伤]//@simple张小邪：在话筒里流泪了[泪]//@主播呼斯乐：爆粗了。骂人了。","train","98253","weibo-98253"
"weibo-69560","0","//@六六:赞一个。//@古早尚嗨项: 神器啊[哈哈] //@陈苏_:人才啊[抓狂]@宋晓晨nunu@阿鸵鸵","train","69560","weibo-69560"
"weibo-109598","0","想起我原来 的一位阿尔巴尼亚来的女同事，跟人讨论时老是用中指在别人屏幕上指指点点[抓狂]//@张亚勤:这位妇女用中指 @#￥%……&（）！！ --- 显然很不喜欢","train","109598","weibo-109598"
"weibo-62925","0","[晕][哈哈] //@溪xo:[泪]臣妾必须做不到啊 //@ifeng-假期依旧很忙碌的梦捷同学:臣妾真真做不到啊[泪]//@梨子568:[哈哈][哈哈] //@洛水槿死等冯绍峰兰陵武王高肃:不看#兰陵王冯绍峰# 臣妾做不到啊[泪]","train","62925","weibo-62925"
"weibo-75863","0","我有两个包裹在途，在途了一个月 ..... //@yinxiaohan:[泪][抓狂]还给不给活路啦！","train","75863","weibo-75863"
"weibo-83427","0","[衰]//@黄珂hkcaphook: [泪]//@端木赐香三糊涂: 这就是传说中的胡折腾吗？//@vista看天下: 脂肪的战争","train","83427","weibo-83427"
"weibo-108575","0","[泪]已看哭!!!!!!","train","108575","weibo-108575"
"weibo-116381","0","#说谎大赛#又要放假，好烦哦[抓狂]我可是喜欢上班滴哦[馋嘴]@武汉达人会","train","116381","weibo-116381"
"weibo-67105","0","今儿又遇上IT一折[偷笑]买四送一，五条腰带[偷笑][偷笑][哈哈][哈哈]，靴子两折啊两折啊有木有，鞋啊木有号啊[抓狂][抓狂][抓狂]，35／39大棉的才660你妹那就是条棉裤啊，木有号[泪][泪][泪]","train","67105","weibo-67105"
"weibo-118631","0","无意中，郭美美成了揭贪焦点。红十字伤了太多人的心，玉树地震，当时读初中的儿子善心大发，我要替他捐赠他不让，专门下学以后跑到红十字会，捐掉了好几千块压岁钱，最后还说了一句：发票不要了。后来孩子想起来就生气，红十字伤了多少人啊…[衰]","train","118631","weibo-118631"
"weibo-92706","0","一个案例揭示官员和官媒的无耻。但满篇的评论多是国骂也让人不寒而栗。这还是中国么？[抓狂]","train","92706","weibo-92706"
"weibo-109465","0","本店于中秋国庆期间从九月三十日至十月四日全店放假，五号（星期五）开始正常营业。给您带来的不便敬请谅解[泪]提前祝愿大家节日快乐，好好玩儿，好好睡！[飞机]","train","109465","weibo-109465"
"weibo-106121","0","偶头痛的是美术不是体育[衰]","train","106121","weibo-106121"
"weibo-105110","0","烽火佳人看完结局我这颗心啊、第一次懂、啥叫虐心！！！周霆琛啊！[泪]","train","105110","weibo-105110"
"weibo-74765","0","没关系，看直播吧！[嘻嘻] //@涂薇vivi:打电话到铁路部门确认了！D20停运！亲爱的同学们，俺这次去不了了！[泪]你们要替我亲亲@裴丽敏58 家大胖儿子啊！还有@美妈孙姗 的千金！咱们下次再聚吧@小静的烟草味 @ocean张海航 @潘雷北京 ！[爱你]同时也祝还在路上的朋友们平安[蜡烛]","train","74765","weibo-74765"
"weibo-102118","0","//@东宝: [泪][泪][泪]","train","102118","weibo-102118"
"weibo-112726","0","才换了一个月的手机屏幕今天又被我摔碎了[泪]外带加把咖啡店一口还没喝的冰咖啡也打碎了[泪][泪][泪]今天不宜出行！！哼！！ 我在:http://t.cn/zTmf7nR","train","112726","weibo-112726"
"weibo-86125","0","#Note3星粉达人秀#谁知道这个小家伙哪里能买到？淘宝么？买一个回家照着画～这样想着画实在有困难啊……[泪]@三星手机促销官方微博","train","86125","weibo-86125"
"weibo-105514","0","休闲璐带我们去了曼谷的草泥马餐厅！[晕]第一次见到真的草泥马！又呆又萌！话说这只草泥马特别喜欢我，一直盯着我看来看去！[可爱] @休闲璐","train","105514","weibo-105514"
"weibo-73066","0","话说叶三世的面首们，还是倒拿钱给她用的，嫉妒羡慕恨啊有木有//@秦洪的蜗居：欠债还钱，天经地义。后来，改为用别的方式偿还，也勉强可以接受。 //@胡浩:成面首了[怒] 打牌不如人啊","train","73066","weibo-73066"
"weibo-99089","0","有钱人？[怒]骗鬼啊！ //@冷笑话精选:厌恶人类？！[生病]","train","99089","weibo-99089"
"weibo-105686","0","罚酒 //@杨云飞cloudyyang: 我看成胯下一美人，我错了，自己面壁去了[泪]//@黄四维: 白兄好情怀！//@钟表游: 是啊，铸客到手特别应现在的秋色。秋风吹秋叶飞，再有胯下一骑和怀中美人，夫复何求？@顾江兄，可记得？//@黄四维: 配秋叶真入境～","train","105686","weibo-105686"
"weibo-76490","0","两个快要饿死的女人[衰][衰][衰] 无聊到极致就是学九零后玩儿自拍[闭嘴][闭嘴] #美颜相机iPhone版#分享图片","train","76490","weibo-76490"
"weibo-74994","0","哭泣的骆驼，请给动物一点休息的空间[泪]","train","74994","weibo-74994"
"weibo-102017","0","清华美院美术馆！ //@有个王老头:在清华哪里呢？//@韩湛宁:它暂时走不了，要滞留一段时间[泪]//@深圳尚书吧: 恳请抱回来在尚书吧展出。//@韩湛宁: 回复@兜兜颐:此书在清华大学展览，明儿结束~~","train","102017","weibo-102017"
"weibo-104825","0","这个？有科学依据吗？咋总觉得不太靠谱。//@格子韵凝：关爱自己，少喝酒！ //@语歆可可: @copding 太可怕 // @刘波___ ：：喝酒脸红的人伤不起啊![抓狂]","train","104825","weibo-104825"
"weibo-64262","0","累了？一团小肉肉。[偷笑] @迷恋悠璐的燕子 那个眼神哦！[抓狂]","train","64262","weibo-64262"
"weibo-77339","0","回复@78草草:今早不幸身亡了[衰] //@78草草:双目无神哇[衰]","train","77339","weibo-77339"
"weibo-79093","0","#禾行报道#筱禾看到刚刚下班回家的禾爸在吃她的草莓棒，就问爸爸为什么吃这个。禾爸装可怜，说爸爸饿了呀。本想讨同情的，没想到筱禾很严肃地说：＂饿了该吃饭呀，怎么能吃零食呢？＂禾爸一脸无辜?啊！[晕]","train","79093","weibo-79093"
"weibo-117396","0","我特别小特别小，刚刚长牙的时候，喜欢磨牙，特别喜欢咬父亲。母亲让父亲拍拍我，拍得疼了我自然就松口了，可是父亲不愿意，怕伤了我，于是父亲就让我那么咬着。[泪]这份爱，永远珍藏于心！[心] @懂自己的人 @晓龙1 @我的女儿叫男男","train","117396","weibo-117396"
"weibo-89388","0","堵到姥姥家了，困[晕] http://t.cn/zWPhJPs","train","89388","weibo-89388"
"weibo-76241","0","电脑360体检得了个0分，悲催~~~[泪]","train","76241","weibo-76241"
"weibo-61417","0","50公里开了3个小时！开车比今天拓展还累。[泪]","train","61417","weibo-61417"
"weibo-64109","0","额……真不是臭美，别的鞋穿不进去[晕]","train","64109","weibo-64109"
"weibo-76350","0","#AYANA资讯#大家知道吗，我们这次拯救小海龟的行动意义特殊哦~[疑问] 因为在巴厘岛，海龟肉向来被做成烤肉，同时又是印尼非法海龟交易的中心，[抓狂] 但是如今越来越多的基金组织正努力保护这些海龟免受伤害，所以我们每个人都是生态保护的一份子哦。[兔子]","train","76350","weibo-76350"
"weibo-87215","0","@子馨馨小盆友 有个?丝舅舅，所以她也在咖啡馆里吃炒饼……[悲伤] 可怎么办，可怎么办……@维尼1972的天涯 @爱在蔓延ai亦泷 我在:http://t.cn/zjasPOa","train","87215","weibo-87215"
"weibo-112520","0","家里电视欠费停播了，偶想看快女[泪]","train","112520","weibo-112520"
"weibo-106194","0","有一条是：道德约束降低？！[生病] //@紫鬼鬼:[泪]//@深蓝的深深蓝的蓝: 转发微博","train","106194","weibo-106194"
"weibo-80950","0","去市场买菜，桔子已经下来了，有黄有绿。买了几斤黄绿相间的，因为卖菜的说了，这样的是自然生长的，很多黄澄澄的，用硫磺熏过。[黑线][晕]","train","80950","weibo-80950"
"weibo-60059","0","结束了连续20天的工作，为什么今天还是要这么早起[抓狂]嗓子啊你可真识相，知道今天不用说话了，就肿起来了[衰]好吧…还是开心的，知足长乐[呵呵]","train","60059","weibo-60059"
"weibo-67957","0","真维斯楼考试归来[衰]不管怎样 考试噩梦暂时结束[酷]","train","67957","weibo-67957"
"weibo-89843","0","睡眠不好[抓狂]，六点不到就醒了，在床上干掉一大碗草莓，好吃@宗丽君_beijing","train","89843","weibo-89843"
"weibo-97342","0","[怒][最差][鄙视] //@Melpomene_Ohara:回覆@哈戳戳:自?那天小小跟我打了??之後，我?在看倒你就想笑，哈哈哈！ //@哈戳戳:回复@Melpomene_Ohara:小?！ //@哈戳戳:崽?，?次算你有?地。[赞] //@镜享人生-重庆:我认为哈锅今天很有自制力，好样的、希望保持下去哈","train","97342","weibo-97342"
"weibo-109908","0","吃过了？ //@谭笑有鸿儒:吃了就萎了。。。。[衰]//@谭暑?: 植物伟哥[拳头]","train","109908","weibo-109908"
"weibo-110287","0","haollee烘焙课堂新教室[lxhx笑]//@haollee: 回复@孙嘉21:欢迎来北京吧，我应经有过好几位上海的同学们了。 //@孙嘉21:上海西点学校的烘焙课堂都跟黑作坊似的，这种才是真正的烘焙课堂！啥时可以在上海开办啊......欲学无门[泪]","train","110287","weibo-110287"
"weibo-100131","0","我一定会回来的~~~！[泪]","train","100131","weibo-100131"
"weibo-98293","0","不听话，摔死你！[泪][哼][哼][晕]//@季洋_鼠尾草:吓尿了！！！！","train","98293","weibo-98293"
"weibo-77653","0","//@倾听底层:为什么删贴？非法失踪还不让人说[怒]//@于飞云上: 放人!!![话筒] //@孟恕华:@于飞云上","train","77653","weibo-77653"
"weibo-106151","0","这两天睡多了。。。肿么办[晕][月亮][围脖][手套][雪][雪人][温暖帽子]","train","106151","weibo-106151"
"weibo-101814","0","[怒]//@哈尔滨刘丽流浪小动物救助站: 打帮忙//@Miss打酱油:求解救@同学大蒜吐你一口大粘痰 @东北网 @动物求助SOS @行动亚洲动物保护团队 @冰城流浪小动物关注者 @哈尔滨市小动物保护协会 @哈尔滨刘丽流浪小动物救助站","train","101814","weibo-101814"
"weibo-97717","0","谁说我的上班时间错过早高峰了?!!!祝我早日挤上地铁。。。@金碧辉煌姚小六 @桃子的妈咪娜娜 [泪][泪][泪]","train","97717","weibo-97717"
"weibo-105576","0","都好好切磋！啥时候？//@Ringo王小生:我回去也要和你切磋[晕][爱你]","train","105576","weibo-105576"
"weibo-93850","0","一直拒绝牛奶只喝豆浆的我，只好默默转发吧[泪] [泪] [泪] 这年头人们为了钱已经没有了底线了，还有什么能让人放心啊？身为一个天朝子民真是自豪啊[泪] [泪] [泪]","train","93850","weibo-93850"
"weibo-83844","0","额。。。缩略图怎么是我。。。。[衰]","train","83844","weibo-83844"
"weibo-82133","0","还记得当初大明湖畔，飞鱼问我们上海话XXXXXXXXX怎么说。。。//@??姝晴Laura: 你们家欢乐多~我该后悔么。。。//@正派宅人-肯: 八妹啊 这本来就是文艺贴 这怎么就扯上王八去了……//@CQYaCQY: 什么王八？我咋不记得了…[晕]//","train","82133","weibo-82133"
"weibo-96190","0","回覆@cindy王婷婷:[酷] 嗯嗯 //@cindy王婷婷:回复@Invincible蔡蔡:好吧，我看看我哪天有时间[做鬼脸]！哈哈哈~ //@Invincible蔡蔡:回覆@cindy王婷婷:走,?假,一起去!去哪我都陪!!!到你?意?止!![酷] //@cindy王婷婷:[怒骂] //@Invincible蔡蔡:回覆@cindy王婷婷:[可?] 是你自己不去的!!","train","96190","weibo-96190"
"weibo-101463","0","[泪]为什么会变这样。。。 //@Adrin丁壮:团队作战.....","train","101463","weibo-101463"
"weibo-90958","0","一口气练了41个俯卧撑，没想到还是这个结果，靠！[抓狂]","train","90958","weibo-90958"
"weibo-92657","0","[思考]//@Kattysi:[衰]","train","92657","weibo-92657"
"weibo-94836","0","[抓狂][汗]","train","94836","weibo-94836"
"weibo-67554","0","寒食节！先人的义和德去哪里才能找回来？！[泪][泪]","train","67554","weibo-67554"
"weibo-70954","0","You got it. the same to me[泪]","train","70954","weibo-70954"
"weibo-115857","0","[失望] //@莉莉在这里:星座排行的作者[奥特曼] //@全球经典音乐:你们还相信星座吗？","train","115857","weibo-115857"
"weibo-108356","0","哈哈太搞了 //@厉小V:哈哈 //@经典英文语录:当时我就泪奔了..[泪]","train","108356","weibo-108356"
"weibo-118352","0","“阿爷无大儿，木兰无长兄。”对，正因为木兰没长胸所以才能替爷出征[晕]","train","118352","weibo-118352"
"weibo-92781","0","#朝鲜少年神演唱# 就是四十年前的我们的爹妈呀[衰] 详情:http://t.cn/zYa4k38","train","92781","weibo-92781"
"weibo-92195","0","哈哈//@相声王彤：[抓狂]//@修庆粉丝团:[衰]","train","92195","weibo-92195"
"weibo-111961","0","发小昆哥的孩子快三岁了。我说”我家小孩只有一个多月，但需求很高啊，[悲伤]坐在沙发那抱着不行，还得抱起来溜达才不哭不闹，好累呀。”昆哥说，“你这不算啥！我小孩半岁那会儿需求更高，夜里不睡觉，我得抱着孩子满屋跑，还要颠得起来，孩子才不哭。”“这……”","train","111961","weibo-111961"
"weibo-62543","0","[泪]这么吃早点真伤不起…","train","62543","weibo-62543"
"weibo-72149","0","一个刚把光圈，iso 曝光补偿 搞明白滴人，哪里抢的到你的风头，你是加师级别的，主要是风景太美啦。。//@黑摄会被抢注: 这是摄影菜鸟拍的照片？完全是抢我风头嘛！[抓狂][抓狂][抓狂]","train","72149","weibo-72149"
"weibo-113708","0","我在这里:#肯德基 KFC (双井店)#饿的我跟什么似的！纠结，肯德基还是呷?。。。义无反顾的选择了肯德基[晕]差点饿的休克。。。[怒骂][怒骂][怒骂]点了好多鸡翅，鳕鱼条。。。[偷笑]让我尽情的肥吧！ http://t.cn/zOzf6dY","train","113708","weibo-113708"
"weibo-103594","0","我觉得这个鞋子买回来真的成了摆设~~太高~穿着根本没法走！桑心！[泪]","train","103594","weibo-103594"
"weibo-73466","0","哈批，豆只为绝你狗日的一句[怒]","train","73466","weibo-73466"
"weibo-102290","0","[怒][怒][怒]真实的故事比电视剧还吓人的故事！","train","102290","weibo-102290"
"weibo-90494","0","早上喜奥畅说可以开发狗屎咖灰 //@Renee小九:太贵了，大象产量那么高，竟然比猫的贵，泡沫！！ //@陈啸天太能熬夜了: 人 的什么时候上市......//@高春辉: 随时受不了。。。[泪]//@巩华伟blog:转发微博","train","90494","weibo-90494"
"weibo-82232","0","来拍戏啦，好像是个30集电视剧，给李老师捧个场，我来了李老师却走了，候场好无聊啊@李丹翼辣妈 ……[威武][围观][泪]","train","82232","weibo-82232"
"weibo-82073","0","必须死。不杀不足以平民愤！ //@汤来顺: 虽有自首情节，但毕竟是杀人行为，罪当死刑吧 //@王志强-人车:心痛的消息…………[泪]","train","82073","weibo-82073"
"weibo-112357","0","色眼眯眯修理工[衰][衰][衰]","train","112357","weibo-112357"
"weibo-114306","0","落汤鸡一个。[泪]浑身上透心凉，冰冰凉，都能拧出水了。北京大暴雨。","train","114306","weibo-114306"
"weibo-110983","0","看完短片听@王筝 《爸爸》http://t.cn/hacA6 //@魏小刀:1/4 //@高帅富英俊:没到一半 //@漫画趣味多:看到一半我就哭出来了[泪]感动！","train","110983","weibo-110983"
"weibo-88700","0","高低眉亮了[鼓掌]//@爱奇艺: 高低眉亮了[偷笑] //@演员王宁: 貌似我两只眼睛可以分别表达不同的情绪[晕]","train","88700","weibo-88700"
"weibo-101353","0","霞女，我的3S一直都在安全模式。还要找你们再搞搞。[泪]","train","101353","weibo-101353"
"weibo-100968","0","【今日微信】#家宴#今晚19:30 大米欲撮合周路和果果，豆子决定与萌萌结婚[吃惊]健康小知识：10个耸人听闻的健康信号[衰]欢迎添加广东卫视官方微信获取详细资讯。tips：扫描二维码或搜【广东卫视】即可。","train","100968","weibo-100968"
"weibo-117493","0","只有母爱是无私的[泪][心]","train","117493","weibo-117493"
"weibo-92429","0","上帝心碎了…… //@白凯南:[衰] //@当时我震惊了:[吃惊]","train","92429","weibo-92429"
"weibo-66933","0","昨天晚上梦见蛇了，而且被蛇咬了～好可怕～[泪]","train","66933","weibo-66933"
"weibo-84015","0","[悲伤] //@途牛旅游网:感冒后该做的9件事","train","84015","weibo-84015"
"weibo-78717","0","墨西哥在下雨.....Chichén Itzá一脚泥[泪]","train","78717","weibo-78717"
"weibo-96735","0","[泪][泪][泪] //@云水禅心看世界:转发微博","train","96735","weibo-96735"
"weibo-79959","0","我好怕啊[泪][泪][泪]","train","79959","weibo-79959"
"weibo-95696","0","踏进去前，要看清楚。[衰]","train","95696","weibo-95696"
"weibo-85977","0","马戏表演不只在中国有，是人类主宰地球的病态表现。//@流落一瞬: //@Little13D: 在座笑着看戏的都是凶手? [泪] //@PETA亚洲善待动物组织: 这不是什么“意外”：动物被迫在充满压力的情况下被囚禁、做出在大自然中绝不会做出的“表演”。上海野生动物园，你们应该为发生这样的事件感到羞耻","train","85977","weibo-85977"
"weibo-112661","0","I can share comments but I cant reply (回复) comments at all.[泪] Oh my god.[生病] Is weibo in a trouble? Ill access and try tomorrow.[赞]","train","112661","weibo-112661"
"weibo-93370","0","为虾米没有户口本？还有不是护照就好了吗 //@凡儿格格:今天还说到五一去泰国自由行，没有户口本的日子真心不好过[泪]//@请叫我money哥: @堇紫苏 假如不去浦东就可以泰国自由行了[抓狂]心动","train","93370","weibo-93370"
"weibo-94920","0","告诉你为什么说生活在资本主义社会里就如同生活在水深火热之中[偷笑]：美国凤凰城，全天气温，摄氏31至48度。白天平均气温：47度[抓狂]。不过嘛！[思考]这和新疆的火焰山那边比起来，顶多也就打打平手。","train","94920","weibo-94920"
"weibo-78646","0","刚准备睡了。。。。又被李云迪的微信萌哭了。。。。。真的可以去SHI一SHI了。。。。[泪]这是我这辈子听过的最感动的《春天在哪里》好么。。。。果断设为铃声！！！","train","78646","weibo-78646"
"weibo-66394","0","「主君的太阳」第六集里被安乐的狗狗也太可怜了吧？看完都是泪啊！[泪][泪][泪]","train","66394","weibo-66394"
"weibo-104013","0","#蕾女# 觉得把最珍贵的品格保留下来是需要勇气的，而想要时刻保持这样的勇气更需要的强大的内心。当我们学会圆滑的那一瞬间你丢了什么只有你自己知道...可我们又不得不学会圆滑，所以我们只能用圆滑的方式表达勇气！[泪]","train","104013","weibo-104013"
"weibo-98279","0","揩台布出发，好久没7点起床，困[晕]","train","98279","weibo-98279"
"weibo-96559","0","回复@敲不死-:敲兄，你太友善了。要不要平壤户口？//@敲不死-:最右，请不要把自己国家的垃圾扔到友国去！[怒]//@无V崔圆圆:请问：这两位属阳性吗？ //@禅茶一味zld:朝鲜的寡妇越来越多，我看把司马南、孔庆东他们几个送去连姻挺不错的。","train","96559","weibo-96559"
"weibo-84771","0","上海九支烟[怒]//@ChinaVenture投中集团:@史玉柱 ：做空气生意的远大老总张跃随身带2个空气检测仪，里面有他去过城市的空气污染记录，换算成吸1天该城市空气相当于1天吸多少支高焦油香烟，记录如下：丽江1，北京21，广州25，上海9，南京9，长沙13，成都12，武汉13。在北京待1天相当于抽21支香烟，","train","84771","weibo-84771"
"weibo-97695","0","回复@可乐好:不服？不服咱广院操场上练练……来不？[哈哈] //@可乐好:回复@刘钢涛:你。。。你。。。。[泪] //@可乐好:军训教官还要化妆？ //@刘钢涛:转发微博","train","97695","weibo-97695"
"weibo-110398","0","[蜡烛] 愤怒的是，既然知道六十年不遇，你们让人民群众提前做好面对“六十年不遇”的大灾的准备了吗？！//@王煜全:默哀！[蜡烛][蜡烛][蜡烛] //@李学鹏:[蜡烛] //@术术:[泪]","train","110398","weibo-110398"
"weibo-104326","0","今天的宜家，晕[晕]","train","104326","weibo-104326"
"weibo-73414","0","回复@法图麦的妈妈:辛苦了！哈老师！不要哭了，擦干眼泪。眼前的饺子秀色可餐啊！您不吃，我来吃了。 //@法图麦的妈妈:回复@郝靖之:[泪]","train","73414","weibo-73414"
"weibo-94758","0","@鬼人米 我去 好牛好手一枚[闭嘴][疑问][泪]","train","94758","weibo-94758"
"weibo-81736","0","?不见，?无心[衰] //@蓝梦莹子: @杨2婕娜姆 @于靖_ @王守常 @太原国宏 @三智庄主 @从容中道 @黄庄老王 @黑云都 @Opera2724515615 @琴岛白鹭 @三智王荣 @优品杂志 @中国式管理语录-曾仕强","train","81736","weibo-81736"
"weibo-105566","0","今怎么那么热啊[抓狂] [抓狂] [抓狂]","train","105566","weibo-105566"
"weibo-79744","0","//@实用小百科:同感！[失望]","train","79744","weibo-79744"
"weibo-105925","0","大街小巷滴烤烤烤，沈阳滴特色，片子拍滴馋人，但不敢吃啊，没口福[泪]//@简单好: 老雪配烤串儿，仲夏最沈阳！@新浪美食 @辽宁美食 @探馆子 @美食推 @美食爆料圈网 @沈阳网","train","105925","weibo-105925"
"weibo-85878","0","三四个门外汉教一个小学生书法。[晕]","train","85878","weibo-85878"
"weibo-109628","0","我们还幸存已真不容易了 //@GG走天下: //@我是晓春: 真有不少常用药哎，唉……不知道说什么，吃药本就三分毒，现在还毒上加毒……这是在玩幸存者游戏么！源头还是体制。////@夏磊Leon: 大家注意～～点开大图，这些药厂的产品通通不要再买了～～[怒]","train","109628","weibo-109628"
"weibo-87294","0","[衰]【新闻】今天晚上8:30分左右，从北京开往福州的动车D301行驶在浙江温州段时（温福铁路线）与对面行驶的另一列车相撞，导致1、2、3列车厢侧翻到桥下，毁坏严重。 祈祷！！！@邓天卓 担心的事发生了。","train","87294","weibo-87294"
"weibo-63412","0","[晕][晕] //@Koalayip: 果真很密集//@HighlandRanger: [晕][汗]","train","63412","weibo-63412"
"weibo-63398","0","[怒][怒][怒]//@中国微刊:[怒]","train","63398","weibo-63398"
"weibo-94289","0","[怒]丧尽天良//@孟庆德: //@朱又可: //@薛蛮子:可耻啊","train","94289","weibo-94289"
"weibo-100826","0","所以江苏卫视的综艺节目＜一站到底＞是来黑清华大学的吗？一个自称校花的清华胖妹竟然不知@郑渊洁 ，一个号称汽车设计师的清华帅哥竟然不知兵马俑在陕西被发现。[衰]","train","100826","weibo-100826"
"weibo-79328","0","差不多可以计划来乌镇了！ //@大静儿的一亩三分地:好想念呢[悲伤] //@乌镇刀哥:必须的 //@布鲁寺:奶茶…","train","79328","weibo-79328"
"weibo-84333","0","回复@梁安安ANNY:没有青菜，没有青菜[抓狂][抓狂][抓狂]上个羊肉，上个鸭胸，我们都吃不下，把人家大厨都急出来，问怎么啦？都不好吃吗[偷笑][偷笑]什么是中国胃，现在知道鸟[酷] //@梁安安ANNY:有广告贴之嫌！亲爱的，你怎么了？袋鼠国的野唔岩胃口？","train","84333","weibo-84333"
"weibo-79089","0","嗯哼，说好的18点呢[晕][晕][晕]越发不靠谱的迟到。[汗][汗][汗]","train","79089","weibo-79089"
"weibo-113367","0","这图早就辟谣了，鄙视不负责任的行为 //@唐玮0925:[衰]//@张男_Nancy: 这要是真的，真心劝您一句：别干啦行吗？去屎吧您[鄙视]","train","113367","weibo-113367"
"weibo-102969","0","[泪]//@全球潮流时尚榜: 有些爱从来没说出口过，但从未离开。[心]","train","102969","weibo-102969"
"weibo-68688","0","我吃了半个月前放冰箱的酱牛肉，不会闹肚子吧？！？[抓狂]","train","68688","weibo-68688"
"weibo-112027","0","4920万！？这个【实验】有经过审批吗？这样的项目有人需要负责任吗？审计部门有对项目进行审计考核吗？真实投入费用应该还不到1920万吧！说句实验失败就没事啦？？？？！！！！[怒]","train","112027","weibo-112027"
"weibo-115121","0","4条违章了[抓狂][抓狂]","train","115121","weibo-115121"
"weibo-86232","0","中午被同事妹妹带来吃路边摊…我的炸酱面五块…加了两块钱丸子一共七块…她的汤面才四块钱…凌乱啊啊啊啊啊啊啊啊啊啊啊[衰]…味道还可以耶…真的！！","train","86232","weibo-86232"
"weibo-103708","0","醉归[泪][泪][泪]//@艺术系女流氓:夜越深，越想对某个人，说：我想你了，晚安~@写给2012的情书","train","103708","weibo-103708"
"weibo-90207","0","全北京向你们致敬！！！！好人平安//@左小祖咒: [赞][心]//@刘2芳: [泪]","train","90207","weibo-90207"
"weibo-63736","0","回复@巴先森:保重了 //@巴先森:只是刚回来，本来牙齿痛吃这个刚好，只能下次去了? //@巴先森:???没早D看到 //@KC?味??: 以欣??的??在?面也大把??是真的，如富?及名人坊也比??好。 //@OL醉??房:一口已要近百元阿[晕]","train","63736","weibo-63736"
"weibo-82022","0","没有我的Par你们够High的呀！ //@幽幽的seven: 凶手就是你！害我三点多回家还要洗头发洗澡，今天还要送衣服去干洗[衰][衰]","train","82022","weibo-82022"
"weibo-106881","0","我说我最近牙疼好些了呢[泪]奶奶的！//@老沉: 转发微博","train","106881","weibo-106881"
"weibo-89001","0","[怒]每天早上电脑都开不开机，当我是台式机小斗士啊~早！","train","89001","weibo-89001"
"weibo-92356","0","珍爱生命，远离女司机[衰][衰]","train","92356","weibo-92356"
"weibo-85523","0","耳朵什么都戴不了[泪]金子的又能怎样，~~~~(>_<)~~~~本人[泪]闲置两个耳朵眼儿","train","85523","weibo-85523"
"weibo-98768","0","牙疼。。[晕]","train","98768","weibo-98768"
"weibo-60470","0","Salsa舞最大的魅力就是可以释放身体的热情，它可以让更多普通人享受那份畅快。[晕]不过，要到什么时候才能跳得象姣老师那么滴好哦","train","60470","weibo-60470"
"weibo-79118","0","文字恰当，表情丰富，可当范文 //@黄?膊:嘿嘿，谦虚呐，这语言用得老练呢！ //@怀旧岁月w:[泪]感动啊！泪旧呐！笨人不给力，缘于文字功底太差，还木有幽默感[汗]黄老师，这厢有礼了[害羞]以后还请多多提携[握手]","train","79118","weibo-79118"
"weibo-90366","0","今天被子晒的阳光不足，想喷点香水好闻一些。结果...空气机从正常的蓝色指示灯变成了有污染的红色。[晕]香水有毒是不假呀，反正平时也不用[熊猫]","train","90366","weibo-90366"
"weibo-68606","0","受不了了，各种蒜[吐]，要我怎么跟你算？@summerisummer [生病][泪]","train","68606","weibo-68606"
"weibo-90483","0","介神马车？[晕]","train","90483","weibo-90483"
"weibo-110084","0","终于体会到什么叫呼吸的痛[泪]","train","110084","weibo-110084"
"weibo-104381","0","PPT啊！[泪]","train","104381","weibo-104381"
"weibo-113852","0","[馋嘴] //@白大省:异工同曲。@郭小晓 @默三儿 // @笑芒 :不转不大合适。//@-黑云压城城欲摧-: 逝者如斯夫，不舍昼夜[泪]","train","113852","weibo-113852"
"weibo-91851","0","[泪][泪][泪][泪]从此咱俩就是过命的姐们儿了","train","91851","weibo-91851"
"weibo-114145","0","结果我相信了！好笑吧[泪]","train","114145","weibo-114145"
"weibo-82596","0","原来苹果的插座如果有个绿色的原点标示就表示非原装！所以是我的牛排是原装的，5不是原装的！！[泪][泪][泪] 我在:http://t.cn/z8oLRix","train","82596","weibo-82596"
"weibo-108874","0","一幅幅憾人心灵的画卷！//@经典丶微小说: 人间自有真情在，很感动。[泪]","train","108874","weibo-108874"
"weibo-109871","0","晕，今路过total道达尔，看见写着便宜3毛，毫不犹豫：加满！[晕] //@穷游老聃:很简单，当损失不可避免的时候，思索如何把损失降到最低。加油少加点，够用3天就行[笑哈哈] //@酒色财气运: 一点油都没了，忍不了啊，今天少加点吧@健美猴","train","109871","weibo-109871"
"weibo-78079","0","做些事情，没有什么，还被人说。桑心[伤心]","train","78079","weibo-78079"
"weibo-118409","0","要不是老莫吃得不舒服，刚应该去看看彩排才对…[失望]","train","118409","weibo-118409"
"weibo-107249","0","2012 茅台北冬虫夏草酒发布会中[耶]最近太忙，一小时的睡眠，喝了4杯咖啡，两首歌下来虚汗直淌，但还是要保持微笑[晕][拳头][心]","train","107249","weibo-107249"
"weibo-111080","0","我突然很想吃田螺大叔家的炒田螺…大姨家的拌菜…东食堂的拉面…清真的油盐饼……………[泪][泪][泪][馋嘴]","train","111080","weibo-111080"
"weibo-116239","0","此时此刻，我想给我认识的所有的马鞍山朋友打个电话。告诉你们，我还在为了你们马鞍山的招商事业而努力奋斗[泪]@菟殿天下 @沈太玲","train","116239","weibo-116239"
"weibo-115699","0","一个人在外边吃饭，被雨给隔住啦[衰]","train","115699","weibo-115699"
"weibo-86424","0","他们都是穿一条裤子的[怒]//@邢元:说得好~//@李开复:1）12306本身为何投资数亿还，多次承诺，但还不做好，导致这个问题？2）12306为何不自己用技术手段解决，要诉诸工信部？3）互联网不是法外之地，插件犯了什么法律法规？4）如果每个部委都可以随时”叫停“插件软件，以后互联网如何发展？谁敢投资？","train","86424","weibo-86424"
"weibo-92574","0","炒股比离婚还惨[偷笑] //@刘建辉jh:满口荒唐言，流不尽辛酸泪。[泪]//@英才贾宁:哈哈哈哈哈，这个是智慧之言啊//@菲菲331: @修炼一辈子","train","92574","weibo-92574"
"weibo-103031","0","动力啊 //@郭小懒:[泪][泪][泪]励志啊啊啊","train","103031","weibo-103031"
"weibo-76119","0","//@行者的梦: 回复 @小淼的菜:哎，奸臣当道，百姓民不聊生！唯有隐居山林，眼不见为净！[泪][泪][泪] //@小淼的菜:黯然惆怅嘛","train","76119","weibo-76119"
"weibo-79417","0","刚看完大师斯皮尔伯格的＜战马＞，哭得不行了[泪]太看不得这种动物的影片了[委屈]","train","79417","weibo-79417"
"weibo-112323","0","都是为了帮@_卖姑娘的小火柴__ 办事啊[泪]","train","112323","weibo-112323"
"weibo-72197","0","虽说考完试了，但每天还是忙得不得了 ?。。。还有dossier 要交 [泪] 我要去旅游团，去荷兰看花海！[飞机]@巨ta","train","72197","weibo-72197"
"weibo-86440","0","每次看别人指弹的视频就想要自杀~喂猫别人谈得那么好~~~[泪]","train","86440","weibo-86440"
"weibo-118519","0","[抓狂][抓狂][抓狂]＂浓汤水库鱼嘴＂与其湿吻的时候，随了滑就是鲜！#深夜发吃报复社会# @新浪广东美食","train","118519","weibo-118519"
"weibo-66930","0","@重口胃肌肉男 哥，如何练成这种胸型啊？！[泪][泪][泪]//@AnnaEnna:@狐狸汪汪 [花心][花心]","train","66930","weibo-66930"
"weibo-77975","0","和小博女看剧，看着看着：俺说，不行，我又要哭了，小博女抓狂地说，这还没怎么样呢，有什么好哭的呀，额，那俺先酝酿一下眼泪不行么[思考]。时间长了，俺们俩一看剧，但凡到一些相关情节小博女就得观察俺有没有掉泪，以此为乐，还向她爸汇报，俩人一起笑话俺[泪]","train","77975","weibo-77975"
"weibo-81869","0","回复@小媛_Say:在四川，很值得去看看的地方！ //@小媛_Say:太漂亮了！还没去过[泪]","train","81869","weibo-81869"
"weibo-78939","0","常思思荣获#第八届金钟奖#民族唱法金奖！ 这是业内最高奖阿 @有位大先生 ： 分享一个令人没法淡定的好消息@萝卜丝中心 @苏雨农 //思思的状态更像是在表演,hold住全场@常思思粉丝官方微博: [抓狂][兔子][兔子]太棒了[赞][赞][赞]","train","78939","weibo-78939"
"weibo-66515","0","陪完小朋友嗨疯后，再伏案准备明早开会资料，就象玩了一暑假后在最后一夜狂补作业一样的~~刺激~~[汗][泪]","train","66515","weibo-66515"
"weibo-117570","0","刚才在办公室跑，地上有水，摔了一觉。不知这一摔怎么用的力，大腿前面的肌肉剧烈疼痛，疼的我面色苍白，直肝颤！请问气温和人的智商有明显关系么~我疼~[泪][泪][泪][伤心][伤心][伤心]","train","117570","weibo-117570"
"weibo-90189","0","//@张攀CR7:[蜡烛] //@天津江米小枣:来过……[泪]//@医院那点事://@急救医生贾大成: 要尽力减轻他的痛苦。更重要的是，亲人要始终陪伴他，让他感受亲情......我们都为他祈福！","train","90189","weibo-90189"
"weibo-71441","0","我笑翻了，哈哈哈@_卖姑娘的小火柴__ @大飞飞2010 @乔静心 @玄天术 @AnnaEnna @RaymondTimeCafe //@benyork小鑫: [笑哈哈][笑哈哈][笑哈哈]太欢乐了！//@杨宅宅55: @benyork小鑫 [晕]","train","71441","weibo-71441"
"weibo-103066","0","真是要逆天啊！手术改过？//@谷_多: //@PetalShen: //@风凉话小王子: 比一比吓一跳//@大胖猫喵喵喵: //@微群小助手: 瞬间凌乱了。。。[衰]","train","103066","weibo-103066"
"weibo-109863","0","万能的微博，求来几个杀人游戏的[泪]好不容易休息一天，来几个人吧[泪]","train","109863","weibo-109863"
"weibo-104130","0","我不能理解的是，为什么全城戒备准备高考，确不能让一个迟到几分钟的考生考试，不能为人类理解的人性[衰]//@香草的海:很多时候自己都不能左右自己的未来，为何归结于高考","train","104130","weibo-104130"
"weibo-97818","0","中枪[泪]但无悔改","train","97818","weibo-97818"
"weibo-103422","0","看到绝望主妇17集，Mike突然离世，让人很感慨，珍惜身边人。I love u once,I love u twice，I love u more than beans and rice...[泪]@mia327 @我是Selina猫眼 @翟猫猫 @张熙 @最爱魏莱 @邹小萌爱卖萌 @砚兰兰好想出去玩","train","103422","weibo-103422"
"weibo-77243","0","居然是4AD旗下，听前奏就是最近心情写照[泪] //@V老侃:太特么好听了~16年后的新专辑~[泪] @二胖高","train","77243","weibo-77243"
"weibo-73730","0","我正在传高清的片子回北京。。。。。我都熬了好几宿了。。。。[泪]","train","73730","weibo-73730"
"weibo-85706","0","老乡，你居然微博搜索关注我。你这身份好恐惧，还以为要抓我呢[哈哈][泪]","train","85706","weibo-85706"
"weibo-69357","0","想骂人了[抓狂][抓狂][抓狂] //@王世-超人会装修:[弱]","train","69357","weibo-69357"
"weibo-84160","0","要伤我了。。。。。。[衰]","train","84160","weibo-84160"
"weibo-62787","0","我发现，每次从钱包里拿出一张大钞。然后就。。。[泪]","train","62787","weibo-62787"
"weibo-76957","0","[哈哈][哈哈][哈哈][哈哈] //@张嘉佳:[泪]","train","76957","weibo-76957"
"weibo-116706","0","法国作家维克多雨果都说了：两个强盗进入了圆明园抢劫。人家没说过八个强盗！ //@夏宫的刘阳: 如果用百度搜一下＂八国联军烧圆明园＂，有几十万条。其中不乏阎崇年这类的学者和很多学术官网。而真的＂英法联军烧圆明园＂才几万条。[泪]","train","116706","weibo-116706"
"weibo-116460","0","整理旧杂志，女儿赶紧告诉我，千万别把她新买的《昕薇》杂志处理了，不敢相信自己的耳朵，又问了一遍杂志名称，说这也不适合你看哪。答：妈妈，我都多大了，必须得多关注时尚动向了！[抓狂]这让压根儿就不知时尚为何物的我，她的母亲，情何以堪？","train","116460","weibo-116460"
"weibo-68770","0","[泪]//@歌手李志洲: [伤心][蜡烛]//@安琥:这是今天听到的最难过的消息[泪]","train","68770","weibo-68770"
"weibo-98637","0","@海洋国旅-自游海洋@海岛智囊团//@松鼠渴望正能量:离开前搬去那的四天~打开窗帘便是大海，坐在阳台吃着泡面看日落，还有海滩旁的shout！太幸福了！还有还有blue bay的snorkeling~一晃半年多了[泪]","train","98637","weibo-98637"
"weibo-64019","0","哇，@披着白羊的天蝎dhaw 咱俩数一数二呀！可惜是倒数的[偷笑] //@曹宇立在上戏:[晕]","train","64019","weibo-64019"
"weibo-79730","0","给文章起名字太难了 …………………………………………[生病][?][衰]","train","79730","weibo-79730"
"weibo-93333","0","//@雨中坏乖乖: [伤心]//@成都电台罗蓉: 转发微博。","train","93333","weibo-93333"
"weibo-74367","0","//@机场大郭: 中枪！[泪] //@小猫宝宝: [哈哈][哈哈]","train","74367","weibo-74367"
"weibo-110666","0","好想开车压过去[泪][泪][泪][泪][泪] //@吃喝玩乐温哥华:谢谢消息！UBC被海淹了[泪]今天的暴雨和暴风警告请看：http://t.cn/zR7Rp4E","train","110666","weibo-110666"
"weibo-82634","0","[给力]//@孔二狗:回复@音乐洗涤心灵:[爱你][泪] //@音乐洗涤心灵:二狗哥满脸胡渣，一手叼支游泳烟，一手拿把大菜刀，刷刷刷刻下少喝两字，正看着少喝两字暗自下决心时，收到了@刘春 晚上喝两杯的短信，于是默默的又在少喝前面加上了不能两字","train","82634","weibo-82634"
"weibo-74769","0","我没有给北京的同志们争光，两天13：15~16：17输给了地主@奔放的小土豆s ，尼玛坑爹的主场优势。[晕][晕][晕][晕][晕]","train","74769","weibo-74769"
"weibo-66794","0","看来青岛也不好去了[悲伤]","train","66794","weibo-66794"
"weibo-75375","0","安外，你真是大门不出，二门不迈啊！ //@庞源BJ:我没去过！[失望] //@黄玺赫: [赞] //@小悠的北京私家游:@打字快手918 《甲方乙方》中阿依吐拉公主的宫殿――北京人定湖公园，在德胜门外。","train","75375","weibo-75375"
"weibo-116641","0","帝都雾里看花，广州没有雾只有花，好幸福[泪]","train","116641","weibo-116641"
"weibo-63615","0","老臧，你欠我一本书，《别了，北岛》[泪]","train","63615","weibo-63615"
"weibo-106361","0","终于为@粉妖怪 口中永远没型的头发剪了个型，短了，短了[泪]为了不叫它爆炸着，每天必须早起半小时打理它，心中忐忑着会不会有同事说是因为昨天晚上被雷劈了。 我在#东四十条# http://t.cn/zOg8Lqe","train","106361","weibo-106361"
"weibo-84150","0","太逗了！组织起来玩[哈哈] //@大胖V:[衰] //@杨林:@大狮子_冲 @徐多娜 @ISky-海 @一颗小南瓜 @高昂 改天咱们team那一百多对试试[哈哈][哈哈][哈哈] //@曼芊:太逗了，轻松过关，再练练争取交换场地也过关[嘻嘻]","train","84150","weibo-84150"
"weibo-78296","0","天哪！一碗最最便宜的方便面?到32了[晕][晕][晕]去年才23!","train","78296","weibo-78296"
"weibo-113707","0","?蛾症是什?病？小黑?真?人！散瞳不舒服[抓狂]","train","113707","weibo-113707"
"weibo-69093","0","[泪]//@广州第一: 4分钟了解中国的床上文化！！大开眼界！","train","69093","weibo-69093"
"weibo-104118","0","回复@久介:知音难寻呀[泪] //@久介:找到对的人不易[太阳]","train","104118","weibo-104118"
"weibo-90165","0","真的很毛骨悚然[衰]","train","90165","weibo-90165"
"weibo-86926","0","你们谁有胆子看[害羞] 看完告诉我害不害怕我再看[衰]","train","86926","weibo-86926"
"weibo-116242","0","//@黄茜: 命运是一条漫长的河流，我们人就如同水中的鱼，偶尔能跃出水面看看前路，却依然无法改变命运的走向，，，[泪]","train","116242","weibo-116242"
"weibo-103674","0","回复@獭木子:去了再去再去。//@獭木子:先生,看您的节目,让我真的很想念韩国!我还要回去[泪]//@蔡?:一向都不带的。//@-情忆草原-:看到很多用山药做的菜和点心都不带皮，所以请教一下。","train","103674","weibo-103674"
"weibo-65815","0","故意的，下班时间下雨[抓狂]","train","65815","weibo-65815"
"weibo-93615","0","我们好幸福呀。太幸福了！[泪]?","train","93615","weibo-93615"
"weibo-110920","0","费流量[衰]//@Cynthia_L_xena:费流量[衰]","train","110920","weibo-110920"
"weibo-112438","0","我去它大爷得！生存面前你他娘的讲尊严太他妈的可笑 //@徐昕:[泪] //@叶匡政: [泪]","train","112438","weibo-112438"
"weibo-60522","0","活得真累[泪]","train","60522","weibo-60522"
"weibo-93573","0","今天忍住不抽烟，早上起来喝了淡盐水并打算空腹一天，一会去健身房继续6000米，坚决突破减肥平台期[抓狂]","train","93573","weibo-93573"
"weibo-104565","0","到手七千多还真过不上什么富足的日子//@山上石:不让人活了，这社会。[泪][泪] //@盲眼观望:[泪]","train","104565","weibo-104565"
"weibo-118889","0","看到孙杨到达终点线的那刻我已经湿了眼眶，看到孙杨哭了我更是忍不下去了[泪][泪][泪][泪] 2金1银1铜，我爱死这个男人了！！！真不枉费我不睡觉看你啊[泪][泪][泪]","train","118889","weibo-118889"
"weibo-98671","0","[嘻嘻][酷] //@侯宁:善意提醒，感谢老孙[哈哈] //@嗨辣老孙: 保外就医能种十年橙子[吃惊][晕]，办理保外就医相关手续的相关人员你们赶紧跟老褚说说，低调，低调！再炒作要出事了！[偷笑]","train","98671","weibo-98671"
"weibo-112517","0","介打字员不一般![抓狂] //@钱美蓉:转发微博。","train","112517","weibo-112517"
"weibo-75658","0","[蜡烛][蜡烛][蜡烛][泪][泪]","train","75658","weibo-75658"
"weibo-69762","0","人间最悲催的事莫过于亲手毁掉了新鲜的食材……节哀。[泪][泪][泪]","train","69762","weibo-69762"
"weibo-105157","0","//@河北研究学者://@一秒钟一万个念头: //@胡紫微: 美国的文艺兵在哪儿 //@李文的智蹼:[抓狂]","train","105157","weibo-105157"
"weibo-104211","0","还好不是所有的牛奶都叫特仑苏 //@暂时空缺名字:还好不是所有的牛奶都叫特仑苏[怒]","train","104211","weibo-104211"
"weibo-117874","0","在西单大悦城港丽吃饭。想要个蜂蜜厚多士竟然售完了！白排队了！[泪][泪][泪][泪][泪]@coco萱萱 吃完回家家吧。[衰][抓狂][抓狂][抓狂] 我在这里: #西单大悦城# http://t.cn/SV9YIN","train","117874","weibo-117874"
"weibo-60542","0","//@_悲喜_:老歌返?，今天??太幸?，在?堡根本?有返?的[泪]但有??和歌手即??唱，?算?？@依兰Elan //@世界看见: @朱哲琴 返场曲目「阿姐鼓」。乐队即兴伴奏。千人合唱，六字真言声震上海。","train","60542","weibo-60542"
"weibo-86736","0","//@美女照我去运动: #炫腹比赛结束#好好的炫腹大赛成了励志帖了，真让人感动[泪]。第2天，@傻菇粮 你赢了，转发惊人！私信个地址，快递给你小奖品。","train","86736","weibo-86736"
"weibo-76534","0","我想钓鱼就像女人想去逛商场一样[泪]","train","76534","weibo-76534"
"weibo-107089","0","必须严查！[怒][怒][怒]","train","107089","weibo-107089"
"weibo-109728","0","可怜的乞丐又在为郭美美捐汽油钱???[泪] [衰] [失望] [可怜] [哼] //@Lucien_Wong：//@yanalex：转发微博。","train","109728","weibo-109728"
"weibo-102946","0","像这种下雪天，不用上班，不用上学，不用出门，家里有吃的喝的玩的，躲温暖的被窝里，看着微薄上的各种杯具。。幸福啊[泪]","train","102946","weibo-102946"
"weibo-98826","0","快给叶台送两副贵的。[泪] //@何盈heying:没事，叶台，回来我们送您一副金丝边的，更符合您的身份！","train","98826","weibo-98826"
"weibo-98703","0","回复@江小喵:[晕]六甲 //@江小喵:这身怀三甲的模样。。。","train","98703","weibo-98703"
"weibo-91509","0","亲戚家用的淘宝天猫盒子，我们看不了春晚，只能看《无人区》[泪]","train","91509","weibo-91509"
"weibo-70734","0","[左哼哼][馋嘴]馋死啊[泪]","train","70734","weibo-70734"
"weibo-74460","0","[抓狂]好凌乱...","train","74460","weibo-74460"
"weibo-89987","0","被智齿折磨的一晚，发烧，好不容易睡着又被疼醒，关键不只长了一颗[泪]","train","89987","weibo-89987"
"weibo-101178","0","回复@健行渐远Z:一整杈花枝折了，他们还在笑！ //@健行渐远Z:素质低下[怒骂]","train","101178","weibo-101178"
"weibo-108654","0","好可怜[?][?][?][?][?] //@湖南卫视制作人姚嘉:如果我是「程桦」[怒骂][怒骂][衰]，虐[伤心]拧[可怜]，这种老公不要也罢[吐]","train","108654","weibo-108654"
"weibo-72970","0","科学让我们认识外在的事物，却没有观照自己的内心。[悲伤]","train","72970","weibo-72970"
"weibo-94921","0","该死的淘宝，导致我快一点才上床，过了偶得入睡时间就怎么都睡不着了，咋整啊！！[抓狂][抓狂][抓狂][抓狂]","train","94921","weibo-94921"
"weibo-78625","0","夏天除了热让人觉得烦躁之外！还有就是“小强”的存在！！！[抓狂] [抓狂] [抓狂] 有多少亲亲要开始与小强的世纪之战呢？！[衰]","train","78625","weibo-78625"
"weibo-62667","0","疲倦得一塌糊涂，撒子心情都没得[睡觉]，祝各位节日快乐，晚安[失望]","train","62667","weibo-62667"
"weibo-119762","0","哇！快跑，食人岛！ //@Ken_chen世界:[晕] //@直播上海:这个故事告诉我，来伊份是不能吃的，打一折都不能买！","train","119762","weibo-119762"
"weibo-97055","0","第一次觉得维多利亚这么美，第一次觉得粉色这么美！！！//@马静怡_墩墩：毯子里的是神马！是神马！[可怜]亲死了啊[抓狂]","train","97055","weibo-97055"
"weibo-92097","0","铁血：“那帮好莱坞老混蛋们，没一个制片、投资提出异议吗？这就是咱的第三集吗？[抓狂]”异形：“别吵吵了，据导演说这第三集是一部八十年代中日合资的经典老片「一盘没有下完的棋」的重拍，让咱俩当主角已经够对得起咱了。”铁血：“去TMD那还说是一盘没有瞎玩儿的棋！我可掀桌子了啊！”@兔拉拉810","train","92097","weibo-92097"
"weibo-94477","0","当然，那是必须~请问照片怎么下载不来？？？[衰]","train","94477","weibo-94477"
"weibo-68210","0","//@留胡子的小老鼠：爱咋就那么纠结呢。。。[晕]","train","68210","weibo-68210"
"weibo-105927","0","别的人小龙虾，不可以吃。[泪][泪][泪] @红江湖麻小 我在这里:http://t.cn/zjcrozZ","train","105927","weibo-105927"
"weibo-90707","0","起来吧,[晕]赶飞机咯~ 我在这里:http://t.cn/zl83smC","train","90707","weibo-90707"
"weibo-91823","0","长痱子了[泪]","train","91823","weibo-91823"
"weibo-101029","0","防不胜防[衰]","train","101029","weibo-101029"
"weibo-118385","0","[衰]我梦到黑色的佛珠变成水泡过的灰白色了……","train","118385","weibo-118385"
"weibo-99946","0","难以想象！！ //@相声演员刘兰亭:这是真的吗？真是真的吗？这样的行为难道还让社会理解么？咋个理解法？ //@郭津琳:连一个收废品的老人都不放过，简直畜牲不如[怒][怒][怒][怒骂][怒骂][怒骂]","train","99946","weibo-99946"
"weibo-71164","0","我想吃水果[泪]@酒神的屎徒","train","71164","weibo-71164"
"weibo-109793","0","大家一起行动吧 做一些我们力所能及的事儿//@鱼De天使-迅怡: 如此善良可爱?人 是越来越少啦……[泪]","train","109793","weibo-109793"
"weibo-64913","0","今天出门没吃药！老病复发了！[抓狂]","train","64913","weibo-64913"
"weibo-82577","0","一天都在和荷里活的律师们掰斥来掰斥去，我不想说话了，大学时候为什么不好好选修国际法[汗][怒]风雨过后，阳光在哪里[浮云]好饿，想念北京滴炸酱面，西红柿打卤面也行。。。","train","82577","weibo-82577"
"weibo-83663","0","又全中。。。。[泪]","train","83663","weibo-83663"
"weibo-60330","0","抱歉，您在2013-06-09 14:38:39发表的微博“谢谢大家了 // @散仙建龙 :[怒]...”已被管理员加密。此微博不适宜对外公开。如需帮助，请联系客服（链接：http://t.cn/z0D6ZaQ）这就是微博","train","60330","weibo-60330"
"weibo-105215","0","疯狂的出租车[泪][泪]","train","105215","weibo-105215"
"weibo-101040","0","看来小胖王永珀被毁了，很难再现前几个赛季的神勇状态了//@莫子睿: 回复 @芒果SEA:鲁能8号是谁啊？身材完全走样了，汗！ //@芒果SEA:回复 @莫子睿:鲁能球迷默默路过[泪] //@芒果SEA:唉！","train","101040","weibo-101040"
"weibo-112693","0","我是发自灵魂深处的鄙视北京的天气，就这德性还当首都…赶紧迁都去#西安#吧…班伤不起[抓狂]","train","112693","weibo-112693"
"weibo-110828","0","说不清是 因为牙疼 导致的嗓子疼，还是因为嗓子疼 导致的牙疼。[失望]","train","110828","weibo-110828"
"weibo-118607","0","扛着国旗打砸抢[怒]国家的悲哀！民族的悲哀！","train","118607","weibo-118607"
"weibo-65450","0","在入秋最阴冷的一天，听到又要搬家的消息。。。半年内三次 [吃惊][吃惊][吃惊][晕][晕][晕]","train","65450","weibo-65450"
"weibo-61982","0","如果上天再派一个人转让10bar underwater housing for LX3，我绝对要抓住机会，立马成交！[失望] 可惜。。。再也没有了。。。这个壳子，够我买一部好相机了。。。便宜点会掉肉哇？搞的吾等穷民焦急的心无处安放。。。好可怜。。。[可怜]","train","61982","weibo-61982"
"weibo-81799","0","从美国和中国最近不断发生的互联网企业进入不同行业的投资和收购事件来看 原先的工业经济企业在这些方面将逐步沦为配角[泪] 但互联网企业对未来的影响将越来越成为主流[威武] 一个新的时代已经到来 还不赶紧抓住这次大潮 [疑问]","train","81799","weibo-81799"
"weibo-102720","0","我也给你打！[哈哈]//@未来小小祺的妈妈_Vic:哈哈 1月18我给你打电话~//@-梁小铭-:我老了……[泪][泪]不，到1月18我才20岁[哈哈]","train","102720","weibo-102720"
"weibo-79960","0","这有啥，多美的一款设计啊。@chaosdemon 兄弟被心理暗示了。//@chaosdemon：太恶心了。。。//@Hector69：这有什么？没懂//@周韦彤Cica：原来我也是个密集恐惧症者~好可怕[抓狂] //@创意铺子:手贱啊手贱啊[抓狂]早知道就不点进去看了","train","79960","weibo-79960"
"weibo-110180","0","又坐过站了、丫的我脑子老想啥子呢！？[抓狂]","train","110180","weibo-110180"
"weibo-89688","0","//@开往中国的船:[失望] 手机现在还不能用// @loveaboji :小逸[蜡烛] // @giandme :希望尽快联系上～","train","89688","weibo-89688"
"weibo-104720","0","今早店里的订餐电话变成热线，据说已经订到深夜，还有50多人的大team聚餐，着实让哥们高兴了一把，可是等到现在预约的都木来…幸好还有你们。调皮的明天不许这样了啊！[泪]","train","104720","weibo-104720"
"weibo-67455","0","上海哪天不低温非要今晚它低温，深夜到上海穿着单薄的我情何以堪啊 [泪] http://t.cn/SVKxXZ","train","67455","weibo-67455"
"weibo-97033","0","提前60天完成劳教任务[衰]","train","97033","weibo-97033"
"weibo-67428","0","我和牛舌饼又掐架了 差点把它酥皮丢落一地 啊哈哈 好累阿 我也被k了 直接嫩牛五方变成pizza 了 削圆了[晕][晕]@梦游和逍遥","train","67428","weibo-67428"
"weibo-99020","0","被派到库房装了一下午900本的杂志和副刊……好苦逼啊有木有……俺最近睡眠不好很虚弱丫有木有……[泪]","train","99020","weibo-99020"
"weibo-62291","0","生病了更感到世上只有爸妈好！[泪]我爸60岁的人了看到我生病比什么都急为了快点拿到化验报告来来回回跑了好多次还被臭不要脸的小医生揶揄[鄙视]我妈在家煮好了菜粥就替我去工地看进度了?今天在医院看到3个老爷爷老奶奶几分钟前还有呼吸转眼就盖着黑布被推出来[泪]所以趁爸妈健康一定要加倍对他们好！","train","62291","weibo-62291"
"weibo-94066","0","介，介，介……可是《参考消息》刊登滴新闻咧！在朝鲜，女儿，特别是美女，不是父母的，是国家的！小金上台后，当起皮条客……咱不和亲了，咱高姿态高价位卖人咯~[晕]//@广州木每: 无本万利啊！","train","94066","weibo-94066"
"weibo-98459","0","[哼]注定单身[衰] //@周照欣Helen:好吧。 // @刘菲Malinna :天蝎也很惨啊???????// @阎棒棒David : 双鱼就是惨啊，哈哈","train","98459","weibo-98459"
"weibo-66616","0","//@音悦台: 一代芳华[心]十年不忘[泪]一首《女人花》让我们一起安静的想念梅姐吧[心]#十年思念梅艳芳#","train","66616","weibo-66616"
"weibo-105066","0","又是一年清算时[晕]终于到川沙剧院了","train","105066","weibo-105066"
"weibo-99806","0","今天坐飞机到乌鲁木齐,机上提供的牛肉饭。我翻了半天就找到了米饭上这两小块牛肉。这南航可真行啊[怒]","train","99806","weibo-99806"
"weibo-97086","0","[怒]//@河清海晏lhh: //@写字李华良://@半岛谢军:无","train","97086","weibo-97086"
"weibo-118134","0","今天的晚餐颜色种类达到健康标准了。虾一创意的小米绿豆枸杞粥还是第一次喝[晕]","train","118134","weibo-118134"
"weibo-63927","0","//@深圳陈寅: 原来这样呀！用户设密码等于银行将风险转移给用户持卡人。[怒][怒骂][挖鼻屎]","train","63927","weibo-63927"
"weibo-64286","0","@rightmary [晕]","train","64286","weibo-64286"
"weibo-62201","0","回复@会叫喵滴菟?:没事儿，能找到，放心吧，强迫症[偷笑]//@会叫喵滴菟?:[晕][晕][晕][晕]","train","62201","weibo-62201"
"weibo-105569","0","@张泰铭_Tyrone //@台?假期V:回复@taoxinxu释凡:[泪] //@taoxinxu释凡:12年华语片惨败榜@丹爷电影 @跆拳道董雅欣 @我叫马庆云 @青春影视小小说 @常期待2014 @台?假期V @小岛兴田 @万达天通V @电影票房","train","105569","weibo-105569"
"weibo-79936","0","他们说，感冒快痊愈的时候，就会拼命打喷嚏、流鼻涕，是身体排毒的表现。照这个理论看，我得有多毒呀，一晚上只排毒，没干别的[衰]","train","79936","weibo-79936"
"weibo-117297","0","[抓狂] //@刘默默_:为了火锅转了[笑哈哈] //@萍萍周: 到店出示此照片就打折[酷]能预留座位吗[偷笑] //@哈戳戳: @竹子做的熊? @冯大佳子 @胖子的小夜曲","train","117297","weibo-117297"
"weibo-119460","0","传统媒体，情何以堪？[泪][泪][泪]","train","119460","weibo-119460"
"weibo-116540","0","想起还没看过@江南 的《此间的少年》，于是在Kindle上搜索，出来的唯一结果居然是《悟空传》，我还能说什么呢，面对这份感天动地的爱情只能买下来《悟空传》了[泪]","train","116540","weibo-116540"
"weibo-97048","0","因为您预定的六点，推迟到七点，你来的时候已经7点20啦，您的鱼就挪给别人了，然后就得接着排队，如果要是吃您当时预定的鱼早就凉了?稍安勿躁，小心火烛，童男童女，乱七八糟…[衰]","train","97048","weibo-97048"
"weibo-115670","0","最近看美版「master chef」和「Hells kitchen」中毒太深。迷上这位厨艺精湛但节目里经常爆粗口的米其林三星大厨了！收了其三本英文著作，英文+菜谱，有的研究了！[晕][晕]","train","115670","weibo-115670"
"weibo-109992","0","[泪]//@Xiao孟仔: 转发微博","train","109992","weibo-109992"
"weibo-103803","0","//@爱盟郭鹏:谁愿意背井离乡？谁不愿在家安居乐业，享受天伦之乐？一起努力改变//@杨锦麟:捕捉??人的瞬?，?人充?了心酸的感?! //@老马途欢:泪点低的人眼睛酸了[泪]","train","103803","weibo-103803"
"weibo-64285","0","小巴鱼PS河豚，几年没见也尼玛肥成这样了，味道也十万千里[衰] 我在这里:http://t.cn/zj54SuN","train","64285","weibo-64285"
"weibo-102833","0","有点乱套吧，杭州没排上》？ //@鲁京晋:回复@有福社长:谁也没跑脱，互相慰问吧[泪][握手]@好人老周 @传媒老胡 @徐邦友 //@有福社长:令俺震惊的是：天津咋上榜了[哈哈] @鲁京晋 @好人老周 //@传媒老胡:中国太牛了！","train","102833","weibo-102833"
"weibo-119680","0","本以为这么多天了，总要理出头绪了，谁知越调查越扑朔迷离。[晕]","train","119680","weibo-119680"
"weibo-119902","0","最新消息，还有一个名额啦[神马] //@CBC咖啡培训学院:昨天晚上没搞清楚重发啊[泪][汗]: SCAE [欧洲精品咖啡协会]咖啡豆的烘焙-预备课程and 金杯课程[晕] //@CBC咖啡培训学院:回复@木头牡丹:北京798艺术区的751动力广场的独栋小楼里 //@木头牡丹:在哪里？","train","119902","weibo-119902"
"weibo-76369","0","//@王颖0007: 保护疑犯//@验算珠:既然发现有纵火嫌疑，为何警察还要抢夺尸体？！[怒]","train","76369","weibo-76369"
"weibo-98369","0","//@王佳庆123: [失望] //@周静平-UP:转发微博。","train","98369","weibo-98369"
"weibo-102436","0","[吃惊] //@星荇starar:[抓狂]//@谣言粉碎机: 喜欢萌物的各位，千万别被奸商给骗了。一来，不存在一种名叫“日本石猴”的物种；二来，也不存在国家允许当宠物养的猴子。","train","102436","weibo-102436"
"weibo-100802","0","卖废品。师傅说，可乐易拉罐每个只能卖2分钱，因为它的材质是铁的而不是铝的。朋友知道后建议我以后改喝啤酒，因为啤酒易拉罐是铝的，可以卖1毛钱。[衰]","train","100802","weibo-100802"
"weibo-61123","0","熟透了[泪]","train","61123","weibo-61123"
"weibo-76676","0","[泪]一个不小心..新手机备份成旧手机内容了..所有新文件消失..最近的电话.短信.照片.视频.电视剧.游戏通通没了[泪][泪][泪][泪][泪][泪][泪][泪][泪][泪]","train","76676","weibo-76676"
"weibo-85257","0","今天的天气真特么隐晦，像极了我的心情[抓狂]","train","85257","weibo-85257"
"weibo-70929","0","两个膝盖又酸又疼，看来我是老寒腿的，一变天就有反应[泪]","train","70929","weibo-70929"
"weibo-65390","0","靠，这让我情何以堪！里面确实好多词儿我都不知道啥意思[衰]","train","65390","weibo-65390"
"weibo-85528","0","真感人[泪]","train","85528","weibo-85528"
"weibo-101261","0","今早又要吃粥水，我就?失去味?了[泪][泪]","train","101261","weibo-101261"
"weibo-111757","0","我决定以后出海不带鱼竿了，自己的鱼竿就在国内淡水玩玩儿，野海装备不行啊！上鱼线就断[泪]不过鲜海鱼生吃味道真是不错~[馋嘴] 我在:http://t.cn/zHDL7s9","train","111757","weibo-111757"
"weibo-85500","0","[泪] 骄傲！//@蔡?:金币巧克力[奥特曼][嘻嘻]","train","85500","weibo-85500"
"weibo-65156","0","介真的是春天，光剩下好看了。[泪]我被堵了一个半小时了。。。。。","train","65156","weibo-65156"
"weibo-86617","0","收了留看，要是有空的话[泪]","train","86617","weibo-86617"
"weibo-116707","0","#继承者们#追剧这事儿，忒煎熬啦[抓狂]！小伙伴儿们，你们看米？#李敏镐#忒帅嘞！[花心][害羞][太开心]","train","116707","weibo-116707"
"weibo-104382","0","回覆@陈瑛子: 哈哈！！ //@陈瑛子:回复 @临渊之巅听风看海:真是有故事的一掌！ //@陈瑛子:排山倒海 //@战陶陶:擦，太特么疼了。。。。[晕]","train","104382","weibo-104382"
"weibo-63812","0","蚊子啊蚊子，我已经遍体鳞伤，求求你不要再咬我了！[泪]","train","63812","weibo-63812"
"weibo-61285","0","同学们，明天我登船了[泪]","train","61285","weibo-61285"
"weibo-116514","0","不愧我们采访到夜里三点[泪][泪]","train","116514","weibo-116514"
"weibo-89143","0","细节，细节，全是细细的细节！！！[抓狂]","train","89143","weibo-89143"
"weibo-74262","0","#新驾考好难# [抓狂] 详情:http://t.cn/zjuMbdW","train","74262","weibo-74262"
"weibo-92878","0","回复@空空的绿色天空:纳粹！对他有情节！ //@空空的绿色天空:德国哪招你了。。。 //@我是情商:不喜欢德国！[泪]","train","92878","weibo-92878"
"weibo-99363","0","起用汗蒸排酒法[晕]","train","99363","weibo-99363"
"weibo-93653","0","[泪]日记，一本只为了某人写的日记！","train","93653","weibo-93653"
"weibo-94186","0","//@真实的谎言e: 绝对不去加纳[怒]","train","94186","weibo-94186"
"weibo-84756","0","假的 //@小古爱小古:都是浮云了 //@脚盆小姐Dida: 肉身已逝 灵魂永存 //@肉肉戆哒哒: //@WoW_Darling:真的吗！？[闭嘴] //@康康猴-Doris:[抓狂][吃惊]","train","84756","weibo-84756"
"weibo-118486","0","去舅舅家吃破五的饺子，肚子饿得直叫，车结结实实堵在二环路上[抓狂]","train","118486","weibo-118486"
"weibo-96687","0","[怒] //@好狗好猫流浪狗义工团:#青岛领养# 因主人嫌弃剪毛后不好看抛弃的小贵宾找新家！","train","96687","weibo-96687"
"weibo-102827","0","那是必须的，关键这个飞机不姓官[衰]","train","102827","weibo-102827"
"weibo-88706","0","付豪甭借了 //@现代可汗: cnm中国足协！[怒][怒][怒][怒][怒]","train","88706","weibo-88706"
"weibo-89165","0","//@赖晓东t:[泪][泪]为何要如此啊？人家摆了千百年了，为什么毁于今人之手啊？没有买卖就没有伤害。收藏玩家们，你们是同谋。。","train","89165","weibo-89165"
"weibo-70878","0","//@触碰心灵的台词:一个人，从陌生走近你，然后再陌生。[泪]","train","70878","weibo-70878"
"weibo-94962","0","好歹还是肉，总比吃鞋好吧。。//@曾贤儒: 今天午饭菜谱：土豆精、菠菜精、鸡蛋精、藕精、鸭掌精、猪肉精...米饭好像没成精。@zdwalter //@LukeFan:每天都能吃到惊喜。//@创业影院:请问以后吃什么啊？？[抓狂]大热天的吃个凉皮都有凉皮精。@王小山","train","94962","weibo-94962"
"weibo-77189","0","[泪][泪][泪]哇喔!!好浪漫的男盆友!!做的意面看起来好好吃的样子!签名照和整套DVD就送给你啦!赶快私信小编喔!让我哭一会儿...","train","77189","weibo-77189"
"weibo-81494","0","没办法，实力铸造辉煌…//@大鸣鸣的丹宝贝:必须转，最真实的诠释了我的人生啊。[泪]","train","81494","weibo-81494"
"weibo-66859","0","真的很佩服你，做了22年的咖啡，每天至少要亲自做600杯的咖啡，现在还在做！？不像国内有的老板自己没做几年咖啡，已经敢开几十家连锁，做董事长，自己喝咖啡都指定手下给做，不动手只动口了，[失望]","train","66859","weibo-66859"
"weibo-111225","0","G4都干嘛吃的？ //@hktraveller:唉，愈搞愈??，不?事件本身是否真假，但未?特首唐的危??理能力真是不?，??如何?理?家大事？[失望]?道梁的能力真的是比?好？[思考]","train","111225","weibo-111225"
"weibo-94360","0","妈的，还不够资格[抓狂]","train","94360","weibo-94360"
"weibo-119967","0","今天破了纪录了，从中午11点45到晚上9点28，泡在一家咖啡厅10个小时，午饭晚饭都在这解决，见了5批人，成功挖了1个半，还做了一次深入的团队沟通。一下午说了一个月的话[衰]","train","119967","weibo-119967"
"weibo-95980","0","@竖格呆弟 家庭装mojito啊 //@三三猫熊:看见这个我突然特想去泰国，[泪][泪][泪] OMG我的泰国我的台湾//@白玛云丹:[抓狂]我也要//@加酒的鸡蛋面: 奶奶的太爽了，老板来一杯//@Joy酒隐: 来我们这喝吧。我们有十几种口味哦亲//@漏主任: @laura_mojito 好久没喝mojito了~//","train","95980","weibo-95980"
"weibo-96554","0","回复@小人物de呐喊:我们的荣幸！//@小人物de呐喊:回复@黄太吉传统美食:得了一南瓜羹，hh[嘻嘻]，不往我对你们这么痴情[嘻嘻][嘻嘻][嘻嘻]@黄太吉传统美食 ，thank you[泪]","train","96554","weibo-96554"
"weibo-95080","0","回复 @alva--an:我想去呢！ [泪] //@alva--an:来找我们玩吧","train","95080","weibo-95080"
"weibo-76335","0","一早又蹦达到医院，小娃好可怜[泪]","train","76335","weibo-76335"
"weibo-89318","0","[抓狂]难道要抢购矿泉水？ //@宫言:请广大市民抢抓时机，利用各种容器尽可能多储水。[可怜] 木有容器啊","train","89318","weibo-89318"
"weibo-113777","0","中华文字博大精深[晕]","train","113777","weibo-113777"
"weibo-71280","0","台风来袭的大中午，在江西省城当公务员的神秘熊大帅突然来电，问，你什么时候毕业？把我雷个半死半焦，这个声音似乎是若干年没有听到了，还真不适应，重点是他说找我没事只是因为无聊！！！！@杉口媛cina @水墨冉冉 @gelina0912 @苇 [衰]","train","71280","weibo-71280"
"weibo-90046","0","[吃惊] //@-蛋泥-:[挖鼻屎] //@骑单车去西藏GuoAn: //@耿鑫91: 我操 真的假的！！！！//@1吴先生15: [衰]","train","90046","weibo-90046"
"weibo-91305","0","谁有我早[抓狂]","train","91305","weibo-91305"
"weibo-103471","0","哇塞，攒钱装修[晕] //@minnie苏:@任蕾-噶松卓嘎 我拍了好多照片，你有兴趣来看看。","train","103471","weibo-103471"
"weibo-65476","0","我又在烈日下趴趴走了[晕][晕]","train","65476","weibo-65476"
"weibo-66185","0","时隔十几年，BJ单身日记又出续集了，迫不及待在Kindle买来看。没想到Darcy被作者写死了，Bridget成了寡妇。之后就是她和一个在Twitter上认识的30岁男人之间的故事，依然各种小女人心绪，好像她还是30多岁的少妇，可怎么看怎么觉得不对。终于忍不住搜索这本书里她究竟几岁。结果是51！感觉被欺骗了[泪]","train","66185","weibo-66185"
"weibo-105028","0","向@禽流感专家团 提问：看到很多人争论禽流感病毒80-120nm的直径，n95口罩只能过滤200nm左右的微粒，也就是说口罩并不能起到防护作用了？[抓狂]","train","105028","weibo-105028"
"weibo-112903","0","回复@玩转东京:[衰][衰][衰]//@玩转东京:回复@马剑是谁:没人[汗]//@玩转东京:上班[泪]","train","112903","weibo-112903"
"weibo-60154","0","抵制到底！[怒][怒][怒] //@gh飞翔的蒲公英: //@峰子-XXF:我坚决不去看。//@梁捷lj:扩散 //@MY-甜:?????? //@奢华密码_陈小懒:不看[怒] //@奢华密码_马娄姐姐:封杀小日本[怒][怒][怒][怒]","train","60154","weibo-60154"
"weibo-62089","0","【[浙江]永康骚年街头驾车玩命狂飙 一路违章疯狂超车！】近日，在浙江永康街头一年轻男子驾车似玩命狂飙，一路违章上演各种惊险擦车，超车，微距停车！简直似生命于儿戏，严重影响行车安全！坚决抵制这种害群之马~[怒]http://t.cn/8st3naE","train","62089","weibo-62089"
"weibo-102208","0","晚上空闲回家看爹妈，胃不太舒服，老娘神秘拿出一良药，我果断吃下，吃完后看了看药盒，出厂日期1999年10月。。。。[衰]","train","102208","weibo-102208"
"weibo-95199","0","我是有多爱才啊！看到有能力的人，就是想雇用来试试看！！！可惜有的职位不缺人啊，缺人的职位又不上人！唉！[失望]","train","95199","weibo-95199"
"weibo-77165","0","丁一先生表示无压力 //@沙欤:咳→//@小菜第四俗: 薄总哭了[泪]//@卓晨_樟树下: 忘记谁说的了，王护士名字简体繁体算起来，简体刑期在15，繁体18年。哈哈。","train","77165","weibo-77165"
"weibo-71518","0","乌奸太多了！[抓狂] //@坂本龙马:恩，亲俄路线不会好的","train","71518","weibo-71518"
"weibo-119510","0","//@中国国旅-肖素光:如果因不吃降压药，都会造成休克的程度，那么这位先生未免太大意！奉劝救命药一定要随身携带！[心]无论是否跟随旅行社出行，切记！[围观]//@陈晗5812:过度维权//@super大洋洋:别特么什么事都找旅行社赔偿[怒]","train","119510","weibo-119510"
"weibo-67413","0","根本不用看，第一总是我[泪]","train","67413","weibo-67413"
"weibo-66227","0","一声叹息！ //@何毅与超级马力: 恶心到了吧？还不如不知道。//@历史迷思: //@钱文忠:[怒][怒][怒]能比吗？？看看我们审美观的退化吧//@陈微娜: 回复@沧溪章氏:世袭的制度，要文化干什么，只要会吃饭会做爱就可以了。","train","66227","weibo-66227"
"weibo-66186","0","哈哈哈哈哈哈，笑而不语！//@朱微微:国产品牌大多都还停留在把LOGO放大点！把产品突出！把加盟电话、网址写大点！把各个经销商地址、电话、传真都写上！把我们都获得过的奖项都印上！balabalabala。。。。[泪]//@两只婷婷:哎，国产品牌什么时候能接受这种创意。。","train","66186","weibo-66186"
"weibo-87017","0","[泪] 很感人~","train","87017","weibo-87017"
"weibo-117513","0","I am sorry. I dont understand what this is. Is this a game? I dont know how to play[泪] http://t.cn/zWu72uW","train","117513","weibo-117513"
"weibo-102754","0","[晕] //@大声May陈戈:各位对号入座！//@大百科记录: 转发微博","train","102754","weibo-102754"
"weibo-81119","0","噩耗~~[伤心]小皮童鞋发短信告诉我：我要他在HK帮买三本书，前两本卖光了，第三本直接就没得卖了。是不再再版印刷了吗？非。常。不。高。兴。[伤心]","train","81119","weibo-81119"
"weibo-107526","0","今朝断了sunny up[泪]#何日君再来#","train","107526","weibo-107526"
"weibo-61215","0","这天咋一下冷的想穿棉袄啊[晕]","train","61215","weibo-61215"
"weibo-68748","0","@陈敢 [汗]我的斯里兰卡之行估计要泡汤了，同志门都放假了，我还得上班[泪]。美丽的斯里兰卡，下次再会","train","68748","weibo-68748"
"weibo-72682","0","那就嬲，再也不看达！[怒]","train","72682","weibo-72682"
"weibo-99767","0","[晕]路过N次，没去过…那酒店貌似就一赌场，听司机说很多中国大陆来的富豪在那边挥金告如图！//@七色地图:这就是最近很多人都在说的高空泳池吧，远处的楼群好像是海市蜃楼一般，有谁体验过吗？这泳池好像漂浮在半空啊[馋嘴]","train","99767","weibo-99767"
"weibo-100246","0","[怒]//@鸢都交警: 转发微博","train","100246","weibo-100246"
"weibo-81517","0","等车半天,一直没来,于是打车,结果还封路,因为马拉松[怒]","train","81517","weibo-81517"
"weibo-78694","0","偷拍……[吃惊]？ ！我的垃圾堆又被曝光了……[泪]","train","78694","weibo-78694"
"weibo-65802","0","[泪]又来批评我了，我们家小主管休假了，服务员有点散漫[泪]，下回你来我送你好吃嗒！","train","65802","weibo-65802"
"weibo-118473","0","哎呀呀我这个悔呀，错过了与名博@黑米粒 见面的机会[泪]//@家有胖狗_羽 @桔猪 @家有胖狗_羽 @宠爱II @逮逮个刀 @毛毛虫sure @伊莫顿的安苏娜","train","118473","weibo-118473"
"weibo-70123","0","【“妈妈一直飞一直飞，不回来了？”[泪]】24日晚，吉隆坡发布会结束后。三四岁的女孩问父亲：“你说我们今天都要来这儿等妈妈，妈妈在哪？”父亲一把揽女儿入怀，掏出手机给她看。女孩指着手机屏幕：“飞机！这是飞机！”“妈妈一直飞一直飞，不回来了？”http://t.cn/8stTaiI","train","70123","weibo-70123"
"weibo-81004","0","#今日最纠结#想买一双灰色的雪地靴，But---靴筒选哪个高度好呢(高?中?低?)？太纠结了，群众的眼睛是雪亮的，求大家帮我出出主意吧！[晕][委屈]","train","81004","weibo-81004"
"weibo-68038","0","很累~~~但是现在却兴奋地睡不着，连续一周没有一点前睡过觉，连续一周对着电脑除了写稿就是盯版，偶尔能浏览一两眼微博网页，眼睛痛到看几条微博讯息就看不下去了[泪]，值得开心的是总算熬过来了，这个周末要好好放松下，脑子不停地做着打算，想睡都睡不着！","train","68038","weibo-68038"
"weibo-89236","0","酒喝多了确实难受。[抓狂]","train","89236","weibo-89236"
"weibo-67323","0","还没关门，叫秀岩2同学赶紧来打包一个//@深小蓝: @胡秀岩 @xmao80 我馋了[泪][泪][泪][泪] //@望京一号餐厅: 回复@施元庆:鸡便宜，花椒贵 //@施元庆:这是在吃鸡还是吃花椒","train","67323","weibo-67323"
"weibo-114387","0","我在最后呢[泪] //@月亮移民: //@丫头-小豆:我也没找到 //@董安娜娜娜_:[鼓掌]没找到 @嘻哈包袱铺陈曦 和 @百变连旭 呀 //@丫头-小豆 : //@王哥V :这就是团队！不是所有人都有天赋！人只有百分之一的天赋和百分之九十九的努力！","train","114387","weibo-114387"
"weibo-72248","0","史上最炫充电插口 得意于@行者橙子 的万用多口转接口 n部手机以及笔记本电脑得以在此补充电量 n＞5 俺们在浦东机场准备登机 飞机预计仅仅晚点40分钟 [泪][泪][泪] @梦想家蜜蜜君 @最炫小芒果 @EVA巍 @我是兔子 @神威 #新鲜旅之双城记#","train","72248","weibo-72248"
"weibo-63811","0","好爸爸[泪] //@挺哥说事儿: [赞][心]","train","63811","weibo-63811"
"weibo-106079","0","以前我听说猫是哺乳动物，可真养了猫之后，我发现它其实是软体动物[衰]","train","106079","weibo-106079"
"weibo-95924","0","#中国达人秀# 我薇，今天继续开工[泪] [泪][泪]辛苦你啦~[亲亲] [心] 看在各位观察员们如此努力的份儿上，各位童鞋一定要关注本周日晚21:05的《中国达人秀》哟~","train","95924","weibo-95924"
"weibo-71376","0","同样都是学生。。为什么差距如此大呢。。看看国外的宿舍吧[泪]","train","71376","weibo-71376"
"weibo-90446","0","搞笑part 2 获奖感言[哈哈]（我觉得自己不张嘴还能装一装美女 一张嘴全他妹的完了。。。[衰]）http://t.cn/zOehjCM","train","90446","weibo-90446"
"weibo-106037","0","小时候看83版射雕，总觉得杨康选错了演员-怎么看都不帅嘛?20多年过去了，现在的苗乔伟帅得一塌糊涂啊[晕]男人真是禁老啊[泪]岁月这把杀猪刀，看来只杀猪[猪头][猪头][猪头]","train","106037","weibo-106037"
"weibo-69776","0","长长海岸线上 美女靓仔如云 大部分一丝不挂[抓狂][抓狂][抓狂]","train","69776","weibo-69776"
"weibo-100766","0","[心] //@岚之月影-工作心好累: //@伟大的安妮:[悲伤]嗯，没有什么比身边人更重要的了","train","100766","weibo-100766"
"weibo-61816","0","@水青 //@方三文:原来我们的盈利模式是这个呀？真是受教[晕]","train","61816","weibo-61816"
"weibo-118740","0","撤底远离温泉和游泳池，遗憾[泪][泪][泪]","train","118740","weibo-118740"
"weibo-60821","0","回复@丢不掉的情:是啊，感谢@丢不掉的情 @Yannie-周 。省下来的一点时间，我会想更好的方法，把你们也解救出来。吼吼~~~~[哈哈] 刚才是想笑的，结果点成了吐，不好意思 //@丢不掉的情:我的工作多了[失望]","train","60821","weibo-60821"
"weibo-78507","0","这不是逼着童鞋们换三星吗。[哈哈] //@活着活着就明白了:[哈哈][哈哈][哈哈] 忒狠啦，这TM是乔布斯的遗言吗？！//@勤劳的工作狂:靠！必须nano-SIM卡？！[晕][晕]","train","78507","weibo-78507"
"weibo-98537","0","很生气！早上起来就气我！[怒]","train","98537","weibo-98537"
"weibo-97029","0","//@小固?大多多: 想做的事太多 时间太少[泪]//@广州金逸影城和业店:《云图》将于1月31日在#广州金逸影城和业店#公映[moc转发]","train","97029","weibo-97029"
"weibo-86745","0","第八次看「美姐」。这次以参与了影片幕后宣传策划人员的身份坐在影院里，看着你呈现在大屏幕上，激动的心情无以复加~~[泪] 继上午北京地质礼堂上座率达到100%之后，票价100元的紫光影城2号厅再次座无虚席！「美姐」，我为你骄傲！[太开心]","train","86745","weibo-86745"
"weibo-111867","0","[泪][泪][泪] //@方力钧:// @助鲲 :我就奇怪了，这国家连计划生育都推进得了，却把不了食品安全的关？？！！ // @Real-Renee : // @光辉的皮皮特穆尔 :转发微博","train","111867","weibo-111867"
"weibo-82565","0","还真的没听说过//@全球顶尖摄影:真没见过[衰]","train","82565","weibo-82565"
"weibo-75579","0","好饿啊！下班了！饿死了，没有想吃的，我还能见到明早的太阳吗？[太阳][太阳][太阳][悲伤]","train","75579","weibo-75579"
"weibo-110020","0","我在这里: #海淀区#农大动物医院。OK还是不能确诊，N多医生来帮看X片子，看见胸腔的空隙被白色物体塞满了，心脏被挤压变形，怀疑是淋巴肿瘤，OK的病例很少见，医院的B超机坏了，也做不了穿刺。如果确诊就只能化疗19周，还没法手术，因为手术那地气管血管太丰富。[泪][泪][泪] http://t.cn/zO5N1c2","train","110020","weibo-110020"
"weibo-76921","0","[吃惊]//@anytao:[失望]//@西祠响马: [失望]","train","76921","weibo-76921"
"weibo-96112","0","wife，收费就违法了。//@金山毒霸: 是毒霸免费wife！不是免费wifi！！！[抓狂][抓狂][抓狂][抓狂]顺便求分享[偷笑]//@金山词霸: 学不好英文，会被欺负，看→ →//@请稍等在看微博: 可以分享给我用一下吗？[挖鼻屎]","train","96112","weibo-96112"
"weibo-110108","0","这妹纸练过轻功吧 ？[晕]潇洒极了！[good]","train","110108","weibo-110108"
"weibo-92527","0","＂黑衣人3＂看完了，3D的看了还有点头晕！[抓狂]","train","92527","weibo-92527"
"weibo-72040","0","?每天一杯奶，减少中国人。家里那箱蒙牛打算浇花洗澡用了[泪]","train","72040","weibo-72040"
"weibo-99000","0","[泪] [伤心]翻开历史，都是伤心欲绝的事。 //@故宫何处的微博：转发微博","train","99000","weibo-99000"
"weibo-110919","0","@小毛的娘 [伤心] //@Sexy艺术:三毛生前珍贵录音。讲到荷西去世的时候心都快碎了！","train","110919","weibo-110919"
"weibo-76568","0","[衰] 童鞋们，为什么所有网络上关于动车滴腥闻都没咯呢。为什么总是有开头没结尾呢。。。写这故事的，一定不是个好编剧，可能是个好厨子。","train","76568","weibo-76568"
"weibo-97739","0","各种羡慕嫉妒狠！现在要去报名此团晚不晚？ //@艹艹西: 跟了一名把减肥视为毕生追求且已确诊是厌食症患者的团长..旅行显然少了一半乐趣..我误入歧途悔不当初啊[泪]..","train","97739","weibo-97739"
"weibo-67653","0","@康马斯 @笨笨晓晓猪 求法律专家作答。是这样吗？[泪][泪]","train","67653","weibo-67653"
"weibo-106373","0","[泪]这里有太多不幸~孩子们都去那个叫做天堂的地方撒丫子奔跑吧~","train","106373","weibo-106373"
"weibo-95474","0","那么晚？依然在做警官？ //@俞冰莹: [泪] 好几年没去看招新了。学弟妹们加油来～","train","95474","weibo-95474"
"weibo-118378","0","世界末日？[蜡烛]我还有很多心愿未了啊[泪][泪] 我在这里:http://t.cn/zjPxXB4","train","118378","weibo-118378"
"weibo-112313","0","我飞了！要是自己开就更好了哈哈，快的都喘不上气。 这次旅行我太失误了竟然在银川待了2天！这里太宰客了，不掏空你钱包誓不罢休[怒][怒][怒]","train","112313","weibo-112313"
"weibo-114741","0","你是说刘文彩吧[衰]","train","114741","weibo-114741"
"weibo-64452","0","我现在心情很郁闷！看来去不了现场啦！[泪][泪]","train","64452","weibo-64452"
"weibo-72309","0","那一直被传说不冷的啊[哼]//@深圳小天:每年冬天香港新闻都会报道有老人冻死，难道是英式传统习俗？ //@汉大赋2013:民主自由的冻死！[悲催]//@劳英坚: 英国也有赤贫的穷人呀，不是有最低保障吗？//@唐巴马:[泪][汗] //@衷心拥护DZY:选票不顶用了？","train","72309","weibo-72309"
"weibo-105879","0","有谁和我一样，这两天朋友圈儿和微信群，被这只长颈鹿疯狂刷屏了，自觉转发.........[晕][笑哈哈]","train","105879","weibo-105879"
"weibo-95472","0","@天造地设的主儿 你最讨厌！我才没买包头的东西！我！我！我才没骗售货员！[怒骂][哼]","train","95472","weibo-95472"
"weibo-114911","0","公司吃回家吃，白天吃晚上吃，睡觉躺下了还不忘摸黑爬起来吃！！尼玛，我应该买个几箱回来[泪][泪][泪][泪][泪][泪][泪]","train","114911","weibo-114911"
"weibo-106243","0","那天晚上我放在一楼的打包食品不知道被谁拿走了？我本来是给路上那三只流浪狗准备的[泪] //@自由以太:人都要被冻死了，流浪猫狗的春天还远着呢……//@共济会善美堂1111: 还不供暖[怒]","train","106243","weibo-106243"
"weibo-72382","0","举手！[抓狂]","train","72382","weibo-72382"
"weibo-82548","0","头昏昏沉沉的，嗓子也不听话了。[失望]躺在床上已经一整天了，身上像个小火炉。[泪][委屈]我要坚强，赶紧好起来！[奥特曼] 我在:http://t.cn/zlvqP8C","train","82548","weibo-82548"
"weibo-118164","0","看看心酸！！//@辉bliss: 干嘛把生完孩子的女人画的那么衰[抓狂]","train","118164","weibo-118164"
"weibo-118007","0","我最喜欢和你学小猫咪了，放在你的车背上[激动][色眯眯] 为啥好朋友都没有微薄，没人和我玩[悲伤]","train","118007","weibo-118007"
"weibo-65419","0","女人总是爱讲感觉，但她自己都不见得明白那感觉是什么，所以男人真要顺着她的感觉走就傻了，其实只要恰当的环境、氛围，恰当的打动她，她的一切感觉就会突然对了！这文虽然有点软，但说的有点道理[汗] //@挨踢客:我靠，太贱了，竟然耍诈，害我没机会了。[泪]","train","65419","weibo-65419"
"weibo-99469","0","踢球把脸磕肿了一块，这回我也有“自然粉底”了…真悲催[泪][泪][泪]","train","99469","weibo-99469"
"weibo-87156","0","[伤心]//@思考和计算的大狗:转发微博","train","87156","weibo-87156"
"weibo-91800","0","飘雪的夜TNM冷了，没办法路过姚记俩包子一碗炒肝暖暖身[偷笑][偷笑][偷笑]这次赶上这波了肠子好多幸福呀[嘻嘻][嘻嘻]虽然完全不饿，但是真的太尼玛冷了[泪][泪][泪] 我在:http://t.cn/zjYphqD","train","91800","weibo-91800"
"weibo-115715","0","回复@Traveler陈佩诗:都可爱！ //@Traveler陈佩诗:还是金毛可爱[嘻嘻][嘻嘻][嘻嘻][嘻嘻][嘻嘻] //@胡爷-2013骑行京藏:回复@北京男孩:牺牲在中国式的司机轮下！[怒] //@北京男孩:咋啦？","train","115715","weibo-115715"
"weibo-77626","0","[汗]//@李泉James:哈哈哈 // @小觅Kay :这个一定要转发给爱生活爱历史的大爷 @李泉James 自从上次看了national geography的那部纪录片后，由惧生敬的朝鲜人民干出什么事我都不觉得稀奇了。不过这个真的太强迫症了！[衰]// @猫猫头er : 介个太有了！","train","77626","weibo-77626"
"weibo-62844","0","[蜡烛]//@新浪航空: [泪][蜡烛]","train","62844","weibo-62844"
"weibo-76756","0","@腾讯公司 新版QQ在WIN7上用真是狗血啊，上一版本同QQ多个对话在任务栏是显示一个QQ图标无缩略图，点击开以后是合并状态，这新版却偏要有两个以上缩略图，你知道我有多烦WIN7自以为是的单图标多缩略图，根本不知道需要打开哪个。[泪]","train","76756","weibo-76756"
"weibo-67744","0","我就在淘宝上搜了搜出前一丁，新浪微博就开始每天给我推荐各种速食面、米粉之类的[衰]","train","67744","weibo-67744"
"weibo-116989","0","北京的深秋，很快冬天也就要来临了。感怀下稍纵即逝的时光，我又要裹成粽子了。[泪]","train","116989","weibo-116989"
"weibo-98110","0","现在还喜欢[偷笑][偷笑][偷笑][抓狂][抓狂][抓狂][抓狂] //@奶妈铲子:小时候大家智商都很低 //@全球奇事趣闻: 现在还在玩！[哈哈][哈哈]","train","98110","weibo-98110"
"weibo-69869","0","真心提醒大家外面小贩档小饭店就不要光顾了，多在家做饭吃。出去吃的话吃点品质好的饭店！真心觉得现在西餐比中餐干净点。一分价钱一分货，不改变贪便宜的性格总是会把自己暴露在危险食品面前，也鼓励了黑心商贩更加放肆。这个图片太没底线了，恶心[抓狂]","train","69869","weibo-69869"
"weibo-88670","0","到底想给谁打电话念？这孩儿？难道想摆脱今儿这样的日子？[酷]翻了半天手机旁边哥们告诉他别翻了咱还是好好过光棍节吧！[偷笑]零时抱佛脚是没用滴[泪][酷]","train","88670","weibo-88670"
"weibo-65137","0","胡说//@微博搞笑排行榜:以后要少吃西瓜了！[泪]","train","65137","weibo-65137"
"weibo-117619","0","???，吃起[哈哈][哈哈][哈哈][来] //@央央央皮:大半夜不要人活啊？！[晕] //@若水私厨:[太开心][太开心][太开心] //@Slumber工作室:[鼓掌]巴塞罗那有两个地方能吃到正宗火锅，一个是若水私厨的重庆火锅，一个是slumber工作室的火锅大会[馋嘴]","train","117619","weibo-117619"
"weibo-86823","0","地道战嗨地道战~~！//@清雅山客: 山西到处都是地道战啊，太可怕了@飞柳絮1 @牛艳芳_Noomi [吃惊][衰][思考]","train","86823","weibo-86823"
"weibo-79541","0","惨痛的事故 //@南京赵杰: //@现代快报: 南京钢铁厂今天中午发生生产事故，6死1伤。[泪]","train","79541","weibo-79541"
"weibo-119987","0","最近几天就没停止过！！！[伤心]","train","119987","weibo-119987"
"weibo-86221","0","将愚蠢进行到底[衰]//@中殷:当地有关部门如此愚蠢？ //@潘争_NCG: //@戏剧小宝贝:非常过份！//@程中柳: 政府在暴露自己的愚蠢！在暴露自己的错误！//@李正曦Sissi:过分了 //@吴鑫:怎么能这样//@风之子: 怎么能这样","train","86221","weibo-86221"
"weibo-68029","0","我随身携带充电器可不是为了发围脖啊[泪] @dayvzhang 你以后不许再批判我是围脖控！这只同学，电量4％的时候还在孜孜不倦的修图！2％还在拼命发围脖直至自动关机！[泪]","train","68029","weibo-68029"
"weibo-102303","0","回复@蔚蔚V5:讲得好。 //@蔚蔚V5:当总理说道：两岸…趁着半秒钟的停顿，我家大肚子立马说，猿声啼不住…[哈哈][哈哈]又跟上一句：飞流直下三千尺…[衰]","train","102303","weibo-102303"
"weibo-101459","0","1949年，中国的人均GDP是世界第100名。六十多年过去了，如今我们的人均GDP还是世界第100名！[衰]//@投行老人: //@新财富杂志:#博鳌亚洲论坛#中国这二十年来财政收入增长20?4%,居民增长3?7%[思考]","train","101459","weibo-101459"
"weibo-60498","0","昨晚十点喝了一杯咖啡，结果1点才睡着，6点就醒了[泪]","train","60498","weibo-60498"
"weibo-74768","0","你敢和我们说你们南朝鲜人不爱吃肉？去宇宙中心五道口看看[怒][怒]","train","74768","weibo-74768"
"weibo-102094","0","[泪] //@最爱短腿翘臀艾斯LINE:最后那几句看哭了[泪]@小号KRIS的-Scarlett","train","102094","weibo-102094"
"weibo-117595","0","丁奶奶。大家帮帮忙吧！//@王乱子:都伸出援助之手吧！ //@猫咪有约:[泪]","train","117595","weibo-117595"
"weibo-67101","0","偶左眼角膜软组织挫伤了[泪]自残的外伤啊，忌妆忌辣","train","67101","weibo-67101"
"weibo-83060","0","想念爸爸做的辣子鸡[泪]","train","83060","weibo-83060"
"weibo-76500","0","中国移动行不行啊！昨儿晚上在营业厅办的从神州行转成动感地带的业务，下月初生效。但跟转业务一起办理业务从今儿就开始扣费！办理的时候也不说清楚是收费项目，而且负责转业务操作的竟然是营业厅的保安！1块钱虽然不多，但没这么干的！[怒][弱] @中国移动","train","76500","weibo-76500"
"weibo-103263","0","//@阿蚌谈人口: //@迟夙生律师: 早知道他的后院能起火 //@北京厨子:[抓狂]//@记者刘虎: 举报说每年6吨，5年搞了30吨；崔在安徽搞了茅台专卖店进行销售；临到上海上任，还带走了4吨。//@baibai1958: //@北京厨子:六吨茅台，我操。怪不得贵州那么穷。","train","103263","weibo-103263"
"weibo-92790","0","工人医院中石化加油站 已排起了长龙 等待加油[汗] 话说：零时又要涨油价了[怒][衰][围观]","train","92790","weibo-92790"
"weibo-70006","0","琢磨5秒钟，笑了5分钟。//@方毅_个信: 恩，我一直认为盛大是一个娱乐公司//@ImCola: 好牛比的功能,绝对是划时代的,和太阳能手电筒有得一拼啊!没信号的时候才能体现功能价值[衰] //@浩瀚阳端:5s以上不可通话的状态连线，还有人不挂断？","train","70006","weibo-70006"
"weibo-102503","0","选了个澡+衣服，没了三块多~大学城的热水，流出来为毛像牛奶一样乳白色？可不可以不要那么贵！[泪]","train","102503","weibo-102503"
"weibo-113389","0","才去过3个。。[失望]","train","113389","weibo-113389"
"weibo-67482","0","NND，头痛。晚上喝咖啡+看恐怖片+稿子写不完=睡不着[泪] 今天闭关造字，谁也别理我[委屈]","train","67482","weibo-67482"
"weibo-78367","0","这寓意?没看明白!![抓狂]","train","78367","weibo-78367"
"weibo-111233","0","@西西遥 木有啊[泪]那如果补货的话来两个雅诗兰黛的小棕瓶眼霜，弥补我的伤心吧","train","111233","weibo-111233"
"weibo-64470","0","没有一句话但胜似千言万语 //@张川-致景投资:似乎很多的国人内心越来越麻木了 真滴唤醒我们的人性和良知了@薛蛮子 @徐小平 @王淮Harry //@彬彬: 我们一起做点什么 //@李开复:来自俄罗斯的正能量！ //@罗永浩:我可能是真老了，越来越容易哭了[泪]","train","64470","weibo-64470"
"weibo-71397","0","等了一年，终于降价了[泪][泪]，本来一百多一个的[哈哈]","train","71397","weibo-71397"
"weibo-114750","0","这？[抓狂]","train","114750","weibo-114750"
"weibo-96018","0","【吃遍香港美食】作为一个吃货，看到香港美食简直不能直视了！！三餐再加下午茶宵夜[泪] 羡慕嫉妒恨~","train","96018","weibo-96018"
"weibo-116611","0","靠,堵到我想扔个?过去[抓狂]","train","116611","weibo-116611"
"weibo-113338","0","失心疯，让你别买你非要买！[怒]//@小芳_: 哈哈哈 伞伞惹人爱 ~好bulingbuling喔[偷笑] 最近太痴迷凯蒂猫了 失心疯 [偷笑][哈哈] 但是不斤脏啊 咋个洗也认不得 [泪][泪]","train","113338","weibo-113338"
"weibo-77733","0","马来政府已经多次草率发表错误信息了，这次又基于其国内政治需要急于结束事故处理来止损，看来是准备逃避责任了。关键时刻看中国的表态了//@姚晨: 连残骸都没找到，你们凭什么确认无一生还？！ [怒][泪]//@远方的蜗牛:对这个扯淡的国家，出离愤怒！","train","77733","weibo-77733"
"weibo-66917","0","回复@zangetsu:真的[悲伤] //@zangetsu:不是吧","train","66917","weibo-66917"
"weibo-92967","0","为了不浪费坑爹的二十块门票，怎么也得把它拍够本回来[抓狂]","train","92967","weibo-92967"
"weibo-70203","0","回复@好灵东:我苦等你不着，心凉如秋[泪][泪] //@好灵东:谢谢杨总[兔子]收到伏帝魔的贺电好受宠若惊。只是今年生日忙得找不到北，但是心很温暖[手套]","train","70203","weibo-70203"
"weibo-85626","0","7月飞雪，白天晴天，突然冰雹，闪电不停是不是地震前的预兆??????[衰]","train","85626","weibo-85626"
"weibo-66018","0","好冷~我把温暖丢了[泪]","train","66018","weibo-66018"
"weibo-110407","0","是老了吗？ 真心觉得累 泪 [衰]","train","110407","weibo-110407"
"weibo-68846","0","真的要做成，只是为了增加线下的曝光途径，线上只见可能的低价房源，然后电话过去在继续线下吗[泪][泪][泪][泪][泪]","train","68846","weibo-68846"
"weibo-81444","0","都说同行是＂冤家＂，以前我不信。可是，就在刚才，就在刚才，[泪]@BTV梦遥 你倒底要怎样啊？[抓狂]大半夜出来馋我，又是酸辣肚尖，又是狮子头，我好饿，是那种前胸贴后背的饿[泪]！@盛博 看来，人在江湖混，早晚要被馋！","train","81444","weibo-81444"
"weibo-119803","0","女人们管住自己的嘴巴比什么都重要[偷笑]转给婴儿肥的女孩们[抓狂]@哈皮姐姐 @李慧美Mable @senddy薇 @?小斌同? @Amy符迷 @沈婵娟 @黄晨霞_霞霞 @蔡施施sisi @牟六英 @黄玉玲小甜甜","train","119803","weibo-119803"
"weibo-67812","0","美中不足啊//@HXcUI:回复 @LisaLisaKing :这.... @JJhan 起高了一个调，完全发挥不出来[泪] // @LisaLisaKing :回复 @HXcUI :哈哈哈，为啥？等Roger回来咱一起唱歌去，才发现你唱歌好听[开心][开心][音符][音符][音符] // @HXcUI :转发微博","train","67812","weibo-67812"
"weibo-70949","0","想去??[抓狂]抢???@双面夏wa @骨魔玲 @Kloee","train","70949","weibo-70949"
"weibo-69322","0","出租司机发牢骚 说这两天份子钱都没挣出来 年前堵车太严重了[衰]","train","69322","weibo-69322"
"weibo-92284","0","十年踪迹十年心！#钟汉良#[泪]","train","92284","weibo-92284"
"weibo-82537","0","母狮子吓坏了[泪]//@Lonely-Beijing: 人类太丑恶//@pbashuimaoer: //@小毛驴市民农园: //@Discovery探索频道:请大家爱护动物。","train","82537","weibo-82537"
"weibo-63494","0","@中青报曹林 曹老啥看法？？//@王永: 又是南京！南京！南京，真难呀！[鄙视][怒]@袁裕来律师 @岳?山","train","63494","weibo-63494"
"weibo-82520","0","回复@午后的三脚猫:哈哈哈，又一个[偷笑][偷笑][偷笑][偷笑]我怎么那么高兴[偷笑][偷笑][偷笑] //@午后的三脚猫:[抓狂]","train","82520","weibo-82520"
"weibo-65528","0","真相！！！有这么难吗？？？[怒骂]朱令朱令！！！","train","65528","weibo-65528"
"weibo-110973","0","回复 @百无聊赖的人生:一下机就看见你们这帮人给我发来的各种信息，说要给我接风，已经组好了局，等我，先是心头一暖，刚要感动，仔细一看发现你们丫明知道我今吃素，安排的还各种大鱼大肉！分明俺只是个借口！还必须到！你们大爷的！[怒] //@百无聊赖的人生:welcome back","train","110973","weibo-110973"
"weibo-69184","0","什么破天气、忽冷忽热易感冒。昨天那么热、今天又这么冷[抓狂]","train","69184","weibo-69184"
"weibo-85794","0","感动！想念我的父母！[泪] //@木未成舟_yj：很久看到过，仍然觉得应该感动，孝要抓紧啊。//@孙_鹏飞：//@王芳：好感人哦","train","85794","weibo-85794"
"weibo-62854","0","也是 @茉莉香片1982 //@庄雅婷:[泪][泪][泪][泪]//@玛丽奥乘南瓜车:可现实往往是捱过9月30日后发现还不如那晚死了！?","train","62854","weibo-62854"
"weibo-92700","0","三星I9220真他妈不靠谱啊，还至尊版，系统升级下就完全不稳定啊 ，废的[泪]","train","92700","weibo-92700"
"weibo-76502","0","#北京突发提醒#【开车的亲们速来围观！！互相转告通知！！！[话筒]】9月4日起全市将有50条道路调整交通管控措施，其中46条道路由部分时段单行禁行改为全天单向禁行；4条道路新调整为全天单行禁行。50条道路中涉及东城42条，西城5条，亦庄3条。具体看图。真晕…[晕]via@平安北京","train","76502","weibo-76502"
"weibo-112009","0","[哼] //@刘曼嘉--mango:[晕] 这不会是福尔摩斯2的剧照吧？[晕] //@瞿广慈:附耳磨厮","train","112009","weibo-112009"
"weibo-94354","0","#那一年我们一起追的F4# 12年了，居然已经这么久了......那一年我高二。合体神马的最美好了[泪][泪][给力][给力] Forever 4[爱你][爱你]","train","94354","weibo-94354"
"weibo-92221","0","大雪没去成[衰] //@大蕊蕊--CYTS:@梦游_Echo_公主病 你们上回去了吗？好纯净呀~~~~//@人在江湖身就由己: 遗憾的是我上次没去成呀//@LZX-Tank: //@这个微博有宝: 情人的蓝色眼泪","train","92221","weibo-92221"
"weibo-100807","0","[抓狂][抓狂][抓狂][抓狂][抓狂] //@麻球207:撞墙疼，改成撞海绵又不疼又可以发泄坏情绪","train","100807","weibo-100807"
"weibo-86854","0","这是老木的浴室男友吗？//@木村KIMO: 卧槽……@叫兽易小星 小光头，貌似我们这次撞片了，冥冥中注定，这辈子我们一定会相爱吗？[泪]","train","86854","weibo-86854"
"weibo-69471","0","宜春校园里充满友谊的春季！ //@美国关岛旅行网://@正经事日记: //@迟暮英雄: //@八脉神剑:[泪]//@醉金刚: //@??有笙: [心]//@艺术工作者梁克刚: 这是今天看到的最温暖的消息！ //@舒阳的微博://@水流沙坝烹河蟹5世: 转发微博","train","69471","weibo-69471"
"weibo-98635","0","天还没亮就出发了！去往郑州的路上！感冒还没好！难受啊。。。[衰]","train","98635","weibo-98635"
"weibo-70957","0","每天把觉睡成这副样子也是需要水平的。。。[晕]","train","70957","weibo-70957"
"weibo-101389","0","就休一天，屈原，屈啊[泪] //@说话秘笈:应该直接休到国庆。。[偷笑]","train","101389","weibo-101389"
"weibo-113785","0","昨天的数据还没有出来...[泪]","train","113785","weibo-113785"
"weibo-82547","0","[晕][晕]拍照水平咋样？//@丹徒公安三山派出所:你信得过蜀黍证件照的技术嘛[偷乐]，不过没有打印照片的设备[bm卖萌] 好在现在照相馆加价都能立等可取","train","82547","weibo-82547"
"weibo-88477","0","2011年12月31日12时30分，见红一下，也够给力了！[黑线][可怜][晕]","train","88477","weibo-88477"
"weibo-118431","0","#婆婆也是妈#把我都看糊涂了，很多情结都弄错了，看起来特别扭[抓狂]@演员刘莉莉 妈妈藏李伟茹手机、在家给她按摩伟茹玩儿植物大战僵尸和在医院送排骨汤那几段明明是李伟茹婚前被拍板砖第一次住院的情结啊？不是婚后胃病住院后的情结[抓狂]@演员黄俊鹏 你晕了吗[哈哈]","train","118431","weibo-118431"
"weibo-77397","0","少林寺还有党委？和尚当书记？那你到底是信仰马克思的唯物主义无神论，还是信仰我佛慈悲佛法无边？[抓狂][抓狂][抓狂]","train","77397","weibo-77397"
"weibo-66976","0","他到底犯了什么错你们要这样对待他[泪] 屁股好翘[心] 我在:http://t.cn/8FqA3Xf","train","66976","weibo-66976"
"weibo-109229","0","我只是随便夸奖一句，你不要当真。#哈哈哈哈哈哈哈哈哈哈哈哈哈补刀成功#//@?3?木兆木兆一车仑:回复@撒空空:你从哪里看出我皮肤好，那是因为在你面前我从来不敢素颜！！[泪][泪]","train","109229","weibo-109229"
"weibo-70921","0","[泪]又瘦了，172cm个子才104斤！","train","70921","weibo-70921"
"weibo-75530","0","明天终于可以休息两天了！地球太辛苦了，累死我鸟，我先回火星两天。大后天回来继续当乘务员！[抓狂][抓狂]","train","75530","weibo-75530"
"weibo-115868","0","[泪]一定很好玩","train","115868","weibo-115868"
"weibo-63324","0","怎么就那么没有人性！尼玛，忍不住说恶毒的话诅咒//@宋YiJ爱猫狗: [泪]","train","63324","weibo-63324"
"weibo-111938","0","# Weico＋ #你不是真正的快乐，你的笑只是你的保护色！[泪][泪][泪]","train","111938","weibo-111938"
"weibo-114724","0","//@Bird:支持！ //@一Buddy一:转发~//@卡了蛋儿KYOSA: //@LDART: 再次怒转//@TUTU和左纹: 必须转！为啥这个一直没修改？不是说重视创作者么？重视到哪里了？[泪]","train","114724","weibo-114724"
"weibo-115891","0","每次生??我都回想?初?什??相?。。。 //@不满18周岁禁止入内:好感人[泪]，珍惜现在所爱的人~","train","115891","weibo-115891"
"weibo-78454","0","[熊猫]宝，你为什么不开心啊？[兔子]我把车撞了，我很沮丧！[熊猫]以你的开车技术～车撞了～～有什么好沮丧的～～～[怒骂]?@","train","78454","weibo-78454"
"weibo-68902","0","小心了，景区还是少买东西的好//@胡大镛: [怒] //@丽江纳裔李宁:[衰][怒]，相关旅游部门请出手！@胡大镛 @秦晴的碳足迹 @云南老铁","train","68902","weibo-68902"
"weibo-72611","0","回复@水多新鲜大萝卜:大男孩！[嘻嘻][嘻嘻][嘻嘻] //@水多新鲜大萝卜:是大童好不好[晕]！我的铁棍粉丝江大侠?…… //@张帆DORA:这是江南吖！？省台咋用童工呢[晕][晕][晕]","train","72611","weibo-72611"
"weibo-94176","0","哈！[晕][晕]//@路漫修远-见明天下:在去敬两杯，哈 //@董芳0000: 转发微博。","train","94176","weibo-94176"
"weibo-99423","0","短暂的假期结束了，继续开拔[泪][泪][泪]打前战的筒子们等着我哈@文凯冯KEVIN 我在#首都国际机场3号航站楼(出发)# http://t.cn/zOgMk0B","train","99423","weibo-99423"
"weibo-119466","0","我只看过中国的电视剧[泪]","train","119466","weibo-119466"
"weibo-70867","0","[抓狂]//@编剧余飞:字数折中计算：2000＋30000＋6000×30＋10000＝222000字。全是二。十天内完成必须一天写22200字，甲方可能是六指家族打字神速以己度人了。一般分集完成付酬30％，由此可知本合同编剧单集稿费为：20000/ 30%/30集=2222.2222222222222…元。二到这种程度的稿酬多年未见了。","train","70867","weibo-70867"
"weibo-109589","0","谢谢[泪]等了一宿，做母亲太辛苦了。","train","109589","weibo-109589"
"weibo-110240","0","正在等呢。延误中，还不知道啥时候飞呢！[泪]","train","110240","weibo-110240"
"weibo-92919","0","对@季昭--艺彩昭和 说：文化人!?老闷着呀!!!!怕人学怎么着??说两呗[抓狂]","train","92919","weibo-92919"
"weibo-72858","0","[吃惊][衰]","train","72858","weibo-72858"
"weibo-118000","0","都猥亵了9名女童才被查出来，之前执法部门都看电视剧去了？真想爆粗口！如果 相应部门再不对此类事件严厉处置，那以后大家都不要生女儿了，让中国男女人口不均继续增长吧！[怒]@围着传媒圈儿奔跑 说两句。","train","118000","weibo-118000"
"weibo-102885","0","估计是某电信朋友在神仙道里被秒杀了[晕]","train","102885","weibo-102885"
"weibo-65201","0","BV折扣啦...[围观][抓狂][抓狂][抓狂]","train","65201","weibo-65201"
"weibo-82962","0","夜班[泪] //@???咪_Kiki:今朝休息？","train","82962","weibo-82962"
"weibo-72317","0","被老婆打的呐！[泪][泪][泪][泪] //@悦来汉蓉:打老婆的人通常会越来越穷------@悦来徐文瑜 @悦来美食猫哥 @悦来邱妙芳 @悦来陈岳 //@悦来老陈: [鼓掌] //@悦来徐文镛:@悦来汉蓉 @悦来康王 @悦来越牛 @悦来老陈 @悦来陈岳","train","72317","weibo-72317"
"weibo-102498","0","[泪]感谢各位的精心打造[偷笑]#蕾女#不结婚，天天做新娘！@新娘杂志modernbride","train","102498","weibo-102498"
"weibo-116093","0","今天的路线真吓人，从南到北再到很北的森林公园附近，[泪]，等空些我就去考个中国驾照买个smart！","train","116093","weibo-116093"
"weibo-93527","0","什么叫毅力，什么叫坚持，看看姐姐就知道了~~~//@包子子小屋：明天就开始追求瘦成一道闪电~~//@穿越时空等花开：信芙蓉～必减肥！！！！[抓狂]","train","93527","weibo-93527"
"weibo-65695","0","“徐明的女朋友姜某”不是女性朋友的意思吧……为了一套别墅折腾的这套华丽的避税方案我看了两遍还是云里雾里[衰] 温拿们活着真不嫌麻烦啊","train","65695","weibo-65695"
"weibo-109166","0","羡慕出差顺带旅游的孩纸[泪]","train","109166","weibo-109166"
"weibo-67516","0","恶人！我现在相信世上真有这样的恶人存在[怒] //@朋友张运和:地处偏僻的贵州，这里还没解放吗？ //@邓飞:书记，她还是个孩子。","train","67516","weibo-67516"
"weibo-93213","0","中国的平民真的活得好辛苦。[悲伤]","train","93213","weibo-93213"
"weibo-82598","0","相对于＂医生给的是信心＂，这两天米娃发烧去医院，医生给我的是满心的疑惑和焦虑[晕][抓狂]","train","82598","weibo-82598"
"weibo-71115","0","漫漫长路，何时能买到票阿！换了两家影院了，都这么多人！[泪][泪]","train","71115","weibo-71115"
"weibo-111181","0","大家都很想你！//@阿蛮小女巫:?有我[泪][泪][泪][泪][泪]不?心[委屈][委屈][委屈][委屈][委屈] //@白猿啸月: 离别是为了重聚","train","111181","weibo-111181"
"weibo-118612","0","结束啦！一方欣喜若狂，一方黯然失色。谁会想到，希腊和捷克晋级了？！哎哎哎，我猜的完完全错了！[泪][汗]","train","118612","weibo-118612"
"weibo-64477","0","刚过青甘省界就看到这么一块牌子，甘肃人民欢乐多[晕][晕][晕] 我在:http://t.cn/zlou4Mq","train","64477","weibo-64477"
"weibo-79711","0","马叉，无眼个屁。苍井空嫁你你娶呀，一身病，还不能生小孩了 //@maxzw:重口味 //@子时已到：苍天无眼啊！！！ //@84剩女：伤不起啊！！！！ //@monkey1986:苍天无眼啊！！！ [抓狂] //@时尚街拍美女：苍天无眼啊！！！","train","79711","weibo-79711"
"weibo-118329","0","开会中，木有包子吃，要饿晕了[晕][睡觉]","train","118329","weibo-118329"
"weibo-93434","0","穿高跟鞋成本高，用了五个创可贴[失望]","train","93434","weibo-93434"
"weibo-117467","0","你们见过这么灰头土脸的皇上么?[泪]","train","117467","weibo-117467"
"weibo-106800","0","为了遮掩炎炎夏日下性感的汗味，增加客户体验感，居然被诬蔑为妖媚喽，整风咯，他人味咯。。。辛苦的孩子你们伤不起啊！伤心[泪] //@Shakie大庆: @桔子Jane 看看SHO妖媚的Rod兄～～～// @曲小妹 @高超-清科资本","train","106800","weibo-106800"
"weibo-72799","0","//@倪慕斯:很准有木有！！孤独有木有！脑子很轴有木有！[泪][泪] // @葵小Mo :// @围脖测试控 :?","train","72799","weibo-72799"
"weibo-61834","0","何炅或者李玉刚，王宝强，咋样？关键你说了不算啊，只能建议。到时候还得在他们给的范围里拍。[泪][[泪]泪]千万别象我一样。","train","61834","weibo-61834"
"weibo-64465","0","本山大叔快出来吧！[抓狂]会面完毕我好睡觉去！[打哈气]","train","64465","weibo-64465"
"weibo-61064","0","人民币[泪]","train","61064","weibo-61064"
"weibo-67313","0","总有人撒谎，而大家也都知道是谁在撒谎 //@上上下下的幸福: //@任志强: 看见了。 //@米瑞蓉:在最左边树下的城管手里在摄像的。 //@山野土郎中: //@隆裕太后: 注意城管手中的秆坨！/@导演高晓舰: 杀人凶手凶器找到了！[怒][话筒][话筒]","train","67313","weibo-67313"
"weibo-104112","0","@放羊 发现@美食推 网友@牛牛0812 的探店分享：#鲜芋仙(SOHO现代城店)#产检又抽我的血[泪][哼]必须鲜芋仙甜品一个补起来[嘻嘻]哼哼～>> http://t.cn/zjUNIHM","train","104112","weibo-104112"
"weibo-71938","0","回复@GameZhang:我们就是在创业啊！这两天大家@披着白羊的天蝎dhaw @楚丫儿 @万蒂妮 @朱赤丹 几乎都是以进入思维半昏迷状态结束14个小时工作的[晕] //@GameZhang:这种工作强度都快跟创业团队一样了。。。好辛苦哇。","train","71938","weibo-71938"
"weibo-64219","0","叙利亚一名少女Fatoum Al-Jassem,因为登陆facebook账号, 被基地组织武装分子送到当地。伊斯兰宗教法庭以“上社交网络等同于通奸”为由判处“石刑”，即用乱石砸死。该法庭认为，该女子拥有FB是极大的罪行，应当受到严厉惩罚。讽刺地是，这一基地组织本身就拥有FB账号，但他们不允许女人用FB[怒][怒]","train","64219","weibo-64219"
"weibo-97377","0","小爸爸真的是一颗催泪弹啊[泪]眼睛明天还得肿。担得起责任的爸爸就要点赞[good]","train","97377","weibo-97377"
"weibo-110143","0","[悲伤]，只要有希望，都不能放弃//@柏?寰?: [心]","train","110143","weibo-110143"
"weibo-113479","0","最近一变天，我的头就痛到要炸掉，是老了吧？[抓狂][抓狂]","train","113479","weibo-113479"
"weibo-101658","0","你放手我就死了[心][伤心]（转自网络）","train","101658","weibo-101658"
"weibo-67988","0","[泪][晕]别拿豆包不当干粮。 //@爱赫宝宝_猫:呃呃，撞到小辉辉身上，小宝好痛哒~ //@雨中的老鼠: //@荣雪斌:想想我的买车经历，大众太牛了，还是别克的服务好。 //@海淀区难得糊涂笑嘻嘻:大众公司醒醒吧，不要把所有车做的都长相一样啦![酷]","train","67988","weibo-67988"
"weibo-95467","0","求合作[嘻嘻]//@nike1177:我有点害怕！请问是哪家公司[衰]","train","95467","weibo-95467"
"weibo-114611","0","[泪]生命不息，拔萝卜不止~","train","114611","weibo-114611"
"weibo-107996","0","退隐多年的武林高手再现江湖… //@嘻哈包袱铺官方微博:[抓狂] //@嘻哈包袱铺刘星:拳皇","train","107996","weibo-107996"
"weibo-84963","0","那么烂！这样解释！！ //@暗地妖娆嚼舌:呃……片子拍烂了还可以酱解释啊……[衰]","train","84963","weibo-84963"
"weibo-116681","0","尚宝儿拍过的最浪漫的一部MV[羞嗒嗒]，遥想当年，各种烹制男猪脚的方法流传于贴吧[可怜]，每个人都对湾湾彭羡慕嫉妒恨[拍砖]。是由于这个原因，所以吓得猪脚们望而却步，不再敢拍MV了吗？从此以后，MV再也不见猪脚的踪影[泪]。","train","116681","weibo-116681"
"weibo-86607","0","一位慈祥的老人，慈眉善目，和蔼可亲，和您做过几期节目，非常喜欢您。[赞]愿老人家一路走好，我们永远想念您[泪][蜡烛][蜡烛][蜡烛][蜡烛][蜡烛][蜡烛]","train","86607","weibo-86607"
"weibo-68480","0","让我死了算了[泪]","train","68480","weibo-68480"
"weibo-102383","0","吃完砂锅粥，又吃避风塘，健胃消食片和多酶片先吃起来，，，，[晕]","train","102383","weibo-102383"
"weibo-104672","0","浪漫无处不在//@皆喜结婚网:这种求婚方式是多么的浪漫动人～[泪]","train","104672","weibo-104672"
"weibo-102689","0","人民不会忘记，历史不会忘记[泪][泪]//@风林火山私家牛板筋火锅://@解决网许怀哲: 辛勤的无效工作染黑了他们的头发//@老沉: //@报纸观察: 这张照片太有价值了！李总、温总、朱总。","train","102689","weibo-102689"
"weibo-73159","0","困啊[泪][睡觉][晕]还在车上[睡觉]","train","73159","weibo-73159"
"weibo-95461","0","天呐，我是在一个什么样的教学楼里面呢，刚才语音室给人热死，现在的教室给人冻死！整死我算了！[泪]","train","95461","weibo-95461"
"weibo-79005","0","[蜡烛][蜡烛][蜡烛]//@张黎刚:若晴初定于21号本周六在青岛胶南殡仪馆举行仪式，永别了若晴！[伤心][伤心][伤心][蜡烛][蜡烛][蜡烛]","train","79005","weibo-79005"
"weibo-62044","0","观棋不语真君子 //@北京兵人:回复@三俗熊-或跃在渊: 哥，我宣布大脑小脑同时缺氧！[晕] //@三俗熊-或跃在渊:厨子兄，您没想过这盘棋可能不止两边在下吗？","train","62044","weibo-62044"
"weibo-70970","0","壮志凌云。//@DJ路路通: 老当益壮 //@汶静_Sunny:长生不老//@大洋飞虎: 来日方长~~ //@老沉:死去活来//@邓飞:生不如死。。[泪] //@海特天高:辉煌人生//@幸福摩天轮Min: 熠熠生辉(谐音)[呵呵] //@刘勘:一劳永逸","train","70970","weibo-70970"
"weibo-95854","0","以后生个女儿，也叫李娜！ //@被狗曰: //@谢娜:这笑话冷啦[晕]","train","95854","weibo-95854"
"weibo-69914","0","这是哪里？[晕]","train","69914","weibo-69914"
"weibo-95900","0","确定这是美国人玩的？中文写的挺流畅哇！！[晕]","train","95900","weibo-95900"
"weibo-86810","0","下次过来给你做[爱你][爱你][爱你]//@猪猪女王-:小鬼好帅[嘻嘻][嘻嘻]薯条还没有吃到[泪][泪]","train","86810","weibo-86810"
"weibo-70421","0","回复 @伊?_iori:ying我觉得应该是我备份到电脑也备份到icloud了，所以恢复了两份[衰] //@伊?_iori: 我昨天晚上也升了，没有双份啊","train","70421","weibo-70421"
"weibo-101311","0","写真么//@虎究兼职: [衰]","train","101311","weibo-101311"
"weibo-83417","0","反正每人最多限20次，转评。。。。//@H爱情拼图F: 上次的小王我猜的不是第一个，这次猜大王[抓狂]","train","83417","weibo-83417"
"weibo-116026","0","困死了，才睡了两个小时又出来工作！眼睛肿的很不舒服。[失望]","train","116026","weibo-116026"
"weibo-79516","0","原来，这世界上最痛苦的事是扭到脖子[泪]","train","79516","weibo-79516"
"weibo-83248","0","楼下经常吃的两家饭馆都关门了。。。吃饭是个问题。。[衰]","train","83248","weibo-83248"
"weibo-92059","0","很久没有看到@茹漪 ，她说我变瘦了，星爷变白了。我很想知道我们之前是有多胖多黑！！[衰] 我讨厌镜子里的自己，肥大妈！！！我想变成青春美少女！","train","92059","weibo-92059"
"weibo-112636","0","长知识啊朋友们//@大游：飞极地航线接近极地时，乘务员很明显不进驾驶舱，就剩我们俩人可怜巴巴的被各种射。。[泪] //@GZ1843:超人变身！！// @Jeffwell :人生难得一见，还在飞机上… 有极光表示宇宙射线极强，还在飞机上…","train","112636","weibo-112636"
"weibo-66386","0","好累～家里网络又坏了[抓狂]数据信号还不好～这是想让我彻底休息啊！不管了！碎觉！[哼]","train","66386","weibo-66386"
"weibo-70627","0","回复@怯弱的狮子Susan:我上次去就玩了五个，你们咋玩了这么多 //@怯弱的狮子Susan:表哭，我们替你玩了很多项目呢。 //@墙根网-蜗牛:[泪]","train","70627","weibo-70627"
"weibo-94823","0","看到这样的人，总会让我感觉自己缺了好多… //@自行车青科大卞奕彬:嗯哼//@胡爷-玩转大中华:[晕] //@杨粉帅:佩服//@GORE-TEX-R-品牌:彪悍的人生不需要解释！","train","94823","weibo-94823"
"weibo-117211","0","回复 @瘟神66:终于到达温暖的家。2个多小时，长沙都飞到了[抓狂]喝杯热牛奶慰问下自己[委屈] //@瘟神66:回复 @美美Lisa:阿门陀佛，，祝愿您到了。。?开喝了。。","train","117211","weibo-117211"
"weibo-91863","0","我们天津欢迎您！来吧！ //@许健铁刨花儿:[泪]我们也想您~~~[泪]//@史清元: 想大伙了！","train","91863","weibo-91863"
"weibo-71304","0","千辛万苦等到的替补蓝，可惜穿不了[泪] 要不我再增肥试试[嘻嘻]","train","71304","weibo-71304"
"weibo-67135","0","[泪]心都被萌化了。。","train","67135","weibo-67135"
"weibo-72427","0","体重变化大...现...[衰][衰][衰]","train","72427","weibo-72427"
"weibo-68268","0","#大吃大话#减肥的孩子伤不起 [晕][晕]","train","68268","weibo-68268"
"weibo-94192","0","众高丛中独个矮[泪] @刘娜_丢丢 姐姐主持的很舒服，向你学习！","train","94192","weibo-94192"
"weibo-74973","0","各种打着改革幌子收钱的都是耍流氓！[怒] //@任志强:先改税制是基础。","train","74973","weibo-74973"
"weibo-105197","0","我靠！终于来了，等了很久了！[泪]这个北京的冬天让它陪，昨晚喝了半杯睡觉好舒心。@Alena-Lee @威廉MA @摄影师苏小糖 @比岸--? @sukihere","train","105197","weibo-105197"
"weibo-114545","0","下半夜，我家一位小老爷们发烧了[抓狂][抓狂][抓狂]","train","114545","weibo-114545"
"weibo-110087","0","我是该笑呢还是该哭呢 //@风生水起小丁丁:终于圆了老班长的遗愿[泪]","train","110087","weibo-110087"
"weibo-88746","0","体内藏毒，这得举报啊！//@北温带骆驼: [衰][吃惊][怒]//@演员孙海英://@人性之美丽: [怒]","train","88746","weibo-88746"
"weibo-82383","0","[酷][衰][衰][衰][衰][衰] 我在这里:http://t.cn/zljrT78","train","82383","weibo-82383"
"weibo-70526","0","为什么！为什么让我在去机场的路上看到这的！[抓狂]","train","70526","weibo-70526"
"weibo-69974","0","这样的政府要它何为！//@煮酒谈史:[怒]","train","69974","weibo-69974"
"weibo-114315","0","我是先睡个回笼觉呢，还是现在就出门采购呢？纠结死我了[泪]","train","114315","weibo-114315"
"weibo-67262","0","飞机好小[泪] 我在:http://t.cn/zlLUueB","train","67262","weibo-67262"
"weibo-69108","0","立冬吃饺子，冬至吃饺子，立秋抢秋膘要吃饺子，三十团圆吃饺子，初一过年还要吃饺子~~~一年到头吃饺子，你们想过饺子的感受吗[怒][怒][怒][怒]","train","69108","weibo-69108"
"weibo-115916","0","真不是我娇气，这只伤在表面的小伤口是真的疼啊[泪]","train","115916","weibo-115916"
"weibo-103746","0","第五季都没看了[泪]要补起来","train","103746","weibo-103746"
"weibo-67652","0","[泪]问题很严重 //@Ciky的角落:我也挂过，但那时我挂出来的显然没你这么可怕。我肩膀两处颜色明显些，其他地方类似抓痕。看来你问题不小啊！","train","67652","weibo-67652"
"weibo-64922","0","想看哈利波特看不到。一个月后必然已被各种剧透了。[抓狂]","train","64922","weibo-64922"
"weibo-119399","0","[围观] //@CCTV-共同关注: //@天地一沙鸥_83147:[xkl转圈] //@蓝天白云悄悄地活: 杀人偿命！[怒骂] //@天地一沙鸥_83147: 听他说吧,静听 //@手机用户2917725887: 刘万权可以出来辟谣 //@天地一沙鸥_83147:你正确[xkl转圈]","train","119399","weibo-119399"
"weibo-84777","0","回复@小小女人大大梦想:又来了[哼]都快成闪电了 //@小小女人大大梦想:我胖了 164的身高都快90斤了 我要减肥[抓狂]","train","84777","weibo-84777"
"weibo-73068","0","呼吁行动 //@陈奇奇Vicky:转起[话筒] //@梁启春_TCL:呼吁行动！//@朱哲琴:地上污染 地下污染 亲们 怎么活 怎能坐以待毙！办法呀[泪][汗][鄙视][闭嘴][吃惊][抓狂][怒骂][委屈][可怜][生病][右哼哼][左哼哼]","train","73068","weibo-73068"
"weibo-62791","0","在一条拐弯抹角的长龙中缓缓挪动[泪]","train","62791","weibo-62791"
"weibo-109971","0","给我爹打电话，惊闻他正在京沪高铁列车上被邀请试乘，北京-上海-北京一下午往返。。。[大汗] 不是据说这玩意儿安全性有待商榷么。。。我爹安全不安全啊？？？没事当神马小白鼠啊？？？[抓狂]","train","109971","weibo-109971"
"weibo-79422","0","太瘦也不行啊[嘻嘻] //@直播江苏官方微博:亮瞎你的眼[衰][晕][?]","train","79422","weibo-79422"
"weibo-83114","0","我去年买了个表//@邢山虎_说不得大师: bug了。新版就改了。耽误您游戏，实在抱歉。我们尽快开。//@JHLee断木: 回复@Y三月初七:顶上，PP区笑而不语[泪]，我这叫笑么，最低爆率，最低福利…","train","83114","weibo-83114"
"weibo-61793","0","Baby见字如见人，不象小编的字那么丑。。。[泪] //@Sunny姓Tsui: 其实北鼻的字很飘逸的列~[偷笑][偷笑][偷笑]哈哈不过北鼻也很潇洒[哈哈][哈哈]我要拉同学陪我看在一起[抓狂][抓狂]","train","61793","weibo-61793"
"weibo-102564","0","#我不是明星#第二季第六期今晚22:00准时开播，今晚将有一大波长腿辣妹来袭，气质美貌身材一样不落，羡慕不来啊~小编表示只能望洋兴叹了[悲伤]想养眼的小伙伴们绝对不能错过今晚的节目哟，更有一位明星子女将和模特们共同完成一场精彩的走秀表演[围观]猜猜她是谁呢？[思考]","train","102564","weibo-102564"
"weibo-118556","0","挺住！曙光在前方，并不遥远！ [赞]//@中国乡村之声陈?: 乖哈，乖哈，再挺几天啊~//@CNR刘??: 我也想睡个长长的觉，真心是体力不支了…[衰]//@CNR李小阿楠:我不想哭，只想睡觉！睡个三天三夜！真心是熬不住了！！！","train","118556","weibo-118556"
"weibo-65991","0","大周末的，为什么我没有懒觉那，我好像周末睡到中午，可是到点就醒了，[怒]是不是变老头了！","train","65991","weibo-65991"
"weibo-96791","0","不过我的痒貌似要提前 //@ZhaoZhao_ihiking:咱俩还有唐唐今年迈进七年之痒了，栗子是不是呢[可爱]岁月不饶人，不饶人啊[抓狂]","train","96791","weibo-96791"
"weibo-63223","0","塞纳河边的Paris plage巴黎海滩全是音乐和快乐的人群，而我的快乐在哪里呢？[泪]","train","63223","weibo-63223"
"weibo-109499","0","今天不是特别忙，于是午休时间打开淘宝瞎逛，看啊看啊不知不觉就消费了5、600块钱。。。[晕]这是肿么了。。。","train","109499","weibo-109499"
"weibo-88873","0","[黑线]什么时候的事。。。//@欢乐的一只眼: 便便爱好者看过来@西达小破孩 @??嘉-不?-?喜 这个重口了吧[衰]//@急救医生贾大成:滥用抗生素的严重后果之一------肠道菌群失调，治疗往往十分困难。大便灌肠，早已有之，可纠正菌群失调。","train","88873","weibo-88873"
"weibo-99843","0","99%的中餐馆子（如果不是100%的话），上菜次序都是胡闹的――凉菜、汤品、肉菜、素材、主食、甜品等等，基本都是厨师看当日心情，做好哪道服务员上哪道。我自己就遇到过无数次主食比凉菜还先上的情况……[泪]","train","99843","weibo-99843"
"weibo-67940","0","TMD //@闻健景寺:[怒][怒][怒][?筒] //@莹莹互粉://@吸纳水:@闻健景寺 @长春电视台社区办事处 @莹莹互粉","train","67940","weibo-67940"
"weibo-113030","0","求详情[吃惊][吃惊][吃惊]//@三摩地帮主: @大陆桥-传奇 @厨王争霸_国际顶级厨艺大赛 [怒][怒][怒][怒][怒]你们是在拿我们的职业和人格开玩笑，为了你们自己的利益，来伤害我们厨师，你们好意思吗，你们的活动太不靠谱了，以后我拒绝参加。。。","train","113030","weibo-113030"
"weibo-119716","0","[晕]我还多爱吸","train","119716","weibo-119716"
"weibo-62097","0","求知道前面到底发生了什么，堵了仨小时没动了[泪] 我在:http://t.cn/8Fa8ur6","train","62097","weibo-62097"
"weibo-97893","0","//@姚晨: [失望] //@闻小雅://@陈坤: 哎！","train","97893","weibo-97893"
"weibo-88667","0","台风不是已经过去了吗？ //@实用小百科:无语了...[衰]","train","88667","weibo-88667"
"weibo-108282","0","蓉乌高速公路上滴连环车祸。。全是宝马新三系啊。[泪][泪] 我在:http://t.cn/zW15tZD","train","108282","weibo-108282"
"weibo-99319","0","[伤心][蜡烛] //@演员杨静儿: 最近为什么总撞船[蜡烛][蜡烛]","train","99319","weibo-99319"
"weibo-87696","0","抹茶慕斯就卖光光了……[泪][泪][泪] //@UID_Cafe:Piccolo最近火了！这是好节奏，大家都该来试试！","train","87696","weibo-87696"
"weibo-83822","0","上学时放学时曾经走过无数遍的此地，，，默默的感慨幸运，，， //@罗兵: @文怡 @冯? //@麻宁1985: //@曾小记: [衰] //@平安北京: 交通部门提示，如果路面出现缓慢沉降的迹象，可拨打88465055抢修电话。","train","83822","weibo-83822"
"weibo-118206","0","这才是真正好吃又实惠的汤包！[馋嘴]佳家不再了！[心]纯蟹粉汤包一份12个，才99元，货真价实！好吃的流泪了！[泪]","train","118206","weibo-118206"
"weibo-107624","0","这位大妈根正苗红啊！//@仲?：这位大妈觉悟最高。//@布丁de粑粑：//@Bryan_Hou：[衰]","train","107624","weibo-107624"
"weibo-69168","0","[晕][晕][晕][晕][晕][晕][晕][晕][晕][晕][晕][晕][晕][晕][晕][晕]这么多屁屁[晕][晕][晕][晕][晕][晕][晕][晕][晕][晕][晕][晕][晕][晕][晕][晕][晕]","train","69168","weibo-69168"
"weibo-101404","0","感冒，流涕，无力，大口灌水，我！现在状态如此！！[泪][泪][泪]","train","101404","weibo-101404"
"weibo-108923","0","[怒]//@张启明v: //@孔智勇-: 今天你不站出来，明天你就站不出来！请大家扩散！当局请给个说法！[怒][怒]","train","108923","weibo-108923"
"weibo-88102","0","//@THIRST: 我曾经看过一个视频，就是讲一瓶纯净水背后的耗费。里面提到好多发达国家（比如美国）将废弃的塑料瓶子回收后不是重新投入生产制造中，而是运到了第三世界国家（比如印度），堆砌在他们的土地上，以可持续之名做着一点都不可持续的事情。[怒]","train","88102","weibo-88102"
"weibo-118907","0","想得美！没嫁出去之前你得对我负责[怒]//@涂松岩:回复@黄小蕾:谢谢你放过我[酷] //@黄小蕾:可是老妈又撮合我俩了，我不干！看不上你！ //@涂松岩:老妈，节日快乐！您一直是我们的榜样[good] //@涂松岩:老妈，节日快乐！您一直是我们的榜样[good]","train","118907","weibo-118907"
"weibo-119261","0","求上拉片课~[泪]","train","119261","weibo-119261"
"weibo-111137","0","我六斤！[泪] //@刘芸:原来不止偶一人[泪]","train","111137","weibo-111137"
"weibo-87228","0","我还没找到感觉[泪]","train","87228","weibo-87228"
"weibo-101678","0","刚笑话完酒店真特么像个马桶圈呀，就被送来这么一道[衰]#深夜笑点低#","train","101678","weibo-101678"
"weibo-106500","0","还想要多黑[泪]//@一弛:这个黑人不太黑。//@BTV-笑星撞地球: @刘金霏 @晨阳real @老男人更温柔 @一弛 @魔术师王禹 @水瓶王杨杨 @吴大瑕 @龙舒ls @赵伟BTV @春妮 @主持人曹扬 @王小骞 @王洁实 @大提琴手朱力安","train","106500","weibo-106500"
"weibo-114329","0","泰山归来，疲惫不堪啊，连续5天没休息好了，每晚都三五个小时的睡眠，今晚早睡觉了。[泪]","train","114329","weibo-114329"
"weibo-111313","0","我?食物最?的??是幼??城?影院?口炸得香香排著?油的菜?。?想到北角居然有?！?上照例是不能吃?西的，但那??的感??起了童年的??[泪]","train","111313","weibo-111313"
"weibo-62777","0","回家晚了没给留饭，哀怨的望着老妈，太后慢悠悠地说，我给你开罐鱼罐头，拌点猫粮怎么样？[泪]","train","62777","weibo-62777"
"weibo-97063","0","深深地祝明年更棒，怀念部门初创的酸甜苦辣[泪]","train","97063","weibo-97063"
"weibo-98391","0","美哭了 //@殳俏: 是那种每页背后都是烹饪法可以撕下来用磁铁吸在冰箱上提醒自己做得不够好家里盘子也不够美的菜谱书 [泪] //@悦食Epicure:美得好热闹","train","98391","weibo-98391"
"weibo-69909","0","明天不光你们上班，我也要开业了，我也头疼[泪]","train","69909","weibo-69909"
"weibo-84096","0","回复@乖乖Cindy:同求 //@乖乖Cindy:给个直播的地址啊，谢！ //@连鹏:不睡了，围观此事。这可比喜剧好笑多了～～不看绝对可惜哇～～[抓狂][嘻嘻]","train","84096","weibo-84096"
"weibo-85163","0","Well, Im not good.相位艰难的时刻快点过完吧，需要透透气[泪]","train","85163","weibo-85163"
"weibo-64338","0","好吧，我我承认，我饿了[泪]","train","64338","weibo-64338"
"weibo-86724","0","来店里吃，赠送哟[偷笑] //@阿徐MM想妈妈:啊啊啊 忘记买了 明天没的吃了[抓狂] //@东京留学://@中国茶房8新宿店:欢迎各位光临[握手][握手][握手]","train","86724","weibo-86724"
"weibo-86876","0","怎么看都像我儿子，好可奈啊…快乐童年真好，书包铅笔盒画板新衣服和蛋糕，哎我想起我小时候了…[泪][泪]","train","86876","weibo-86876"
"weibo-65867","0","被困迪卡农[衰] 我在:http://t.cn/zjRLbnN","train","65867","weibo-65867"
"weibo-60130","0","回复 @LOCAAMANDA:已经打过投诉电话了，竟然说如果空车见乘客招手，车子没停，就不算是拒载！[怒] //@LOCAAMANDA: 投诉投诉，妈的！你干嘛去呀","train","60130","weibo-60130"
"weibo-119115","0","[泪][泪] //@阿夏阿虾:[泪][泪][猪头][猪头]","train","119115","weibo-119115"
"weibo-68521","0","回复@糖糖和BB:关键是现在一天遛三次，他一点儿事儿没有???????????????我都累了[泪] //@糖糖和BB:多带木耳粗去玩 玩累了就不会乱咬了！狗狗就是因为缺少运动才会啃你拖鞋[挖鼻屎][挖鼻屎][挖鼻屎][挖鼻屎]","train","68521","weibo-68521"
"weibo-104090","0","刚看央九的纪录片，那么小的男孩有爱滋，小朋友都躲着他，他说他们歧视自己，好心痛！[泪]什么时候能彻底治愈他们呢？","train","104090","weibo-104090"
"weibo-63888","0","艹尼玛的记者还特么拍呢？[怒]","train","63888","weibo-63888"
"weibo-66118","0","//@hi_liuyang: //@摆个地摊奔小康://@胖猫张舒扬:别再想让我捐款了[怒][怒] //@优素福白颖://@兰州板砖二世:??//@惠州陈律师:王八蛋，邪恶政权。","train","66118","weibo-66118"
"weibo-66240","0","#另一半为我做过最贴心的事#说到恋爱中难忘的幸福瞬间，偷偷跟大家报个料~冬天穿羊毛衣是最保暖的[雪]但@徐若?Vivian 对所有羊毛质地的衣服都过敏，因此她的另一半为了亲爱的她，将所有含羊毛的衣物都送给了别人~是不是超感人[泪]你身边的那个TA为你做过最贴心的事又是什么呢？一起加入话题讨论吧！","train","66240","weibo-66240"
"weibo-71129","0","我怎感觉尚可，前面还在外面散步半小时 //@小容易?在不容易: @J-Shape 太恐怖了[衰]","train","71129","weibo-71129"
"weibo-96877","0","[泪]好可怜//@相声演员王勇: //@演员经纪王小遒: 转发微博","train","96877","weibo-96877"
"weibo-94517","0","俺们理解你。[悲伤] //@模特张亮:非常遗憾主办方被迫取消此次活动！也是为大家的安全考虑！希望大家可以理解！！！","train","94517","weibo-94517"
"weibo-109804","0","突然一激灵，以为今天是工作日，要迟到呢~[晕][晕]","train","109804","weibo-109804"
"weibo-92258","0","刚刚翻东西在阳台是发现一个陌生的包打开一看瞬间喷血我觉得我已经过去了[衰][泪][泪][泪][泪][泪][泪][泪][泪][泪][泪][泪]是谁留下的?","train","92258","weibo-92258"
"weibo-118205","0","国内好多著名景点我都没去过：泰山、华山、长白山、九华山、普陀山、张家界、九寨沟、桂林、西藏、敦煌、喀纳斯、婺源、黄果树、，对这些地方人满为患和宰客没商量颇感恐惧。。。[衰]","train","118205","weibo-118205"
"weibo-77711","0","牙疼>胃疼 崩溃中！[泪] 此刻，我想要个温暖的拥抱。","train","77711","weibo-77711"
"weibo-62710","0","在我们村 这招叫做喜鹊登枝 议员们都是练家子哈 //@王朔有话说:[黑线] //@前史之鉴:[衰]","train","62710","weibo-62710"
"weibo-98395","0","没看大图以为筹码呢 //@秦洲同:哈哈，好，我就喜欢有人请客吃饭[晕]","train","98395","weibo-98395"
"weibo-97248","0","回复@雨后晴空sunny:所以我们做女儿的不论多忙，每年都要留些时间陪陪爸妈，哪怕什么都没为她们做，陪着，她们就觉得幸福 //@雨后晴空sunny:心酸，，只因为我们都是女儿，注定就不能长久的陪伴父母身边，想想都觉得愧疚！[泪]","train","97248","weibo-97248"
"weibo-84185","0","这是哪一招？太新鲜了！在传授内功吗[哈哈] ？患者的福音，悲伤的克星[抓狂] ！患者朋友们表示很期待！！！想一夕学会歌唱秘籍吗？想升一级病房，得到更好的护理吗？[奥特曼] 千万不要错过本周六晚快乐大本营！","train","84185","weibo-84185"
"weibo-69240","0","这是有名的话题公司么，要在浦东盖楼喽[怒骂]","train","69240","weibo-69240"
"weibo-104683","0","到杭州的第一夜，想早点睡，明天可以出去享受一周来的第一个晴天，但是连续三天熬夜的副作用就是现在想早睡却一点也不困，怎么办呢？还有五个夜晚在等待着我！！！[抓狂]","train","104683","weibo-104683"
"weibo-87584","0","Size XS S M L ...咨询请留言...倒时差中...[泪][泪][泪] 我晚些回复大家...?","train","87584","weibo-87584"
"weibo-119244","0","真幸福！羡慕[泪]@yuhi2010 @萝卜馅的包子--老Queen @?儿?儿 @奶茶-各种慢的生活 @stanleyFanFou @原厂鱼丸 各位当爸的当妈的都看看","train","119244","weibo-119244"
"weibo-61379","0","车展第二天?[泪]找到了大学军训的感觉 我在这里:http://t.cn/zjcuPCi","train","61379","weibo-61379"
"weibo-78345","0","我心中的浪漫情人节是什么样的？A:一起用晚餐，简单就好，最重要的是两个人在一起的感觉。B:一起看场电影，顺便可以在看电影的时候悄悄牵你的手。C:在一个人潮人涌的地方吻你。简单吧，一个人无论如何也不可能把这样浪漫的事情完成。[怒]","train","78345","weibo-78345"
"weibo-108962","0","回复@小芬儿_芬达:[抓狂][抓狂][抓狂][抓狂]回锅肉！一道解不开心结的锁[泪][泪]回不到儿时味觉，虽有材质等等原因.....五一后我大姐来北京！私家厨房高高手！！！ //@小芬儿_芬达:吃方便面的飘过[泪]","train","108962","weibo-108962"
"weibo-100963","0","看着有点热[思考][思考]万一口香糖。。。怎么办[衰]","train","100963","weibo-100963"
"weibo-75329","0","转 //@查立:无语...寒心...[泪] //@但斌://@woai_zuomeng:晚了 // @尹剑侠 :怒转 // @广煜guangyu :","train","75329","weibo-75329"
"weibo-66025","0","[围观]普陀山计划两年之内上市，峨眉山已于五年前上市，九华山今年第三次闯关A股；五台山上市被政府列为重要工作之一。或有一天，导游会亲切地说：欢迎到中国四大佛教上市公司参观！[晕]","train","66025","weibo-66025"
"weibo-68097","0","回复@姜孔:啊？晒不行吗？我看《西游记》里就这么晒的呀。晒书的孩纸伤不起呀！ //@姜孔:幸亏是发水，不是火。这么多可燃物，消防要留神了。书要风干或者阴干吧，否则或变形粘连吧，你最好百度一下 //@相声郭伟:你改名叫缺德江比较合适[怒骂]","train","68097","weibo-68097"
"weibo-75239","0","[晕][威武][闭嘴] //@王伟业: //@莲开正红:","train","75239","weibo-75239"
"weibo-108951","0","潇洒的一米哎~//@梓宵de娜妈: [晕][晕][晕]","train","108951","weibo-108951"
"weibo-71283","0","[泪] 八月开幕就想去，一直没时间。俺喜欢奈良//@sunny25: @北京鸭脖 ,你去看吧,一看就想起你那大眼睛","train","71283","weibo-71283"
"weibo-110619","0","一路颠簸，三小时的山路，此刻在四十多度的烈日下暴晒[晕][汗][太阳]坚持！坚持！笑容依旧[可爱][呵呵]因为这些孩子需要关怀，需要爱！[心][爱心传递]他们亲手系上的红领巾我会永远珍藏[温暖帽子][心]","train","110619","weibo-110619"
"weibo-85069","0","//@相约一块去旅行:中枪的金牛有木有啊[抓狂]","train","85069","weibo-85069"
"weibo-94535","0","最近天天吃大闸蟹了，连着四五天了，刚从姥姥家回来，姥姥家今晚也是大闸蟹。[衰][衰][衰] 本来挺幸福的，但是偶上火了，脸上起个痘，嘴里起个泡[泪][泪][泪][泪][抓狂][抓狂][抓狂] 最气人的是，明晚舅舅一家过来，舅舅他们也买了大闸蟹。[生病][生病]","train","94535","weibo-94535"
"weibo-107437","0","昨天应该玩这个。。。强项中的强项啊！比喊数抱在一起要合适啊，尤其是只有一个男生，太尴尬了，差点掉到后台。。。[衰]@小可疼 @嘎兰@夕小雅 @果儿小小个 @琪缘 @圆脸小杉杉 @刘?Wing @权静 是@miko熙函 安排的吧，明明手里拿着一堆卡片，偷梁换柱[右哼哼]","train","107437","weibo-107437"
"weibo-87358","0","就在今夜儿你的梦中 //@神灯精灵宝宝: 什么时候我们也能来场如此疯狂的年会？[疑问]@喝味全的水母 @修心天高云淡 @zoey_lee @Ranie-- @taryn_x //@全球创意搜罗: [晕] 太疯狂了吧！！","train","87358","weibo-87358"
"weibo-79598","0","回复@吴苏媚:得年后了啊，年前装订的样书一直没到，我只是把唯一的一本寄给她了[泪] //@吴苏媚:小董。葱婶的书我怎么还没收到啊。请问快递单号有吗。 //@董曦阳:[嘻嘻]","train","79598","weibo-79598"
"weibo-60912","0","有//@存存嘿: 有吗有吗？？[晕]@H星大魔王废柴猫子","train","60912","weibo-60912"
"weibo-104980","0","感动，亲自买包子[泪]","train","104980","weibo-104980"
"weibo-102678","0","//@相声演员刘骥:必须同意！ //@雷总518:美丽的中秋之夜让中国好声音糟蹋了！黑幕！肮脏的交易！[怒][怒]//@何氏眼科何向东:[吃惊] //@康定康巴://@他回精神病院了: [哈哈]","train","102678","weibo-102678"
"weibo-75983","0","今天开了四个会，现在还要必须参加一个培训，知道为什么我天天要加班了吧！[泪][泪][泪]","train","75983","weibo-75983"
"weibo-117259","0","@拖拖妹 @游鱼出听 //@晃J的生活: 一口血喷在屏幕上...这太重口味了//@这个绝对有意思: 碉堡啊！亮瞎了！！[抓狂]","train","117259","weibo-117259"
"weibo-112023","0","在将府公园看过房子，没谈下来[衰]//@木匠Bryan: 你要是敢在酒仙桥开一个店，我就天天去吃啊！！！！！！//@懒人业余餐厅: 朗园北边必胜客的芝士批萨将就一下吧[汗][汗]//@夏夏inBJ: 郎园店快点开！！！！在附近呢，饿死，找不到靠谱馆子！","train","112023","weibo-112023"
"weibo-68288","0","//@天王星儿: @疾行万里路 @万紫千红001668 ?//@纪许光:临沂，独立了吗？ //@元芳视角:[怒骂]","train","68288","weibo-68288"
"weibo-83517","0","哎 //@wangbingobingo:// @智者先知di-pan ：[围观] // @杜元华-CEIBS10SZ ：[怒]// @梧桐细雨夜 :铁道部，算你狠！// @彭松超 ：无语啊！[闭嘴] // @武黎嵩 :可恨之极","train","83517","weibo-83517"
"weibo-90411","0","现在看来，除夕你还得步行。//@泡面v白菜:我曰！除夕我限号[泪] //@华平:希望以人为本//@文化民工:[赞]高！//@发哥发微:1、准备一个照相机，到交警队去，帮他“查查岗”，除夕不放假的嘛；","train","90411","weibo-90411"
"weibo-82302","0","哦嚯，停水了...... 更要命的是还停了WIFI [抓狂][抓狂]","train","82302","weibo-82302"
"weibo-103110","0","回复@靠垫掌柜:有这事。。。那Q给我：770520288 //@靠垫掌柜:好像发不了链接啊 被当做广告了[泪]","train","103110","weibo-103110"
"weibo-114423","0","@BTV美食地图 ?汇报汇报！组织今太忙没空理我[泪]","train","114423","weibo-114423"
"weibo-63836","0","//@生活小智慧: [泪] 终于有人开“学做饭”的微博，内容的很不错哦[心]，推荐给经常做饭的人关注@8090的做饭学堂 [good]","train","63836","weibo-63836"
"weibo-62425","0","刚照的服装照片…鞋真的很难受…[泪][泪]","train","62425","weibo-62425"
"weibo-118442","0","真爱就是不离不弃[泪]","train","118442","weibo-118442"
"weibo-97928","0","看完很心酸[泪][泪] //@KellyKC:至少他们还是朋友 //@散步的榴莲:当世事再没完美，可远在岁月如歌中找你。@KellyKC","train","97928","weibo-97928"
"weibo-117064","0","早知道，去找你了， 坐在一起， 互相还能扯个衣服擦擦眼泪[泪] //@猫猫亿起发:唱的是很感人 //@linda亿起发: 俩男人给高燕都唱哭了@vidar高艳 @00丽丽00 @孟梦的地盘","train","117064","weibo-117064"
"weibo-92818","0","[晕] //@宣克炅: 关注中，记者已赶来。各位司机朋友注意避让。","train","92818","weibo-92818"
"weibo-108797","0","真可怕[晕]","train","108797","weibo-108797"
"weibo-93301","0","[晕][晕]OMG //@SSDMN:找钱的任务你来[抓狂][抓狂][抓狂][抓狂] 场面真嗨@夏斗小姐 @CDTV-我对美丽有恐惧 @Yuikiko小姐 @sameskin //@易大叔:@SSDMN @万木春CD ：干脆，切真一大笔钱，整个这样的场地和舞美，再咋个都会嗨起来！！！","train","93301","weibo-93301"
"weibo-91464","0","现在，写字只能是爱好。 //@徐宁XuNing://@还是老王:我一直说稿酬低，也没人听 //@林剑:我自爆，本人稿费从500元到1000元每千字不等。[挤眼]//@尔冬强: [泪][泪][泪] //@??_胡同台妹:??微博","train","91464","weibo-91464"
"weibo-60122","0","我听到最后有女粉丝的叫声啦！兼顾偶像与实力让人家怎么活！[抓狂][抓狂]@百威为音乐而创 @真琴你我","train","60122","weibo-60122"
"weibo-106372","0","我也喝到了 好像没以前好喝了[衰]","train","106372","weibo-106372"
"weibo-68943","0","正在想念今天撸过的串儿…[抓狂][抓狂][抓狂]","train","68943","weibo-68943"
"weibo-100404","0","你怎么可以帅成这样！[抓狂]","train","100404","weibo-100404"
"weibo-67047","0","受伤了[悲伤][悲伤][悲伤]","train","67047","weibo-67047"
"weibo-86700","0","也许大家已经听说了，Simple Plan的主唱Pierre嗓子受伤，明天晚上的演出取消了[泪]不过乐队还是来了北京，明天应该会跟他们碰面，只是这次不能同台，太遗憾了~","train","86700","weibo-86700"
"weibo-83743","0","我镇上CCTV耶![吃惊]//@江门同城会: 恐怖[衰]","train","83743","weibo-83743"
"weibo-113425","0","次次都甘多人，温次唔使排队得唔得？[衰][衰][衰][衰] 我在:http://t.cn/zWY9fSg","train","113425","weibo-113425"
"weibo-63722","0","//@博江龙:1死1伤，[怒][怒]景区在村内也需村民买门票，没道理，[弱][弱]先有三僚村后有景区的","train","63722","weibo-63722"
"weibo-97825","0","公司男厕所便池上的标语，看了有拉不出的感觉……[抓狂]@黄村 @路若愚 @尚开红","train","97825","weibo-97825"
"weibo-74975","0","28号爆发//@黄渤: 这两天大家贡献出很多自己压箱子底的混蛋事迹！哈哈，发泄一下挺好，但别留下案底！来吧…！[抓狂]","train","74975","weibo-74975"
"weibo-108607","0","中华慈善总会地址、人民医院北门、西直门地铁口D出！！！！卡普连锁酒店旁边、下次我再错、我就把中华慈善总会吃了[懒得理你][抓狂][抓狂][抓狂][抓狂] 我在这里:http://t.cn/z8AcNWm","train","108607","weibo-108607"
"weibo-109916","0","每个人都在过小周末?? 为什么我还要值班呢?[抓狂]? 呼呼?","train","109916","weibo-109916"
"weibo-89563","0","这个真的要来一台，某人同意送这个做生日礼物，却死也不给买电动缝纫机了[泪]","train","89563","weibo-89563"
"weibo-94458","0","垃圾[怒骂]//@创业家杂志: @贺江兵:「微信必将收费」收费步骤：第一步：专家造势；第二步：垄断企业施压；第三步垄断企业向主管部委告状；第四步：部委表态，应广大人民群众要求；第五步：企业低头；第六步：收费，现在进入第四步了。","train","94458","weibo-94458"
"weibo-92894","0","想念佛光闪闪的高原，三步两步便是天堂！心情憋屈又郁闷，不想写稿子，可是不写稿子，看新闻更憋屈更郁闷！[失望]","train","92894","weibo-92894"
"weibo-65776","0","@神农架旅游委员会 @神农架项斌 @神农架太古小? @湖北神农峰文化传播公司 [泪]最难受的是主场的表现给家乡人民丢人啊！别安慰我了，求骂！凿山5点起床在台上练习4遍一字不差，一上台全忘了！求骂！","train","65776","weibo-65776"
"weibo-104618","0","手贱点了大图[衰][悲伤]","train","104618","weibo-104618"
"weibo-113658","0","//@祁志龙:[泪] //@伊德尔-小炉匠:仁至义尽! //@中国公民6666: //@猛料直播:转发微博","train","113658","weibo-113658"
"weibo-110731","0","我真害怕呀～这个出租车师傅一直在自言自语与交通广播对话着[晕]","train","110731","weibo-110731"
"weibo-60427","0","@吕依一 再别康桥[泪]","train","60427","weibo-60427"
"weibo-105036","0","没遇到过那么笨的快递，电子按门，非要我说开了，害我从被子里跑出来3次[抓狂]","train","105036","weibo-105036"
"weibo-115957","0","哇哇哇？？？！！它死了、？？！为什么呢？？？！！[泪] //@懒散的朱:[泪]","train","115957","weibo-115957"
"weibo-119103","0","#旅途么么茶#【据说，这20个词语能概括微博上所有的事...】①哈哈哈哈哈哈；②转发微博；③看不懂；④卧槽！⑤酷炫！⑥最后；⑦转需；⑧GET！⑨QAQ；⑩→_→；?。。。?萌！?服！?马！?嗯；?哦；?[拜拜] ?[呵呵] ?[泪] ?[心] 你最常用哪些？","train","119103","weibo-119103"
"weibo-76973","0","我在 天河区 圣丰广场 : 人在广州，与今晚新款SLK发布会无缘了。我爱的小红啊，等着我啊。[泪][泪][泪][泪] 最近，桃花泛滥，我有些搞不清状况。纯属晕乎乎状态中，闲人勿扰啊。 http://t.cn/Svuuvg","train","76973","weibo-76973"
"weibo-84523","0","开花薯经研究得出一致结论：小新你确实不用再吃肉了，请为气候变化做贡献 [嘻嘻]//@联家小新: 偶不要啊。。[抓狂] 强烈抗议开花薯剥夺偶的食肉权！！[怒骂]//@联合国: ［气候变化］吃货们注意咯。。[委屈]","train","84523","weibo-84523"
"weibo-94094","0","准备节前大采购了，今天是最后采购的时间啦。19-20号白班，21号白连夜连22号白，再休息是22号晚上了[泪]","train","94094","weibo-94094"
"weibo-65805","0","回复@Moshantulang:[笑哈哈]凑耳上来，俺告诉你具体地点和时间，明儿那个老太太等着您 @走在右边的左边女子 @普耐斯 //@Moshantulang:回复@有福社长:木办法，谁要俺木有奇遇涅[抓狂] //@有福社长:土狼啊，那不是忘了拍啊！ //@Moshantulang: 拍了就秀出来社长不许藏私，要共福[酷]","train","65805","weibo-65805"
"weibo-60043","0","那天我去喂他们水喝的时候，发现不见了。清扫阿姨说他们不知道哪天，被警察带走了[泪] [心]希望他们平安","train","60043","weibo-60043"
"weibo-69152","0","艾玛，在上海南站吃到了让我感动到想哭的面包，这家的焦糖丹麦真tm太好吃了，面粉混着焦糖被烤得酥脆，上面还有一层厚厚的杏仁儿片，我的妈呀，我受不了了~~布莱安面包，成都肿么木有哇[抓狂]","train","69152","weibo-69152"
"weibo-103844","0","回复@我想说真话-:嗯，可惜她一直没转过身来看我，我也挤不过去了！[泪] //@我想说真话-:肉肉的很可爱O(∩_∩)O哈哈~ //@K哥爱美食:回复@午夜点唱机:2号还在，没问题！ //@午夜点唱机:回复@K哥爱美食:2号再去找找？","train","103844","weibo-103844"
"weibo-66388","0","在网上买了一瓶特价的高级香水，名牌，超级便宜！本以为自己赚着了，但当我拿到香水的时候我彻底崩溃了！！[可怜]浓香型“榴莲味”高级香水……[失望][感冒]","train","66388","weibo-66388"
"weibo-118365","0","回复@锐女学_偏执的帽子:帽子是大神，别来抢小墨老师对我的宠爱！！！[怒] //@锐女学_偏执的帽子:有好书？也求一本抱着碎觉[花心] //@周飞0:回复@0墨清清0:我不追星，但我追小墨老师的书。是可以陪伴我，到我孩子出生的，到我孩子长大的好书啊。[哈哈]","train","118365","weibo-118365"
"weibo-85962","0","回复@文秋实:[握手] //@文秋实: //@梁锦江: //@编剧晓伊:音乐没有国界，酣畅淋漓的视听享受。看得我热泪盈眶。[泪]推荐！ //@梁锦江: //@编剧晓伊:音乐没有国界，酣畅淋漓的视听享受。看得我热泪盈眶。[泪]推荐！","train","85962","weibo-85962"
"weibo-61809","0","[晕] 你咋谁都认识nia？//@李开复:今晚见到韦尔奇夫妇，听到很多有趣故事。明天和韦尔奇对话，大家想听我们谈什么？","train","61809","weibo-61809"
"weibo-61118","0","昨天做梦，梦见宝宝有10个鸡鸡。。。[汗][泪][泪][泪]","train","61118","weibo-61118"
"weibo-113039","0","梦到从姥姥家回来到我们家这花园。看见一堆人穿着黑底红花的汉服，成人礼而且结束了，我居然最近没好好上网看，都不知道。这个后悔啊，居然还有我同学，她在接受采访还唱歌。结果我手机还拍不了照片，气死我了[泪]","train","113039","weibo-113039"
"weibo-116046","0","居然没有提及民众最关心的房价问题[晕] //@刘胜军改革:@薛蛮子 @李开复 @张欣 @任志强 @许小年 @陈志武 @王巍w","train","116046","weibo-116046"
"weibo-117969","0","回复@鲍比朗:孩子就像春天的树，一夜间就嫩芽满枝。 //@鲍比朗:时光飞逝[泪]你儿子都会说话啦","train","117969","weibo-117969"
"weibo-93899","0","首都机场安检和工作人员都是sb[衰]朋友说在里面拍照，根本就没拍工作人员，他们看到镜头方向就大喊，别拍，删掉。和神经病很像[衰]","train","93899","weibo-93899"
"weibo-81677","0","你哪站下车？ //@萧?:被困立水桥20分钟，刚到单位[泪][泪]没吃早饭快虚脱了[抓狂] //@编辑郭强:幸亏今天不开会。。。。。 //@文盲编辑:转发微博","train","81677","weibo-81677"
"weibo-88665","0","me too，头疼的都要炸了，说话变声儿了[泪]，昏睡了好几天了[抓狂]","train","88665","weibo-88665"
"weibo-109911","0","困疯，起床干活[怒骂]","train","109911","weibo-109911"
"weibo-88491","0","妹啊，这一晚上，手敲字敲肿了！！手腕疼！！[泪]@花少爷_铁皮猴 @ruka7 @一凡伊翎","train","88491","weibo-88491"
"weibo-116240","0","身体健康最重要，要说多少遍[泪]","train","116240","weibo-116240"
"weibo-91272","0","黑色星期五明就到了，本周已有很多网站陆续开放了黑5的deal，我也不幸中毒了[泪]Adage报，Target, Amazon两家网站有望在黑色星期五中取胜。专家预测人均消费750美金，对比TB“双11”中国人均消费700多RMB，黑5要高出一个汇率。根据YouGov的BrandIndex，亚马逊会赢得NO.1，Target预计连续第二年排老2。","train","91272","weibo-91272"
"weibo-60884","0","明天还有一场~住在旁边就好了~[泪]","train","60884","weibo-60884"
"weibo-111711","0","哎，阴冷的天，还值班，银子也没有，没得意思[怒]","train","111711","weibo-111711"
"weibo-64956","0","人活着不容易，死却很容易啊！宅都能死啊！看来死本能超过生本能了[晕]珍惜生命啊！ //@vivien刘妥妥:难以置信的懒？比我还懒","train","64956","weibo-64956"
"weibo-62060","0","英国去也，兄弟姐妹们，有事微信吼话了，十天后归……一宿没睡，快累成傻鹦鹉了[晕][晕][晕]给大家拜年啦?????","train","62060","weibo-62060"
"weibo-115032","0","红色的，爱！[心]黑色的，不爱！[抓狂]","train","115032","weibo-115032"
"weibo-72258","0","养狗的朋友遛狗时一定拴好自家狗狗 现在偷狗贼抄起狗来就走 小点的揣怀里就走 一不留神有可能就丢了[泪] 想想被偷走后的悲惨遭遇 狗粑粑麻麻们可一定小心//@flydutch:我想大声的说:我就操他妈!!!!!!!!![怒骂][怒骂][怒][怒] //@小涛:TMD这种狗都有人弄去饭馆，利欲熏心的SB真多！","train","72258","weibo-72258"
"weibo-101403","0","又贵服务又差//@北京媒婆它爹: 不当家不知柴米贵。站着说话腰不疼。央屎牛x。有钱。不在乎[怒][怒][怒][怒][围观]","train","101403","weibo-101403"
"weibo-69313","0","不出门就饿死嗒！小妞子//@金小胖-要庄重: 呆在屋里不出门就OK啦！好像北方孩子真的就一条保暖裤 上面羽绒服 一双靴子 就OK了//@麒麟锦庭火锅道: 回复@宝宝Elaine:[泪][泪][泪][泪]北方孩子不怕冷么，求温暖过冬的方式[泪]//","train","69313","weibo-69313"
"weibo-101602","0","只要规定经济适用房等保障房不能上市交易，一切就都引刃而解了。 //@蔡鸿岩:这么爆料让批高房价的高官情何以堪？！！！[泪][泪][泪]","train","101602","weibo-101602"
"weibo-101166","0","为扭腰人民祈福 //@微群小助手: 浪打自由女神像。。。。新泽西街头鲨鱼漫游。。。。。2012快到年底了，是一切开始了吗？[抓狂]","train","101166","weibo-101166"
"weibo-88948","0","！！！热泪盈眶，那个女孩，以及好遥远呀你们都[泪] //@Ing__rid:[悲伤] @小芒小忙 @克里斯蒂Dong //@黄义达yida:#热波音乐机 黄义达#应该的。哈","train","88948","weibo-88948"
"weibo-84426","0","我还分得清什么叫客套，什么叫真心！真是搞不懂那些人，虚伪的要命[怒]","train","84426","weibo-84426"
"weibo-65848","0","#后续#昨晚在床上讲到奥迪迪奥奥利奥那个笑话，我突然感慨说好像还没用过迪奥，谭33立刻拍我的头“放心，你可以等六神出新品”，玛蛋，真想一脚踹下床去[怒骂]@纯粹捧场的一只猫 //@猫多势众: 终于到手，检验了下，跟ck one还是有蛮大差别的，只能勉强说在中后调上有一丁丁丁点相似。。。","train","65848","weibo-65848"
"weibo-82111","0","[奥特曼] //@胡静0824:// @杨雅淇叶叶叶叶 :班长果然意境 // @锅锅Nicholas : 地上分明就散落一堆“累”字 // @杨雅淇叶叶叶叶 : 不容易 真的伤不起啊，[泪][泪][泪][泪]","train","82111","weibo-82111"
"weibo-118662","0","老头儿的逻辑是，谁给他做好吃的，他就送谁花儿。这就是浪漫。 //@赵娟v:我这么老的时候，不知谁会送花给我[泪]，各种感慨转…… //@宰丽---用画说话:浪漫的老头儿～～ //@开心HansonZ ：买贵了[偷笑]","train","118662","weibo-118662"
"weibo-88288","0","白花花的白大腿啊[抓狂][抓狂][抓狂]","train","88288","weibo-88288"
"weibo-91625","0","大爷，就吃个饭，这表情太可怜了[衰]","train","91625","weibo-91625"
"weibo-97217","0","Levis Boy in Penang. ""Levis Keep Cool"" Campaign shooing day 2. #舔着脸比嫩真是自讨没趣# [泪][泪][泪] @Levis中国","train","97217","weibo-97217"
"weibo-84481","0","天哪[衰]//@xcc视野: 这就是文革，遗毒尚未肃清。 //@钟鼎文微博: 转发微博。","train","84481","weibo-84481"
"weibo-113819","0","我在这里:#悦澜湾餐厅Lavagna#人真多，很火，口味环境取胜。我的芝士……还是很不舒服[悲伤]疲惫困 http://t.cn/zT4jdAT","train","113819","weibo-113819"
"weibo-63796","0","[抓狂][抓狂][抓狂]//@陈赫: 好奇死了。老吊人胃口！ //@邓家佳:公寓到底发生了什么？四天后揭晓[鼓掌][鼓掌][鼓掌] //@娄艺潇:就转一下下而已[呵呵] //@李佳航JEAN:我们来了#爱情公寓4#?炸天吧[嘻嘻][嘻嘻][嘻嘻]//","train","63796","weibo-63796"
"weibo-64852","0","致流亡者 //@古松:@郭小晓 [蜡烛][蜡烛]//@板扎: [泪]书里的刘先生，在发现自己得了肺癌后想方设法回了中国，因为他要死在祖国，但是他死前却留下遗嘱，让人把一半的骨灰带到北美，因为他希望自己的灵魂（起码是部分的灵魂）挣脱樊笼，获得自由","train","64852","weibo-64852"
"weibo-110656","0","没辙、没辙的，文明被无情的践踏 //@单色烟花:他们不懂 //@老北京网飞哥: 应该是，这种砖叫沟槽砖 //@???主: //@西城雨辰海: 文保单位成天都在做什么？[怒][哼]","train","110656","weibo-110656"
"weibo-113029","0","好不喜欢地坛办音乐节[怒]想来散步而已","train","113029","weibo-113029"
"weibo-64303","0","你个死肥仔[抓狂]还敢跟电视前抢戏[怒]后面屏幕里的保罗麦卡特尼在你中学精瘦长个儿时就是那样精神瘦硕[汗]现在他七十好几了还那样儿[抓狂]你再看你、、、[抓狂]","train","64303","weibo-64303"
"weibo-115896","0","你们又去胡吃海喝了。。。小编的小伙伴考拉说自己整天陪吃陪喝会胖。。哈哈，有些瘦子是永远长不胖的，unlike me, 喝水都会胖。[泪][泪]","train","115896","weibo-115896"
"weibo-92364","0","#中青旅爱游会第八期# 美食好多啊，我都想吃了，可惜还得继续工作[泪]","train","92364","weibo-92364"
"weibo-116164","0","【温馨提示】今早海口大雾影响导致大家行程延误[失望]，小海非常理解您的心情，相信小海将用最快的方式让您顺利回家[呵呵]。请关注小海官方微信（微信号：HNairlines），输入航班号便可知道最新航班动态，也可以拨打950718详细询问。","train","116164","weibo-116164"
"weibo-93986","0","知道真相的我，眼泪掉下来[泪][泪][泪]没钱是种病，得治！@楠心 @就这一个晶晶可乐","train","93986","weibo-93986"
"weibo-62400","0","高调作势，低调做人[晕]才是现代趋势下的商业@老丿:作为吃货，不吃麦当劳以外的任何连锁餐厅应该是基本节操吧！//@法租界MARIO:想连锁的 想上市的 到处圈钱的 都是动机不良的~","train","62400","weibo-62400"
"weibo-119659","0","什么状况，航班还没有推出[失望]","train","119659","weibo-119659"
"weibo-75047","0","文?的芝士蛋糕芝士味超?烈，和吃芝士?有分?[馋嘴] //@foodjunkies:想起小?候的文? 芝士?太大分?了，以前正常?一?，?在要和?代同步也要玩??派??minimalism。?呀！ // @食?M :超美味啊！[馋嘴][抓狂]","train","75047","weibo-75047"
"weibo-83812","0","什么情况啊，开完会之后对着电脑发呆一小时[晕]","train","83812","weibo-83812"
"weibo-88856","0","还会因为他一泡正常的屎感到安心宽慰[偷笑] 这在以前的我听起来简直不可思议，但当了妈的人，你一定懂的。[可爱]//@rebecca_蕊://@AvaDenis:太感同身受了[泪]","train","88856","weibo-88856"
"weibo-92174","0","我就纳闷儿了，这么“聪明”的中国人，咋就连自己安身立命的国家都搞成这样使得自己成天活成各种“逼”？？[衰]","train","92174","weibo-92174"
"weibo-72829","0","//@枫笙映黎: 看完视频，非常痛心！[伤心]这些曾经为共和国的独立和尊严奉献了自己青春和热血的军人，是什么逼他们上千人走上了街头呢！[泪]@于建嵘@昆明市长 //@赵楚: 看着这一张张被岁月风霜扭曲的脸孔，百感交集。听着歌声和口号声，梦回青春。祝老战友们好运！","train","72829","weibo-72829"
"weibo-63680","0","[泪]//@创业家杂志://@厦门宏伟影像:每个英雄都有属于自己的时代","train","63680","weibo-63680"
"weibo-102125","0","不会吧，椅子都这样玩了[抓狂]","train","102125","weibo-102125"
"weibo-79913","0","[蜡烛][蜡烛][蜡烛] //@NIKKI南芳:[泪][泪] //@William_刘练://@喜欢daisy的阿曼达:[??][??][??] //@魔幻瓶:[蜡烛]","train","79913","weibo-79913"
"weibo-102802","0","微信里全是同学同事家人和朋友，本来我挺喜欢，可现在朋友圈里也净是卖东西的了…看的我头疼…只好先把朋友圈暂时关闭了[泪]","train","102802","weibo-102802"
"weibo-78459","0","[汗]//@微群小助手:[衰] //@曹增辉:逗！","train","78459","weibo-78459"
"weibo-64662","0","我爸给我朋友发的私信，被朋友截图发给我了。我爹他是啥意思啊？是不懂[蜡烛]的正确使用方法么？一天天的，这家里的人，没一个让我省心的[泪]。","train","64662","weibo-64662"
"weibo-73054","0","觅个食容易吗？[衰]","train","73054","weibo-73054"
"weibo-107524","0","感动[泪]//@行者--道--高科:不说了","train","107524","weibo-107524"
"weibo-85202","0","要不要这么残酷！[泪][泪][泪]","train","85202","weibo-85202"
"weibo-98770","0","回不去啦[悲伤]让梦想飞翔[照相机] 我在:http://t.cn/8FKHa0l","train","98770","weibo-98770"
"weibo-119548","0","最近一周工作效率很低[泪]","train","119548","weibo-119548"
"weibo-108076","0","//@_-冰翼-_: 怒转[怒]","train","108076","weibo-108076"
"weibo-113726","0","走太远，似乎已忘记当初为什么出发。 //@何不为v湖南:从此南周是路人，书生心事久沉沦。石头摸尽河床浅，船在瓜州旧水津。 //@孔曦2010: 哭南周[蜡烛] @土家野夫 @??-陈鹏举 @里太白 @何不为v湖南 @徐战前 //@长安卖炭翁:好诗[泪][蜡烛][蜡烛][蜡烛]","train","113726","weibo-113726"
"weibo-84540","0","回复@小木鱼儿fish:说的太多了，尤其是你！！！一看盒饭回来了，有人撑腰了是吧，皇鼠狼是有豆妈撑腰，我看出来了，我也得快点找个撑腰的。[抓狂] //@小木鱼儿fish:哪条儿啊？哥们儿，你来晚啦。","train","84540","weibo-84540"
"weibo-82650","0","尼玛！柜子上的Hottoys都给我摇下来咯...自从512后又一次感觉到了地震的威力...好多人跑出去了，我这15楼就算了吧...洗脸刷牙去咯...[晕][晕][晕]","train","82650","weibo-82650"
"weibo-111484","0","[失望][失望][汽车][飞机] //@毛大庆:气若游丝的老北京文脉 //@务名扬:没了人气儿，断了地气儿，鼓为谁而敲，钟为谁而鸣？@毛大庆 @刘春岩 @唐亮","train","111484","weibo-111484"
"weibo-90215","0","不怕穿帮的魔术[晕][哈哈]//@欢乐传媒:魔术？逗趣？傻傻分不清楚[哈哈]，5秒还原魔方[疑问][嘻嘻]","train","90215","weibo-90215"
"weibo-86636","0","//@老子叹曰:哎！[泪]","train","86636","weibo-86636"
"weibo-89342","0","回复@媚眼火鹤:阿妹听了管啥用？？？[泪] //@媚眼火鹤:阿妹听了都得哭[泪]","train","89342","weibo-89342"
"weibo-61134","0","查完了，中度脂肪肝。。。[泪]","train","61134","weibo-61134"
"weibo-71727","0","回复@柯柯2244855825:周五晚上七点，东郊记忆艺术超市看片会、来耍嘛！//@柯柯2244855825:安逸哦[抓狂]//@行者周三:Fiji go。。。","train","71727","weibo-71727"
"weibo-98045","0","[衰][衰][衰] 速度是你快//@懒虫2010:下午去吃过了，味道不错值得去。 //@Yukii0_0i: 好吃的下次你可以试试 //@懒虫2010:看样子不错，mark //@Yukii0_0i: @vivian岩岩 广告都出来了[哈哈][哈哈][哈哈]","train","98045","weibo-98045"
"weibo-61042","0","还记得她吗？全英最有个性的小花童，当举国都在为盛大的王室婚礼沸腾雀跃时，在新婚夫妇甜蜜拥吻的一刻，她捂着耳朵眼含泪花说：累死了，我想回家！[泪] [泪] [泪] #港中旅酒店婚礼狂想曲#","train","61042","weibo-61042"
"weibo-80743","0","你是这样的么？//@大头Cason: [晕]//@轮滑风影:同意前半句，呵呵~~~//@李飒22688: 转发微博","train","80743","weibo-80743"
"weibo-100771","0","#高级定制# Tiffany定制系列...漂亮的钥匙谁的呢？嘻嘻...闪死我啦...[色][色][色][抓狂][抓狂][抓狂]...","train","100771","weibo-100771"
"weibo-113138","0","下了一宿雨，院子里面已经有积水[衰][衰] //@老沉: //@天气预报:北京出现全市性暴雪，我这已白，你那呢","train","113138","weibo-113138"
"weibo-64065","0","[晕] //@谈笑古今V:24年了....[疑问]","train","64065","weibo-64065"
"weibo-70847","0","老谢，坚持住。[抓狂][抓狂][抓狂][泪][泪]","train","70847","weibo-70847"
"weibo-83690","0","又是这个点吃大餐！[抓狂] 我在:http://t.cn/zYDuirQ","train","83690","weibo-83690"
"weibo-72810","0","狗屁。中国尊重宪法吗？宪法最重要一条是：宪法面前，人人平等。但是在母法旗下的很多法律，如交通法规做到人人平等了吗，何为弱势群体，何为道义责任。严重违背宪法人人平等原则。所以何谈尊重宪法[怒]","train","72810","weibo-72810"
"weibo-103733","0","妹啊。。如果我说我现在饿了，在吃干肉和零食。。你们这群跟我从下午吃到晚上的人，会想揍我么？？？？？[泪]@三柒她 @夏夏洛洛特 @王抽子 @鸦总","train","103733","weibo-103733"
"weibo-80964","0","开会???开会???银家来香港是来游玩的，不是来开会的！！！[失望] 放我出去！！！","train","80964","weibo-80964"
"weibo-72208","0","还我原味鸡！！！[伤心][怒骂]","train","72208","weibo-72208"
"weibo-85149","0","第一次尝试白裤子。。。对胖子来说太挑战了[晕]","train","85149","weibo-85149"
"weibo-74052","0","擦，成都地震了？我有感觉！[泪][泪] 我在:http://t.cn/zYKhytS","train","74052","weibo-74052"
"weibo-79769","0","7点多起来等刷票。。结果网上显示是11点和13点开卖。。。。买得到不。。。。头一次网购车票啊。。。。[晕][晕]","train","79769","weibo-79769"
"weibo-100916","0","准狗逼啊，我他妈双鱼座 //@微博经典语录:[good] 果然很准！[泪]","train","100916","weibo-100916"
"weibo-103903","0","六一！六一！六一！我只过这个节！！！[呵呵][泪][泪]","train","103903","weibo-103903"
"weibo-66451","0","不过这周末我要飞成都了，不能跟你去了~~[泪] //@笑点低小姐Becky：回复@JUNE6287:你等我周末呗~ //@JUNE6287:昨天下午就去装孙子了，趁着天气好，//@笑点低小姐Becky：什么时候再去一次~？ //@笑点低小姐Becky:什么时候再去一次~？","train","66451","weibo-66451"
"weibo-104781","0","已经连续两个糟糕的早上了 要不要这么欺负我呀[泪] 木有天理啊","train","104781","weibo-104781"
"weibo-81198","0","我说怎么一早上都感觉那么变扭，原来我没有登QQ[晕]","train","81198","weibo-81198"
"weibo-91159","0","[泪][爱心传递][话筒]","train","91159","weibo-91159"
"weibo-95949","0","温度越来越低[泪]","train","95949","weibo-95949"
"weibo-103511","0","//@飚哥思想://@翠花不在家: //@云南风语者: //@梦里依稀碰红中: //@摸着石头过河---水太深: //@白痴088:[泪] //@bunny_007: //@梦都夜话之风之子://@柳刀叶: 转发微博","train","103511","weibo-103511"
"weibo-107968","0","反了丫的！[怒]","train","107968","weibo-107968"
"weibo-80831","0","长这么大压根就木有明白过为什么会有粉丝这么个群体?现在年纪大了就更不会明白了?[汗][晕]","train","80831","weibo-80831"
"weibo-117045","0","长安街，2秒变红灯，今天点儿背，一路赶上的都是红灯[鄙视][鄙视][抓狂][抓狂]我在这里: #西城区# http://t.cn/zONTqrK","train","117045","weibo-117045"
"weibo-77038","0","腾讯牛 //@王煜全:要注意国际形象噢..... //@来去之间:@赵春玲 @ANDY田行智 //@iClient: [good] //@AmazingLv: 厉害 //@刘彬: [晕][晕][晕]","train","77038","weibo-77038"
"weibo-92160","0","[汗]哦，招行真好。[嘻嘻]//@李开复: [汗]//@微博音乐盒:混蛋啊，被骗了这么多年！[泪]","train","92160","weibo-92160"
"weibo-68527","0","不累必须不累……所以到现在都没睡着……[抓狂] //@胡同印的胡爷:她居然不累，爬山估计越来越没问题啦?[奥特曼]? //@游局网_Nicholas:厉害厉害//@胡同印的胡爷: 回复@游局网_Nicholas:这个真是，我们今天走的不少10公里???@游局网shapple 好强大的?[赞]?","train","68527","weibo-68527"
"weibo-78091","0","[抓狂]//@高清电影院:[衰]","train","78091","weibo-78091"
"weibo-75621","0","大家.....Byebye!![泪]","train","75621","weibo-75621"
"weibo-101547","0","周一大早，滚进出租车开始一天奔忙，被司机师傅说＂是逛街买衣服去吧?＂想起每回去买《南方周末?，都会被大妈推荐最新《瑞丽?。。。恩，这一定是传说中的#小姐身子丫鬟命#了[泪]","train","101547","weibo-101547"
"weibo-87563","0","突然一个电话，傻呆了，[泪]","train","87563","weibo-87563"
"weibo-81040","0","哄抢当然是犯罪，什么叫抢？而且妨碍交通、违反交规，活该 //@老丿:好倒霉的司机，这下要为别人的犯罪行为赔钱了[怒] //@midiya:[蜡烛]","train","81040","weibo-81040"
"weibo-78143","0","[晕]这才开了多久吖？@斯小乐 咋回事？//@健崔: 关注","train","78143","weibo-78143"
"weibo-79557","0","好吧，我吹牛了，其实也没多少私藏。。三张图那张是活动举办方提供的。。[泪]话说，安七炫到底是女王还是理事？？@百度安七炫吧 @张佑赫只娶安七炫-3-","train","79557","weibo-79557"
"weibo-104230","0","越来越简陋的动车！靠背居然又换成了灰黑色的大壳子，迟早变成绿皮车！[怒] 我在:http://t.cn/zWTL2r6","train","104230","weibo-104230"
"weibo-105236","0","//@死磕荒谬:[怒] 有关部门应该调查当事人是否与司法鉴定机构及法院之间有权钱交易。否则难以解释中国法医学会司法鉴定中心长期作伪鉴定的现象！@北京司法 @南方周末 @马跃妈妈 @央视新闻 @北京晚报 @中国之声@头条新闻 @人民日报@中纪委@陈里","train","105236","weibo-105236"
"weibo-112682","0","要是哪男的摸我胸，我也会先吐，再把他那胳膊削折[抓狂]","train","112682","weibo-112682"
"weibo-94125","0","到嘉定北的，结果做错了方向，一路向安亭开去，唉，还要返回嘉宾新城，再换车去白银路换公交[泪]","train","94125","weibo-94125"
"weibo-96612","0","这死孩子生活不检点啊[酷]//@互联网才子:@方舟子 用什么好使啊[泪]","train","96612","weibo-96612"
"weibo-75063","0","重庆火锅真心不辣 重庆啤酒好多气[泪] 我在:http://t.cn/zTxPLSh","train","75063","weibo-75063"
"weibo-95743","0","你们搬去四川了？ //@空洞的虎牙:你要朝着南南坐…我不开心了[泪]你不爱我了…//@Rita是兔子大王:果断朝南坐呀 //@空洞的虎牙:好啊…你选东南西北哪个？//@Rita是兔子大王:好的！给我留个座位[偷笑]","train","95743","weibo-95743"
"weibo-107414","0","@行者梦野 @大鹏背包走天下 你们赶快过来，否则后果将会非常严重！[怒] 我在:http://t.cn/zjc9RxO","train","107414","weibo-107414"
"weibo-93061","0","全车人的反应只会纵容此类事件继续上演 //@洪晃ilook:[怒]//@薛蛮子: 国人冷漠如斯，各人自扫门前雪那管他人瓦上霜！小悦悦十八人视若无睹绝非孤立偶然！ //@才让多吉: 流氓坐在主席台也这样稳如泰山！//@西藏昌都人韩红: 无耻！","train","93061","weibo-93061"
"weibo-66438","0","全身[泪]","train","66438","weibo-66438"
"weibo-109250","0","这几天我不在北京，你见不到我了。[呵呵][呵呵][呵呵] //@小S: ??[泪]很想念你,英文?在溜?？//@谢娜:北京欢迎你[爱你]","train","109250","weibo-109250"
"weibo-102365","0","还是要去知本主义国家啊 //@Seashine林:无限数据流量…在中国就是个梦[泪]","train","102365","weibo-102365"
"weibo-77785","0","[衰]……我说那个 @北科报于彤 您还来不来？唔们等得黄油都化了……","train","77785","weibo-77785"
"weibo-95820","0","开始开始！！我是近视眼，剪头发从来都是最后一刻才知道剪的咋样[泪] //@嘉佳:直播马上开始[嘻嘻]","train","95820","weibo-95820"
"weibo-89391","0","从来都是不承认！[晕]","train","89391","weibo-89391"
"weibo-78283","0","叫兽说的极是[怒骂]","train","78283","weibo-78283"
"weibo-115536","0","我在炒茶~~嘻嘻，第一次噢！录了视频回去放。btw，烫伤我的手了。??? 一群骗纸，告诉我不烫。[哼][哼][抓狂] 我在这里: #铁佛寺# http://t.cn/Sabyy7","train","115536","weibo-115536"
"weibo-85422","0","dancing song more being 阿是宁波老太口音哇[晕]","train","85422","weibo-85422"
"weibo-74525","0","??睡下去，七?半起?，??已?着落枕的??在奔赴?堂的?上了[泪][泪][晕][晕]@我就是老白 记得报平安，祝顺利[爱你]","train","74525","weibo-74525"
"weibo-78247","0","[生病]//@周静平-没八卦过:[失望]//@午夜摇头的狗: [泪]","train","78247","weibo-78247"
"weibo-108680","0","我也要去你公司喝茶[泪] //@厨界祥哥:好啊，有空来公司喝茶顺带拿书。 //@3D珊蒂:祥哥，转发有抽奖吗？送一本给中奖的我吧！ //@张晨1016:推荐一本专业知识很强的厨房用书！[good]","train","108680","weibo-108680"
"weibo-92399","0","最残忍的动物就是人了//@动保记者沙龙张丹://@曹菡艾: 还是不敢看[泪][泪]","train","92399","weibo-92399"
"weibo-68921","0","离开西安，回到北京，好日子到头了。。。暂别好吃的[泪]","train","68921","weibo-68921"
"weibo-67150","0","唉……不应该啊，上海的公交服务向来是国内最好的，被她丢脸了[泪][泪]","train","67150","weibo-67150"
"weibo-82673","0","根本就不配称为媒体！[怒] //@谢鑫少年本格推理:示众！ //@西山书客谭旭东:缺乏基本的新闻道德，不配做媒体人！ //@叶子飞呀飞: //@戴建业微博：温州在发生悲剧，中国正上演喜剧。中国所有演员之所以没有幽默感，是因为我们的现实太幽默了！","train","82673","weibo-82673"
"weibo-85704","0","???? //@William冯海龙:原来是个娃娃[衰]","train","85704","weibo-85704"
"weibo-71007","0","//@危险的蘑菇：咋又来吃的啦？这个时间段太过分了，我真的饿了[泪]","train","71007","weibo-71007"
"weibo-92018","0","[吃惊]太乱了。。咱出门看来要穿盔甲啊。。。//@北京全攻略: [吃惊][吃惊][吃惊]我次奥。。。。。这姑娘不会真以为今天世界末日吧。。。。[衰]","train","92018","weibo-92018"
"weibo-68019","0","中国：“俺是联合国安理会常任理事国，俺是全球第二大经济体，俺是世界军事强国……” 美国：“我拿你家孩子做实验了……”中国：“[衰]不会吧？绝对没有这回事，辟谣。”","train","68019","weibo-68019"
"weibo-96143","0","又是分裂的一天，白天排练@台湾李国修 老师的＜三人行不行＞，说着山东话唱着京剧各种洒狗血解放天性的表演训练，晚上来录和加拿大乐队@SimplePlanBand 的合唱歌曲Jet Lag，竟然被要求我想像自己是个穿着黑色吊带丝袜拎着酒瓶子的朋克少女，这这这，要求太高了吧~[抓狂]@青蛙乐队","train","96143","weibo-96143"
"weibo-95056","0","[蜡烛] //@姚晨：老人家，一路走好。[蜡烛] [泪]","train","95056","weibo-95056"
"weibo-61836","0","风真大假发差点吹跑好冷啊[怒][怒][怒][怒][怒]冻劈叉儿了[围脖][围脖][围脖][围脖]","train","61836","weibo-61836"
"weibo-96425","0","//@王志?_ZJDESIGN: 货比货得扔 国比国得... //@玛呀: 在天朝大家都被＂出去游泳＂！[衰] //@胖囡囡:牛！//@MADONE51: 吃惊 //@nono金: //@阿mars:[lt最右] //@桃妈fifitangfei: [围观]","train","96425","weibo-96425"
"weibo-71375","0","但愿闹钟能把我闹起来[晕][睡觉] //@秦庆瑞:没有任何球队能够在90分钟内战胜意大利的！！//@含章-张: 意大利","train","71375","weibo-71375"
"weibo-69011","0","没有闹钟吵的周末竟然能在此时自然醒，终于摆脱一次六点自然醒的魔咒[泪]可是还没睡醒，继续睡[右哼哼]","train","69011","weibo-69011"
"weibo-93678","0","//@蓝凤凰刘蔷: 中国之象。一万声叹息。//@赵薇:[晕]","train","93678","weibo-93678"
"weibo-80692","0","回复@??王:必须的[哈哈] //@??王:咳咳 。。。算我一个。 //@海航文化陈伟: @义潮妈妈 //@海航文化陈伟:不要的话，我们买了[衰]","train","80692","weibo-80692"
"weibo-82483","0","就是一片片哪样的嫩芽，经过多个杀青，卷叶，烘培等等的工序，最终成了香气与灵气并足的凤凰山单枞。客串了一会儿茶农，从此对茶叶有了新的尊重。片片茶叶皆辛苦呀！但往往获利最多的反而是中间商动嘴皮子的哪些人[晕]","train","82483","weibo-82483"
"weibo-76284","0","在滑雪场只能看着别人滑雪是个啥心情？不好受[泪]希望我的腰可以在这个雪季结束前好起来祈祷ING","train","76284","weibo-76284"
"weibo-87549","0","＜放牛班的春天＞重新看了第三遍，泪流满面[泪]","train","87549","weibo-87549"
"weibo-72199","0","[爱心传递] //@联合国新闻部:We are the world. We are the children..[泪]","train","72199","weibo-72199"
"weibo-71026","0","@王家文1970 //@小米粥家的红豆薏米粥:直接吓尿[衰]期待！@胖老米 @阳光amy2010 @陆小怡呀陆小怡","train","71026","weibo-71026"
"weibo-115198","0","努力学习挖掘机驾驶技术。。[爱你]猫撒在我这件衣服上我没发觉，这下要骚一整天了，[抓狂]","train","115198","weibo-115198"
"weibo-81582","0","差点就永别了[衰]","train","81582","weibo-81582"
"weibo-61575","0","想起我家之前养了八年的猫猫[泪][泪]","train","61575","weibo-61575"
"weibo-79375","0","不想出门了啊想看热闹太八卦了[抓狂][抓狂][抓狂] 幸亏审判长不是女的不然又坦诚外遇又坦诚还有感情这还蛮杀手锏得","train","79375","weibo-79375"
"weibo-62428","0","这就是所谓的天使面孔，魔鬼身材！这辈子我估计是没戏了，下辈子努力吧[泪] //@莉莉喵:美屎了[可怜] //@安妮莹莹:漂亮死了！","train","62428","weibo-62428"
"weibo-119383","0","我都撑死啦。被批评没有战斗力[泪]","train","119383","weibo-119383"
"weibo-91362","0","肚子还折腾呢 又大姨妈第一天 实在不想出门啊亲人们@内心越来越瘦了 @小小-傻妞 看外面那风[晕]","train","91362","weibo-91362"
"weibo-103568","0","[衰]高考的第一志愿是对外汉语，结果大学学了阿拉伯语专业，现在居然混在都市媒体做经济新闻记者……这不科学","train","103568","weibo-103568"
"weibo-107520","0","有位企业家说ta从来不犯错 他赢不了ta[疑问] 这句话本身就是大错 是人都会犯错[困] 尤其是骄傲到说自己不会犯错时 那就离发错越来约近啦[抓狂]","train","107520","weibo-107520"
"weibo-92702","0","肚子又饿了……每天都是这样= =今天 下班一定要去超市买零食带着[泪]","train","92702","weibo-92702"
"weibo-73977","0","生活在这样一个金钱为欲望的都市，在名和利面前，在生活面前也许不得不让自己多样的选择。 //@赵钧立:人无需多成功…不要成为自己瞧不起的人[酷] //@张晓雯_Melissa:真的吗？[衰]","train","73977","weibo-73977"
"weibo-102739","0","晚上跟儿子较劲，把儿子的手腕弄伤了，内疚自责，狠心的妈[泪][怒骂][衰]","train","102739","weibo-102739"
"weibo-69741","0","又儿童医院了，离上次生病不到半个月啊！国际部这边也人山人海的，无奈，我排队，阿姨带着三楼等。 我的小病号[泪]","train","69741","weibo-69741"
"weibo-86911","0","大家看看真正的人?地?！世界各地都一?！?在食?的朋友???慈悲心吧！真的！[伤心]","train","86911","weibo-86911"
"weibo-70286","0","这么久等不到电梯，应该是要迟到了[泪]","train","70286","weibo-70286"
"weibo-76138","0","英文里有个说法，叫fluff up your pillow，就是说用久了的枕头，要把它拍松，让里面的羽毛也好棉花也好，能恢复能松软的、有空隙的原始状态，睡着才舒服。看着南方天空大朵大朵的云，认真地觉得北京的天，需要被好好fluff up一下了~可是，谁又有那么大的手呢？[泪] 我在:http://t.cn/zHYyVut","train","76138","weibo-76138"
"weibo-106228","0","[din?好][din看看][din??][din看看][din?手]脑子不好时吃鱼~ 心情不好时剪淘公仔~ 下雨天果然不适合剪~ [抓狂]各种问题","train","106228","weibo-106228"
"weibo-79918","0","宝宝长大了，感动啊~[泪] //@襄樊咩咩羊:[给力] //@小静yy: @襄樊咩咩羊 @仙仙XFF@摄影-CHACHA @藤藤想要去台湾 @JULIET67866@李佳-山人@泡鱼儿 @雨桐吾爱 @岁岁的世 @希晶是个好同学 @胖子爱宅@彭彭0v0 @我是丸子我爱蜡笔 @茄子都红了@小鱼儿whu乖乖 @迷糊_dream @AA青蛙王子 @江","train","79918","weibo-79918"
"weibo-91005","0","值得好好策划！[抓狂] //@十五她爸:三月杂志弄个网购专题，重点介绍一下京东 @刘强东","train","91005","weibo-91005"
"weibo-84566","0","晨跑的 不带早饭[哼][怒][怒][怒][鄙视]","train","84566","weibo-84566"
"weibo-99666","0","为什么英国国歌跑调了？ 为什么那么多运动员都是蓝舌头？ 为什么划船比赛都是赤脚领奖没有领奖台？？ 独立国家运动员又是神马东西？？ 本届奥运会最大的未解之谜是神马？？？BBC最近整理了奥运会期间，观众给他们问出的最诡异的16个问题的解答。 全在这个 大揭晓里！[抓狂]","train","99666","weibo-99666"
"weibo-90595","0","东南花都沙漠植物园，谁想试试坐上金虎蒲团的感受？[偷笑]//@阿迈Michael: 不要命了。。。 //@妮雅维娅VIA:@新坐标旅游杂志 @阿迈Michael 你们觉得呢？ //@脊令在原: [抓狂]俺一看到金虎就有坐上去的冲动[衰]","train","90595","weibo-90595"
"weibo-96216","0","[悲伤] //@火浪1:[good]","train","96216","weibo-96216"
"weibo-119145","0","[给力] //@耿玉洁很困:[泪]真好 //@桔子水晶焦磊:[嘻嘻]","train","119145","weibo-119145"
"weibo-106001","0","锅贴虽小，寓意广大也～//@中国味道_余梅胜:每一次的闭幕！是为下一次的开幕做准备！如果观众的掌声够热烈！演员一定会出来谢幕！并加演一个小段！！掌声........... //@荷仙菇的健康生活:最后一式了[泪]意犹未尽啊[抓狂]@陈鸣超Avocado @CCTV中国味道","train","106001","weibo-106001"
"weibo-92159","0","对其越好，其越不会珍惜你，这叫人情何以堪……[抓狂]","train","92159","weibo-92159"
"weibo-109314","0","回复@-不悔梦归处只恨太匆匆-:我是下午，要等到晚上9点！ //@-不悔梦归处只恨太匆匆-:我从早七点开始等，现在还没到我呢[泪] //@我是情商:我????合起?投?！","train","109314","weibo-109314"
"weibo-101689","0","#段王爷#@贝斯北北 你太狠了！[泪]@王江月","train","101689","weibo-101689"
"weibo-91718","0","[衰]//@女性品牌研究: 【一个陌生女人的来信】12306，如果你是个妞，全国男人都想上你致死！评论何在？","train","91718","weibo-91718"
"weibo-78113","0","别提了，去年龙宝宝太多，今年摊上事儿了，一个没收到，全是给出去的。。。[抓狂]","train","78113","weibo-78113"
"weibo-115063","0","我正常情况下一天也就增长个两千粉丝，这两天为什么突然每天八千到一万了？新浪你们是想干啥，难道想年底前把我突击搞到200万粉丝符合大V标准，然后趁我和@江南 @唐家三少 玩耍迎新年时用集体淫乱罪名抓我吗[衰]","train","115063","weibo-115063"
"weibo-115660","0","软肋骨炎，疼起来真要命！反反复复不能痊愈！[衰]以前光胸口疼也就算了，前天左下两根肋骨开始疼的厉害了！加上我又咳嗽感冒，咳起来or深呼吸，或者躺下去睡觉，就给我颜色看，痛的哇哇叫哦[哼][抓狂][泪]屋漏偏逢连时雨[鄙视]","train","115660","weibo-115660"
"weibo-64957","0","这个什么蓝调薰衣草温泉太差了！！！！！！脏乱差不说，服务态度极差！！！绝对封杀！！！ ? ? ? ?[怒][怒][怒][怒]","train","64957","weibo-64957"
"weibo-60384","0","说的太感人了[泪]","train","60384","weibo-60384"
"weibo-89266","0","牛逼。//@arale:[泪]//@老唐喜乐: @耳东EE 看张总真是一点都不让我们失望的！//@朱七: 哇！！//@姜森V: 赞！//@柚子hiro: 哇，牛逼！//@编号223: 和?音?牛大?！加油?","train","89266","weibo-89266"
"weibo-93763","0","审美真是。。。感觉像撒上了厚厚的鸟屎[衰]","train","93763","weibo-93763"
"weibo-100019","0","突然想起微博上有个鸡汤说过：当你跌倒的时候苏打绿会关心你疼不疼，五月天会让你自己站起来。其实都不是，我咋觉得当我跌倒的时候，身边的好盆友们只想哈哈大笑呢，一般最后也都是以我自己笑着站起来收场，而且屡试不爽！习惯性崴脚的人伤不起啊[泪]","train","100019","weibo-100019"
"weibo-69894","0","看上这个猫爬架了，要七百多。。。[衰]","train","69894","weibo-69894"
"weibo-83421","0","手机摔地上了，角儿上磕了好大一个坑儿，不漂亮了~[泪][泪][泪]","train","83421","weibo-83421"
"weibo-106999","0","1111[怒][泪]","train","106999","weibo-106999"
"weibo-85957","0","宿醉的感觉糟糕透了，一个小时看一次手机和天花板。[泪]","train","85957","weibo-85957"
"weibo-72477","0","报告！@杨雯yaa [衰]","train","72477","weibo-72477"
"weibo-83002","0","写着，写着，突然好想来一碗炒粉干。。。[泪]","train","83002","weibo-83002"
"weibo-115399","0","#深夜发吃#糖炒小板栗！我的最爱！小编对板栗完全没有抵抗力啊！（虽然知道里面满满都是淀粉！[泪] ）虽然每到冬天就变肥仔的结局总是在我的身上发生，但是我还是一如既往的爱板栗~[转发]","train","115399","weibo-115399"
"weibo-93916","0","回复@易鹤达微博:嗯，电视自身的落后还与迅速发展的新媒体处在同一个时期。 //@易鹤达微博:以前台少节目多有可看性现在台多可看的节目少 还是看纸好 字多画多好玩[嘻嘻] //@周星的慢一点吧:同时还发着博呢，看来看电视的人真的越来越少了[失望]","train","93916","weibo-93916"
"weibo-111467","0","明年各级财政又会多一笔整改资金，又会肥一批人[怒]","train","111467","weibo-111467"
"weibo-89061","0","描述也不一样，我编了半天呢！[抓狂]","train","89061","weibo-89061"
"weibo-90798","0","擦！谦虚是牛B的前兆[衰] //@4X4硬派机器:黄天大哥果酱了[偷笑]","train","90798","weibo-90798"
"weibo-77379","0","发现金毛的魔鬼本性开始露出来了[泪]天......","train","77379","weibo-77379"
"weibo-97823","0","[偷笑] //@沈进:摊上大事了//@麦大苗://@赵志东律师:企业运营，钱是一切。//@文兴--: 那谁？新版什么什么总局的，怎么把关的？[抓狂]//@潘争_NCG:[哈哈]","train","97823","weibo-97823"
"weibo-117551","0","读着这条微博让人想掉泪[泪][泪][泪]为机上的乘客祈祷，希望有人幸存。[蜡烛][蜡烛][蜡烛]","train","117551","weibo-117551"
"weibo-97701","0","可以把那个瑞可爷爷屏蔽掉吗[抓狂]","train","97701","weibo-97701"
"weibo-60840","0","@翡翠岛女神 [晕] //@时尚女性:松糕鞋的危害你知道吗？","train","60840","weibo-60840"
"weibo-63887","0","没统一定义 //@樊德安:他们还需要评委吗？[偷笑]//@裸枪: [右哼哼][左哼哼]//@清越微博1: [嘻嘻]//@真正的朋友是我: [晕]","train","63887","weibo-63887"
"weibo-105593","0","这银行效率怎么这么低啊！我这一堆事儿呢！十个号一个小时都还没到我！[怒]只能自拍玩儿了！","train","105593","weibo-105593"
"weibo-112306","0","卧槽！！！！男人也太不是东西了。 //@菩提幻海:[哈哈]说出了男人们的心声儿[抓狂][鼓掌]","train","112306","weibo-112306"
"weibo-80232","0","好想尝试！但估计不适合我[泪]","train","80232","weibo-80232"
"weibo-88165","0","牡丹亭是怎样炼成的。[泪] //@PRFIRST: 央视纪录频道CCTV9,9月10日-12日晚8点，三集连播。//@PRFIRST: @谭盾-听音寻路 携手 @昆曲张军 @舞者黄豆豆 联袂巨献 三集人文纪录片 《寻梦牡丹亭》新锐导演 @丁正ing 用镜头讲述三位艺术大师联合创作实景园林昆曲《牡丹亭》，再现明代中国生活之美。","train","88165","weibo-88165"
"weibo-65900","0","[怒] //@鄢雨的微博:转[怒] // @明它它 :// @导演高晓舰 ：是哪家大型连锁超市？呼吁大家抵制它！[愤怒] // @青年导演上官麒 ：[怒]傻孩子，做鬼也不要放过他们！ // @艺态品牌设计 ：[怒] 什么超市啊~~告它~~","train","65900","weibo-65900"
"weibo-79003","0","#小丸漫生活#啊啊啊啊！[泪] [泪] [泪] 一个春节过后，小丸的腰围一发不可收拾，人艰不拆啊~~~~","train","79003","weibo-79003"
"weibo-62731","0","现在才洗脑来不及了。[晕]","train","62731","weibo-62731"
"weibo-114484","0","[挖鼻屎]我一直在买。。。@魔王1987 //@五花兔: [抓狂]","train","114484","weibo-114484"
"weibo-77027","0","我的心在淌血～@汤吉吉小姐和老任的幸福生活 这辈子也就你丫能让我如此破费！我亲娘都木有！[泪][泪][泪]","train","77027","weibo-77027"
"weibo-72955","0","[泪]有人约我吗？//@妹莉十足: 哈哈哈哈哈哈哈哈哈哈。。。。。@不甜 @Muggle拿铁 @娃哈哈苏 @贾妍","train","72955","weibo-72955"
"weibo-104792","0","这算是来往末日的列车吗？！？[晕][奥特曼][围观][思考]","train","104792","weibo-104792"
"weibo-105817","0","听吴莫愁的歌要多穿件衣服，鸡皮疙瘩呀[抓狂][抓狂]","train","105817","weibo-105817"
"weibo-84706","0","中邪了，手机中不管是V博，短信，搜索，名字，就是不能打YE，咳，还是驰右边，一打，统统屏幕消失回初始状态，就差死机了。[抓狂][抓狂][抓狂][抓狂][抓狂] 以后谁看见俺拼音+汉字，别喷，太无奈[晕][晕][晕]","train","84706","weibo-84706"
"weibo-98629","0","Chrome的应用商店又不能用了[泪]google[蜡烛]","train","98629","weibo-98629"
"weibo-64567","0","不管用的……除非去的是一对儿好基友，其他的每对儿里都至少有个女的。[泪]//@Effy想念海风的味道: @J小站 昨天排队买票的时候也应该这么喊一嗓子","train","64567","weibo-64567"
"weibo-81748","0","[泪]我想看《假面舞会》！！！@一二一326","train","81748","weibo-81748"
"weibo-110498","0","想着我也能加入，心里有股淡淡的忧伤。。。//@四头:?胖子，反歧?！[怒]//@RED怡: ?胖子，反歧?！[哈哈]//@丢丢啊丢丢: ?胖子，反歧?！//@helicen_100: [哈哈]","train","110498","weibo-110498"
"weibo-106168","0","遭雷劈的饮尿啊 [衰]//@白牛二://@大北京的兰色火焰_国安_王天普://@Rainy-chen-GuoAn: 转发微博。","train","106168","weibo-106168"
"weibo-81804","0","应该不是因为跑步吧[晕]。。。他应该是常年吸烟者吧？ //@潘石屹:这称呼像《功夫熊猫》。 //@马清运的微博:我被吓了、师傅！ //@潘石屹:你别吓我。 //@王巍w:与跑步有关吗?","train","81804","weibo-81804"
"weibo-119045","0","你转错了吧[怒骂] //@蓝米子:他会不会点击错了[阴险] //@中国之翼扣子: 回复@郝燕在北京:星座大师啊，太中意他了，粉丝五百多万！精神与物质绝对统一的被击中，像灰姑娘被王子注视！ //@郝燕在北京:暗爽吧[笑哈哈]","train","119045","weibo-119045"
"weibo-90880","0","遇到无赖的解决办法就是――比无赖更无赖！[怒]","train","90880","weibo-90880"
"weibo-66195","0","叉姐的境界真高。 //@鲨鱼小爻:随缘：尽人事听天命。尽人事是修行做好自己能做的事情，而不纠缠或执着于结果~不过大多面对事情我说要随缘的时候就是有点消极的要放弃的念头了[汗][汗][失望][害羞][害羞]","train","66195","weibo-66195"
"weibo-108748","0","伊布太独了，老是一副“来！我要打十个的表情”！[晕]","train","108748","weibo-108748"
"weibo-111623","0","要??看?嗦？我?的?酒?呢！[抓狂][怒] //@哈戳戳:又?北京雪，可惜?酒喝。[抓狂]","train","111623","weibo-111623"
"weibo-118061","0","哎呀！帮忙转 //@雪鸿先生:肥水又白白外流了[泪]","train","118061","weibo-118061"
"weibo-118807","0","喝煮沸牛奶伤身？[晕]","train","118807","weibo-118807"
"weibo-61024","0","CAO! Ni Da Ye De！！//@鹏媒体赵鹏: [怒]强烈要求取缔城管这一毒瘤！","train","61024","weibo-61024"
"weibo-85771","0","铁道部还我D字头10小时的火车！干嘛高铁开了之后D字头就剩一趟还涨价了！G字头坐不起啊坐不起！[泪]这回真的要破产了！[泪]","train","85771","weibo-85771"
"weibo-73328","0","好热呀，艳阳刺眼[晕]","train","73328","weibo-73328"
"weibo-94362","0","支付宝快捷支付已经快到连支付密码都不用输入的地步啦？！[晕]","train","94362","weibo-94362"
"weibo-107776","0","和???再?[泪]","train","107776","weibo-107776"
"weibo-112912","0","毛里求斯 国鸟 是已经灭绝的渡渡鸟。体长100-110cm。叫声似“渡渡”每窝仅产卵一枚~！[泪]","train","112912","weibo-112912"
"weibo-112187","0","烟台，海边，连续四天下雨天，最是浪漫好时光。这样的雨夜再来点小酒，不来点儿浪漫简直就是浪费。可悲催的是人家玩儿的是一夜情，老娘打的一夜蚊子[泪]女人太矜持的后果就是被无数只公母蚊子调戏并亲吻你全身！NND！痒痒","train","112187","weibo-112187"
"weibo-75909","0","因为统统只上聚美，常常导致网络瘫痪吧[偷笑] //@聚美陈欧:回复@吴敏小卒:啥单位，这么好的电商网站都封，太没人性，跳槽吧[哼] //@吴敏小卒:单位把聚美网封了。。。[泪][泪][泪][泪]","train","75909","weibo-75909"
"weibo-72702","0","早晚离开这个鬼地方[衰]","train","72702","weibo-72702"
"weibo-105860","0","还要连碎片都抢走，怕什么你们?孩子饿死的时候在哪?那种恶梦不怕倒怕普通公民问责? //@林冰律师: //@陶景洲:两个被饿死的孩子，死后还这样被对待？[晕]","train","105860","weibo-105860"
"weibo-93668","0","好累，还有一天呀????[抓狂][晕]","train","93668","weibo-93668"
"weibo-115196","0","原来萨摩耶的通病是爱咬东西 两副眼镜 一个摇控器 一块大披肩 四双袜子。。。天天都有骨头磨牙了 还那么折腾[衰] 今天听朋友说 还把手机屏幕咬裂了。","train","115196","weibo-115196"
"weibo-82393","0","//@云满碧山花满谷:以后自己带筷子//@秋山晚翠: [衰]","train","82393","weibo-82393"
"weibo-64069","0","我醒了[泪]","train","64069","weibo-64069"
"weibo-83229","0","被与碑！中国军人要雄起啊！！！！ //@江颐://@G点网: 【悲……】：被与碑，真悲……[泪]","train","83229","weibo-83229"
"weibo-76217","0","在展览上看见双18K金的鞋，还没缓过神儿来！[晕]","train","76217","weibo-76217"
"weibo-71345","0","回复@一团草莓:谢谢!我已经进入到了新的?段[嘻嘻] //@一团草莓:好久没有看到新的大口吃遍台湾咯???[泪] //@大口吃遍台湾阿松:回复@DJ麦太摩妈绘粢王:美食节目是休息一下。[嘻嘻] //@DJ麦太摩妈绘粢王:回日做做财经了？那美食节目呢？","train","71345","weibo-71345"
"weibo-100784","0","#杜汶泽患罕见怪病# 扎扎针灸 拔拔火罐 调理调理身体 疼啊[泪][泪][泪]","train","100784","weibo-100784"
"weibo-60091","0","[衰][衰][衰]//@李开复:[衰]","train","60091","weibo-60091"
"weibo-100989","0","这叫劈腿！[怒][怒][怒]","train","100989","weibo-100989"
"weibo-67351","0","这个，这个，谁能抗拒[抓狂]","train","67351","weibo-67351"
"weibo-72559","0","所以啊，出门旅行，尤其是出国游，请一定要先研究当地的风俗习惯。要是如同这位俄罗斯男子一样，真的有生命危险也说不定啊~//@橙子hzz: [衰][衰]","train","72559","weibo-72559"
"weibo-105497","0","妈蛋，赶得像个孙子一样[怒]","train","105497","weibo-105497"
"weibo-88177","0","#班车#你也太不给力了哇[抓狂][抓狂]每次我早到，你都迟到，顶盖啊，某缘分[泪][吃惊]来啦，老冷啊","train","88177","weibo-88177"
"weibo-86236","0","愁死算了[衰]//@付明德律师","train","86236","weibo-86236"
"weibo-71737","0","too tmd cold[泪]","train","71737","weibo-71737"
"weibo-106119","0","怎样删除ipod里的文件[衰]","train","106119","weibo-106119"
"weibo-95917","0","图呢？！[晕]","train","95917","weibo-95917"
"weibo-74685","0","“用饱含肉蟹的蟹黄的汁拌着小鲍鱼熬的粥，一碗接一碗停不住嘴。” 就算今天没有早餐，晚餐你也不能这样啊！[抓狂]","train","74685","weibo-74685"
"weibo-81574","0","回复@刘京京顺子:了然,洒家试试[爱你] //@刘京京顺子:别玩了，了电聊，就睡着了。 //@怂的载体:这飞机是越打越精神,失败[泪]","train","81574","weibo-81574"
"weibo-117264","0","Jobs [泪]。 和微软诺基亚合并吧","train","117264","weibo-117264"
"weibo-71508","0","旅?法不?了？[衰][衰]","train","71508","weibo-71508"
"weibo-102207","0","大隐隐于市，藏在鲜鱼口最东头儿的水文化主题酒店，小雨去逛荡了一圈儿，我，如傻傻的幽灵一般飘过这个视频[晕]不知道兄弟们找到木有，好在脸模糊，不然会吓死几个...","train","102207","weibo-102207"
"weibo-73182","0","和未满十四岁少女...别告诉我就是吃肉饼[汗] //@甘小喵Candy:[泪]婶看好你们[晕][晕][晕]","train","73182","weibo-73182"
"weibo-67402","0","您拍时可注意别吓着俺爹呀[晕]","train","67402","weibo-67402"
"weibo-87473","0","//@美好的经典台词:最近压力大，正在走霉运的12星座[伤心] @白羊座-心理学","train","87473","weibo-87473"
"weibo-73348","0","#行走-越南#每日一?：胡志明-美奈，大巴，5小时，250公里！本来就很惊叹，这得怎么开，结果：走了近7个小时，中途尽然只名正言顺的停一次车，让大家解手！时速基本是20-50迈！回程换个火车试试吧！[抓狂]@菲-sara 我在:http://t.cn/8kj2QvY","train","73348","weibo-73348"
"weibo-97488","0","着玩意比我妈还了解我，崩溃[泪]","train","97488","weibo-97488"
"weibo-117780","0","晚上的时间怎么能变长点呢。。感觉一会儿又该睡觉了……唉……[抓狂] 什么都没时间干。。","train","117780","weibo-117780"
"weibo-110780","0","店里剩下这唯一的三瓶千寿已经不属于我了...三号店你够狠！这是我唯一的存货啦[怒][怒][怒][怒] http://t.cn/zOeio1l","train","110780","weibo-110780"
"weibo-84473","0","22：00?2：30、4：30?7：20、10：15?13：50 、15：40?18：08现在又要开始了？[晕][打哈气]","train","84473","weibo-84473"
"weibo-69968","0","央视报导完微信收费是否，好歹给一个结论啊[衰][衰][衰]","train","69968","weibo-69968"
"weibo-117542","0","【[怒]】彩票如果上瘾，比赌博还害人，大多数赌博的长期亏损都还不如彩票的长期亏损大，比如轮盘赌是长期亏损5.5%/手，而彩票比这贵亏得多。。。。。。//@bbscamera: 真牛，一般人想借8000万都借不到吧 //@新浪足球彩票:赌球害人啊～","train","117542","weibo-117542"
"weibo-80603","0","昨晚。今早。现在。脖子疼。。几个意思？？我的颈椎[泪]#絮叨而已#","train","80603","weibo-80603"
"weibo-65846","0","不是性，是文明。 //@韩滨鸿:虚假广告[泪]","train","65846","weibo-65846"
"weibo-60510","0","要到周二打架的时间了，真不愿打架，多伤和气啊！周二，来，喝起来！[晕][晕]","train","60510","weibo-60510"
"weibo-116519","0","回覆@MookBeauty:今曰?房休息一天, 唔?野了, 放心, 唔?post 蛋糕相[嘻嘻] //@MookBeauty:回复@OL醉??房: 又想起你的蛋糕了[馋嘴]…真?百感交集[委屈][抓狂][花心]… //@OL醉??房:看得出的美味！[花心]","train","116519","weibo-116519"
"weibo-88207","0","#深夜发吃#Pudding！各位美女吃货们有没有眼前一亮呢。不过说起来，怎么感觉和鸡蛋羹有点象呢？[生病]鸡蛋羹吃伤的孩子们伤不起啊~~[泪]","train","88207","weibo-88207"
"weibo-89374","0","虾米菜了！机票21日的签证20日到期！早干嘛呢！只好留着在我的mother city 吸毒加中毒了！MF！能特么至少出一天太阳晒晒 么？[怒]","train","89374","weibo-89374"
"weibo-99768","0","好丰盛的早餐哟！[泪][泪][泪]","train","99768","weibo-99768"
"weibo-110115","0","[抓狂][抓狂]真的不希望石榴君来上海@SuperciciPlus 不然我要哭死的[?][?][?]","train","110115","weibo-110115"
"weibo-96615","0","还在吗？[晕] //@檀红光:臭不要费斯的 //@檀发佳:跟老同志一起好，也不远了。","train","96615","weibo-96615"
"weibo-116259","0","[泪][泪]心里一直不愿承认，但还是这样。。。哭了！难受！","train","116259","weibo-116259"
"weibo-93460","0","吃了过期退烧药啊，糊涂的我和老妈……都38以上了[泪][泪][泪][泪]好难受……","train","93460","weibo-93460"
"weibo-91077","0","//@济南卫视官方微博：//@你懂的__Betrayal：//@--小玉--HZ：[晕]","train","91077","weibo-91077"
"weibo-108914","0","路哥转爱咬apple的配件！！！要坏4根爱疯线后，现升级咬air的电源线了！！！你大爷啊！！！[怒][怒][怒][怒][怒][怒][抓狂][抓狂][抓狂][抓狂][抓狂]苦逼的买线去[泪][泪][泪][泪][泪][泪]","train","108914","weibo-108914"
"weibo-71406","0","小编压力好大。。。从昨晚的“中了就去怀孕”到今天的“中了就去求婚”，主页君会被计生办敲门查水表吗。。。[衰]//@鋈暨: 敢给我塞舌尔，我就敢去求婚，小编，敢给我吗[偷笑]","train","71406","weibo-71406"
"weibo-85313","0","@智升科 @自由的胖头鱼 //@王佳庆123:[衰]","train","85313","weibo-85313"
"weibo-67286","0","不知哪来的宝宝，太有爱了[泪] 发出来萌一下~~~","train","67286","weibo-67286"
"weibo-73610","0","如果以这种悲观的视角看世界，你只有呆在家里吧!事物总有它另一面。不论如何，我都热爱这个世界，去走一走，看一看。 //@北京吃喝玩乐会:知道真相的我眼泪掉下来[泪]","train","73610","weibo-73610"
"weibo-97081","0","一锅好的粥香气扑鼻，在大冬天无比诱人！尤其是现滚的砂煲粥，因为有海鲜肉类香菇等等加入，超甜呀！（另，东航上海北京航班又关上机舱门以后玩暂时不飞啦[泪]。我。。。担心我的宵夜！！！酒店钟仔房都不好吃！）#正版深夜发吃兴趣小组##零点与您聊炖肉#","train","97081","weibo-97081"
"weibo-70994","0","[抱抱]没事，没事~日本樱花的盛开的时间一般为10天，每年的3月15日至4月15日是日本樱花最茂盛最美丽的时节，是樱花节哦~最晚的话，还有北海道的樱花哦[挤眼]//好的CC：哎呀。东京和京都那么早开！机票酒店都订好了[泪]","train","70994","weibo-70994"
"weibo-73451","0","今天的晚餐?[浮云][织][抓狂]现在我很饿、很饿[泪]","train","73451","weibo-73451"
"weibo-107393","0","我一人带两个闹腾孩子，[抓狂]还要照顾两位老人，又是爹又是妈，又是儿又是女，一会做厨师，一会做卫生员，累得骨头架子都散了！[泪]@刘神龙 @幸运的幸运雨儿 ，你们二位玩的可潇洒？[打哈气]","train","107393","weibo-107393"
"weibo-69163","0","生物钟你真是太贱了。。。！！！难得能睡懒觉的时候偏偏每天都给我那么早醒！[抓狂]","train","69163","weibo-69163"
"weibo-93229","0","[晕] //@丁小丁杰静:标题霸气惨了～","train","93229","weibo-93229"
"weibo-68384","0","从诸暨带回来的[泪][泪][泪]没注意看，好多坏的！ 我在:http://t.cn/zHdRUnw","train","68384","weibo-68384"
"weibo-69907","0","为了等布宫的夜景我在广场上都要被狂风吹得感冒了[泪][泪][泪]天怎么还没暗下来，我要看发光的布宫！ 我在这里:http://t.cn/zluusUX","train","69907","weibo-69907"
"weibo-87004","0","这是我听过的最可怕的故事，真的。[失望][失望][失望][失望][失望][失望] //@谢鸣晓:回复@好帅玛玛:他们会像猪一样睡 //@好帅玛玛:怎么可能离开啊？他们以后睡得着吗","train","87004","weibo-87004"
"weibo-114522","0","无论在这儿上窜下跳过多少次，每次都能发现新大陆，新得奇幻而陌生，令人好生喜欢～不过，还是会下意识跟紧工作人员，怕迷路，怕上演大剧院惊魂记[晕]","train","114522","weibo-114522"
"weibo-94979","0","你算神兽?????[汗] //@cloudieyun_love:我。。。尼马应该算是那个呢。。。[抓狂]","train","94979","weibo-94979"
"weibo-96616","0","耳朵进水真难受[泪]","train","96616","weibo-96616"
"weibo-72843","0","[抓狂]啊~~~~~~~~~~~~~~~~~~~~~~~~~~~~~~~~~~?","train","72843","weibo-72843"
"weibo-113980","0","我真?心你就???走了……我回去找不到小爆那可怎?? [泪]","train","113980","weibo-113980"
"weibo-104644","0","回复@喻江:[抓狂][抓狂][抓狂][抓狂]你们给我留一个@飞鱼秀喻舟 //@喻江:妹妹吃了一半，突然说：自己包的！哇塞，太牛啦！跟买的一样呢！","train","104644","weibo-104644"
"weibo-80245","0","吃饱玩傻后进入疯狂干活段[泪]","train","80245","weibo-80245"
"weibo-106089","0","回复@健忘大条女:浪里个浪真的越来越让人无语了!原来还多少干点实事,怪不得越来越走下坡路了![怒] //@健忘大条女:我已经收到这种好多次了","train","106089","weibo-106089"
"weibo-101859","0","回复@新疆财经微博协会:可我这儿已经显示艾特过了呀，而且确实艾特你了呀！ //@新疆财经微博协会:[泪]木有啊，小编找了好几遍，以后记得艾特人家啦","train","101859","weibo-101859"
"weibo-74095","0","//@爸爸爱果果2012:立党为公，执政为民，人心所向，天命可知，奈何以一姓之尊荣，攘兆民之好恶[怒]","train","74095","weibo-74095"
"weibo-119317","0","之前种种的不开心都过去了[晕][嘻嘻][哈哈]，女人!!!以后的日子我们都会过的更好。明天生日了，我再祝你次生日快乐，哈哈。长大了哦，该改的也改改哦。[呵呵][爱你][偷笑][蛋糕][兔子]","train","119317","weibo-119317"
"weibo-72291","0","怎么可能，兄弟，我不敢相信[泪]","train","72291","weibo-72291"
"weibo-101181","0","8级！[晕]//@兔子奶奶熊的娘: 哈哈哈哈@潜伏的豆豆龙 @勤劳君儿 @笑吾嗔痴 @鄢蔓 @笨迪诺夫司机 @一筐黄桃子 @江湖一郎 @薇狗-薇博 @李步教 //@口袋英语: 没有10级我都不好意思转。[偷笑]","train","101181","weibo-101181"
"weibo-71446","0","我们一路领跑，哈哈，就是找不到对的[抓狂][抓狂][抓狂] //@不败不行的candy:确实","train","71446","weibo-71446"
"weibo-97438","0","我得连续看一周《新闻联播》才能抚平人民群众对fucking kim的负面评论[晕]","train","97438","weibo-97438"
"weibo-74787","0","此刻，我很饿，肚子是空的。。。小马说：你睡一觉就什么都忘记了。。。。所以，我现在忍着，忍着。。。。可我闭上眼，就想起东北大饼啊，寿司啊，鸡扒，各种套餐。。。 试问我怎么睡得着呢？。。。[泪] 。。 马，给我个理由。。。","train","74787","weibo-74787"
"weibo-118149","0","评论吓尿了 [衰]","train","118149","weibo-118149"
"weibo-109986","0","#海湾馨语# 太激动了 打成忘记了 其实是旺季 [衰]","train","109986","weibo-109986"
"weibo-79272","0","专为美女摄影的哦！不知道需要男模做道具或是远景陪衬呢？[哈哈]记录美女的一路成长怎么少的了他、她、它或是它、它、它的存在？[晕]","train","79272","weibo-79272"
"weibo-81055","0","Nobody understands my pain. Nobody.......so I fucking pray...[抓狂]","train","81055","weibo-81055"
"weibo-68390","0","又踏上去安徽的列车了，这次终于能发车了，但更恐怖的事，动车半路停车了，我的天阿！[晕]铁路两边有昨日台风肆虐，留下的痕迹 我在:http://t.cn/zWWOPW5","train","68390","weibo-68390"
"weibo-95164","0","太傻了 //@V老大的小跟屁虫: [泪]//@Meek_沁沁: //@Happy张江:傻姑凉！他不爱你，你再用心也是白费[c伤心]","train","95164","weibo-95164"
"weibo-110703","0","老头子好凶，只有一条命了[泪]@love_bird_??懿","train","110703","weibo-110703"
"weibo-109357","0","@我是大能个儿 @钢----?儿 @王佳宁N @Ms瓣儿 //@Jessica_卡卡:哈哈哈哈~ 太欢乐~@鸟小寒_C @Oh-My奥利奥 @木木不吃冰激凌 //@巴士无误: [偷笑]@Jessica_卡卡 //@时尚趣味范: 凌乱~~[衰]","train","109357","weibo-109357"
"weibo-61926","0","[泪]//@李强弘信创业工场: 无数企业被苛税压死了//@老徐时评:[吃惊]//@贺江兵:吓死了","train","61926","weibo-61926"
"weibo-90967","0","//@圆小异7:咱们万圣节去哪儿过啊 大白白！！// @白小白_白又白 : @圆小异7 倩姐 我也想要南瓜灯！！[泪]","train","90967","weibo-90967"
"weibo-81856","0","也就你会想到这个深度~~~[晕]//@零度飞跃-北京: 那要是有老公的呢，违法不？","train","81856","weibo-81856"
"weibo-69380","0","现在想想还真危险[衰] //@Napoleon拿破仑巧克力吧: 举手","train","69380","weibo-69380"
"weibo-101864","0","你男人也就抱这个女人睡对的起你[哈哈][哈哈][哈哈]//@韩玉hany:[泪][泪][泪]我的男人抱着别的女人睡~~","train","101864","weibo-101864"
"weibo-117347","0","不是说辟谣的么？怎么突然限号，许仙你怎么看阿。。。西湖三月买车忙[泪][晕]","train","117347","weibo-117347"
"weibo-92440","0","@2012北京盛典 王毅！你是最美的[泪]","train","92440","weibo-92440"
"weibo-75026","0","[蜡烛][蜡烛][蜡烛] //@萨博slinna:爷们儿，走好！[蜡烛] //@镜中的男人王冠雄: [泪][泪][蜡烛] //@吴海:英雄！","train","75026","weibo-75026"
"weibo-115466","0","相当可以…在@小通巷1号 喝了16瓶艾英格…我觉得是创记录了吧…[晕][晕][晕] @老灰_","train","115466","weibo-115466"
"weibo-109537","0","怎么不通缉我一下[抓狂]","train","109537","weibo-109537"
"weibo-102888","0","马航370，如果你听得到……[泪]","train","102888","weibo-102888"
"weibo-116310","0","回复@仰蛙蝶自:如果你下周就去，这台湾购物节优惠券可以送你。 //@仰蛙蝶自:下周三上飞机，奔赴台湾，这节目没听到啊～～～～哪里有重播？啊[抓狂]","train","116310","weibo-116310"
"weibo-69714","0","//@徐雷YouGou: 我懂的，你们懂吗？//@合润王倩://@万安凤: [怒]//@阿忆: ……也许你从此看不成了……","train","69714","weibo-69714"
"weibo-111699","0","每两小时起夜一次[晕]????","train","111699","weibo-111699"
"weibo-84245","0","睡前忘记喝牛奶了，果断爬起来~~喝一杯[晕]","train","84245","weibo-84245"
"weibo-111878","0","杭州今天大雾，西湖看不见[泪]// 今日の杭州は?。西湖が?えません[泪]","train","111878","weibo-111878"
"weibo-111212","0","这国家，还有救吗？[抓狂]","train","111212","weibo-111212"
"weibo-95997","0","一去不回！//@作业本:笼包带兵入韩[怒] //@别惹喵:饺子拍案而起[怒][哈哈]","train","95997","weibo-95997"
"weibo-68006","0","今日新闻：北京即将在南边兴建新机场。对于望京的人来说，绝对是利好的消息啊。[挤眼] //@彦风_交互设计:[生病] //@菊人2011: 机场回望京的时候更麻烦。 //@彦风_交互设计: 经历过[衰]","train","68006","weibo-68006"
"weibo-105552","0","[衰]//@SHAN_单子: @PS3保罗 @李乃明 @高飞CR @小刀砍大树 @xiao驴苗苗 啥也不说了 //@苏黑黑:阿弥陀佛！ //@汪?WangMeng:[晕]","train","105552","weibo-105552"
"weibo-100068","0","我们每个月交得各种税，就养活着这群王八蛋。//@常主子: //@键盘上的蝴蝶:转！不是有效能办吗？//@惊涛拍岸1980://@天津观众://@种树的老人: 王八蛋！！！[怒]","train","100068","weibo-100068"
"weibo-74561","0","我看来只顾着做一个合格的温室了[泪]//@吴姬Melinda: 我前半辈子就是温室里的花朵。","train","74561","weibo-74561"
"weibo-93751","0","刚才跟人聊了好几句，突然断了，一看才发现~~是微信[晕][汗][挖鼻屎]我怎么2成这样儿了[委屈]","train","93751","weibo-93751"
"weibo-65646","0","在病魔和灾难面前，[泪]生命真的太无力了！ //@Wpureice://@旅伴箩箩-罗军: 没忍心看完[泪] //@郑小彬:[泪][泪][泪]看完后我轻轻的亲了亲熟睡中的女儿。//@笑笑江湖2011:哭得稀里哗啦的~~~[可怜]","train","65646","weibo-65646"
"weibo-119375","0","已老。。好怀念的软件们啊。。豪杰的那个界面。。[泪] 想当年。。用ants费劲巴拉的下着阿贵。。//@V嘞个脖:n年前看着攻略用FPE把仙剑和沙丘数值改了后当时无比兴奋[挖鼻屎]//@ttdz:我都用过//@高云峥:这个，这个，碉堡了","train","119375","weibo-119375"
"weibo-74408","0","[吐][感冒][衰]//@魔都生活圈:麦记干的么[晕]","train","74408","weibo-74408"
"weibo-116213","0","刚才是不是崩溃了?[泪][怒]","train","116213","weibo-116213"
"weibo-79799","0","北京的春天怎么能冷成这个样子?爷现在穿得比冬天还多呢!你们坐屋里嘴皮子一呼扇就把暖气停掉了你们特么是人民的政府吗?[怒]","train","79799","weibo-79799"
"weibo-88626","0","今日午餐：会城门菜市场大饼就华联超市凉菜，凉菜内容为生菜平菇洋葱木耳花生粉丝凉皮面筋魔芋丝蕨根粉[晕]魏爷说早上六点起没吃饭饿[兔子]魏爷[威武]","train","88626","weibo-88626"
"weibo-116133","0","#随手拍# 立秋第一顿饭吃的空心菜，是不是代表这一年都会缺心眼[悲伤][悲伤]","train","116133","weibo-116133"
"weibo-88736","0","回复@郭杨alex:你只你在职场博弈无处不在，咋分呢[衰] //@郭杨alex:简单点好，人以群分","train","88736","weibo-88736"
"weibo-103842","0","[抓狂][抓狂] //@小芳_: @godflowr","train","103842","weibo-103842"
"weibo-91950","0","是呀！我们也老了[泪] //@晓炜的高尔夫调调:呵呵，孩子长大咯","train","91950","weibo-91950"
"weibo-99661","0","病入膏肓[偷笑]男人一旦迷上赛车就无药可救[泪]期待CCTV5欣赏陈会长精彩画面@CCTV李晨明 @粽子GG @嫣子李三 @沙漠里一颗葱_周萌 @天界阿泰","train","99661","weibo-99661"
"weibo-92131","0","继续晚上的PPT之旅[泪]","train","92131","weibo-92131"
"weibo-69571","0","滞留在Hk机场超过5个小时了，听说北京现在大暴雨？[衰]","train","69571","weibo-69571"
"weibo-84424","0","上次接到电话，自己稀里糊涂就办了一个1500元及以上就自动分期的分期，每个月倒是要少还点钱给银行，但是自己又不是差那么点钱，多的利息钱都给了。自己总是在算，最多只刷1499元就不用付利息了，还是不小心刷了一笔1725。[怒][怒]","train","84424","weibo-84424"
"weibo-67565","0","今晚奥运会开幕式？[晕]我都忙晕了。。。[泪]","train","67565","weibo-67565"
"weibo-61173","0","我是不是要死了啊[泪][泪][泪]","train","61173","weibo-61173"
"weibo-69329","0","说实话，参加完追悼会到现在都没缓过来！//@彭涌_爱美食:昨日一早送别了好兄弟陶伟，看着他静静的躺着，悲痛，又感生命的脆弱，往昔历历在目，兄弟一路走好。@陈玉霞博斐秀禾 @四瓣馨香] //@赵燕国彰:陶伟兄一路好走![泪][泪][泪][泪]","train","69329","weibo-69329"
"weibo-63585","0","原来洗牙需要定期执行阿！天天出血[衰]明儿去医院问问 //@营养医师王兴国:最有效的措施是去口腔科洗牙，定期洗牙；偶尔有效的措施是服用VC；无效措施是牛黄解毒片（其效果与啥也不做相当?会自行好转的）。","train","63585","weibo-63585"
"weibo-64242","0","//@茉_熊猫:[怒][怒][怒] //@小惠惠的小月月://@绿翼京师国安罗刹://@爱GuoAn的胡同串子: 转发微博。","train","64242","weibo-64242"
"weibo-95419","0","除了中国政府不承认税负过重之外，全世界都统一形成共识了。+1[怒] //@杨骁：我们中国人真该骄傲啊！！！！！！//@龙龙：顶任总！//@任志强：除了中国政府不承认税负过重之外，全世界都统一形成共识了。","train","95419","weibo-95419"
"weibo-101050","0","雷锋叔叔很生气！[抓狂]//@可普_2rf: 现代雷锋真多！","train","101050","weibo-101050"
"weibo-113893","0","回复@一期一会一梧桐:因为葡萄已经变成葡萄干 ，青春小鸟一样不回来[泪] //@一期一会一梧桐:摆渡越来越man了","train","113893","weibo-113893"
"weibo-103614","0","情何以堪!天堂里没有动车相撞,孩子,一路走好 //@里包包: //@主席请就位_晓成：她还那么小。走好。[泪] //@新浪福建：","train","103614","weibo-103614"
"weibo-89624","0","有钱真好[泪]","train","89624","weibo-89624"
"weibo-88241","0","//@一句心情签名:太感动了[泪]","train","88241","weibo-88241"
"weibo-74423","0","原计划是12点，但现在延误。又是起飞时间待定！[抓狂][抓狂][抓狂] ZH9567//@杨深明YMAN:你也很早嘛，几点降落？","train","74423","weibo-74423"
"weibo-88832","0","作孽啊//@40000km: [怒]//@但斌: 枪毙！ //@广东孙莉莉:不可想象[吃惊] //@中国草根之音在线直播: 转发微博","train","88832","weibo-88832"
"weibo-80986","0","[晕][嘻嘻][ok]//@Monica的V生活:亲们，明天是周一，学习一下应对辛苦的工作 ！@空瓶子爱 @domino周莹 @王旭de美食影像","train","80986","weibo-80986"
"weibo-83654","0","世上只有妈好[泪]//@阿丘:// @北京厨子 :好老的帖子了，每次看到，都要转发一次。不为别的，为了这份母爱。 // @张彬OK :感动……","train","83654","weibo-83654"
"weibo-79006","0","万人撅，保安哄，城管追，也阻挠不了我发传单！！！[抓狂][抓狂][抓狂][抓狂][抓狂][抓狂][抓狂]","train","79006","weibo-79006"
"weibo-76783","0","//@凯莉爱你:感动[泪] //@VintageMuse:A kind of love.","train","76783","weibo-76783"
"weibo-85749","0","自从宣布某妞爱毛绒玩具，不日又搞到一只。感谢@妖叁玖 友情赞助乎!P.S.这与小妖本尊神似。。。小妖非把她编的书放在熊猫前头博宣传[怒]","train","85749","weibo-85749"
"weibo-105950","0","终于又可以扎起辫子了，可是这个长度还是非常尴尬，我发誓三年内再也不留短发[泪]","train","105950","weibo-105950"
"weibo-67913","0","本来都要睡觉鸟，谁知道我上网看了眼这两样男人的玩意，突然大爱了。哎。。。我果然是心比天高，命比纸薄。知道又如何？买八起勒。[泪]","train","67913","weibo-67913"
"weibo-68944","0","看了#小儿难养#之后颇有感触，觉得每天光看着儿子就够了，跟孩子他爸拉拉手，抱抱就够了，出门一会儿就开始想儿子，给谁都不放心。脾气也变的暴躁了，对儿子有耐心，我可怎么办啊，什么时候能回到原来的我[失望]","train","68944","weibo-68944"
"weibo-83087","0","回复@zZzzzz-稀里哗啦噼里啪啦:哈哈哈哈！怕伤了你的眼睛啊。 //@zZzzzz-稀里哗啦噼里啪啦:求你不要的杂志~。快递[泪][泪][泪]","train","83087","weibo-83087"
"weibo-76249","0","【日本超感人纯爱电影《现在只想爱你》】宫崎葵玉木宏主演，一生一次的吻，一生一次的恋爱……唯美悲情，眼泪简直无法控制！[泪]http://t.cn/8sz761f","train","76249","weibo-76249"
"weibo-113678","0","读书多，脑子容易有问题而且是大问题，真是悲剧[晕]","train","113678","weibo-113678"
"weibo-64244","0","冠希哥是因郑州皇后酒吧一周年邀约来临郑州???????同城君觉得貌似再打广告[晕][晕]//@郑州同城会:我大郑州欢迎你的到来[熊猫][熊猫][熊猫][熊猫][兔子][兔子][兔子]","train","64244","weibo-64244"
"weibo-118997","0","败类，心情一下子就down了！[怒]","train","118997","weibo-118997"
"weibo-65747","0","即?的美妙在此?！如果?我再?一次的??的?！我想......[思考]站起?或跳起?好好跟?情?！[失望]","train","65747","weibo-65747"
"weibo-118939","0","我就被黑了四倍[衰] //@韩国行:大家晚上或深夜打车要注意啊~","train","118939","weibo-118939"
"weibo-66250","0","[蜡烛]一起喝酒、一起抽烟、一起踢球，甚至于曾经同床共枕的兄弟，走好[泪]","train","66250","weibo-66250"
"weibo-76903","0","早上醒来的时候隐约记得昨晚周贱贱给我打了个电话，于是问他是不是有这回事。他来一句，我擦，这么浪漫的事你都不记得了？[衰]#把石榴当成生日礼物的男朋友就是这样浪漫的#","train","76903","weibo-76903"
"weibo-110236","0","体制！[失望] //@雯tingting:// @码码小字 :无","train","110236","weibo-110236"
"weibo-104638","0","//@摩卡09://@微博搞笑排行榜: 请珍惜和爱护人类最真诚的朋友！[泪]","train","104638","weibo-104638"
"weibo-60919","0","Keywest之后…还有之后…[晕]@徐家二胖 @Jimmy赵锐","train","60919","weibo-60919"
"weibo-112924","0","这是马上有雪了嘛？[衰]","train","112924","weibo-112924"
"weibo-78191","0","[泪] //@Happy张江:最近那个笑岔气儿了。。。","train","78191","weibo-78191"
"weibo-87843","0","回复@明雪寂:三合一功能好哟[抓狂]一定要培养同行们拍照技术。 //@明雪寂:真心谢谢推荐，正愁换手机……有一个就足够了，说实在的。他可以同时是闺蜜，同行和另一半，哈哈","train","87843","weibo-87843"
"weibo-107471","0","北京...太远了[泪]// 北京...?すぎる[泪] //@山田凉介快Come-On-A-My-House-:！ //@小小尘埃君:买不起Orz","train","107471","weibo-107471"
"weibo-63986","0","[偷笑] //@合和红灯笼丹妮:回复@猪如蜜:[哈哈][哈哈][哈哈] //@猪如蜜: @合和红灯笼丹妮 姐你说是吧是吧？[偷笑] //@猪如蜜:听说快要排到地铁口了。。请问你们有木有想过附近餐厅的感受？？啊啊？？[抓狂]@老街兔掌门","train","63986","weibo-63986"
"weibo-107589","0","[怒]//@新闻夜航: //@夜航刘兵: //@龙视主播郭晓: //@小刚哥哥首位男性高级育婴师:为人父母者应都有感触吧!不要看见了才心酸但东西照常用。 //@海润阳光文化:#对象牙消费说不# 太残忍了吧！ 详情:http://t.cn/zHxdw21","train","107589","weibo-107589"
"weibo-101933","0","//@阳光王大师:太可怕了[晕][晕][晕]","train","101933","weibo-101933"
"weibo-71269","0","再扒一扒庾公子的身世，更要重启了。另，最右边又改名儿啦？//@joanna68: @王晟Daisy @指缝里的天光 @阿拉锅 @汗宝宝20110312 [晕]","train","71269","weibo-71269"
"weibo-85535","0","哈哈哈哈哈哈哈哈哈哈哈哈。深夜看到这里突然发出爆笑。[泪]","train","85535","weibo-85535"
"weibo-107619","0","[泪]交朋友的，结婚的，你们不能忘记还有个单身的我！@亚瑟王妞妞","train","107619","weibo-107619"
"weibo-75561","0","自己来认领吧~ //@玮Vivien:[酒壶] [失望]","train","75561","weibo-75561"
"weibo-90394","0","断网一天了…我这是有多少事没弄啊…[抓狂]","train","90394","weibo-90394"
"weibo-92537","0","今天笨笨做了抽血检查,除白细胞仍然比较高外(有炎症),其它项目基本还好.笨笨最近自己已经能站起来会儿了,精神也不错,能吃能喝能拉能睡,大夫发话:不用天天去了.[可爱]@方块妈 我说:等笨笨自己能走,给她买个GPS.结果大夫说:那下次再丢就不是笨笨,而是GPS了[衰]","train","92537","weibo-92537"
"weibo-65467","0","10点就做完片子了，结果因为要出一个不抖字的1080，到现在都出不好，怎么都是TM抖的，抖啊抖抖啊抖，抖你妹啊！！！我要回家啊！！！！！[抓狂][抓狂][抓狂]","train","65467","weibo-65467"
"weibo-60855","0","//@上海潮流前线:[泪]","train","60855","weibo-60855"
"weibo-119193","0","关键我没有~~[懒得理你]//@?小鬼: @皮皮小J [抓狂]","train","119193","weibo-119193"
"weibo-67417","0","悟空被大妈欺负了[泪][泪]","train","67417","weibo-67417"
"weibo-85805","0","转起来吧。。。//@黄巨荣KEN: //@Mikobabyz:好可?好懂事的小盆友[泪][泪][泪]// @小龙女KITTY :好懂事的小盆友啊。。。[泪] [泪] [泪]","train","85805","weibo-85805"
"weibo-110678","0","44年，太疯狂，无论各种阴谋论，球迷最可怜，球迷最幸福[泪] 另外Liam Gallagher居然也在。","train","110678","weibo-110678"
"weibo-83847","0","张江男想像无限 //@摸脑: [晕] //@二妹你又胖了:真够蛋疼的... //@辛阿喵:张江男中枪了。。。","train","83847","weibo-83847"
"weibo-62529","0","今天胃口不好，买了个冰激凌，某品牌朗姆酒+葡萄干的，ms有一股皮鞋味儿[泪][泪]","train","62529","weibo-62529"
"weibo-86410","0","财政部官方消息：自2013年1月1日起，因公护照费（200元）、因公《往来香港澳门特别行政区通行证》工本费（50元）及签注费（20元/次）将全部取消。当然，这些跟老百姓没半毛钱关系。[怒]","train","86410","weibo-86410"
"weibo-106659","0","最受不了看这样的图片，杀狗的人我诅咒你们一辈子！ //@艾?:[泪]","train","106659","weibo-106659"
"weibo-95827","0","今天打球的时候被一个高佬兼长手老盖了四个大帽[怒]虽然我也盖他一两个加若干抢断，但是这四个大帽真让人憋屈啊~~~[抓狂][怒][哼]看来上篮的技巧和过人速度还有待加强啊~~~","train","95827","weibo-95827"
"weibo-76868","0","你还是白白净净滴好！[黑线]//@余少群: 为了不至于沦为一名“演戏民工”我可就指着这部戏火了[泪]，@导演王硕2011 @淼淼casey @陈冬冬制片人 《大戏法》的兄弟姐妹们，你们懂的[害羞][偷笑]","train","76868","weibo-76868"
"weibo-109262","0","怎么还失眠了呢？再不睡觉脸上的大包何时会好[抓狂][抓狂][抓狂] 我在这里:http://t.cn/zHeiU6B","train","109262","weibo-109262"
"weibo-101896","0","//@臭小乖宝贝丰:s[怒][怒][怒]","train","101896","weibo-101896"
"weibo-106422","0","//@王中王Mouse: //@玺哒木易: [吃惊] //@我就一单身国安球迷:[衰]//@孙没6r爱国安爱五爷_初三战斗: 这风还能踢球。。//@博学调皮小胖子_北京:[衰] //@北京海豚之音66:靠[吃惊]","train","106422","weibo-106422"
"weibo-79578","0","再美的风景都比不上人的生命!注意安全，朋友们! //@latte大叔:去过怒江大峡谷的人都知道它深邃陡峭，江水湍急。不知这个兄弟最后得救没有。[悲伤][绿丝带] @和顺幸福里客栈-蚊子 @腾冲旅游微博 @狂人迈克尔","train","79578","weibo-79578"
"weibo-86043","0","我：真想不明白，为什么大家喜欢边骂边看啊，还一部接一部的拍得超热闹的。他：你不就喜欢看烂片啊？我：我偶尔看看电影啊，电视剧我基本没边骂边看过啊。他：啊呀，还瞧不上看电视剧的啊你。我：。。。。。。#不吐槽会死#[抓狂][抓狂]","train","86043","weibo-86043"
"weibo-117053","0","预计，24日我省中西部沿海海面仍有10～12级阵风13级的大风；24-26日，我省大部有持续性强降水，其中粤西和珠江三角洲有大暴雨局部特大暴雨。请继续做好防台工作，特别要做好防御台风登陆后带来的强降水及其衍生的城乡积涝、山洪泥石流、山体滑坡等灾害的工作。[晕]","train","117053","weibo-117053"
"weibo-78374","0","有一种付出叫做幸福----亲情;[心]有一种思念视为负担----爱情.[伤心]","train","78374","weibo-78374"
"weibo-94652","0","老师，我给自己封了个道具组组长，有空儿你也夸夸我啊[泪] //@乘客冯英:爱来不来 //@mFon:笑而不语。","train","94652","weibo-94652"
"weibo-73652","0","明儿就彻底成狗了！！！[泪][泪][泪]//@-青山不老为雪白头:所以我明天7点半就要去郊区上班今天还累成了狗！明天还要更累啊我戳！！祝抄**的你们幸福！@-梁小铭- @CZ磊想回学校了 @潘鑫永远快乐 @门先生的梦先逝","train","73652","weibo-73652"
"weibo-119840","0","看来我应该每天出门前把手放在车胎底下压几下，哪儿都需要按[悲伤] //@天v少爷:@Zaria囿颗芯 这个可以试试 哈哈","train","119840","weibo-119840"
"weibo-108265","0","这个。。我实在没看下去，但必须得转一下。[悲伤]","train","108265","weibo-108265"
"weibo-64066","0","我想奶奶。。。。。[泪]","train","64066","weibo-64066"
"weibo-104981","0","#随手拍##世界第二好的工作#俺扛着猎枪去打鸡结果看这一桌子庐山西海的野生鱼就知道了[馋嘴][泪]棍子鱼酥、雄鲢鱼头肥 白鱼最嫩 鲶鱼一点不土腥 小鳜鱼我吃美了[馋嘴]舌尖上的江西[偷笑]开始吃起来小虾就四特酒最舒服@新鲜旅 @江西风景独好 @美食推","train","104981","weibo-104981"
"weibo-94481","0","面具或傀儡[失望] //@徐浩然:有谁不想长大[嘻嘻]","train","94481","weibo-94481"
"weibo-82894","0","??地球上最恐怖的果然四人?啊[衰]//@TT馋囡囡: 要得病的吧[汗] //@沉_香_少_爷:毫无安全感的生活状态 //@不会拍照的深渊行者: [挖鼻屎]","train","82894","weibo-82894"
"weibo-87008","0","赶紧浇水救活它[泪]","train","87008","weibo-87008"
"weibo-63704","0","[蜡烛]//@张泉灵: 26岁，刚结婚。[泪]今天办公室里气氛格外凝重。扼腕叹息之余，想想儿子以前总爱摸各种喷水池的水。无比后怕。","train","63704","weibo-63704"
"weibo-102608","0","哥终于到家了啊亲！[泪]","train","102608","weibo-102608"
"weibo-96642","0","//@拓小六GS吴伟: 苹果5采用的是夏普液晶屏，东芝的内存颗粒，索尼的摄像头，松下的锂离子电池，日东电工的电容器，另外还有日本尔必达的闪存技术，这对天朝的果粉来说情何以堪[泪]","train","96642","weibo-96642"
"weibo-101516","0","#2012内地唱片销量忻冠军#谢谢小编[泪]","train","101516","weibo-101516"
"weibo-114755","0","回复@东东__d:[泪]你真的不是个好孩子啊！！发微薄@我是一种美德啊！！ //@东东__d:回复@黄土谣biangbiang面:说晚了，哨子面都下肚了，没顾上拍照。 //@东东__d:哈哈哈。。。 //@黄土谣biangbiang面: 老西安的地道口味就在黄土谣","train","114755","weibo-114755"
"weibo-70349","0","2012年度尾牙终于圆满落幕了，终于知道主持人的活不是一般的累啊！悲催的是一个奖也没抽到，为了纪念一下，就发张照片吧！@因为爱索苡爱 你仍然坚持干活有你份，得奖无缘的路线，我给你一个鼓励，辛苦了！@帅帅的青春谁做主 别在我们面前得瑟了，你这个好运得家伙，年年中奖[神马][浮云][泪]","train","70349","weibo-70349"
"weibo-111280","0","#自驾中国365#第228天，湖北荆州。本月最悲伤事：继去年7月被＂老先生＂咬了一口后，本月又被＂亲＂一下，害的我们冒雨在景?镇满街找疾控中心打疫苗！[泪]","train","111280","weibo-111280"
"weibo-108396","0","摔了一大跟头[泪][泪][泪][泪][泪][泪][泪][泪][泪][泪][泪]","train","108396","weibo-108396"
"weibo-93840","0","已经摧残了几代人！ //@皇马800:太可怕了，悲哀[泪][泪][泪]//@-周姨娘:[赞]//@环球商业: 一对夫妇只生一个孩儿就是对人性的摧残。","train","93840","weibo-93840"
"weibo-83524","0","世界上最遥远的距离就是你风尘仆仆往家赶，然后到门口遍寻不得钥匙；世界是最悲剧的就是你心闪一丝希望给拿着备用钥匙的朋友电话。。。她！出差了[晕][晕][泪]","train","83524","weibo-83524"
"weibo-85952","0","我儿子近照[酷]小名：球儿、；大名：袁雪球、袁大帅?? 。 这仨名字他都喜欢[嘻嘻] 多年来我们每天用眼神、语气来交流和沟通??? 「妈妈爱你???我的宝贝，因为我知道你的世界里只有我[泪][泪]」不离不弃 ！不弃不离！[心][心][爱你][爱你]","train","85952","weibo-85952"
"weibo-112638","0","突然想起一起玩倩女OL的好基友好妹纸们了。。。[泪]","train","112638","weibo-112638"
"weibo-97168","0","我航班也延误了啊，估计我们在机场也碰不着了！昨晚看你微博还笑你次次都延误，看来还是不要笑人好！[泪][泪]@苏禹烈","train","97168","weibo-97168"
"weibo-61645","0","回复@QI个啥名好:不知是看微博，我都亲自给讲过。白扯呀 //@QI个啥名好:谁不让玩 就给看看这条微博[偷笑] //@人生恺乐perfect:可是不让我玩呀。[泪] //@QI个啥名好: //@小葡萄-超AI耍: 爱玩游戏的男人是好男人，把游戏看得没有爱人重要的，是绝世好男人@QI个啥名好 今天这个微博很火啊~！","train","61645","weibo-61645"
"weibo-104337","0","#?祖美食#搬离新城国际就少去了高美，但想起鲍鱼滑鸡粥还是乖乖走去！可是这次发现鲍鱼改成小的原只鲍鱼切片而不是原来的较大较滑的鲍鱼片，味道还是好但就凭小鲍鱼片却比滑鸡粥多收?40多那就坑爹了!!! 所以已抗议！[抓狂][抓狂][抓狂]","train","104337","weibo-104337"
"weibo-68918","0","[晕] 不带这样的好不好??? //@江畔killer:这人好邪恶啊。有木有1！！","train","68918","weibo-68918"
"weibo-96635","0","台风真实自然，比满嘴吞吐半生不熟的港台腔好太多，[good]//@胡海泉:这段集锦，既是一部喜剧片，也是我的血泪史[偷笑][泪]今天又要踏上去长沙的旅程，没有人能挽回时间的狂流，小哥，你要保佑我噢[嘻嘻][威武]","train","96635","weibo-96635"
"weibo-107439","0","怪不得他们都说我是文艺范儿[泪]//@崔小凯和扎小啤: 这是必备条件还是可选项。。。。。","train","107439","weibo-107439"
"weibo-110281","0","回复@才子1018:[抓狂]不会是谁看上这儿了//@才子1018:回复@黄玺赫:那里安保级别高//@黄玺赫:那一片平房是西城区为数不多的一片了。再往南就是小平故居了。@塔儿哄1555 消防车进去都很困难。","train","110281","weibo-110281"
"weibo-117625","0","//@毓秀苑赵艳斌: //@洪启:这应是人的正常行为，对生活在这个国家的我们，却是奢望的。[泪] //@杨樾杨樾:我要存下这个视频等女儿大一点给她看给她讲","train","117625","weibo-117625"
"weibo-80105","0","刘翔以我们可能预想到的最残酷方式结束了比赛，刘翔真的是拼命了！刘翔是一名战士，在他明知道跑不到终点的时候，他飞了起来。[悲伤]","train","80105","weibo-80105"
"weibo-112036","0","//@伊夫: @亚航给个说法[怒]","train","112036","weibo-112036"
"weibo-115911","0","其实自己也不是很明白所谓的搭车，究竟为了什么。很多人搭车进藏已成为一种谈资，其实想来，还是有点可笑。[衰][衰][衰]","train","115911","weibo-115911"
"weibo-92137","0","纳闷了，那些有辆车就五经半夜出来轰油门得瑟的人，麻烦你们有点道德！要去得瑟就去荒郊野外，别吵别人睡觉！！！[抓狂][抓狂][抓狂]","train","92137","weibo-92137"
"weibo-84658","0","下次还有机会呢。 //@山语社有劲:[怒]都是美女呵！为啥我和老雷去阿尔金山的10人团队就一个菇凉！[抓狂] //@GORE-TEX-R-品牌: #戈尔特斯品牌台湾徒步之旅#这是#来自台湾徒步之旅的现场报道#戈尔先锋队的巾帼英雄们，你们比身后的台湾风光更加美丽[爱你]@张静葳","train","84658","weibo-84658"
"weibo-108579","0","制约大公司创新的唯一障碍就是各种复杂的流程程序，没有之一[怒]","train","108579","weibo-108579"
"weibo-102603","0","低血糖的时候这么吃真的很痛苦。[生病][伤心]","train","102603","weibo-102603"
"weibo-92236","0","太超前了//@肥嘟嘟的小鬼: 真的老了。。。。//@一句心情签名: 老了老了[泪]","train","92236","weibo-92236"
"weibo-92375","0","这个节奏[衰]","train","92375","weibo-92375"
"weibo-112010","0","//@Maxxxyyy://@萧山博士://@亲亲-超://@上海爱好sherry: // @weizho-coco :[抓狂] 记住了杭椒牛柳、水煮鱼、水晶虾仁、蒜香排骨","train","112010","weibo-112010"
"weibo-81443","0","//@物质鉴赏家王亦楠:[晕] // @玉姝喵 ：// @董大胖 :无","train","81443","weibo-81443"
"weibo-80029","0","我走了你就送金币，这是啥么节奏？[泪]","train","80029","weibo-80029"
"weibo-61531","0","回复@可惜i是狮子座:反正每个节目都有jp出现，不然怎么对得起娱乐二字呢。。。 //@可惜i是狮子座:回复@白羊座的Shapple:要西快了！半夜句叫 //@可惜i是狮子座:[抓狂][抓狂][抓狂]","train","61531","weibo-61531"
"weibo-82039","0","好多都没做到~[泪]//@赵晓征V:看看这十年你做到了哪些？没做到哪些？@我是云筝 @咱家欢欢 @叶子的圣地之恋","train","82039","weibo-82039"
"weibo-87815","0","真令人伤心的消息，我最尊敬的粤剧大师。你给岭南文化留下璀璨的一笔 //@粤剧陈敏红的微博:[泪][泪][泪][泪][泪][泪][泪][泪][泪][泪][蜡烛][蜡烛][蜡烛][蜡烛][蜡烛]您怎么能舍下舞台？您怎么能舍下粤剧？","train","87815","weibo-87815"
"weibo-114923","0","可能不太准！//@齐渊博每天都有新段子:100多部的[泪][泪][泪][泪][泪][泪][泪][泪][泪]","train","114923","weibo-114923"
"weibo-69881","0","办你妹！[怒][怒]//@一本关于颜色的黑书:哈哈，先森，办卡洗头有优惠，要不要办张卡","train","69881","weibo-69881"
"weibo-92041","0","这几天总是收到这个信息，可是，我没有用过工行卡吖![晕][晕][晕]","train","92041","weibo-92041"
"weibo-105799","0","上次坐海航，办托运时那个工作人员就很紧张地问我行李里有没有锂电池，有的话要拔出来，看来真的会起火[吃惊]。不过，以后圆通和韵达要变慢递了么[失望]","train","105799","weibo-105799"
"weibo-64325","0","明天得回福建，今天丫开始下雪，希望明天高速不要结冰。[衰][衰][衰][衰]","train","64325","weibo-64325"
"weibo-110596","0","【6月底500城住房信息将联网 铺垫官员财产公开】天涯微博@戴维 国务院批准，住建部要求今年6月底500个城市房产信息全部联网。到时，人们看到的房妹房姐房叔房婶将越来越多。若无假户口，贪官的房产只有趁联网前处理掉。朋友们，再加把劲儿，去豪华别墅区拍摄吧，帮助贪官下决心抛房！[衰]@?志弘@辣姜","train","110596","weibo-110596"
"weibo-72227","0","[哈哈][哈哈][哈哈]//@GY郭妍: @烂莲雾Crosley 请在里面找你销魂的北方哈士奇声~[good][good] 有听到评价说，很像齐秦哦~//@相声演员刘涛://@徽州小生V: 千呼万唤咋才出来呐[泪]@BTV文艺频道 @BTV尹迪 @相声演员方清平 @韩笑半不颠 @大北九零二 @GY郭妍 @k单口相声 @贾玲 @侯林林微博","train","72227","weibo-72227"
"weibo-113631","0","尼玛啊，我在提款机取钱，旁边手机店促销，大喇叭里一直在喊“抢钱了！抢钱了！”卧槽…[怒]","train","113631","weibo-113631"
"weibo-83694","0","抵达莫斯科机场，套娃好Q，但死贵[泪]你们猜这套多少钱？@我是Selina猫眼 @mia327 @张熙 @葛莉娜 @cissy熙 @魔力ESP小土豆","train","83694","weibo-83694"
"weibo-61847","0","领导病的不轻啊[衰] //@小瑜啊: //@刘毅: 凭什么 //@陈德生De: //@九子姑娘-张晓鸣 ：求高人把这位有病的领导治好！ //@一笑山林 :手下留情！","train","61847","weibo-61847"
"weibo-104836","0","真是太没人性了！发小广告和贴小广告的都太嚣张了[怒]","train","104836","weibo-104836"
"weibo-114853","0","你们这些大骗子，不是说不疼吗？[衰]ps：小时候被骗过的举手[偷笑]","train","114853","weibo-114853"
"weibo-88300","0","不靠谱的东航又来了，延误一个小时啊[泪][晕][汗]干等啊！我在这里: #虹桥机场# http://t.cn/SIWT0n","train","88300","weibo-88300"
"weibo-109342","0","//@不淡定??: 天呐 好可怜~//@最爱柯基: [心][话筒]//@梅暗香: 又是被遗弃的娃！[泪]//@玄衣素颜: 求扩散，能帮的伸把手！[泪]@将动保进行到底@梅暗香@张译@上海爱宠领养家园@北京领养日","train","109342","weibo-109342"
"weibo-99083","0","[泪] //@绫玻璃://@于建嵘:很恨偷狗贼！我家威威失踪后，多次出现在我梦里。 //@魏庆老师: 狗贩子偷别人的伴侣动物，家人，只是卖几百块钱肉钱。忍心赚这种钱的人无耻可恶我们不谈，政府对这种行为的纵容袒护令人悲愤，难道公民真要被逼用暴力才能惩恶！","train","99083","weibo-99083"
"weibo-111935","0","喝粥喝出一张不知道是衣服还是裤子上缝制的那种合格证布片，我[吐]，更可悲的是粥是打包的想求赔偿都没有~~[泪][泪]","train","111935","weibo-111935"
"weibo-62447","0","#苦逼设计师#让设计师们揪心的视频，据说好多设计师看到它哭了……[泪]http://t.cn/h5UxWd","train","62447","weibo-62447"
"weibo-104056","0","今天限行，为了方便等会儿修车，提前从@仙草宓 的上锦美地店转战到了九方店…可是就我一个人在这里…好无聊啊！[抓狂] @bolahee 要不把你们厨房借我玩玩…[嘻嘻]","train","104056","weibo-104056"
"weibo-65608","0","厦门、厦门哥来了！第5次来厦门的我，到现在还没去过鼓浪屿。[失望]","train","65608","weibo-65608"
"weibo-81612","0","比特么当铺还狠 //@糯米张:真想给丫啤酒肚划一口子让里面污水流出来！ //@汪?WangMeng:[怒][怒][怒]","train","81612","weibo-81612"
"weibo-95135","0","[懒得理你] //@??小肥洋:怎么牛比的外国企业到了天朝，全咯屁了[晕]","train","95135","weibo-95135"
"weibo-94326","0","[晕]坐了十几个小时飞机，也摆脱不了天朝啊[衰]","train","94326","weibo-94326"
"weibo-114661","0","同意！坚决同意！ //@张泰铭_Tyrone:把需要帮助的人名单写出来，经过核实确认后直接捐给本人！红十字神马的还是哪凉快哪呆着去吧！ //@造型师张亭亭:文明人要爆发：对外装B，对内装S，捐你妹呀。[抓狂][挖鼻屎][怒]","train","114661","weibo-114661"
"weibo-93563","0","//@使巧劲://@孤独得农民: //@记录者陈宝成: [泪]","train","93563","weibo-93563"
"weibo-97907","0","原以为晚上10点吃芝士蛋糕已经是很罪过的事情，没想到这只是开胃[泪]","train","97907","weibo-97907"
"weibo-90135","0","[泪] //@欢乐的dd22：//@智言趣语:[泪] 感动。[泪]","train","90135","weibo-90135"
"weibo-62222","0","//@nannan_nina:求救救黑熊一家[伤心][伤心][伤心]","train","62222","weibo-62222"
"weibo-102628","0","@Father_cheating 看好henry！！//@某只小怪兽: 不要杀狗！[泪] //@梅Mry:请放过它们吧！！！//@smilely倩倩: //@永???的?: 歪理 //@一场游戏也恋你://@赵腻腻:北歪理京，请别杀它们[下雨] //@小猫-喵了个咪:请放过它们吧","train","102628","weibo-102628"
"weibo-78656","0","你俩人互相打击报复，为什么老有我????????????????????躺枪？[泪]","train","78656","weibo-78656"
"weibo-72101","0","微博尺度真心有点大//@卢晴沙拉：[花心] //@姜小腿：看完介个姑娘我更自卑了。。。[泪]","train","72101","weibo-72101"
"weibo-105101","0","回复@ISA林小猫:我拍了脸的，但是我把他的脸裁掉了，我不想下手那么狠，我希望这人能看到自己的丑陋，也希望更多人能以此为戒！ //@ISA林小猫:拍脸！人肉丫的[怒][怒]常遇此景！","train","105101","weibo-105101"
"weibo-61011","0","一早看到这个，全身都是正能量！好声音！好评委！好感动！[泪][泪][泪]还有，我太喜欢 @那英 了！","train","61011","weibo-61011"
"weibo-71000","0","昨天又吃了！已经是第四次吃@呷跨界 了！国庆送小吃组~有卤藕卤香干和牛蛙~好多，吃不完了都，可我没，中，奖~[泪]","train","71000","weibo-71000"
"weibo-100399","0","//@神秘震惊事件: 【提示：距离2012年12月21日还有402天】你妹啊，真的假的啊！！？～[泪]","train","100399","weibo-100399"
"weibo-109421","0","转发微博。 //@祁连山脉1:[泪]","train","109421","weibo-109421"
"weibo-106531","0","//@星座爱情001:下月大片云集！《马达加斯加3》！《饥饿游戏》！ 可能还有《特种部队2》！ [抓狂]","train","106531","weibo-106531"
"weibo-79493","0","[衰]你懂我。//@静默欢喜的微博:@玉珠子 你的范儿//@冷笑话精选:为什么要迎合这世界，而该这世界来接受我。。。","train","79493","weibo-79493"
"weibo-83936","0","据说它可以换辆小牛[衰]","train","83936","weibo-83936"
"weibo-100076","0","我真被你气死了，怎么说都不行，这样下去有意义吗？怎么跟被人洗脑了似的。[抓狂][抓狂][抓狂]","train","100076","weibo-100076"
"weibo-73146","0","[委屈][委屈]//@pink_2:今天早上我就发生了这种状况[泪] // @我 :超准！ // @微博搞笑排行榜 :这也太准了吧[抓狂]","train","73146","weibo-73146"
"weibo-107101","0","[馋嘴][抓狂]这几个广东特色小吃和菜品，会不会把北方的朋友吓跑呢？","train","107101","weibo-107101"
"weibo-68764","0","[抓狂][抓狂][抓狂][抓狂][抓狂]","train","68764","weibo-68764"
"weibo-102927","0","这个应用对那些起床困难户有效吗？[泪][晕]","train","102927","weibo-102927"
"weibo-98000","0","一直都吃不惯，所以从来不买[汗] //@蒋laier:[怒]每天都是这种新闻 //@豪华蛋包饭: [衰]","train","98000","weibo-98000"
"weibo-64385","0","Nokia!![泪]","train","64385","weibo-64385"
"weibo-109474","0","唉...我也不吃早饭，也不爱喝水，最近也很宅...[吃惊][汗][哼][抓狂][泪][衰]","train","109474","weibo-109474"
"weibo-112499","0","哈哈哈哈笑晕了心情终于好一点了[泪]","train","112499","weibo-112499"
"weibo-80895","0","就为抽它[右哼哼][左哼哼]给我手弄个口子我一定抽死它[怒][怒]","train","80895","weibo-80895"
"weibo-61388","0","冯仑演讲前喝大了？腐败跟学文还是学理有半毛钱关系？文科男和理工男的唯一区别是：文科男浪漫，理工男浪起来很慢。//@刘春:待业老汉下辈子再不学文科了[泪]","train","61388","weibo-61388"
"weibo-80662","0","禽兽不如 送你去填岛 你虐日本鬼子去吧//@黑摄会被抢注:不得好死的东西！他妈的！[怒][怒][怒]//@轻风菲絮: 他妈禽兽不如！不得好死！","train","80662","weibo-80662"
"weibo-100745","0","什么，现在口服胶原蛋白含量已经到了10000MG！[衰]据小兔说是每秒就卖出一瓶的神物，难道我的GNC要被替代的吗？","train","100745","weibo-100745"
"weibo-112931","0","我在HP里看到了雪[失望][可怜]","train","112931","weibo-112931"
"weibo-108702","0","[晕] //@姜洛智:这叫我怎么说呢 期待真相出现的那一天[围观]","train","108702","weibo-108702"
"weibo-100938","0","我麻麻，?KTV（??的）?我??微信，?我最近流行那歌?叫啥＂死?＂?著？怎??不出?了呢[晕] 娘啊！您也太新潮了?","train","100938","weibo-100938"
"weibo-86540","0","[衰]//@大力同学: 哇，这么严重啊，360，我和你拼啦~~ cc@周鸿?","train","86540","weibo-86540"
"weibo-67314","0","师父。。。我会随便告诉你******这次在台湾，台湾人说我可以冒充台湾人吗。。。[泪]明明我和厦门女生说话一样而已！爱诗，小雪作证!@爱吃同学 @s圣小雪[鄙视]","train","67314","weibo-67314"
"weibo-119853","0","看完@林宥嘉YogaLin 的神游我又兴奋得神游了！[奥特曼]家鸽?今晚的上海依然是你的骄傲！不是我们喊不大声，而是音响实在太抢戏了啦[泪]你的现场永远无可挑剔的完美啊！今夜实在太美妙了！「翻出2年前的珍藏继续花痴ING，我看我光靠回忆活就够了」","train","119853","weibo-119853"
"weibo-66853","0","[抓狂][good] 强喔！","train","66853","weibo-66853"
"weibo-74383","0","对不起，好象是忘记通知你们了[泪]，今天是 @casmer 西藏行的完美结束篇[给力]，@仰望太阳JS @爆爆熊001","train","74383","weibo-74383"
"weibo-64514","0","万能的雨神@萧敬腾 遇到没有超能力的辉京欧巴@朴海镇 代价就是威武的让媒体小伙伴苦等！好悲伤的故事！[泪][泪]","train","64514","weibo-64514"
"weibo-108883","0","艹，今天我坐公司电梯下B4，内电梯就跟飞机过气流区似的，上上下下地颤。吓得我赶紧在一层下了。尼玛这是什么电梯啊？！[衰]","train","108883","weibo-108883"
"weibo-71556","0","我靠！有没有天理？！[怒骂]","train","71556","weibo-71556"
"weibo-85048","0","就算不好看，我也认啦！[汗]朋友圈里只有否定的声音！[抓狂]我就是喜欢变，变，变！","train","85048","weibo-85048"
"weibo-76032","0","本人更倍感折磨.大家应该听到我每天频繁咽口水的声音吧.//@蛋总必胜: 这节目不能多听啊，每天这个时间段听得来又饿又馋，听得到吃不到，太折磨人了[抓狂] 我想吃红烧羊肉、烤羊肉、羊排、涮羊肉、白切羊肉……[可怜] @黑_叔叔","train","76032","weibo-76032"
"weibo-77075","0","果然。。。@奢华的善良 //@小宇微波:再见，你们会站起来。[泪][泪][泪][泪]","train","77075","weibo-77075"
"weibo-63637","0","[晕]为什么呢？//@陶然万柳世界://@新出版张金: 引起关注了~//@永恒铁牛: @叶新 @新出版张金 又一批出版社挨批了 今年出版行业事多","train","63637","weibo-63637"
"weibo-69597","0","MLGBD！踢得真麻痹好！[怒]","train","69597","weibo-69597"
"weibo-91339","0","神马？！@每天看到大灰机 赶紧把我们家客人写的表扬信全部扫描拍照贴上来。我们要有图有真相。不能让姐妹店这么得瑟[抓狂] [可怜] //@上海朗廷扬子精品酒店：全球的朗廷酒店都秉承了Enchanting Hospitality的理念，并坚决的融入至每一个细节。感谢客人的高度赞扬，我们会继续努力哒[耶]","train","91339","weibo-91339"
"weibo-66045","0","一号线线路故障，全停了，怎么上班？[衰][衰]","train","66045","weibo-66045"
"weibo-96104","0","3公里就汗流浃背了，再打乒乓球就眼晕，这是什么样的体制啊，洒家的肉体算是彻底交代了[泪]","train","96104","weibo-96104"
"weibo-88834","0","祝愿所有吃狗 贩卖狗狗，以及虐待动物的不得好死！[怒][怒][鄙视][怒骂]","train","88834","weibo-88834"
"weibo-79327","0","[鄙视]//@不想做温顺的羊: [泪]看了这个，心情十分糟糕。。//@一句心情签名: 太过分了！[怒]","train","79327","weibo-79327"
"weibo-67444","0","银行闹钱荒的原因[衰]","train","67444","weibo-67444"
"weibo-75305","0","[泪]你没丢啥吧…下次让你弟来领安慰奖。//@论战英超--刘博韬:是啊，就像那天和弟弟吃完牛板筋，他去学校，我回公司，他把手机丢了...","train","75305","weibo-75305"
"weibo-64235","0","这丫来的是军牌飞机吧？ //@张琦CLC:真的么？？[弱]// @applewhite : @水拥蓝关马不前 // @瑞雪Esther : [鄙视] [怒骂]","train","64235","weibo-64235"
"weibo-94944","0","关注起！ //@兰超鸣:@媒体价值网数据发布：开元研究认为[思考]，传统媒体每年几千万甚至上亿元的利润已被偷走[衰]，版权维护，势在必行[酷]！您说呢?@成都晚报@儒梦造像@水墨莲华@寡人法号禾裳","train","94944","weibo-94944"
"weibo-109149","0","打了好几次，老听到“你拨打的电话正在使用中”[抓狂]","train","109149","weibo-109149"
"weibo-91164","0","回复@小水一方:[抓狂] //@小水一方:转发此微博:下周去爬世界最高峰香山","train","91164","weibo-91164"
"weibo-88319","0","我?上到站?始下大雨了……是多?的巧合啊……[泪][晕]","train","88319","weibo-88319"
"weibo-102634","0","好饱滴晚餐，我喜欢川菜、麻麻辣辣滴。今天好多凉菜、好多青菜，在吃草的感觉，有益身体健康吧。[汗][生病][书呆子][吐][失望][伤心]","train","102634","weibo-102634"
"weibo-112859","0","丢人了，舅妈应该艾特我呀…… //@素素白:叫姐姐！[怒骂] //@冷笑话精选:你是否感同身受？","train","112859","weibo-112859"
"weibo-111200","0","走到北五环饿了，去望京一号吃一顿再走，走到三里屯饿了，拐到金谷仓吃一顿再走，走到通惠河北路饿了，又去郎园店吃一顿...走啊走啊走啊走...[偷笑]@懒人业余餐厅郎园店 ：准备接客！ //@齐大福: 下周去吃个午饭！然后从何各庄走回家[抓狂]","train","111200","weibo-111200"
"weibo-119154","0","[怒]总是拖后腿的。。。！//@徐徐徐肿: 降幅很大[怒]//@爱娃娃的小小:有句刚剧，我收入在下降。。。。。。//@Bamboo_H:这个数据又怎么出来的？我怎么还这点收入拉？","train","119154","weibo-119154"
"weibo-94834","0","又是个大灾之年//@李开复:现在知道了......[衰]","train","94834","weibo-94834"
"weibo-63337","0","保护好自己！不要去大厅或者外面，离卷闸门近一些！[抓狂]","train","63337","weibo-63337"
"weibo-116183","0","#资讯速递#【[话筒]最便宜机票来啦！】59元飞呼和浩特，100元飞鄂尔多斯，299元飞厦门，399元飞广州。。。你敢相信自己的眼睛吗？可是，如果，小编告诉你，从春节过后到清明节，差不多2个月时间都是这个价钱，你会是怎样的反应？[抓狂]（有木有欲哭无泪啊[泪]）转给能去玩的小伙伴们吧！[得意地笑]","train","116183","weibo-116183"
"weibo-64657","0","在拉萨机场上空转了个圈，没法降落又回成都了[晕]","train","64657","weibo-64657"
"weibo-83393","0","我现在有一种自己的闺女被富二代强奸的感觉。你想申诉，可tm当官的和罪犯是一伙的！[泪]","train","83393","weibo-83393"
"weibo-79958","0","我没看懂[思考]他们说的是东北话啊[衰]//@长大了的白白:我最怕自己被传染!","train","79958","weibo-79958"
"weibo-103075","0","好美！！！喜欢这干净利落的感觉~脸都好小啊~[抓狂][抓狂][抓狂][抓狂]~@Athena公桉雯 我们一起减肥拍这样的照片啊！！！！！！","train","103075","weibo-103075"
"weibo-73689","0","诅咒黄鱼烤不熟……[晕][围观]","train","73689","weibo-73689"
"weibo-84723","0","我，是，这，家，医，院 ，出，生，的。//@Selina小娜: 这种人也配当医生！？//@我也是华子AV:这医生，丫是狗日出来的[怒] // @Barbie娜雯梦 :混蛋医生和医院 // @臭美子 : 操 妈逼的 人肉丫","train","84723","weibo-84723"
"weibo-110641","0","转眼这就而立之年了[抓狂]@惟妙唯潇仙子 @January7777777 @cecilia大饼 @那敢情好了","train","110641","weibo-110641"
"weibo-72221","0","内斯塔 因扎吉 西多夫 加图索，你们不能在米兰退役是对AC米兰这个名字莫大的嘲讽。希望我爱的米兰不要变得像某个西班牙冠军豪门那样现实，不要让那些爱米兰人情味的人们失望[衰]@AC米兰是冠军 @米兰新闻","train","72221","weibo-72221"
"weibo-63213","0","靠，妖孽！[抓狂] //@蘑小菇even:跪……","train","63213","weibo-63213"
"weibo-99948","0","说西边雨大[泪]","train","99948","weibo-99948"
"weibo-113813","0","___没有什么比及时行乐更来得更快意恩仇。[哼] @连土豆爱小疯纸 我们是好朋友、[哼] [哼] [泪] [泪]","train","113813","weibo-113813"
"weibo-112063","0","你在日本怎么吃阿[泪][泪] //@康康康2011:要请这个边样子吃背包伐? //@Yukii0_0i:今天我为了你还没品了麻痹给你面子了","train","112063","weibo-112063"
"weibo-88634","0","是恶魔还是天使呢？这个嘛，经过分析，我是不满的恶魔，一不满就变恶魔[抓狂]。听说天使带来幸福，恶魔带来甜蜜的折磨。@杰斯-托洛夫斯基 @毒蘑菇菇菇 @杨小慢0-0 别告诉我，你们全是恶魔吧？来测一下吧：http://t.cn/zWclLvP","train","88634","weibo-88634"
"weibo-65053","0","熏大啦。。。。[衰][衰][衰]","train","65053","weibo-65053"
"weibo-73519","0","[晕]越来越恐怖。","train","73519","weibo-73519"
"weibo-63323","0","[晕] //@好小宁:哈哈哈哈@铮子","train","63323","weibo-63323"
"weibo-82049","0","[泪] //@邱志东:今天你还能用搜索，就已经是天恩浩荡了。","train","82049","weibo-82049"
"weibo-85143","0","改天一起去吃[嘻嘻] //@糯米情书:看的饿死了[泪] //@福记港式茶粥面:[酷][花心] //@SUN静静静静:腊肠[来][赞][阴险][good] //@老波头:加肠版、超豪华！当沈爷遇上朱姐，又会发生什么动人的故事呢？","train","85143","weibo-85143"
"weibo-107293","0","还是喜欢我的5，这5S，5C没什么惊艳创新哇，那个金色让我吐槽无力。[晕][晕]","train","107293","weibo-107293"
"weibo-98336","0","??完小广告 就??大的? 几?意思啊啊啊[抓狂][抓狂][抓狂]","train","98336","weibo-98336"
"weibo-74338","0","死丫头，找事儿呢吧？！昨晚唱歌的时候拿着手机傻笑就是整这个了吧，啊？！！[怒] //@宋晓苑：@王丹_Wendy 你看你看我早就看出来了！疯起来不是人哈哈哈！[哈哈]","train","74338","weibo-74338"
"weibo-84625","0","[泪][泪][泪]太对啦","train","84625","weibo-84625"
"weibo-107129","0","所以我现在不爱去电影院，因为不知周围会坐着什么样的人[衰] //@曹健from上海五星体育:扩散人渣","train","107129","weibo-107129"
"weibo-70951","0","[泪][泪][泪] //@Happy张江:母爱是最伟大的，永远超越一切[泪][泪]","train","70951","weibo-70951"
"weibo-115637","0","[泪] //@cm山竹：??微博。","train","115637","weibo-115637"
"weibo-66048","0","//@反贪反腐频道之廉者无敌: //@淮海游子:还能指望这帮警察干什么呢，也只能对付手无寸铁的善良老百姓[怒]//@有冤说冤:不是怂货对付百姓时厉害着呢//@老猫25捣浆糊: 事实证明，这些国家机器狗腿子是欺软怕硬的怂货。","train","66048","weibo-66048"
"weibo-70247","0","这张图已经广泛流传很久了。我已经收藏了。哈哈karen可以rtx找我。我传给你//@侯涛tiger:@IM黄天文 // @汤凯伦 : 求大图...图太小啦 [抓狂]// @喜马拉雅流动小卖铺 : 好细致啊~ // @bian : 转发微博。","train","70247","weibo-70247"
"weibo-78001","0","不机道隐瞒木隐瞒死亡人数?[抓狂]","train","78001","weibo-78001"
"weibo-68277","0","回复@请谨记_: 哈哈 就是啊，6、7、8三天，这把你急的[偷笑] //@请谨记_:下午二话不说就去了 还可美了 去了人家说明天才开始[泪] //@一麻一辣周少华:走起[鼓掌]","train","68277","weibo-68277"
"weibo-85930","0","//@袁腾飞: [衰]//@煮酒谈史: [汗]","train","85930","weibo-85930"
"weibo-73725","0","[蜡烛][蜡烛][蜡烛][蜡烛][蜡烛][蜡烛][蜡烛][蜡烛][蜡烛][泪][泪][泪][泪][泪][泪][泪][泪][泪][泪]一路走好!!!!! http://t.cn/z0kKlmv","train","73725","weibo-73725"
"weibo-89338","0","卖萌的小牛?木乃伊?[泪][晕]","train","89338","weibo-89338"
"weibo-86933","0","无语，无奈，唯有自强才能不被人欺负，胆敢来犯者定叫你付出代价。[怒] 我在这里:http://t.cn/zljXPyI","train","86933","weibo-86933"
"weibo-84503","0","有一种老年人，就是靠各种滋事来寻求存在感[泪]","train","84503","weibo-84503"
"weibo-84506","0","[抓狂]这怎么抗日！[汗]","train","84506","weibo-84506"
"weibo-61556","0","下午抓相机手震震，不过好好多啦，美味的鲜蟹已经补偿返，我已经原谅它了[馋嘴] //@四海酒家: @七月娃娃 ，小美女手指好点了吗？今天介只公蟹太狠，出钳毒辣，我们会好好教训！当时看到好心疼[泪] // @保佑小可爱007 :好像很猛呀，一定好补","train","61556","weibo-61556"
"weibo-70467","0","[睡觉]我怀疑我每天梦里也在练球，起床后浑身像被人打过一样[晕]","train","70467","weibo-70467"
"weibo-85188","0","感冒发烧头疼咳嗽干呕[衰]","train","85188","weibo-85188"
"weibo-91456","0","#泉州镇江春之约##双城记#一上九日山，才知道自己多没文化！[晕][晕][嘻嘻]@泉州市旅游局@新浪江苏旅游@畅游镇江@新浪泉州 我在:http://t.cn/8Fq6Neo","train","91456","weibo-91456"
"weibo-102824","0","果然电力十足！！！[晕]","train","102824","weibo-102824"
"weibo-74903","0","@海之恋juan //@呛口小辣椒:[抓狂]太可爱！","train","74903","weibo-74903"
"weibo-104423","0","解读45…[抓狂]","train","104423","weibo-104423"
"weibo-109255","0","我宣布：我中了阳光普照奖[泪][泪]","train","109255","weibo-109255"
"weibo-72375","0","[泪]大家帮忙 @性命海","train","72375","weibo-72375"
"weibo-70453","0","本来约了我那还未出世的干闺女汤小圆[泪]节后吧，干妈爱你[爱你][爱你]","train","70453","weibo-70453"
"weibo-117383","0","//@章鱼大神刘小妖儿: //@哈比人sasa:[衰]","train","117383","weibo-117383"
"weibo-76597","0","泰国这些人就嘬吧[怒][怒]一定要让外界看着不可开交才达到目的。[鄙视]","train","76597","weibo-76597"
"weibo-105265","0","什么时候才对小日本施加压力//@云泉微博://@??跋扈??雄:[泪]//@大粽子Longbow:[泪]//@四月网评论:[泪流满面]","train","105265","weibo-105265"
"weibo-96461","0","哭的唏哩哗啦[泪]","train","96461","weibo-96461"
"weibo-112973","0","[泪] //@李小姐blueshoes:郭德纲！ //@导演金明哲:回复@CCTV园林:大家喜欢谁？求建议。。。 //@CCTV园林:@导演金明哲 小伙伴们已经在讨论谁会给《园林》配音了呢！","train","112973","weibo-112973"
"weibo-96647","0","不要怪我没有准时只是飞机刚刚landing[泪][泪]由于你的生日在这个特殊的日子而且又是在假期所以从来都没有给你过过生…只有发条微博祝你生日快乐!!身体健康啊!长命百岁[偷笑][偷笑]@Immmmmmortality_熊揪揪 [蛋糕][蛋糕][蛋糕]","train","96647","weibo-96647"
"weibo-65872","0","暴利//@健康饮食：[怒] 我嘞个去！！！","train","65872","weibo-65872"
"weibo-97583","0","[泪]真不愿意相信，未来一周名古屋的天气[浮云][浮云][浮云]","train","97583","weibo-97583"
"weibo-107819","0","[晕] //@万能的微博:谁家的孩子啊！转发当地的朋友，帮帮这个孩子吧！[求关注]转发帮扩散，寻求关注@南京同城会 @平安南京","train","107819","weibo-107819"
"weibo-110762","0","爱心传递！ //@汇英杰: 谢谢@白云峰 @吕植 的参与和支持！ //@黄珏JJ:今天谢谢吕老师的提议：让小宝贝们能多亲近大自然接触小动物 希望能从心理身理上帮助他们康复[爱心传递][心][赞] @宝贝之家孤儿寄养点 PS:下次能给个正脸么[泪]不带偷袭的[抓狂]","train","110762","weibo-110762"
"weibo-114757","0","在巴塞罗那领教过了，不过小偷是女子，偷窃未遂还在地铁门关闭的那一刻被我狠踢一脚。。。[怒] [酷] //@floraliang：竟然没有广州，太不尊重人了。","train","114757","weibo-114757"
"weibo-76631","0","旁边的小哥不给我抄[泪]","train","76631","weibo-76631"
"weibo-99277","0","只是走神[衰] //@盛辉Andy:阿森纳要起势？","train","99277","weibo-99277"
"weibo-85955","0","额额额… //@凌仙阁小师弟-弓长文:[衰][衰][衰][衰]//@阿森纳新闻: 拉亲王... [衰] 祥瑞御免...","train","85955","weibo-85955"
"weibo-85587","0","得分什么的都最没意思了，传球的乐趣，只有你懂！基德~~~~~[泪]","train","85587","weibo-85587"
"weibo-71053","0","春天，就是一个＂拈花惹草＂的季节。。。。周末的晚上，也是一个加班写方案的时刻[浮云][晕][挖鼻屎]","train","71053","weibo-71053"
"weibo-104231","0","我还认下奶奶了呢，好么。[泪]//@若若哇:也就你能认下这个姑姑。。。 //@粉妖怪:孩子，手比姑姑巧啊~~","train","104231","weibo-104231"
"weibo-88039","0","//@我是李圆圆白白嫩嫩小肚皮阿酥: 这次去北京还去吃了basakan的炸鸡真的草鸡好吃啊[泪][泪]跟韩国的店味道木有差别啊[泪][泪] //@MrJjong: 想吃。 //@俞奕凡_pill:特别是在我减肥的时候@MrJjong //@Fakeshion:其实很讨厌别人总是深夜发吃的[拜拜]","train","88039","weibo-88039"
"weibo-85694","0","我也讨厌 //@纠结的A型: 我讨厌鬼屋！[怒]","train","85694","weibo-85694"
"weibo-100694","0","中国的工业设计者是奇葩。一个插头占两个插孔位置的也罢了，居然有一个占三的！这咋想的！！[怒]","train","100694","weibo-100694"
"weibo-94785","0","【神话#Eric#否认恋爱传闻】2014年韩国娱乐圈恋爱信息量好大[泪]，最长寿组合#神话#队长Eric也传出了恋爱绯闻！虽然盼着欧巴早点恋爱结婚，但还是有点桑心....有报道说Eric(35岁)与#罗惠美#(23岁)，两人分分合合已经交往很长段时间.....Eric方官方回应否认恋爱说：不是恋爱关系，只是莫逆之交[思考]。","train","94785","weibo-94785"
"weibo-117947","0","一个啊没去！[泪]","train","117947","weibo-117947"
"weibo-60425","0","[抓狂]从来不管什么式，好吃才是王道！ //@广东阿茂: 广东式的煎饺！用烫面皮，取其色泽！至于馅料，加入韭黄就系广式，但加入韭菜就系“捞式”本人如是认为！@茶画一堂茶庄 @饶原生 @?小月 @劳毅波广州大波波 //@中大pqing:[ok][馋嘴]造型也不错！","train","60425","weibo-60425"
"weibo-81985","0","//@陈业文新大都:[弱][衰] //@往前走的螃蟹: 要他们何用？既然连装门面都懒得装了，还不如解散拉倒，倒省了钱了","train","81985","weibo-81985"
"weibo-93142","0","成都，正二八经的成堵。几百米可以走半个小时，唯见自行车，边蹬边笑。哦耶，哥又迟到了[衰]","train","93142","weibo-93142"
"weibo-68836","0","[泪]完全没有！！！！","train","68836","weibo-68836"
"weibo-91845","0","//@扬州陈敏:中国文化确实断裂了 //@中文台张婉://@农经小王://@般若书院徐幸起:[泪] //@王瑛006: //@刘钧: 亡了！","train","91845","weibo-91845"
"weibo-71511","0","刚到郑州，今夜无眠了，北京-你确实还离我很远[泪]","validation","71511","weibo-71511"
"weibo-63855","0","好冷，都没人接我下班。呜呜~~~~[泪][泪][泪]","validation","63855","weibo-63855"
"weibo-105935","0","[泪] //@常姐小动物救助站://@领养小铺: //@AKI妈: 拒绝鱼翅","validation","105935","weibo-105935"
"weibo-105097","0","[怒][怒][怒] //@zetta_ago:我的朋友们，请帮我转发一下！@疾走居合 @詹伟V @郑义感 @库斯图里卡 @dreamsoft @非天-Emily @水墨清寒 @赵思铭-在路上 @hifly海风 @子母河上游的烂香蕉 烂香蕉 @zhlzero @盗盗 @侯小强 @杨小南同学 @jotoo @得蕾 @constli-黎叔","validation","105097","weibo-105097"
"weibo-73621","0","我可怜得东方姑娘[泪][泪]","validation","73621","weibo-73621"
"weibo-74568","0","回到北京。[衰]","validation","74568","weibo-74568"
"weibo-75808","0","/@张志刚律师: 未成年受害人的保护机制，严重缺失。//@素食吸血鬼: 看着照片，眼泪已经出来了[泪] 这是亲妈妈在呼唤自己的女儿小丽佳，但永远回不来了……","validation","75808","weibo-75808"
"weibo-107329","0","回复@WHO-R-U123:一个幼儿园下来20多万[怒] //@WHO-R-U123:我刚看完欧债危机中各个国家高福利待遇 这个报道 哎 连希腊都比咱们强 生一个娃 国家一个月补助一千欧元 有的国家全民免费医疗教育 儿童补助 全民养老保险。哎","validation","107329","weibo-107329"
"weibo-94438","0","#六一晒照片# 我也凑个热闹应应景[兔子] [哈哈]这小时候的一脸不情愿，是因为豁牙子不肯照相笑[偷笑][偷笑] 而这长大了的是因为今天周六还要出门工作[失望][委屈] 话说这个童花头发型，可是陪伴了我近整个童年，而且大部分还是爸爸的手艺[可爱][可爱][可爱]","validation","94438","weibo-94438"
"weibo-114032","0","下周连上七天班，各位亲你们要常来看看风林火山君哇[抓狂][泪][害羞]","validation","114032","weibo-114032"
"weibo-66431","0","回复@咖啡领地:反作弊又多了一个数据项 //@咖啡领地:[泪]都是你通过微博传染我的","validation","66431","weibo-66431"
"weibo-80380","0","有朋友被女儿很好奇地问“青团”英语怎么说，于是去谷歌了，结果居然是共产主义青年团……[晕]#Tsao dumplings应该没错吧？#@ICS李思哲","validation","80380","weibo-80380"
"weibo-99340","0","估计是累死的[失望]","validation","99340","weibo-99340"
"weibo-83631","0","回复@吃喝玩乐的Queenie:我们必须深入敌后，学完他们做中国人的所有优点[耶]//@吃喝玩乐的Queenie:回复@VivianDIY: [泪]好感动，谢谢美女！我已经决定坐台湾好行了嘻嘻，你也不用再帮我试啦，真的非常非常感谢。PS:我帮@大卫独夫DE吴志伟 带2本书到台湾快递给你，桃园机场的7-11应该可以寄快递吧？","validation","83631","weibo-83631"
"weibo-85526","0","淡定...为了我们公司几百人以后的发展，忍住！[抓狂]","validation","85526","weibo-85526"
"weibo-67528","0","漂亮诶小编去咋没看到呢[抓狂]","validation","67528","weibo-67528"
"weibo-117766","0","冬日暖阳[太阳][太阳][太阳][太阳][太阳][太阳]日子一天一天过得让人叹息 工作日太多，假期太少[悲伤][悲伤][悲伤]","validation","117766","weibo-117766"
"weibo-100783","0","[抓狂] @aya爱吃芒果干 shift，太可爱了。//@美食频道：帅到爆！稀饭！！~~[花心]","validation","100783","weibo-100783"
"weibo-118148","0","大姨妈来了还要搬上搬向弄图，我顿时觉得我像个女超人，真命苦[泪][泪]","validation","118148","weibo-118148"
"weibo-98489","0","发现weibo满足我这种下层人士个yuanwang：回复批评大佬们，估计大佬看完笑了。且不知大佬们吃的盐比咱喝的水多，人家不解释咱真以为比他牛，以后要低调哇！[泪]","validation","98489","weibo-98489"
"weibo-78239","0","就剩两年了~[泪]@顽主墨宝","validation","78239","weibo-78239"
"weibo-92360","0","[抓狂][哼]","validation","92360","weibo-92360"
"weibo-66802","0","最近连续N天各种疯各种玩各种早起各种开会。。。明早又要六点多起，可是居然又各种失眠。。。NND[怒][怒][怒]困死我算了！","validation","66802","weibo-66802"
"weibo-69094","0","#李小兔成长记#爸爸问李小兔，要不要给妈妈打电话？李小兔说，不要。爸爸又问，要不要给妈妈说说话呀？李小兔很坚定的大声说，不要。[泪]儿子，你怎么能这样？！","validation","69094","weibo-69094"
"weibo-72126","0","原谅我这一生不羁放纵爱自由…… //@Iamroger:嗯永恒//@misszy:家驹永恒 // @白杨白小杨 :[泪] // @刘卓辉 : @许愿老师 当时在现场吧。 // @大事妈 :生命有限，家驹的音乐永恒 // @外星毛查查 :令人感动的视频，看到 @黄耀明 ， @周慧敏","validation","72126","weibo-72126"
"weibo-102378","0","//@电光魅影：墙裂求拆封啊！！！！！！！！！[抓狂] [抓狂] [抓狂]","validation","102378","weibo-102378"
"weibo-97028","0","时间是一支镇静剂…… //@经典丶微小说:我已经接受这个事实，你已经和时间一起都过去了。[悲伤]","validation","97028","weibo-97028"
"weibo-79628","0","用着盗版的arcgis，早上打开邮箱又是一堆esri各种信息，都觉得不好意思看，只能悄悄地说一句对不起。[衰]","validation","79628","weibo-79628"
"weibo-68690","0","[抓狂]我的QQ号翻译了居然是“在赌博挖地道，被警察毙了”[衰]//@河东居士:不常上Q但试了一下[吃惊]在天安门跳楼吓滴尿了[疑问]你试试[哈哈]","validation","68690","weibo-68690"
"weibo-67935","0","人类的贪婪和泯灭人性实在要太地狱!!! //@姜凯阳:操他妈!! //@晓光导演:[吃惊] //@田艺苗: [泪] //@左小祖咒: //@陈文令: 惊心！","validation","67935","weibo-67935"
"weibo-106667","0","用爬得我也不敢过去[衰]//@凡一人: 真想去体验一下！[兔子]","validation","106667","weibo-106667"
"weibo-78610","0","医学院现在这么高调了？//@云指烟凉：好多货。。。//@大HH: [吃惊]//@我好凉: [衰]","validation","78610","weibo-78610"
"weibo-119689","0","。。。。。。我通常说你放屁[晕]","validation","119689","weibo-119689"
"weibo-95410","0","这个男人每天最开心的时刻估计就是晚饭报道时间和女儿的这么一小段嬉戏时光！ 这个姑娘每天最过瘾的时刻估计就是吃完饭后可以摆布老爸的这么一丁点开心time ！ 一个愿打一个愿挨，我只能说，你们俩真是配足的老！[晕][晕][哼][哼] 我在:http://t.cn/8stc6Gy","validation","95410","weibo-95410"
"weibo-97864","0","如果去日本只能选一个地方，那就选京都吧。//@隽Jun隽Jun:京都好想去[泪] //@Claire42: 京都各种美，才回来又想去了[泪]","validation","97864","weibo-97864"
"weibo-103619","0","名古屋的童鞋们，放假了吗？出游了吗？不出门不行啦，太热啦！今天又是37度，要蒸发啦！[抓狂] 在家里的童鞋们也要注意补水，别中暑啦！[赞] 有什么好玩的地方，凉快的地方，@ 小编，和大家分享呀！[玩去啦]","validation","103619","weibo-103619"
"weibo-97750","0","QQ 美食今天是怎么了，论坛进去都是XX服务的广告～～～～ 难道是被黑了？[晕] http://t.cn/zOaZr4s","validation","97750","weibo-97750"
"weibo-109078","0","[晕]什么情况","validation","109078","weibo-109078"
"weibo-90171","0","原文算法有点别扭。一般用时针对准太阳，时针与12点的角平分线为正南。不过需要考虑用当地时间，还有太靠近赤道据说也不好使 //@Julia--梅梅:巴总，用你的指南针测试下[晕]@高祯祥 //@forseeking:真的么？记下了 //@我们爱讲冷笑话:没有方向感的孩纸自觉转[lt转发]","validation","90171","weibo-90171"
"weibo-72694","0","你们这些大骗子，不是说不疼吗？[泪]","validation","72694","weibo-72694"
"weibo-105462","0","看完?刘氏女?，无法抑制大脑下意识的联想，眼前飘满了人肉做的腌肉，吓到睡不着@安东妮2 [委屈][晕]","validation","105462","weibo-105462"
"weibo-65847","0","一场战斗，是自己和自己的战斗！[泪][泪][泪]没啥大不了！[拳头]","validation","65847","weibo-65847"
"weibo-101526","0","[泪][赞] //@真魏人民服务:[围观][?]","validation","101526","weibo-101526"
"weibo-111052","0","回复@shellysnow:[呵呵]休息也是一种旅行！ //@shellysnow:你好，最后决定北京周边了！也没请假，今天开始上班了！[泪][泪][泪]","validation","111052","weibo-111052"
"weibo-86958","0","欢迎亲们莅临苏西黄的世界！ [握手][干杯]//@刘栋哥哥:[抓狂][酷]去！ //@刘馨雨-jacqueline:谁和我同去[抓狂] //@苏西黄David: 周五 #苏西DJ音乐节#之 “RnB Blackout”，国际DJ 的精彩hip-hop 音乐配上MC的超级混音组合, 苏西黄将为你呈献电音之外的真正嘻哈文化!!欢迎亲们来苏西狂欢！","validation","86958","weibo-86958"
"weibo-77082","0","20页报告初稿完成，吐血中！[晕]","validation","77082","weibo-77082"
"weibo-61370","0","讲是一直在讲，就没见有卖的，空枪乱放~[怒]","validation","61370","weibo-61370"
"weibo-102449","0","[蜡烛][蜡烛][蜡烛][蜡烛][蜡烛] //@Double文Love小猪:[泪]大家一起为孩子默哀，祝愿他的父母早些从阴影中走?来[给力]","validation","102449","weibo-102449"
"weibo-78455","0","传递爱和人性，拒绝冷漠。//@神马?杰: 请细看，然后传出去。让自己得心灵感受一次全垒打 //@哦-田田:?待生命和弱者 //@nownow:瞬间就看哭了，请看到的人都打开看一下，并一直转下去[泪]","validation","78455","weibo-78455"
"weibo-96091","0","糙的一米[困]//@财经女记者部落: 最近出台的房地产新政出发点都是好的，但是手段太糙了[衰]","validation","96091","weibo-96091"
"weibo-87407","0","那个热闹，手机品牌商好伤阿，内忧外患 //@Echo615:[衰]","validation","87407","weibo-87407"
"weibo-110078","0","#一个人的暴走之旅#右脚韧带拉伤[泪]","validation","110078","weibo-110078"
"weibo-92336","0","[泪]太感人了！","validation","92336","weibo-92336"
"weibo-93737","0","心酸，一路走好！[泪] //@治愈系心理学: 平凡的人们最能给大家更多地感动","validation","93737","weibo-93737"
"weibo-85672","0","哥忙得一下午就在对着电脑敲，对面的居然还闲得斗地主[怒]，工资月月还比我高，实在是想不通，真是同人不同命吗？晚上回去继续奋战[衰]","validation","85672","weibo-85672"
"weibo-115167","0","[鼓掌][鼓掌] //@懒人业余餐厅:在厦门店门口见游客望着懒字脱口而出：负心汉餐厅！俺一口血就?在墙上…[泪][泪][泪]@懒人业余餐厅厦门店 //@?南??:莫要辜负食材[嘻嘻]","validation","115167","weibo-115167"
"weibo-67332","0","@_海蓝蓝 @兔兔陛下 //@绯飞藤:[晕]期待后续 //@崔婧Janet: 什么情况//@黄花菜菜: 要疯啊！@大辉杨 //@小倔狗王小杨:@老飞侠不会飞 神马情况？ //@anna党颖: 转发微博","validation","67332","weibo-67332"
"weibo-84545","0","[哈哈] 耽误不起啊！//@林姐姐花园:是啊！要不怎么四十多岁就退休了呢，不会化妆，耽误前程啊！[泪]","validation","84545","weibo-84545"
"weibo-80343","0","无奇不有呀！哎..@车凡爱唠叨 @李时-LS @努力的小王晶 //@基本款生活:挣完钱结婚了？真草性[怒]","validation","80343","weibo-80343"
"weibo-114466","0","回复@不睡宅:我把整段屈中??阿姆斯特丹拿掉，把?翊?被安?一段?短了，增加了很多小地方，改了服??後面的一些?。?果散?早了15分?，整???流?。所以其?看首演的朋友?，你?看的更多呀！ //@不睡宅:[泪] 求修改的??介?。","validation","114466","weibo-114466"
"weibo-62641","0","还tm有经济人呢[衰][衰] 跟广大球迷拗彪有意思吗？//@淘宝玄生:大家快来，晒脑残了！","validation","62641","weibo-62641"
"weibo-90584","0","[泪][泪] //@广东阿茂:＂顺德美食节＂从菜式结构，就不足以结构成“美食节”10个8个菜就叫“美食节”？与当年白天鹅的“水乡美食节”差左成百公里！100个光年！随便了事，无食品质量！今时今物的服务水准点得吖？！@peng树挺 @河南地Honam @劳毅波广州大波波 @饶原生 @李铭建 @南粤京皇","validation","90584","weibo-90584"
"weibo-68516","0","讨厌写报告[泪]整死我了[抓狂]","validation","68516","weibo-68516"
"weibo-66800","0","当事人就藏头诗事件回复：本人平生写的太多，一个没记住。待回去翻翻有没有记录[晕] //@宥鸣：为啥我不知道还有诗这事？//@youyoujill：那个藏头诗~我直记得有“水“榭”楼台”@宥鸣 咱俩的忘记了……[失望] //@mandoline：我忽然想到他写给我仨的诗了，你还记得吗？","validation","66800","weibo-66800"
"weibo-98780","0","今天看非诚勿扰，朱峰和官晶晶，竟然感动的哭了[泪][泪][泪]很质朴很感人[心][心][心]","validation","98780","weibo-98780"
"weibo-96715","0","太感动了[泪] ，要嫁也得嫁咱爸这样的好LG。。//@尹婕：我爸爸。。。有一次我爸在我这儿住了一段时间，不小心被我偷窥到他发给在老家的我妈妈的手机短信“等我回去吻你”，[泪] ，原来他不仅是我爸爸还是我妈妈的另一半。","validation","96715","weibo-96715"
"weibo-105734","0","恭喜小七！//@枯叶秋心: 唉油，恭喜小七~//@essiewong: 矮油 //@齐小七: 谢谢各位亲友的见证，祝愿大家都找到自己的幸福哦[偷笑][心]//@芝小仙:哭得过于惨烈，让大家见笑了[生病]泪点低伤不起啊[可怜]//@Kidul妖性归-残善泯: [泪][泪]太感动了","validation","105734","weibo-105734"
"weibo-103670","0","这字条，精致了些//@描坤:回复@新长征人练红宁: 手机拍照片无法调色温，真难看！但愿将来手机摄影来一次革命性的质变！[晕] //@新长征人练红宁:转发微博","validation","103670","weibo-103670"
"weibo-63166","0","喂喂喂！！坐我旁边得哥们?想怎么滴？睡死了？！！一直往老子肩膀上睡啊！！！舒服怎么滴？？头干净么？？我真想拿手机打爆丫得脑袋！！敢惹你高尔基燕大爷！！[怒]","validation","63166","weibo-63166"
"weibo-84950","0","[蜡烛]最喜欢没头脑和不高兴了[泪]","validation","84950","weibo-84950"
"weibo-99703","0","风天儿记得戴口罩[闭嘴]…我那脆弱的小呼吸系统呀[困]北京温润的春天啥时候来呀[晕][白眼][疑问][疯了]","validation","99703","weibo-99703"
"weibo-101500","0","//@贺延光:翻老报纸的好处~恍然大悟地发现：我们蠢到总犯曾经犯过的错误！[晕] //@日出日落夏威夷:哈哈，我就不说什么了。//@老狗阿长: 转发微博","validation","101500","weibo-101500"
"weibo-82976","0","@香港成报 @hktraveller 这是对捐赠者的感谢！还是……？[泪][右哼哼]//@历史解密网站:转发微博","validation","82976","weibo-82976"
"weibo-109805","0","@只抽半支烟的小昕 让NONO变成这样，你就牛B了！！！//@微博宠物: 吃个早饭我容易嘛我！[泪]","validation","109805","weibo-109805"
"weibo-112478","0","哎呀，就爱看这种高手地对决！ //@戴军:今晚，三大段子高手汇集@天天向上 ，一决高下！这俩隐藏的杀手准备今晚联手灭了我！拼了…拼了！[泪]","validation","112478","weibo-112478"
"weibo-102894","0","左边的菇凉啊，您打了一上午喷嚏和流鼻涕了。[泪]","validation","102894","weibo-102894"
"weibo-89104","0","下午两点开始到现在，100ml的单硝酸异山梨酯氯化钠才输了一半。。。大夫说这药就得慢慢输。。。[晕][晕][晕][晕]这也忒慢了，不科学啊！","validation","89104","weibo-89104"
"weibo-72875","0","今天刑满释放了！算数题不能随便算，尽管李娜赛后?布会，可以由ccav直播英文算数题！感谢@阿甘 明察秋毫！还有@长腿叔叔 一起算算数！[衰][衰][衰][衰][衰]mlgbd！都啥jb事儿啊！","validation","72875","weibo-72875"
"weibo-70103","0","你是傻逼变得么，我卖鞋是攒钱准备移民呢呵呵 //@火星UncleMartin:卖鞋换贝斯啦，为了完成博主老公的音乐梦想，我帮忙转发！！！//@李千岁: [泪][泪] //@来8CM:帮忙喽 朋友欧 闲置喽 便宜耶 什么都有哦 啦啦啦....","validation","70103","weibo-70103"
"weibo-62764","0","这个，太有气势了～～[太开心] //@雷明:[衰] 怎么......我打个哈欠也要拍下来么？？？ //@樱雪1988：哈哈！ //@js小糊涂:这是怎么了！雷爸变身章鱼了！[偷笑]","validation","62764","weibo-62764"
"weibo-113498","0","尼玛，我说我们怎么又晋了一位。。。亏得这个app没做。//@ttdz: [衰]","validation","113498","weibo-113498"
"weibo-110466","0","能不激起民愤么！[抓狂]//@Sombre_cui:真当人民是傻子 // @电子银行2010 :太扯了吧！ // @清breeze风 :// @Bosco__Lee :[怒] TNND!不愧是砖家！","validation","110466","weibo-110466"
"weibo-96050","0","#新鲜旅十二城开化#大部队挺向钱江源大峡谷顶端，我却坐在半山腰溪边开始想念中午那顿没吃完的美食，虚脱了！[泪]@新浪浙江旅游 @开化信息发布 @途秀","validation","96050","weibo-96050"
"weibo-75250","0","[泪] //@曾航:每天要上msn、qq、微博、现在又来了微信、雪球等，每增加一种通信及社交工具，就是各种累","validation","75250","weibo-75250"
"weibo-67729","0","快让我回去做版吧，我转晕了，好饿，求年会早点结束！[晕][浮云]","validation","67729","weibo-67729"
"weibo-75317","0","速度将近100mph，随便出点啥岔子都必死无疑啊。//@新浪视频: 眼花缭乱[晕]","validation","75317","weibo-75317"
"weibo-95151","0","//@流水心情lyq:你要求完美，不能接受?缺的一半，所以你?有的是不全的世界！[泪]","validation","95151","weibo-95151"
"weibo-104169","0","这个是真的很准。[失望]","validation","104169","weibo-104169"
"weibo-109355","0","回复@Mandy_紫色:必须是呀，因为我已经快冻成冰棍了！出门去感觉就一个字：＂冷＂[抓狂] //@Mandy_紫色:。。。你觉得我在东北快被冷死了是吧。。。。[挤眼]","validation","109355","weibo-109355"
"weibo-79515","0","上班呢，怎么睡？[泪][泪][泪] //@上井韬:困了就去睡呗，我学日语正精神着呢！一想到马师傅做的美食就更精神了[哈哈]//@马剑是谁:困了 //@上井韬:马师傅寂寞了[偷笑]","validation","79515","weibo-79515"
"weibo-72150","0","完啦完啦！流星雨没看到，冻的我直打喷嚏、流鼻涕！！！[晕][泪][生病]","validation","72150","weibo-72150"
"weibo-67782","0","回复@炸酱面搭配糖蒜:[失望] //@炸酱面搭配糖蒜:怎么了？这是","validation","67782","weibo-67782"
"weibo-114990","0","空闲的时候就剩吃了[衰]?","validation","114990","weibo-114990"
"weibo-113443","0","我们还好，游车河，故宫看海，公主坟漂流，我今天这生日过得充实[抓狂] //@设计师文博:祈福，北京的亲朋，你们都还好吗？@大炜杨 @安道壹 @珐琅艺术工作者丁晓飞 @快_乐似神仙 @任蕾-噶松卓嘎 @卢樱CAFA @主持人国鹏 @兴洲大傻子","validation","113443","weibo-113443"
"weibo-100582","0","税增长这么快，睡却越来越少了[晕]//@首创华夏都丹:除了个税和契税都增长。//@花石?e: 除了收入都同比增?。","validation","100582","weibo-100582"
"weibo-108848","0","现在的游戏真是让人欲罢不能啊[泪]","validation","108848","weibo-108848"
"weibo-105937","0","等孩子上课，要五点半结束。一人在麦当劳，一杯红茶。外面狂风，那也去不了，傻坐着，傻等。还一堆活呢，干什么不了。[晕][泪][抓狂]","validation","105937","weibo-105937"
"weibo-112254","0","愿逝者往生极乐，南无阿弥陀佛！[蜡烛]//@鄢蔓: [泪]//@声声多慢: 忽然想到，每天出门之前别忘了跟家人道别，因为，我们不知道晚上还能不能回来。[蜡烛][伤心] //@声声多慢: [蜡烛]//@蒋宁: [蜡烛]","validation","112254","weibo-112254"
"weibo-107751","0","锡林郭勒，呼伦贝尔我曾走过！ //@骑兵晶晶: //@波斯无影爪:我去过锡林郭勒，可惜时间太短，很多地方都没看到 //@品在梅之上: 你气我呢！你倒是天天看草原了，我还一次没去过呢[懒得理你] //@春羽3241390762: 梅姐怎么了[疑问] //@品在梅之上:[抓狂][cc耍赖][酷]","validation","107751","weibo-107751"
"weibo-76187","0","现在好房子真多[抓狂]","validation","76187","weibo-76187"
"weibo-70494","0","同感，可悲，因为我是后者![泪]","validation","70494","weibo-70494"
"weibo-86859","0","[哇哈哈]//@DJ王晓磊: [衰][衰]//@微博羽化:我觉得这个更像是 @DJ王晓磊","validation","86859","weibo-86859"
"weibo-84733","0","回复@大邱客:每完都有“感觉”//@龙行天下A龙哥 ： //@大邱客:[泪]//@沉默是石头: //@张小云: [泪][泪][泪]//@小A我的梦大房子的告白: 和谐下悲伤的人民","validation","84733","weibo-84733"
"weibo-65511","0","单位伙食还能再差点吗？饭钱能不打卡上吗？食堂的小卖铺特仑苏、手纸能不卖100吗？牙膏能不卖50吗？你妈逼这就是在洗钱！！[怒]经济都他妈市场了，你丫伙食能不计划吗？","validation","65511","weibo-65511"
"weibo-60157","0","塔尔寺回来，已经累成马了，三个手机全部没电……[衰]#西宁市区# http://t.cn/zOn5PoU","validation","60157","weibo-60157"
"weibo-72718","0","海滩上的帅哥美女更销魂//@飞鱼秀的小酒涡: 颜色真销魂//@缪娟: 这里比戛纳那边好，戛纳狗太多，海滩臭。蒙彼利埃这边安静点，可以骑马看火烈鸟。@岳岳叔: le Grand Travers 的天体海滩特别销魂，建议傍晚去//@岳岳叔: 那个夏天几乎天天去Palavas [泪] @ziqipeng @Babyfacela","validation","72718","weibo-72718"
"weibo-70504","0","[衰][衰][衰]:猪狗不如啊！[怒][怒][怒]:转发微博","validation","70504","weibo-70504"
"weibo-113637","0","[花心]//@美食: 回复@塔颜:这个神回复→→[哈哈] //@塔颜:这凶残的节奏，有去无回啊！~[泪]不能吃是精神和嘴巴的折磨，吃了就是体重的折磨！~~~[泪]","validation","113637","weibo-113637"
"weibo-104181","0","齐流海的女生伤不起啊[衰][衰]","validation","104181","weibo-104181"
"weibo-83622","0","[泪][泪][泪][泪]物是人非 //@品言书馆:十八年，导演真的很有耐心，我们喝片中人物一起长大，结婚，离婚，养孩子抑或。。。本周日下午2点半，#拾楼说电影# 别错过~","validation","83622","weibo-83622"
"weibo-116808","0","真心晕[晕]这叫酒不醉人人自醉，偶也～//@消渡: 啥破酒量！！！！","validation","116808","weibo-116808"
"weibo-83387","0","回复@小飞鱼fresh: 建议过来斐济的朋友来斐济度假，最好提前一个月以上两个月是最好，预定好机票，随后就是酒店的 //@小飞鱼fresh:对的，都要一万+[泪] //@没有蛀牙的LEO:回复@orangeeeeee: 8月基本没有便宜机票了 //@orangeeeeee:8月中旬到斐济最便宜机票是多少？","validation","83387","weibo-83387"
"weibo-81526","0","生病生的连自己的网银用户名和密码都忘了，错过了绝好的投资机会[泪]","validation","81526","weibo-81526"
"weibo-105140","0","[怒]@TOPFM1018周依璇:我在现场 大悦城不但不作为 而且还和会员动粗 素质堪忧呀！ // @张大为 : // @宋涛灰太狼 : // @徐艳儿 : 1600会员，健身会费2千-5千，spa会费5万-30万。 // @牛丽燕 :才看到，没在现场，声讨中粮，从这件事可以看出他们的管理太成问题了。 // @徐艳儿 :朝阳大悦城奥力维权","validation","105140","weibo-105140"
"weibo-71128","0","喵了个咪的，什么世道，做女人好难呀[抓狂]","validation","71128","weibo-71128"
"weibo-100021","0","//@二师兄努力奋斗?苦海_Q: [伤心][伤心][蜡烛][蜡烛][蜡烛]//@吴佩慈:[??][??] //@彭于晏:[蜡烛]//@合莫王三姐: [蜡烛][蜡烛] //@叶一茜:[蜡烛][蜡烛] //@angelababy:[泪] //@舒淇:[蜡烛]","validation","100021","weibo-100021"
"weibo-90622","0","让奶奶早点回家 [泪] //@野猫卡卡:以前住附近常去买水果，她都说“谢谢姑娘”。有时下班很晚还看到她在，水果青菜剩很多，她会央求多买一点，她少收钱，说她的水果都很好，没人买坏了就浪费了。之前媒体报道她有个儿子，被她供读博士出国后就杳无音讯了。","validation","90622","weibo-90622"
"weibo-108478","0","好友意外故亡。伤心不已。[泪]","validation","108478","weibo-108478"
"weibo-71735","0","啥时候微博app打开图片的时候可以打入后台执行，让我可以继续往下看哦？地铁上信号不好很痛苦滴[泪]","validation","71735","weibo-71735"
"weibo-94835","0","奥利奥全面都美白了，这世界太令人猝不及防了~[晕]","validation","94835","weibo-94835"
"weibo-62276","0","5月28日出发仅此一班，想去别错过哦[偷笑] 而且马尔代夫对中国公民实行免费落地签政策，只需一本护照，就能轻松出行。//@小熊猫和小小熊猫：好便宜啊[抓狂]","validation","62276","weibo-62276"
"weibo-88808","0","其实月饼君是有性情的，它们也有属于自己的星座。看看你被哪种月饼代言了吧~奔哥杯具啦，五仁伤不起[泪][泪]","validation","88808","weibo-88808"
"weibo-64911","0","@晴间多云Q [泪]","validation","64911","weibo-64911"
"weibo-77092","0","不是家宴啊，厨娘在酒店负责煲汤，用剪刀切雪梨（难度真高）[泪]","validation","77092","weibo-77092"
"weibo-101324","0","姥姥[怒]","validation","101324","weibo-101324"
"weibo-115312","0","涨吧涨吧[抓狂]","validation","115312","weibo-115312"
"weibo-97074","0","看的我都心疼~真心疼~亲爱的~这猫猫还能活吗？[泪]","validation","97074","weibo-97074"
"weibo-100534","0","电视里不断播放911飞机和WTC[衰]","validation","100534","weibo-100534"
"weibo-68107","0","//@蔡文胜:好图，可惜是英格利斯，谁帮忙翻译。[抓狂]","validation","68107","weibo-68107"
"weibo-113574","0","怎会有如此狠毒之人！[怒] //@丰羽珈福: 向世界发出我们的祈祷，人要有仁慈之心//@babyfaceding：这个人必遭天谴！！！MLGB的！！！！//@身旁小笑话：怎么会有那么狠心的人啊！！！强烈谴责！","validation","113574","weibo-113574"
"weibo-70391","0","回复@幺蛾子来了:我们被抱歉的通知，十一点十分才能起飞[泪][泪][泪]！ //@幺蛾子来了:有吃的么？","validation","70391","weibo-70391"
"weibo-108424","0","希望可以帮助这个可爱的孩子 //@张卫健:真的假的？！很想帮他，有关部门可以帮他吗？！主佑这个可怜的小孩！//@录音李剑峰://@一句心情签名:好心酸！可怜的孩子！[泪]","validation","108424","weibo-108424"
"weibo-77741","0","看到这张照片 想起一位好朋友叫耗子 由于玩微博微信 聊天对象问题 惨遭老婆双规 在狱中大义凛然的他 受了不少苦 可当拷问到 以后你还敢偷吃不 耗子只是露露小牙笑笑 血再滴着[泪][泪][泪][哈哈][哈哈][哈哈]","validation","77741","weibo-77741"
"weibo-113439","0","什么眼神？//@创业家杂志:[晕] //@老沉:这。。。","validation","113439","weibo-113439"
"weibo-71951","0","已经无言以对。[怒][可怜]","validation","71951","weibo-71951"
"weibo-114097","0","周总，这是昨天的晚餐，彭总一直都是后知后觉的[偷笑] //@勤劳的工作狂:确认这个是早餐吗？[哈哈] //@彭涌_爱美食:没吃早饭呢，看见这个肚子抗议了。[泪]","validation","114097","weibo-114097"
"weibo-77110","0","唉！累！冷得我的精神想起来，肉体却想窝被里睡，可早上还得去看中医。可怜的女人，这个年我其它诸事皆顺，就不小心中招感冒，发烧退后咳至今天还有尾数[泪]，大过年还抽血检查说不扩散普通感（可我对扩散性感冒有抗体，过敏性鼻炎20年前好了以后对一切大小病毒性的全不中招），真是小阴沟里翻船。[泪]","validation","77110","weibo-77110"
"weibo-88862","0","[泪]//@那木错:[微风]","validation","88862","weibo-88862"
"weibo-95733","0","才到家，我姨周一回宁了，我木有现成晚饭吃了[泪]。@Kevin勇敢的心 你姐夫让我跟你商量下，让你娘一个月呆南京一个月呆北京!","validation","95733","weibo-95733"
"weibo-90935","0","为神马深圳的办公室租金这么贵？神马时候才可以有一个宽敞明亮不局促的办公室？[泪]","validation","90935","weibo-90935"
"weibo-70557","0","电门步再现江湖//@彭杨军: [哈哈]//@末那四季: [汗] //@?味期限在凌晨: 我勒个去！ 枪筒上插得是按摩棒吗！！！！！[衰]","validation","70557","weibo-70557"
"weibo-100675","0","[晕]//@小厨健哥: 前4个去过，后4个没去过。。。","validation","100675","weibo-100675"
"weibo-96270","0","某位巴黎的童鞋不厚道，大半夜显摆刚买的冰激凌，害得晚上没吃饭饥肠辘辘的小爷我夜不成寐啊，太可恶了[衰]","validation","96270","weibo-96270"
"weibo-75915","0","闪婚秘婚神马的都不可棱，打报告、函调、审批、盖章、写评语，然后人尽皆知...[晕]这传统就跟我家这么延续下去了是吗...","validation","75915","weibo-75915"
"weibo-86129","0","上一次去行者书店打算买《天工开物》的，老板居然不在，店里的伙计也不太清楚这本书放在哪了，残念啊~[抓狂]，不过里面的书好全啊，以文学类的书为主，下次再去看看。[嘻嘻]","validation","86129","weibo-86129"
"weibo-95009","0","还有北京的自来水！[泪]","validation","95009","weibo-95009"
"weibo-73532","0","童话里都是骗人的[泪] //@穷游网:当时乘坐热气球的有20名游客和1名驾驶员，只有1名游客和该驾驶员幸存。报道链接：http://t.cn/zYWUxMZ 希望这样的事故不再发生。[蜡烛]","validation","73532","weibo-73532"
"weibo-116456","0","谁能告知西三环怎么了？南向北一动不动半个小时了[怒][泪][委屈]@平安北京","validation","116456","weibo-116456"
"weibo-95911","0","@我是范太太hongmeifan //@?蓉: 女孩纸们，所以还是用卫生棉条吧，我一般去淘宝玖熙蜜那家买。全是进口的高质量产品，真心好用！//@可爱宠物中心:[给力]【天涯猛料】各种卫生巾内幕～跪。妹纸伤不起[悲伤]","validation","95911","weibo-95911"
"weibo-82924","0","每周3次游泳运动，每次1小时，1000米。运动是必须的，怎么我不瘦呢？[泪]","validation","82924","weibo-82924"
"weibo-114951","0","强拆时时发生，悲剧分分上演//@刘星洪: 真的不想看这个。景色不美不说，一点儿浪漫也没有。//@叶善林: //@chuanziyidenvren:[抓狂][抓狂][围观][围观][围观] //@葬花颦儿2012://@999句爱情心语:转发微博","validation","114951","weibo-114951"
"weibo-78662","0","#带着微博去清源山#回到厦门。今天总感觉缺了点什么，翻照片才发现，原来少了大合影[泪][泪]~大家来认领吧，最后一张不要太销魂。。。","validation","78662","weibo-78662"
"weibo-104700","0","现在，人和人直接似乎已经没有了传说中的诚信，我需要去适应这新的时代[伤心]","validation","104700","weibo-104700"
"weibo-85964","0","边旅游边工作，还不好啊幸福吧你！//@玉冰飞扬: 为了生存啊[泪] //@整合营销传播推动者:好厉害的菇凉！[赞]//@玉冰飞扬: 回复@花开西藏:一直在了 一年第七次来拉萨 呆了两个月了啊[泪] //@花开西藏:哎哟来西藏玩了?","validation","85964","weibo-85964"
"weibo-95365","0","不信[晕]","validation","95365","weibo-95365"
"weibo-110865","0","神九飞天，我们不能飞，机场里候着！[泪] http://t.cn/zW7p4Ip","validation","110865","weibo-110865"
"weibo-92819","0","[衰]竟然还和我名字相近[弱] 太坏了//@老王不装:求证//@福建土楼沐浴阳光青年旅舍-莫莫:早就听客人说过曾厝? 8090后舍的老板很坑爹，但没想到这么坑爹！","validation","92819","weibo-92819"
"weibo-97463","0","坑爹的足协你做得太漂亮了[怒]","validation","97463","weibo-97463"
"weibo-81008","0","回复 @卞洛磊:历历在目！哈哈，这不一转眼就过来了！ //@卞洛磊:还记得录第一期节目的时候么，呵呵，再想想现在[抓狂][抓狂]","validation","81008","weibo-81008"
"weibo-65974","0","你表这样[泪]尼玛枪枪致命！//@珊瑚幽叹: @小星星的小白天","validation","65974","weibo-65974"
"weibo-60369","0","我估计我得先到你那培训一下，这纯粹是为难我啊[泪]","validation","60369","weibo-60369"
"weibo-102211","0","请不要再用＂万妈妈＂这个词语称呼那位万什么艳好吗？妈妈这么神圣的称谓，用在她身上非常让人不愉快！[怒]","validation","102211","weibo-102211"
"weibo-102111","0","海葵一晚刮起我四次... 睡不着了 [泪] //@飞快的慢车:海葵不走，我们就不回，把内蒙考察之旅进行到底[haha] //@?琦君:既留置则安之...明天开始秦汉之旅！下一站秦代古长城遗址！！","validation","102111","weibo-102111"
"weibo-86185","0","昨晚在QQ上调戏外甥被大姐发现“别没事蹲电脑上胡扯，去陪爸爸聊聊天”。昂。我回应一声，就得令去客厅对老爸说：来，咱爷俩聊几块钱的。老爷子肉掌一挥：“不要影响我看电视”。[衰]#王小贱#","validation","86185","weibo-86185"
"weibo-103587","0","亲爱的你是想把热饺子直接改速冻饺子是么？[生病][泪][哼]","validation","103587","weibo-103587"
"weibo-87189","0","== 平时起不来 周末睡不着 我的悲剧啊 [泪]","validation","87189","weibo-87189"
"weibo-68608","0","手机千万别买三星！！未接来电经常不显示，得翻到通话记录的时候才能看见！耽误多少事儿啊！！！[怒]","validation","68608","weibo-68608"
"weibo-93896","0","[怒]//@奇迹之钟傲娇受: 操…什么事？！","validation","93896","weibo-93896"
"weibo-82249","0","谁敢说[晕]","validation","82249","weibo-82249"
"weibo-70877","0","还有两天[泪] 来吧来吧！[嘻嘻]","validation","70877","weibo-70877"
"weibo-117579","0","中国渔民哪里是全副武装的韩国海警的对手？[怒]","validation","117579","weibo-117579"
"weibo-118668","0","#Nana酷游世界100天##悠游台湾个人游# 惊恐？[衰]@北京有个老顽童 @台湾自由行 @海峡零距离 @酷讯旅游 @酷讯旅游体验师","validation","118668","weibo-118668"
"weibo-72390","0","[泪]//@陈倩冰: [泪]//@毛大庆: 我看了又看，潸然泪下 //@雅昌艺术网官方微博: 【摄影世界】这是一个孤儿院的孩子，她在地板上画了一个妈妈，想像着，在妈妈?暖的怀里睡着了。伊朗女艺术家BahareH BisheH作品，拍于伊拉克孤儿院。","validation","72390","weibo-72390"
"weibo-83863","0","被shootme鄙视了【failed starting server. please check that you have ***ROOT*** access on your device and enabled access to the lower level graphis.】 求解救 [泪] [泪] [泪]","validation","83863","weibo-83863"
"weibo-107102","0","[吃惊] 老板是台州人，但没看出文案跟台州有啥关系，这文案确实不错。[挖鼻屎]//@林辉Ethan: 台州式的智慧。//@Shana索娜: 神文案啊[抓狂]","validation","107102","weibo-107102"
"weibo-115862","0","疯了的指挥家[晕]","validation","115862","weibo-115862"
"weibo-64401","0","我发现……我没有带钥匙[泪][泪][泪][泪][泪][泪]，估计我要从邻居家爬阳台了[泪][泪][泪][泪] @丹Jessie","validation","64401","weibo-64401"
"weibo-64037","0","警惕所谓的驴友！人渣， //@心旷神怡摄影:这样的事情，简直就是人渣！[衰]","validation","64037","weibo-64037"
"weibo-116439","0","[怒][怒][怒] //@Kaito1016:法老的诅咒，不知此人会如何死呢？ //@梅下煮雪:[怒] //@懒懒懒瘦兔:[怒]文物应该受到保护！ //@飞常准:""丁锦昊""！","validation","116439","weibo-116439"
"weibo-116215","0","突然在私信里收到个飞吻，满心欢喜，以为我这老家伙还有美女青睐。再看清楚，原来是@牛河走青 发的。你个大肥仔，半夜三更，欺骗我纯洁无瑕小心灵，[抓狂][抓狂]，请吃饭补偿吧！","validation","116215","weibo-116215"
"weibo-70908","0","太TMD没人性了！！！！！！！！！！[泪]//@catticatti: 既然如此为什么不把动物们放回大自然呢，这样简直就是让它们慢性自杀！！难道对动物们也要这么残忍么！！[泪][泪][泪]","validation","70908","weibo-70908"
"weibo-75502","0","感觉今天@颐堤港INDIGO 我们被忽悠了@拜金小豆 回来尝了一下这个北港川伯得牛扎糖饼干跟咱们是试吃得一点都不一样差了几个档次绝不是干湿的问题希望那个80元的XO干贝酱不会太难吃。[泪][泪][泪]@蛋蛋IN北京 这是台湾的品牌吗。@MR小a 这是你带回来的那个吗[嘻嘻]","validation","75502","weibo-75502"
"weibo-109647","0","陪一个13岁小女生看「泰迪」，突然发现很不合适！[衰][衰][衰][?]","validation","109647","weibo-109647"
"weibo-93989","0","@王轶庶 帮我买一份[衰] //@王轶庶: [衰] //@李梁在北京:黑云压城。","validation","93989","weibo-93989"
"weibo-71035","0","趁开门下车给丫鞋踢下去！//@YingEYKL: [抓狂] //@北京人捍卫大北京:这是孕妇吗？","validation","71035","weibo-71035"
"weibo-97843","0","//@快乐的香茶：//@洪晃ilook：//@刘埕：这公司怎么也不出来给个说法啊？好强大的气场啊！[怒]","validation","97843","weibo-97843"
"weibo-73822","0","我的窗啊，要吹裂了呀[抓狂]恐怖","validation","73822","weibo-73822"
"weibo-111297","0","该！//@开心小栗子:活该，让你乱丢垃圾[怒]报应","validation","111297","weibo-111297"
"weibo-94480","0","世界上最大的遗憾莫过于：“树欲静而风不止，子欲养而亲不待＂[泪][泪][泪]","validation","94480","weibo-94480"
"weibo-71804","0","very much[泪]//@娜斯: //@冥王星灵玖贰伍捌: I would rather share one lifetime with u , than face all the ages of this world alone.You complete me.Whatever i am,im yours. 这浪漫的太混蛋的片子是谁剪的。。。","validation","71804","weibo-71804"
"weibo-111705","0","这是征婚告示吗？//@杜婷婷-: 回复@沙中看世界:[泪]，求孩子他爸，你在哪呀~ //@沙中看世界:母爱泛滥了有木有[偷笑]","validation","111705","weibo-111705"
"weibo-92501","0","#美食#香港同事放假玩，北京同僚还在干！终于下班去吃饭，Igosso却把门关！门口石像冷眼看，原来包场不开放！害我来到空喜欢，饿着肚子哪去转？惨绝人寰绝人寰！绝人寰！ ??????? [泪][泪][泪][泪][泪][泪]","validation","92501","weibo-92501"
"weibo-69436","0","打拉迪，打拉迪，打拉迪，哒哒哒哒哒。。。唉！我忘买了[泪]//@嘻哈包袱铺高凤鸾:开空调哇！！","validation","69436","weibo-69436"
"weibo-86292","0","[伤心]@徐凯313","validation","86292","weibo-86292"
"weibo-67641","0","好奇怪的发型[衰]","validation","67641","weibo-67641"
"weibo-77744","0","转了，让更多人看到//@硬壳笨蛋: [衰]是赵普说的，得重视。 //@IT砖员:转发微博","validation","77744","weibo-77744"
"weibo-113404","0","真是要过年了啊！这车堵的太离谱了也！全是送礼的！腐败啊。。。哪那么多可送的！真讨厌！饿死我了！！！我要回家我要回家我要回家！！！[抓狂][抓狂][抓狂]","validation","113404","weibo-113404"
"weibo-119088","0","[泪] 你是想让我砸桌子吗，我正在小格子里憋稿子，连饭都没时间打。。","validation","119088","weibo-119088"
"weibo-89213","0","[泪]没有小丸子了..居然拿派大星打发偶..偶讨厌派大星..偶要会说话的小丸子电视!!!","validation","89213","weibo-89213"
"weibo-116916","0","俺现在很怕打开微信[泪]","validation","116916","weibo-116916"
"weibo-78446","0","//@李淼在微博：简化字本身没什么错。日本的平假名就是注音注出来的（注中文在日本的读法），现在不是挺好？还是女人发明的呢。//@啦咪啦啦：[泪] 还是喜欢//@作曲家陈钢：//@步-虚-仙-馆主人:中国的简化字改革是文化的又一场劫难。 // @微爆料 :转发微博","validation","78446","weibo-78446"
"weibo-99231","0","白领衔这是怎么个意思[怒]","validation","99231","weibo-99231"
"weibo-61455","0","纪敏佳！！不许侮辱我偶像！！[怒] //@纪敏佳：日本媒体有对我说过我俩像，魔女的条件、大和抚子不错！ //@TD-34:纪敏佳又整容了?!","validation","61455","weibo-61455"
"weibo-61463","0","这也太恶心了[晕]","validation","61463","weibo-61463"
"weibo-84732","0","//@瓜吃狸: 好温暖[泪]","validation","84732","weibo-84732"
"weibo-103867","0","说的我都不敢看了[泪]","validation","103867","weibo-103867"
"weibo-97147","0","两人来欧洲最好----你就看这普通的一份披萨：我就是把肚子上安了拉锁往里塞，也塞不下这么大一张面饼！[衰]@方姗姗V 你那边是咋吃的？","validation","97147","weibo-97147"
"weibo-104113","0","好人性啊[晕] //@SETV扑克:转发微博","validation","104113","weibo-104113"
"weibo-115701","0","四月份四个项目在投标，这算是花团锦簇么！[嘘][嘘][嘘]我已经忙的超级晕……[晕][晕][晕] http://t.cn/8sJ5g3k @微米","validation","115701","weibo-115701"
"weibo-74366","0","朋友的基础 俺想是互信 在中国可不一样 毛爷爷和袁文才 王佐 互信过 到头来怎样[泪][泪][泪]","validation","74366","weibo-74366"
"weibo-109009","0","还是那啥互联网分析师好，比股票都值钱！//@潘欣:我现在每天需要至少睡七个小时啊[泪][泪][泪]","validation","109009","weibo-109009"
"weibo-61149","0","那咱们再一起努力吧！ //@o艾米0: 你的蓝裤子已经可以引领我俩了， //@TTR_狮子座:你俩带我一个呗，哈哈 // @o兰毛毛o : 穿吧！实在不能再灰土土了……[泪] @o艾米0","validation","61149","weibo-61149"
"weibo-112833","0","怪不得最近判断事情总出差错//@枫笙映黎:终于弄懂我智商余额不足的原因了！[泪]//@王鹏律师:智商下降原来是这样啊！//@颜-春: //@山东卫视张晓磊: 只有不缺钱，就再也不用担心自己的智商了！//@夏果果: 原来，智商越来越低是有原因的！[泪]","validation","112833","weibo-112833"
"weibo-84679","0","蕾答应的事必须雷厉风行的去完成！到了蕾的家乡重庆，温暖你就成了#火锅蕾#的使命[偷笑]遗憾没邀请大家狂搓一顿毛肚、鹅肠、耗儿鱼论斤卖的山城原始老火锅[泪]下次继续...火锅吃起...干碟点起...口水流起[馋嘴]","validation","84679","weibo-84679"
"weibo-91498","0","。。[抓狂][抓狂]我的H.O.T.时代[?][?]","validation","91498","weibo-91498"
"weibo-117813","0","孟江女哭倒了长城，Gmm推到了最后一丝信任。 //@藏香::说的也是就靠老百姓养他们了，要不他们怎么吃喝嫖赌了养小三儿... //@制片宋占涛 :贪官那么多，不收100%的税怎么能养得起！！！ //@张?儿 ：就这样...谁叫咱脱胎到中国了...杯具啊@演员杨晓丹 :看完视频真生气[怒]","validation","117813","weibo-117813"
"weibo-62262","0","坐60路回家。车上一股强劲的臭味快让我窒息！谁在车上大便了吗？！[抓狂][抓狂][抓狂][抓狂]","validation","62262","weibo-62262"
"weibo-107448","0","终于学会换气了[泪]教练对我很无奈。标准的蛙泳被我毁了[抓狂]","validation","107448","weibo-107448"
"weibo-85859","0","大十一的宣武很不太平啊，我家旁边单元装修，吵的电视看不了，家里说话听不见。前天楼后有个中年男人跳楼，昨天隔壁小区有个老太太跟楼下打架吊死在人家门口[汗][汗][汗]这都是要干嘛啊[晕][晕][晕][晕]","validation","85859","weibo-85859"
"weibo-109951","0","美股、亚股、欧股都扎堆的往下，这是要闹哪样。[失望]","validation","109951","weibo-109951"
"weibo-106160","0","//@oliver九日: [悲伤]","validation","106160","weibo-106160"
"weibo-72691","0","蜀香阁的收银，态度简直太恶劣了，居然可以对客人说出：＂态度就这样，愿意吃不吃！＂这样的服务，您还敢来吗[怒][怒][怒]","validation","72691","weibo-72691"
"weibo-63685","0","[衰]我真觉得有点儿够了……@董研博","validation","63685","weibo-63685"
"weibo-100818","0","very感动，一切没有什么大不了的~！彼此珍惜彼此尊重//@咩咩_meng：[泪] //@Wsx879：@小君君?","validation","100818","weibo-100818"
"weibo-109497","0","@JorrinQ [抓狂]阵容要不要这么强","validation","109497","weibo-109497"
"weibo-72546","0","还剩9根呀! //@june09：出题老师脑袋也被驴踢过~考试还玩脑筋急转弯！//@尼吉平Sickee：小学的数学题，需要这样么[泪]","validation","72546","weibo-72546"
"weibo-110441","0","为什么连自家饭堂都这样？！[泪] //@林轶胤:干嘛不早说？","validation","110441","weibo-110441"
"weibo-116349","0","#滚石30周年上海站#今天五月天真的来了.[泪]@地主小豆","validation","116349","weibo-116349"
"weibo-68367","0","说的就是你，赶紧给我多拍！我不要再当摄影师了，单反重死了！[抓狂][抓狂][抓狂][抓狂][抓狂]扛着累死我了，以后你来拍！[哼][哼][哼][哼]@我是宁俊","validation","68367","weibo-68367"
"weibo-102952","0","[伤心] //@叶匡政:[泪][怒]//@信力建: [泪][怒骂]","validation","102952","weibo-102952"
"weibo-95027","0","碰到84岁的老奶奶登泰山，好感动啊[泪]","validation","95027","weibo-95027"
"weibo-62824","0","很多选手在第二关失败了，冲奶粉看似简单，真正做起来真的不容易！当过爸妈的都懂吧！[失望]","validation","62824","weibo-62824"
"weibo-99802","0","//@梦鹤怂: 这是爱国还是害国啊[伤心]//@文怡: 太恐怖了。","validation","99802","weibo-99802"
"weibo-117852","0","[泪]放开那个送冰激凌的萌妹纸?！","validation","117852","weibo-117852"
"weibo-118871","0","北京ですね???[泪]// 你是在北京的???[泪] //@Marshmallows佩: @mmmmzero 食べたい[泪][泪][泪]","validation","118871","weibo-118871"
"weibo-63510","0","真难过[泪]@袁小虎儿 //@微博搞笑排行榜:好可怜，希望狗妈妈的3个孩子能去到好人家 [泪]我们都有一颗爱狗狗的心? 一起关爱狗狗","validation","63510","weibo-63510"
"weibo-94304","0","[衰]//@mamie琳:一直巨大的蚯蚓从哈尔滨移动到上海来了。//@netoklis新挑战: 啥米？上海也开始了？//@火野枫Sanyanji: 2012啊//@凤凰咕噜:[衰]//@Victorspainj: 上海也酱紫啊！//@香香的时光电影院: 。。。。//@aillenyu_跳跳: …… //@emi1y12:上海也塌？[衰]","validation","94304","weibo-94304"
"weibo-87160","0","//@芮成钢: 回复@光头强993:哈哈！[哈哈] //@光头强993:原来我们如何努力终究是要被吃掉[泪][泪]","validation","87160","weibo-87160"
"weibo-106688","0","[抓狂]要不要这样萌得人死去活来啊。。。话说这当妈的也够淘气的","validation","106688","weibo-106688"
"weibo-118651","0","突然想唱歌[抓狂]海阔天空、北京北京、风吹麦浪、、、、、、","validation","118651","weibo-118651"
"weibo-77750","0","我身高和年龄都不达标！泪奔！ //@Sivani:[泪][泪][泪] 姐老了，妞们，快上@喵儿queen @扭扭鱼chiuchiu //@北京国际潜水展览会:转发微博","validation","77750","weibo-77750"
"weibo-117829","0","谢谢大明星这么捧场！不过[泪]我只能在电视上看你塑造的新版蜘蛛精了[花心]~//@演员张莉莎:今天带妈妈去看了你们的演出，很喜欢你的表演风格！加油小绿！[微风][微风][微风] //@嘻哈包袱铺韩凤霆:走你~[飞机]","validation","117829","weibo-117829"
"weibo-102181","0","真要命！每天都要被迫和我家阿福玩躲猫猫[哼]这家伙哪里像只龟啊！能跳下一米高的飘窗，能爬上窗帘，可以爬进床底下，今天直接自己跑进厕所座便后面，一天一个地方不带重样的！乌龟大师转世嘛[抓狂]","validation","102181","weibo-102181"
"weibo-80436","0","回复@王超mc-5i:果然有??。。。我大巴都嫌?[泪] //@王超mc-5i:回复 @郭小熠Ethan:我果断找个出租车打表过去了,才102.","validation","80436","weibo-80436"
"weibo-79427","0","看到朋友们一个个艰辛生产经 我一边感动的想[泪] 一边吓得浑身[生病] 我脚得 在互相鼓励交流方面 此时 老公是无用的 还是姐妹比较[给力]。我们从生完的姐妹身上得到鼓励和恐惧 又把新的鼓励和恐惧传递给下一批姐妹 哈哈哈 一浪推一浪 生生不息","validation","79427","weibo-79427"
"weibo-84559","0","回复@染井吉野的你:我刚回家了[哈哈] // 私は今?宅[嘻嘻] //@染井吉野的你:副所长辛苦了[可爱]其实我也刚吃饭[泪]","validation","84559","weibo-84559"
"weibo-64124","0","很美！ //@伯颖: 完美！//@铁块儿178：现在智慧和美貌于一体的人越来越多了，让我这个又丑又笨的人情何以堪啊！[抓狂] ！[抓狂] ！[抓狂] ！[抓狂] ！[抓狂]","validation","64124","weibo-64124"
"weibo-71054","0","无偿献血可以，但也是自愿的，不是听你们这种煽动才去献的，反问一句：献血是无偿的，是否用血也是无偿的呢？//@嘻哈包袱铺和宇翔：这是人类的事情,跟你们没关系。[怒]","validation","71054","weibo-71054"
"weibo-66212","0","友人从东京给我带回了这，说是我属猪，还好长了翅膀。[泪]","validation","66212","weibo-66212"
"weibo-116343","0","一次又一次经过餐厅却不能吃饭的感觉.......[泪][泪][泪]","validation","116343","weibo-116343"
"weibo-113998","0","中国接下来一二十年将进入雾霾高发期[汗][吃惊][悲伤][悲伤]","test","113998","weibo-113998"
"weibo-113166","0","你中奖了几个?[抓狂][衰][吃惊][闭嘴]","test","113166","weibo-113166"
"weibo-85503","0","中枪而亡吧…特别是吃饭你的头的部分… //@雪在梅边:应该只中了一部分。。。情感砖家那栏。。[衰][衰]@凤萧吟别沁园春 @甲骨jiagu","test","85503","weibo-85503"
"weibo-107466","0","第一次烙饼，虾一爱吃甜的，烙的糖饼。自己不满意，虾一都吃啦，真捧场！苹果造型把儿掉了[泪]","test","107466","weibo-107466"
"weibo-111936","0","现在的护士形象层次好多,中间右侧的护士小姐怎么看都是寂静岭里面走出来的.随时可以搬出电锯什么的……[衰]是我太阴暗了吗？只有我自己这么想吗？Pam Hogg S/S 2013 collection","test","111936","weibo-111936"
"weibo-82007","0","又到周一～一个刚刚结束了欧洲杯的周一～一个干热暴晒的周一～[晕]亲们，多喝水注意防暑降温哦～","test","82007","weibo-82007"
"weibo-107324","0","//@厦门软二网：工作疏忽？不管你信不信！反正我们是不信的。//@darlingJay:[怒]","test","107324","weibo-107324"
"weibo-117324","0","全中[泪]","test","117324","weibo-117324"
"weibo-109855","0","泥马的妖孽[抓狂]","test","109855","weibo-109855"
"weibo-114573","0","大炮又结婚了吗？ //@任志强: [哈哈][哈哈] //@王潮歌:挑拨！//@王巍w: 谁给@任志强 设计的土豪褂，这不是黑@王潮歌 吗？[怒]","test","114573","weibo-114573"
"weibo-60009","0","视觉角度的欺骗[晕]","test","60009","weibo-60009"
"weibo-62490","0","#掉节操时间#原来我们同城君们最爱上的浪是男的[抓狂][抓狂][抓狂][抓狂]各位兄弟同城们你们怎么看？ @洛阳同城会 @信阳同城会 @新密同城会 @巩义同城会","test","62490","weibo-62490"
"weibo-72919","0","理智和情感是有差距的[衰] //@林家煊:转发微博。","test","72919","weibo-72919"
"weibo-103300","0","[饿][饿][饿]谁要跟我一起吃饭啊[泪] http://t.cn/zQjkfrT","test","103300","weibo-103300"
"weibo-87822","0","?月??有偷走我?的?情，???在太冷了[抓狂][雪][呵呵][泪]?夫妻重逢肯定要互相取暖[哈哈]@任??","test","87822","weibo-87822"
"weibo-75300","0","两天了，总算能睡个觉了[泪]总有忙不完的工作[晕]在满是荆棘的路上前行[可爱]","test","75300","weibo-75300"
"weibo-93579","0","吃烧烤拉的[泪]屁股辣死了//@?3?木兆木兆一车仑:喝点杨梅酒就好了。","test","93579","weibo-93579"
"weibo-109298","0","正在了解越南岘港 一个美丽的地方 国家地理评出的人生必去的50个地方之一 期待有机会去那 [抓狂] @EVA巍 @行者橙子 @岘港假期 #美丽岘港，春天有约#","test","109298","weibo-109298"
"weibo-63906","0","肚饿。。。早餐午餐都未食。。。[泪]","test","63906","weibo-63906"
"weibo-60220","0","公主啊，久等了...[泪]","test","60220","weibo-60220"
"weibo-61078","0","[泪][泪][泪] //@Edwardhuangwei: 他忘记了一切，但从未忘记爱你。欠父母的恩情，永远报答不完，也许只有将爱，一代代往下传！祝天下父母身体健康，幸福快乐！","test","61078","weibo-61078"
"weibo-81892","0","[抓狂]//@饺一: 死了呀 //@东咚咚锵:这时间都过了，有结果了吗？//@这儿臧茹万亲:谁预测下什么时候解放？ //@流氓兔很文明:！！！！这个太服了！//@吴克清: 这样也行？[神马]","test","81892","weibo-81892"
"weibo-80367","0","不知道为什么最近总爱流泪，感动的还是什么呢，哎，不知道[泪]","test","80367","weibo-80367"
"weibo-93430","0","接下来的日子就在休几天上几天的算计中了，这假期定的，真让人挠墙。[抓狂]今年的雨尤其多，假期你定好去哪里了吗？[落叶]我一蜜友，今天已经开始她的旅行计划了[飞机]","test","93430","weibo-93430"
"weibo-93997","0","[呵呵]//@爱笑的田小妞:[晕]","test","93997","weibo-93997"
"weibo-87139","0","[衰][怒]","test","87139","weibo-87139"
"weibo-91762","0","[泪]饿[泪]坚持住[抓狂]","test","91762","weibo-91762"
"weibo-91056","0","要是早一点可以考虑从台儿庄直接杀到北京、可惜26号正好休假结束、返程……[泪]//@行者橙子:其实我想跟大家分享的东西太多，如果有想了解辞职旅行到底是好是坏，对我有什么影响，我对间隔年有什么看法，以及关于80公升一年来寻找中国最极端幕前幕后故事的朋友，也请报名吧!咱们聚聚。","test","91056","weibo-91056"
"weibo-102296","0","我在路边捡了只小麻雀 还不会飞 只会跳 我就把它给捡了 拿回家 给它小米和水 结果它不吃不喝的 我把它放了野猫会吃掉它的 我该肿么办啊[泪]","test","102296","weibo-102296"
"weibo-87053","0","我也想要，惠贵人赏的――金瓜子。[泪]甚是好看。","test","87053","weibo-87053"
"weibo-98465","0","您乘坐的CA1886航班由于航通管制起飞时间待定[][哼][泪][泪][泪][泪][泪]这大半夜的","test","98465","weibo-98465"
"weibo-115151","0","演出中间收到@陶真 姐姐发来短信：＂亲爱的，剧目选的真好！谢谢你……＂或许这是今晚我听到最多最开心的话了!让我们期待同样精彩的「七月与安生」吧!12月7日8日，相见人民会堂 //@cosplay阿?:你要去看曾小贤了[泪][泪][泪]","test","115151","weibo-115151"
"weibo-119505","0","#最游记外传*萌芽之章# 尼玛，仓大这是要虐死我啊，虽然隔了快七年，还是被外传虐啊……前面还能忍，到片尾曲直接泪目，搞毛线都死的这么惨啊，不带你们这样虐悟空的[泪]http://t.cn/zOnYtO6","test","119505","weibo-119505"
"weibo-102852","0","突然夏天是不是不习惯 各种煽情 感动稀哩哗啦 但也不至于整夜回味吧 烦了个燥的[酷][抓狂][哼][挖鼻屎][思考]","test","102852","weibo-102852"
"weibo-62660","0","又创历史新高[衰]","test","62660","weibo-62660"
"weibo-119679","0","我们就是狐?，快上菜！[酷] //@张路Sunny:好想在动物园找份工作啊！！！[泪][泪][泪] //@王茜茜cissy:萌死了[哈哈]","test","119679","weibo-119679"
"weibo-95510","0","矮油，八喜，你是多能吃呀？麻麻胃里像是藏了个黑洞，吃很多东西还是很快就觉得饿了，心慌的睡不着觉啊，还得吃点儿去。[抓狂]","test","95510","weibo-95510"
"weibo-79130","0","买双鞋我容易吗我[抓狂]","test","79130","weibo-79130"
"weibo-69917","0","这条微博改过，中国端午应该是昨天。你现在在嘛？ //@密斯特水水:今天来了，不送了[泪] //@密斯特水水:[馋嘴]//@马剑是谁: 回复@密斯特水水:有，来了跟服务员要就好了 //@密斯特水水:中午也有吗？","test","69917","weibo-69917"
"weibo-60193","0","细思恐极[衰] //@李想干嘛:我发现1个很恐怖的事实，该航班开始行动之后，就迅速爬升到4万5英尺，也就是说，行动一开始，就准备杀人了。还没出马来西亚情报区，估计乘客都噶屁了....","test","60193","weibo-60193"
"weibo-93049","0","每次在银行干坐枯等，长队漫漫，无边无涯，都有放放火杀杀人的冲动。。。[衰]","test","93049","weibo-93049"
"weibo-63654","0","[赞]//@粤语金曲精选: 听过周杰伦的《#枫#》吧！听过刘?宏的《#彩虹天堂#》吧！那你知道这两首歌是连续的吗？讲述一个爱情故事[泪]","test","63654","weibo-63654"
"weibo-116927","0","接到通知，家里被人起诉了，瞬间耳鸣~~~~[衰]","test","116927","weibo-116927"
"weibo-61638","0","是滴！[耶][耶][耶] //@风野-叶科: 在帝都？//@Calvin_Zhu的Style:不到长城非好汉?[酷]（确实流了不少汗呀...[晕]）","test","61638","weibo-61638"
"weibo-102906","0","前突后翘的。[偷笑]@roadtoheart //@甘泉007: 介个，把俺拍的这么胖～～～[哼] 难道俺的体型这么糟糕了[泪]","test","102906","weibo-102906"
"weibo-103127","0","法王瘦了[泪]肯定给累的 @liane拉姆","test","103127","weibo-103127"
"weibo-77246","0","not found[衰]","test","77246","weibo-77246"
"weibo-99016","0","回复@黄金家族微博:谢谢！[呵呵]可俺那是卤水！[汗][泪]@潮汕渔家 //@黄金家族微博:今到贵地一品潮州大厨的手艺，马头鱼、烧腊等非常棒，下次再来叨扰哈[赞][给力]","test","99016","weibo-99016"
"weibo-114300","0","【又是城管】@老马时评 6月18日上午7点，在湖北竹山县人民路城西司法局对面，竹山城建综合执法大队执法人员4个人一起殴打一位做防盗网的工人，最后警察到场，事态得以控制，当要求执法者到派出所接受调查时，他们竟然拒绝上警车，同时威胁现场不允许拍照，要强行没收手机[怒骂]@帽帽帽帽@程钰涓@崇子","test","114300","weibo-114300"
"weibo-118524","0","蔓草丛生的下午[泪][伤心]","test","118524","weibo-118524"
"weibo-91685","0","#带着微博去TB#没有一个不堵车的城市[悲伤] 我在:http://t.cn/z80GUGE","test","91685","weibo-91685"
"weibo-93097","0","此刻，我义无反顾的承认了自己的孩子气[馋嘴]只是对于那些似是而非的结论望而却步，成年人太危险啦！[泪]","test","93097","weibo-93097"
"weibo-113804","0","快递来处理[怒]//@乔姐姐: 军博地铁口天天趴着各种黑车，其中大量正规出租，只拉拼车去西客站的，从前见到警察还收?下现在根本不惧[抓狂]","test","113804","weibo-113804"
"weibo-96363","0","归来，腰好酸，金鼎轩的大硬木椅太难受了。明天还得早起出门[衰]","test","96363","weibo-96363"
"weibo-107592","0","[怒骂] //@石小杰微博:[怒骂][怒骂] //@王于京:“110将我孙子送到医院时还是好好的，我在医院跪求了一个小时都没人过问，是医院抢救不及时，我的孙子才死亡的。” 男婴的外婆闻乃香哭诉着说。","test","107592","weibo-107592"
"weibo-79627","0","[握手][泪]都周公那去了？","test","79627","weibo-79627"
"weibo-72075","0","东三环北向南，彻底悲剧了！@北京交通广播 [泪][泪][泪]","test","72075","weibo-72075"
"weibo-108102","0","瞧?新娘新郎穿的！[抓狂]","test","108102","weibo-108102"
"weibo-79116","0","快三十年历史滴饼屋，赶上晚上十一点打折买一送一，购入松饼多枚，味道其实很朴实滴感觉…还不错，没吃出什么添加剂，够了[泪]","test","79116","weibo-79116"
"weibo-119234","0","回复@77号病人:要卖豪车上浙江。[哈哈][哈哈] //@77号病人:回复@拿着画笔的男孩:[泪]土豪","test","119234","weibo-119234"
"weibo-111292","0","农民本来就不容易，还要卖假肥卖假药卖假种子给人家。我去年买了个表[怒]","test","111292","weibo-111292"
"weibo-71275","0","回复@James田:违章肯定不对，但这么多年形成的原因，被一个标题引向的彻底的拆除，被定性为有黑幕，总觉得普通塔楼顶上没什么大故事，无非如果种菜就成了爱生活的选题。 //@James田:先不评论违建的事，违建是不对的。 //@liyosky:回复@James田:邻居[怒]","test","71275","weibo-71275"
"weibo-88513","0","园林局的塑料花箱乱入[晕]","test","88513","weibo-88513"
"weibo-67379","0","再想想刁难你的大便脸妇女买报纸的钱，还是咱们老百姓给她发的，会不会更负能量了[泪] 不过要顺道赞赞@广州公安 的办证机构，至少我感觉他们的服务意识都很棒了[good]","test","67379","weibo-67379"
"weibo-73070","0","这根本不是爱情，是报应 //@陈孟超Michael:爱情就是这么奇妙，谁也说不清楚。 //@沈长宁：这是一种美德，也是光荣？[怒骂]","test","73070","weibo-73070"
"weibo-111609","0","一岁的小孩子就已经开始叛逆了[泪]","test","111609","weibo-111609"
"weibo-79165","0","公司的空调粉凉耶。。穿个9分裤还真是够冷。。。[泪] 下次不敢了。。。","test","79165","weibo-79165"
"weibo-101334","0","8号线今天早上停运 大量乘客涌上13号线 没地铁又没车的人可咋办 从回龙观到单位估计都下班了[怒]","test","101334","weibo-101334"
"weibo-68931","0","头疼一直觉得困[睡觉]，不知道怎么了瞌睡虫好多阿[抓狂]怎么才能把它赶走让我清醒点。[困][困]","test","68931","weibo-68931"
"weibo-74694","0","还是穿马甲的好。//@老沉: 嗯，老汉我也有类似的担忧。。。 [神马] //@夏商: 我觉得现在女性的乳房露得越来越多，长期下去，会让男性对这个器官丧失神秘感，慢慢不再具有性征。//@陈朝华: 东半球，西半球，环球同此凉热。[抓狂]","test","74694","weibo-74694"
"weibo-77286","0","据说是二年级的数学题你会吗？[泪] [泪] [泪] 我不会也！~~~","test","77286","weibo-77286"
"weibo-64087","0","飞机就这样活生生晚点了 谁来陪我玩啊[泪][泪][泪]","test","64087","weibo-64087"
"weibo-73836","0","周一，扑面而来[衰]","test","73836","weibo-73836"
"weibo-82897","0","姑娘哽咽着说：＂这菜太难吃了＂[泪] //@小小李妈:为什么哭啊 是什么原因使这些孩子把这种虚荣的东西这么当回事啊 // @外交小兵 :尊重每一个个体，真正做到因材施教，对中国教育来讲，太难了。每次看到这样的事，就会想起三个傻瓜那部电影。// @头条新闻 :转发微博","test","82897","weibo-82897"
"weibo-76625","0","7000多次…[吃惊][衰]","test","76625","weibo-76625"
"weibo-67876","0","[干杯]@idmonn @tunelee [怒骂]还不来","test","67876","weibo-67876"
"weibo-86213","0","//@年西丹桢嘉梧: @im苏威 麻烦各位亲利用你们强大的社会关系再帮忙帮转！[泪]跪谢！！//@年西丹桢嘉梧:@主持人李霞 霞姐想办法用你巨大的粉粉帮帮这小孩，阿里来的，正在武警总院治理。[泪]","test","86213","weibo-86213"
"weibo-102716","0","浙江卫视著名灯光师@Host华少 抢饭碗，抢地盘啊[泪][泪][泪]","test","102716","weibo-102716"
"weibo-63684","0","分享图片上面是藏香猪,下面是藏香猪的肉,想想也许有些残忍,前些日子有个猪妈妈没奶了,就改为人妈喂养给它喝牛奶,几只小猪天天围着山里的嫂子,[可怜][泪]山里的嫂子说你们不许杀我每天喂奶的小猪.....","test","63684","weibo-63684"
"weibo-83109","0","分享//@蔡小心：[泪] [蜡烛][火炬] //@昕飞扬1996：牢记屈辱的历史，不是为了传递仇恨，而是为了激励后人，前事不忘后事之师，以史为鉴，面向未来。","test","83109","weibo-83109"
"weibo-99875","0","玩I Never这种游戏我简直是个弱智&2B[怒]","test","99875","weibo-99875"
"weibo-85325","0","房租一下涨700，还让不让人活了？[怒][委屈]","test","85325","weibo-85325"
"weibo-104330","0","#带着微博去三峡黄金邮轮#【长江黄金系列邮轮】这货真的是邮轮么？？！！知道拼命上班图个啥了么……[泪]","test","104330","weibo-104330"
"weibo-87571","0","我次奥。。。这货不是人类。。。[怒]","test","87571","weibo-87571"
"weibo-77703","0","立法处决![怒] //@演员刘欣:禽兽不如[怒] //@三六桥:又一个禽兽","test","77703","weibo-77703"
"weibo-84633","0","刚才把脸撞门框上了就是犯太岁的前兆吗[怒骂]","test","84633","weibo-84633"
"weibo-105349","0","就是她，啃了我的梳子，喝了我的牛奶，我决定不理她了[抓狂]","test","105349","weibo-105349"
"weibo-72603","0","本""色""出演//@迟小隐: 都去看《青春派》吧[抓狂][抓狂][抓狂][抓狂]让你全程爆笑的电影。[泪][泪][泪][泪]","test","72603","weibo-72603"
"weibo-103939","0","[爱你]刘司机，辛苦了 //@刘忻:汗。。。写到一半居然发出去了。。。大城市的生活不是在床上就是在车上，来回开四个小时车的司机伤不起。。。能吃个太平饭太幸福了[泪]","test","103939","weibo-103939"
"weibo-64586","0","必须严惩这样的禽兽父母。[怒]","test","64586","weibo-64586"
"weibo-94007","0","事情闹到这里，反政府组织一定是不可避免的与警察发生冲突的[衰][衰][衰]","test","94007","weibo-94007"
"weibo-77281","0","眼泪有很多种，可不可以是喜悦感动那种[泪]","test","77281","weibo-77281"
"weibo-112298","0","[泪][蜡烛] //@新浪城市:【厦门BRT事故死亡人数已上升到42人】据@海峡导报：厦门BRT事故已造成42人死亡，33人受伤，伤员全部送往医院救治。接报后，厦门市委、市政府领导第一时间赶到现场，立即启动应急预案，成立事故应急指挥部，各工作小组立即展开伤员抢救，善后工作处理等相关工作。[泪]","test","112298","weibo-112298"
"weibo-116304","0","#打假#我去。。。某人说要请我们吃#虾仁饺子# 同志们看看这是虾仁的么[怒]@黄小小钰 虾呢…虾呢…虾呢！！有木有！！有木有！！[怒骂]","test","116304","weibo-116304"
"weibo-66537","0","包养确实不属于法定关系 //@冉广:[晕]不是血亲 // @张振华Q ：北京公安表态，郭美美与中国红十字总会无直接关联。。。那么请问有间接关联吗？？？？？","test","66537","weibo-66537"
"weibo-88317","0","让我想起了。忠犬八公//@小伟--李：[泪]","test","88317","weibo-88317"
"weibo-62978","0","回复@托斯卡纳TSKL:托帅最给力！最先到了.还没到的抓紧时间啊！[太开心] //@托斯卡纳TSKL: @蓝海帆影 我可是第一个来到你地盘的人啊[嘻嘻]其他的亲们，我们啥时可以汇合?[泪]","test","62978","weibo-62978"
"weibo-101650","0","太可爱拉！雨再大也浇不灭我娶媳妇儿的心！[哈哈]只要心里开爱情的小太阳[太阳]520要谈恋爱，谈到世界充满爱！[伤心][心][心]","test","101650","weibo-101650"
"weibo-73168","0","下午5：30的飞机延误到6：20，登机后又告诉航空管制，无时间标准地等待，没理由地等待。首都机场和国航你们有没有谱？ @首都机场官方微博 @中国国际航空 [怒]","test","73168","weibo-73168"
"weibo-107207","0","还是不敢相信，喜欢的作者就这么走了。[蜡烛][蜡烛][蜡烛] //@?3?木兆木兆一车仑:清歌大人走好，希望是穿越了… …在另一个世界加油啊！！[泪][泪][泪][泪][泪][泪][泪][泪][泪][泪][泪][泪][泪][泪]","test","107207","weibo-107207"
"weibo-111646","0","回复@拿铁Kay:费解！我还能换回5的系统么？[泪] //@拿铁Kay:真的呀，我已经可以正常玩了?就是不开音效音乐。只针对游戏设置？跟手机无声无关？","test","111646","weibo-111646"
"weibo-105750","0","习惯[衰]//@欧洲出境领队崔熊涛:当燃烧己成习惯!","test","105750","weibo-105750"
"weibo-87524","0","我今天吃了一口兔肉[泪][泪][泪] 画个圈圈诅咒我自己[委屈][可怜][衰]","test","87524","weibo-87524"
"weibo-60555","0","[泪]还能相信吗？","test","60555","weibo-60555"
"weibo-119391","0","超爱mangoes passion fruit，然后又想起J2O了[泪]//@曹小宇: impressed product design！","test","119391","weibo-119391"
"weibo-60163","0","//@红酒--没那么简单--:妞写的。。但是是FH坤说的，妞照做。。。尼坤你可乐死我了。。灭哈哈哈。。美好啊美好 //@小七7柒:FOREVER...维尼夫妇....闺女写的....[泪] //@笨笨的小恋恋:顺便说点什么吧...[抓狂] 同博主","test","60163","weibo-60163"
"weibo-85479","0","感觉自己越来越迷茫……[抓狂] 我在:http://t.cn/zHEkBWX","test","85479","weibo-85479"
"weibo-106626","0","不是已经立秋了么[怒]这天儿真的越来越可怕了～我热的真已经穿够了夏天的衣裳！一定素要等我走的时候会凉～快～[委屈]","test","106626","weibo-106626"
"weibo-112477","0","犯了一个大错误[泪]弱智了，呜呜","test","112477","weibo-112477"
"weibo-67248","0","看来我必须要换手机了 [泪]","test","67248","weibo-67248"
"weibo-112225","0","[泪] 实在标准的让小编感动滴那个泪哗啦啦滴流呀~ 赞的说[good]","test","112225","weibo-112225"
"weibo-103445","0","#杭州夜游#滨江线路也不错啊！星光大道舒适堡健身，星巴克清咖聊天，随后闻涛路溜车，要是稍微腐败点，直接开去垃圾街烧烤……噢~~我肚子饿了~！！[泪]@小锅巴锅小巴锅巴小 @法依天使","test","103445","weibo-103445"
"weibo-69388","0","539，略贵，模特毁了衣服，哈哈哈//@巫小刘走丢了: 心疼 [泪] //@边走边射:哈哈哈淘宝买家秀！！//@香蕉树上看你笑: 哈哈哈哈//@星?: 哈哈哈哈哈//@糖分君跪求2014好运快快到:心酸//@睿桑永远成不了网骗帅逼:心酸//@卿小双:模特图与买家实物图，啧啧","test","69388","weibo-69388"
"weibo-109513","0","尼玛， 我怎么被搜索引擎收录的都和 陌陌 有关啊？[抓狂] 谁帮我把这排名SEO下去呀[黑线]","test","109513","weibo-109513"
"weibo-105563","0","//@北京全攻略:[晕][晕][晕]","test","105563","weibo-105563"
"weibo-63966","0","回复@管小姐:是啊是啊，[泪][泪][泪]，全飞机的人居然没有一个人出来投诉，他们都表示很镇定、无所谓的样子，让我很惊讶[晕][衰] //@管小姐:如果我在已?狂崩?了。很?！被困又不可走，真是太太太?受！","test","63966","weibo-63966"
"weibo-110689","0","下大雨了 好怕房子漏阿@?? 你在就好了[泪]想抱抱[委屈]","test","110689","weibo-110689"
"weibo-116590","0","世界末日还没来，我就倒下了[泪]","test","116590","weibo-116590"
"weibo-113870","0","7点的飞机，我现在还没上机场高速呢[泪]今天4/9限行，广播上说路面压力很大啊很大，额滴个神啊！","test","113870","weibo-113870"
"weibo-75794","0","VPN挂了的日子好烦躁[抓狂]","test","75794","weibo-75794"
"weibo-73378","0","->//@Nee412332:看成想知道体位…[衰]//@朱小漂亮:我只想知道有关我女神那段这位体重。//@三宝大队许开心:我只膜拜体重控制这一项。 //@耳帝:→→ //@TM努力复习复试: 能减肥增肥自如的人，还有什么是难事儿_(:з」∠)_","test","73378","weibo-73378"
"weibo-108075","0","我的14.8欧的午餐。贵死了。回国要喝西北风了。。。[晕][晕][晕] 我在这里:http://t.cn/zHFZOfm","test","108075","weibo-108075"
"weibo-62669","0","我看到的是MEN，跟你境界不一样吧//@美喵喵一只：我一眼看到了MAN[伤心]","test","62669","weibo-62669"
"weibo-102341","0","//@北京吃货小分队:悲剧的一号线………………[衰]","test","102341","weibo-102341"
"weibo-77226","0","想起嘉人的一句口号：看女人的曲线也要看女人的路线，think smart look amazing~ //@嘉人_THINKsmart:关注我关注我啊!!!!!15号我发红包啊!!!!![抓狂]","test","77226","weibo-77226"
"weibo-79896","0","垃圾平安车险！绝对不能上！昨天还给我打电话推销2013的车险有哪些优惠！今天就告诉我我上了5000块钱的划痕险就不给全赔！只能赔4000！什么垃圾？！[怒][怒][怒]大家速度扩散这垃圾车险！","test","79896","weibo-79896"
"weibo-101260","0","回复@文玩天下官方微博:感情深一口闷 喝啥都是酒[哈哈][哈哈][哈哈] //@文玩天下官方微博:[汗]茅台、五粮液、洋河、泸州老窖、古井贡 剩下就孤陋寡闻了[衰]@歌手含笑 @我叫王小辫儿 @小德文玩-顽主 你们天天喝酒的应该都喝过","test","101260","weibo-101260"
"weibo-87370","0","失败的小饼干，看着还凑合，但不好吃，不脆也不酥。浪费材料[汗][汗] 看着它就心疼[泪][泪][泪] 口感有时比样子更重要，至少会被疯抢[思考]","test","87370","weibo-87370"
"weibo-95000","0","少买一个LV够养活她们一年的！！[泪][泪] //@薛蛮子:/@徐小平:这张照片让我无比心酸，无比心酸。","test","95000","weibo-95000"
"weibo-62923","0","今天上午泰媒还连番指责中文媒体误报呢[怒][怒][鄙视][鄙视]","test","62923","weibo-62923"
"weibo-88409","0","一二。。。。[晕]","test","88409","weibo-88409"
"weibo-112840","0","//@和晶:感谢你让我再见母校[泪][泪]","test","112840","weibo-112840"
"weibo-108964","0","疯了！整个邵阳市所有宾馆，无论好坏，甚至总统套房都木有了！！你们是闹哪样啊？？约炮至于这几天吗？？？[抓狂][抓狂][抓狂] 我在#灶王爷大酒店# http://t.cn/zj9xB0z","test","108964","weibo-108964"
"weibo-112592","0","做公交去漳州！[抓狂] //@快乐森活: @厦门何巧玲 以后回漳州更方便了","test","112592","weibo-112592"
"weibo-80598","0","有人不爱吃[衰]","test","80598","weibo-80598"
"weibo-73880","0","//@王志纲: 若按一家四口计，可解决约一千五百万人口居住，等于北京居民的三分之二以上。这就是中国房地产现状缩影。严重过剩的住宅地产，如同一条悬河，一旦溃决，如同当年?河花园口。但我遇到的，从上到下，多是掩耳?铃之人。人不智天谴。在劫难逃！[泪]","test","73880","weibo-73880"
"weibo-113004","0","没有沼气吗？//@班主任的课: [衰][衰]","test","113004","weibo-113004"
"weibo-75464","0","//@金山毒霸: [衰] 技术宅威武啊！","test","75464","weibo-75464"
"weibo-75967","0","又没中，没人比我更苦了[泪][泪][泪][泪][泪] //@赵小牛618:都不敢看结果[泪]","test","75967","weibo-75967"
"weibo-119300","0","我在青岛栈桥海边，跑回宾馆居然没有浙江卫视[泪] 只好下楼吃宵夜了[馋嘴] 反正看不了了直接剧透：吉克直接晋级，袁娅唯，许海星，权振东 pk晋级，哈哈，你们看广告吧！ 我在:http://t.cn/zWnG8pv","test","119300","weibo-119300"
"weibo-76018","0","[晕][威武]","test","76018","weibo-76018"
"weibo-73057","0","剥夺监护权！也教育教育她！ //@当时我就震惊了:人干事？[怒]","test","73057","weibo-73057"
"weibo-108268","0","//@愤怒的土豆echo1860:[泪][落叶][落叶][微风][音乐] //@宁财神:[赞]","test","108268","weibo-108268"
"weibo-71312","0","其实我不是脸大～我只是牙疼导致滴脸肿……[泪][晕][泪]","test","71312","weibo-71312"
"weibo-74027","0","刚买的鸡蛋，就在从超市到我家的那一小段路程里，有一只鸡蛋。。。偷偷。。。自杀。。。了。。。[泪][泪][泪]。。。","test","74027","weibo-74027"
"weibo-70887","0","天呐//@王鑫Love-hero: 卧曹，这个@嘻哈包袱铺韩凤霆 ，你[抓狂] //@嘻哈包袱铺胡静楠://@嘻哈包袱铺官方微博: 天下风云出我辈，一入江湖岁月催。皇图霸业谈笑中，不胜人生一场醉。","test","70887","weibo-70887"
"weibo-71602","0","注定要迟到了。。。看不到新娘子的长纱了。。。[泪]@木易酱求尽快上班 @Rin_9 你们。。。你们等我来收尾吧！","test","71602","weibo-71602"
"weibo-103042","0","[泪][泪][泪][泪]如此残害它们，你们真的下得去手嘛？？？[伤心][伤心][伤心] //@柴?新://@陈漫chenman: #爱自己爱地球# //@阴三儿IN3://@张二减一: 赶紧世界毁灭吧//@屁恩姆: 转发微博","test","103042","weibo-103042"
"weibo-117692","0","恩啊！相当来说做草根更好[笑哈哈]//@好人老周: 回复@有福社长: 竟然开来了割草机，做草民也不安全[悲伤] //@有福社长:买台割草机！[笑哈哈] //@好人老周:门牌太大，门庭太深，一般草民不敢打扰[笑哈哈]","test","117692","weibo-117692"
"weibo-108068","0","其实围脖上只有2个人，一个是显示器前的你一个是显示器后的我，其他所有你的我的粉丝统统都是我的马甲！//@连鹏：一分钱一个粉丝，情何以堪。[泪]","test","108068","weibo-108068"
"weibo-60639","0","我：你想去西藏吗？他：不怎么想。怕身体吃不消。我：为什么我身体没事？他：你下次吹牛选好时间，不要一边咳一边跟我说。我：为什么当年我去一点事也没有？他：所以你现在这样啊。[怒][怒][怒]","test","60639","weibo-60639"
"weibo-92734","0","//@VegetableLove: 老大快去交流下 @孟晖menghui //@倔强纯真憨人出头SU: 急需！！！！！//@哓??芰Izzie面线鸡: …………好恐怖[衰]//@颜文字君:转需！( ? ?ω?? )?//@风魔无下限: 我擦！还有这好东西！","test","92734","weibo-92734"
"weibo-105842","0","……?②3叁[泪]白用这几年了 //@洁jie-: ……终于学会了，对不起jobs!","test","105842","weibo-105842"
"weibo-90371","0","人间难觅生花华，写尽前尘六十年[泪]","test","90371","weibo-90371"
"weibo-77376","0","阿北北，下关这个点有点难打出租车嘛[悲伤] 我在:http://t.cn/zYn8aCt","test","77376","weibo-77376"
"weibo-115061","0","演个程婴就够让人受不了的了，又来个Frank！你让现实中的女人们咋活啊！！！毒害呀！！！坚决抵制！！！[怒]","test","115061","weibo-115061"
"weibo-66210","0","才周二吗[泪]","test","66210","weibo-66210"
"weibo-117049","0","挑战英雄连抽3个最高奖金[ok]昨晚偶朋友握了下[握手]打牌赢了3000大洋[给力][威武]拥有2013最火发财之手的偶竟然木有去买彩票[泪]坑爹啊！！！[黑线][黑线][黑线]@江苏国际频道中国旅游 @李项辰_Valter @张暴暴 @游走的胖纸 @木?是式 @主持人范斌 @刘姝mm @33你个圈圈","test","117049","weibo-117049"
"weibo-61625","0","没睡好[泪][泪]","test","61625","weibo-61625"
"weibo-94299","0","博主，你用的是山寨大使馆的！美帝使用的叫法科学醒目多了【有毒害】。[衰]//@丁观加: 仍然在六级中，严重污染！京城！！！","test","94299","weibo-94299"
"weibo-109773","0","醒着的时候不想睡去，睡去的时候不想醒来，这是什么精神病[晕]","test","109773","weibo-109773"
"weibo-87695","0","我要去买口罩//@快乐营销教主: 莫言大奖[泪] //@诗人子艾://@水边吧微博: 警察对成人尚好，却不怜香惜玉，竟去吓唬小女生//@--刀: 转发微博","test","87695","weibo-87695"
"weibo-110729","0","供暖季开始后北京的污染季也拉开了[泪]","test","110729","weibo-110729"
"weibo-104852","0","祝大家中秋快乐！[赞][蛋糕] //@付洋Kenny：@郭小懒 @董克平 @李小妮 @崇记杂货铺 @叶军啊 @懒6-- @盛博 @胡元骏 你们好像只喜欢炸酱面！[馋嘴][抓狂]呵呵，中秋节快乐！","test","104852","weibo-104852"
"weibo-78491","0","我算对得起你们啦?你们没有白白的牺牲[悲伤]","test","78491","weibo-78491"
"weibo-88017","0","漂移过弯结果悲剧了……[衰]（GIF图大小1.4MB）","test","88017","weibo-88017"
"weibo-98593","0","头晕了。。。//@戴俪佳: 真的耶！！！这个都可以有保健操的作用了！！！//@春戈Yaa: 真的！！！//@真夏_又到剁手时: 擦，真的可以……//@冷月如霜: 擦。。。//@花卷家的馒头: 要死啊[抓狂]@馒头家的花卷 //@Blitzard:脖子要断了@clover4msl","test","98593","weibo-98593"
"weibo-107326","0","回复@歌手许芳:[怒]回京居然不向老夫通?，想翻天？ //@歌手许芳:没有才要说嘛 [可爱] 说了就会有啊[可爱] //@歌手许芳:希望我的他会觉得很幸福[可爱][可爱] 因为我是一只小鱼儿","test","107326","weibo-107326"
"weibo-75011","0","//@何兵://@宁清平律师: 信哪个官方信息呢？[抓狂]//@炜衡王发旭律师:抓新华社社长，还是抓记者？ //@徐昕:转你个500","test","75011","weibo-75011"
"weibo-112815","0","#北京暴雨#才一宿的功夫，这水灾死亡数字从37蹦到了77，多灾多难的夜晚，一宿死了40人！[衰]","test","112815","weibo-112815"
"weibo-85738","0","惨绝人寰！！ //@吕澎: //@云深松老: //@少年中国兮: 天理不容！ //@许雪炎: //@茶人张赢天: [鄙视]惨不忍睹。畜生吗？能以故意杀人罪告那些龟儿子吗？ //@中俊崔春婷: 惨无人道[衰]","test","85738","weibo-85738"
"weibo-107719","0","我是有多困，一觉睡出两块金牌，醒来体操男团都比一半了[泪]","test","107719","weibo-107719"
"weibo-64798","0","我去~~~新浪你是遭遇恐怖袭击了么？？//@秀秀秀秀秀_8no: 看到了窗外的烟。。。//@杨官官: [衰]","test","64798","weibo-64798"
"weibo-79573","0","@MSBonbon密斯甜心 下午茶中还是最喜欢华夫，饭后真的吃不了下呀[泪][泪][泪]胜了很多[泪][泪][泪]","test","79573","weibo-79573"
"weibo-82467","0","[围观] //@金泽成_行者:苏宁，给力！[哈哈]希望不是做秀！[晕]是南京的扩散！ @Calvin_Zhu的Style @Yeah?明 @安小咩 @老公看你的 @南京市体育局 @沙欤 @苏商杂志官方微博 @赵丹丹小奶牛 @仲马","test","82467","weibo-82467"
"weibo-74956","0","某小孩，我能吃么?[泪]想吃苏州的十三香麻小了","test","74956","weibo-74956"
"weibo-101287","0","打小日本，还敢输[怒]//@胜利de号角: 保守点，十个吧[哈哈]","test","101287","weibo-101287"
"weibo-70273","0","哇塞，真有质感。。[泪] //@朵拉甜:[泪][泪][泪][泪][泪][泪][泪][泪][泪][泪][泪][泪][泪][泪][泪][泪][泪][泪][泪][泪][泪][泪]","test","70273","weibo-70273"
"weibo-63222","0","[笑哈哈]好看！//@谢娜: 百变大咖环节开始啦[嘻嘻] //@谢娜:感动啊[泪]李悦、佳慧祝福你们，你们一定要幸福一辈子[拳头][haha] //@谢娜:哈哈刚挑战了世界名曲菠萝菠萝蜜[偷笑]后面更精彩啊[馋嘴] //@谢娜:开始啦[鼓掌]一起看起来[嘻嘻]","test","63222","weibo-63222"
"weibo-92023","0","又下雨，行不行呀，我的老天爷！[泪]","test","92023","weibo-92023"
"weibo-80724","0","[泪] 娘舅你木有买啊！//@I?之光I:喜欢[花心]","test","80724","weibo-80724"
"weibo-107685","0","[泪]我已做好各种准备！ //@李湘荃: @黄小健_JANE //@胡锡进:呵呵，我用的飞行模式，已在呼和浩特机场，这里有大量从北京被赶过来的“难民飞机“ //@王?俊:评论全都在喊胡编关机~大家对胡编要求好严苛呀~都要被整成模范市民了~@Tamed文青","test","107685","weibo-107685"
"weibo-88155","0","脸上长痘痘啦![泪]","test","88155","weibo-88155"
"weibo-84098","0","2.5、2.5、2.5、1.8[抓狂][抓狂][抓狂]！ 元凶就是一颗螺丝钉，这咋整的呢？[泪][泪][泪]","test","84098","weibo-84098"
"weibo-66775","0","[衰] 原来都不是什么好人呀？！！！","test","66775","weibo-66775"
"weibo-63471","0","上海申花这种高级别俱乐部的比赛饮用水竟然是农夫山泉[衰]","test","63471","weibo-63471"
"weibo-113021","0","真有此楼？ //@YanYan_一小桶她妈:[衰]//@指上风流: 秋风吹裤裆，冷暖鸟先知！[衰][浮云][嘻嘻]","test","113021","weibo-113021"
"weibo-109340","0","胡叔 @胡元骏 我太感动了！[泪]","test","109340","weibo-109340"
"weibo-67427","0","退可怕了。。。。。。。。[衰]","test","67427","weibo-67427"
"weibo-87899","0","我要吃这个，先来一只 [抓狂][馋嘴] @happy有谁共鸣 @偶是刘小兔","test","87899","weibo-87899"
"weibo-77149","0","没有买卖就没有杀害！//@三狼WF://@余康柱: 爱美归爱美 [悲伤]//@可爱多微博_jbe: 太残忍了//@浩正刘臻: [话筒] //@高会民:转发微博","test","77149","weibo-77149"
"weibo-119499","0","#当爹进行时#天天睡着了，我把便当盒拿出去准备吃午饭，谁知就去洗了个手的功夫，一个不睡午觉的熊孩子打开我的盒子，把三明治全给揪出来当玩具了！[抓狂]","test","119499","weibo-119499"
"weibo-113843","0","伦敦的亲们，一定要注意保暖，开车慢行啊！ //@英国C立方传媒: 伦敦开始下雪了！这天气预报准的让人想哭啊[泪]","test","113843","weibo-113843"
"weibo-76029","0","超人!!!哆来酱!!妖精奶奶!!!蜘蛛侠!!金刚钻儿!!统统现身挖,把我虫机场带走好咩…我一定让你们给我当牛做马啊…[泪]","test","76029","weibo-76029"
"weibo-102974","0","星冰乐好喝，抹抹嘴巴，刚喝完，就着炸酱面，推荐 //@cici1126:确实不错才推荐的… //@李小超丶小贱:[泪][泪]听你推荐才要的！ //@cici1126:…… //@李小超丶小贱:我严重怀疑他给我给错了！或者吧巧克力粉当咖啡粉了！好难喝啊！ //@cici1126:哪里苦……","test","102974","weibo-102974"
"weibo-78241","0","//@joe糖炒栗子??: //@叮叮是蛋公的胖蛋婆Q_Q://@乖_小宁:噶可爱的小孩子 //@杨静0106://@蜜糖小兜兜: 人贩子挫骨扬灰[怒][怒]//@joycebeckham:人贩子死全家！ //@彭-小珊:人贩子不得好死！ //@行者825:这么可爱的孩子被拐了阿？ //@CC小白的窝123:好可爱的孩子。","test","78241","weibo-78241"
"weibo-93800","0","必然是艾斯啊~~//@可爱宠物中心: 艾斯~~[泪]","test","93800","weibo-93800"
"weibo-95411","0","有人站出来管管好吗!!![悲伤][怒骂]//@李开复://@薛蛮子: 转发微博。","test","95411","weibo-95411"
"weibo-86658","0","买了双ECCO户外鞋，登山去咯！hiahia..... 冬天来了，再不加强身体锻炼，不知道这个冬天又要感冒几次...[晕][晕][生病][生病]","test","86658","weibo-86658"
"weibo-94923","0","村里找不到好的理发师，无论是60块还是10块一个头，都一样明着暗着各种不耐烦想方设法偷工，俺还不敢急，怕他们丫像《敦厚的诈骗犯》中的晋吉一样在脖子上给俺来一剃须刀[衰]受不鸟他们丫的鸟气，头发叉耳朵一刻不能容忍，俺决定自己剪，大不了剪个超级个毛寸。#还有爱自己剪发的么？#","test","94923","weibo-94923"
"weibo-64224","0","@杨用 连续给我推荐了3个男的，???！[泪]","test","64224","weibo-64224"
"weibo-87472","0","这也太残忍了吧[抓狂]","test","87472","weibo-87472"
"weibo-67090","0","还他妈有什么机会？，就说你能佩多少钱吧！！！//@瓷器光泽：[怒] 混蛋！","test","67090","weibo-67090"
"weibo-114010","0","车撞了[泪]。居然保险没保这个车辆损失险，更[泪]。玻璃整块碎掉，居然还下雨，更加[泪]。","test","114010","weibo-114010"
"weibo-62909","0","很明显的[话筒] //@孙丽婵: 你们两口子明显是踢场子来了[抓狂][抓狂][抓狂] //@梁曦文Ci: [哈哈]那我和印尼羽毛球选手@江海中1971 报个混双吧！ //@张文洋corey:＜世界＞也有队呦！[嘻嘻] //@豆妈3535:国旅有队哦[威武] //@ReneeZhang:各位如","test","62909","weibo-62909"
"weibo-108746","0","这帮人眼力还能再好点吗？对于这事我的态度是＂不管他＂//@孙伟_Rick_Sun:@桔子水晶吴海 @桔子水晶俞萍 @陈中 小心偶尔中计！[吃惊] //@bj水煮鱼: 北京也开始钓鱼执法了？还是抢车的？[衰]//@郑丽郑丽: 国贸都这么乱！现在的社会啊！好人也要慎做了！","test","108746","weibo-108746"
"weibo-66166","0","这照片让我开始怀旧了[泪]","test","66166","weibo-66166"
"weibo-92844","0","[晕][晕][晕]//@岚e岚://@方家评说: 22条用一个字概括就是2！","test","92844","weibo-92844"
"weibo-92625","0","//@斯特梵: 有点准了。鱼儿 伤不起啊[衰]","test","92625","weibo-92625"
"weibo-97267","0","根据测试，我将有机会遇到韩星，这位韩星居然是朴有天。听说还有人是去韩国旅游遇见的，[抓狂]@潘涛等于蟠桃 @坠落的沙加 @潘潘栗子 你们不会那么幸运吧？来测试一下吧。http://t.cn/zW72S8X","test","97267","weibo-97267"
"weibo-63347","0","遗弃罪！//@双鱼港叔: 人性啊?[抓狂][抓狂][抓狂] //@草花8:这当后妈的能不能争口气，，别丢天下女人的脸吗?这当爸的能不能像个爷们，别这么怕老婆，连亲儿子都不要了?！//@9958-王昱:[怒] //@老大笨象:求关注！[泪]","test","63347","weibo-63347"
"weibo-76628","0","[衰]我也很想把男的碎了扔马桶","test","76628","weibo-76628"
"weibo-100642","0","木有西服[衰]","test","100642","weibo-100642"
"weibo-81897","0","得罪我了，结果让我大失所望，黑幕。。。。[抓狂]","test","81897","weibo-81897"
"weibo-69827","0","每天都在奔跑~累！[泪]","test","69827","weibo-69827"
"weibo-104226","0","回复@hiroto_四床_MH4?中:マジ辛い[泪]// 真的辣死了[泪] //@hiroto_四床_MH4?中:辛そうですなｗｗｗ","test","104226","weibo-104226"
"weibo-109933","0","因为喜欢穿宽松衣服，我有好几次被当成孕妇的经历。还记得有一年在上海坐公交车，给一老者让座，那位老人坐下之后看了我半天，对我同事@思媛TM 说：“她是不是孕妇，如果是的话我还是把坐位还给她吧。”汗~~~[晕]","test","109933","weibo-109933"
"weibo-87110","0","[抓狂][抓狂][抓狂][抓狂]起床……蓝胖子，早安。","test","87110","weibo-87110"
"weibo-83518","0","机场打车的队伍有2里地。打架的，小巴拉客的，全冒出来了。几点能到家呢[晕]","test","83518","weibo-83518"
"weibo-86249","0","地铁里悲催一幕：人包阴阳两相隔。。。[悲伤]，深表同情！ http://t.cn/zWcow1B","test","86249","weibo-86249"
"weibo-73894","0","给老公打电话，撺掇他半天，他就是不同意……我的梦想啊！在微博和微信上冲他发火[怒][怒][怒]反正他也看不见[偷笑][偷笑][偷笑]","test","73894","weibo-73894"
"weibo-101530","0","广州小地震了一下下，大家有feel到么？[衰]","test","101530","weibo-101530"
"weibo-89018","0","冬天就到啦！又可以裹的跟熊一样啦！哈哈。。。明明街拍有没有，有个没睡醒的同学说我是理发店服务生。[泪][泪][泪]周末带儿子们看医生。[泪]","test","89018","weibo-89018"
"weibo-80617","0","//@巴曙松:防止二手房供应显著减少对市场价格形成短期冲击 //@sonic_bb:提高流通环节成本，有利于新房房价继续上涨，怎么看都是利好房地产啊[晕][晕][晕]越调越买不起房。。。","test","80617","weibo-80617"
"weibo-67243","0","据说：如果一个胖子每天练瑜伽，三个月后，他 就会成为一个柔软的胖子 ......同理：如果一个胖 子每天都运动，他会成为一个健康的胖子 ；如果 一个胖子每天都节食，他会成为一个虚弱的胖子 ； 如果一个胖子绝食了，那么他会成为一个...死胖子。又快吃饭了。[泪]","test","67243","weibo-67243"
"weibo-110664","0","[伤心] //@turbosun:[蜡烛][蜡烛][蜡烛]","test","110664","weibo-110664"
"weibo-103082","0","同情//@公子齐迹: 劳资的书悲剧了[泪]","test","103082","weibo-103082"
"weibo-94855","0","刚刚突然发现手变成这样了！！想了半天，原来是中午教扇子舞的时候自个儿敲的，能算工伤不[泪]","test","94855","weibo-94855"
"weibo-69134","0","非常羡慕那些到医院就医都在一起的成双成对的情侣。反观自己，每次都是我一个人的“战斗”。心中不禁瓦凉瓦凉的。[衰]","test","69134","weibo-69134"
"weibo-93223","0","手机掉厕所、老妈挪个车也追尾、近期是惹了哪路神明了！[衰]","test","93223","weibo-93223"
"weibo-62012","0","歪脖第四天。。出门见云。。[衰]","test","62012","weibo-62012"
"weibo-109482","0","//@杨壮://@赛富阎焱://@程潭生 ://@Qing官方活动 : 我们都生活在阴沟里，但依然有人在仰望星空。这部电影推荐给大家。//@几米漫画故事 : 日本电影《一公升眼泪》中文字幕电影版，很感人。[泪]","test","109482","weibo-109482"
"weibo-65165","0","回复@肥牛横牛花牛就是牛:银行不能不允许人犯错吧，总得给人改错的机会吧，不能改个错也要收手续费吧??[抓狂][抓狂] //@肥牛横牛花牛就是牛:姐姐，你逗死偶啦！","test","65165","weibo-65165"
"weibo-62542","0","享受生化生活！[泪]","test","62542","weibo-62542"
"weibo-91459","0","?? @江因风 以偏概全，偷?概念，不值一?。天一小?，?然不能算作?家。//@老僧补衲: 李天一写的是烂俗的字。太俗气。急功近利的俗。//@荷塘飞鸟A: //@祥福依人: 胡说八道。[怒]书画界固然有小人，绝大多数是良心正直的艺人,你拉不出屎，还怨城门口小吗。","test","91459","weibo-91459"
"weibo-73889","0","算算如果加班，像今天就是7点30出门22点进门，加上11点半前强迫自己睡觉，突然有点明白为啥一进家门路路就各种撒娇各种粘人，出门还堵着我不给走。突然觉得养只猫猫在家它们的世界只有几十平米的房间，每天见我的时间不足3小时，真的是幸福的吗[泪][泪]为嘛突然很难受的感觉[泪][泪][泪]","test","73889","weibo-73889"
"weibo-66463","0","猪笼四国[衰]","test","66463","weibo-66463"
"weibo-99930","0","[怒][怒] //@冰来将挡:转！把个＂丁锦昊＂ 揪出来[怒]//@冰来将挡:丢大发了[泪][抓狂][怒] //@我真的是好意:多丢人啊 //@黄西Joe_Wong:无奈。。。","test","99930","weibo-99930"
"weibo-112025","0","盼了这么久终于迎来了难得的小长假，就在我准备安排一个小假期的时候，突然得知：4月2日安排我值班一天！[怒]","test","112025","weibo-112025"
"weibo-98624","0","畜生 //@土司胡咧咧:阉割 //@求人证: 无耻 //@-宁死不屈-: 这帮孙子[怒]","test","98624","weibo-98624"
"weibo-78533","0","到校上课！魂牵梦绕啊[泪] 我在这里:http://t.cn/zlYoVAI","test","78533","weibo-78533"
"weibo-106368","0","在西双板纳的市区住着，又听到的公鸡打鸣，中魔怔了。[晕]今天要回府了，我家大院都有啥动静？快忘了！","test","106368","weibo-106368"
"weibo-101024","0","?老子的，敢在老子面前?老子，老子一巴掌扇死你???子。[怒] //@镜享人生-重庆: @哈戳戳 哈总，老子的家宴如何? //@镜享人生-重庆: @哈戳戳 干杯哈锅","test","101024","weibo-101024"
"weibo-66209","0","回复@琰棱:分身无术！[泪] //@琰棱:@伊豆323 //@太阳1975_E旅行:3999元，上海=塞班，往返机票＋税＋酒店，给力有木有？http://t.cn/zlQezao @E旅行网 @E旅行成都办事处","test","66209","weibo-66209"
"weibo-96179","0","怎么办[泪]@张小贵2011 //@翘尾巴的甩呀甩:@小米酱Enmi 退车去！","test","96179","weibo-96179"
"weibo-112609","0","难得早睡一次，被人微醒来又没睡意又饿[泪][泪][泪][泪]","test","112609","weibo-112609"
"weibo-104510","0","小?候我?有一??帽，?了模仿她??的[泪] //@随性女之弹簧:妈妈喜欢的歌手之一，我出生没多久就开始天天听她和邓丽君的歌，3，4岁唱着情歌上幼稚园，在老师的眼中我是一颗过早成熟的“老缸豆”！[泪]凤飞飞您终于飞走了！","test","104510","weibo-104510"
"weibo-86519","0","好难啊！今天上完课，感觉自己是口痴[晕]//@我是崔佳:姐，你过得真充实啊！！！！！","test","86519","weibo-86519"
"weibo-100734","0","看看，看看，我这到底是处于怎样的火热之中啊。。。咱们武汉人民群众自测的温度都达到62.4度了都。。。跟天气预报里天天播报的36度要不要差这么多啊啊啊，[泪] 。。。而且人家这温度还不过是在南湖测到的。。。那啥，在很多人眼里，南湖也不能算市中心吧。。。","test","100734","weibo-100734"
"weibo-74438","0","歌好听！老人的眼光看了让人心痛到不行！[泪] //@导演金赫：有一种爱，即没开始，也没有结束，但彼此深知，曾拥有。[心]","test","74438","weibo-74438"
"weibo-79645","0","明天等！ //@MISS张曦予: 明天去 //@风林火山私家牛板筋火锅:太给面儿了[泪][泪]","test","79645","weibo-79645"
"weibo-66717","0","所以应该普天欢庆嘛！[呵呵]//@手写瑶笺: 各种国庆节促销[泪]","test","66717","weibo-66717"
"weibo-83955","0","mother father，我想死[泪][泪][泪]你们了！","test","83955","weibo-83955"
"weibo-72194","0","最讨厌等待了，尤其是医院[抓狂][抓狂][抓狂]","test","72194","weibo-72194"
"weibo-63107","0","下周六？[晕] //@互联网的那点事:这几天的日本大地震是不是和这个有关？","test","63107","weibo-63107"
"weibo-109739","0","晴天先生以“盐20克，白醋3滴，花椒5粒”这样严谨的科学态度在做饭[泪]两个小时还没吃上成品默默吞口水的我快饿昏了。。。但，绝对不敢催，不然。。。怕是就没有下回了[汗]#你妹的爱心晚饭分明是虐待我嘛#","test","109739","weibo-109739"
"weibo-67530","0","教育 //@刘旗辉: 可以骂人吗？我靠//@黄茜: 丢脸！[怒]//@王强_99:[吃惊]","test","67530","weibo-67530"
"weibo-94997","0","都等来雪了，为什么我还没有等到你[泪]车位","test","94997","weibo-94997"
"weibo-64023","0","#深玩美国#今天自己开车上下学，感觉自由又回来啦?请爸妈去吃自助餐庆祝通过路考～特意挑了家点评还不错的，但这的麻小太难吃了[衰]还竟然敢在华人多的地界卖12美元一个人，不想混啦[黑线]一看老板就没去过咱的簋街，白白糟蹋了这些小龙虾[委屈]","test","64023","weibo-64023"
"weibo-101370","0","[抓狂]//@Mr-z先生V: 转发微博","test","101370","weibo-101370"
"weibo-116129","0","//@在水一方风铃草:[怒] //@庞宇峰:无耻！//@金铃妻子://@金铃妻子: 转发微博","test","116129","weibo-116129"
"weibo-68061","0","[怒]//@云南金碧坊: 转发，关注","test","68061","weibo-68061"
"weibo-106527","0","首先是物业不对，这是肯定的。然后是小区里的邻居沾了特权人士的光，也许不应该用鸡犬升天来形容，但事就是这么个事儿。//@兀鹏辉: 牛了个逼得[吃惊] //@杜楠爆料:[吃惊][衰][汗][挖鼻屎]","test","106527","weibo-106527"
"weibo-119986","0","今天真冷啊，难道又要穿棉袄了[晕]？今年的春天真的是百变莫测啊[抓狂]","test","119986","weibo-119986"
"weibo-91118","0","为了车子、房子、孩子、面子、票子构成的所谓“五子登科”，国人早已迷失了自我！[衰] //@Annie的奋斗: //@美食工场:中国人太累的原因","test","91118","weibo-91118"
"weibo-92777","0","在等着吃我的中午饭。再过一个半小时，赴约，吃我的晚饭[抓狂]","test","92777","weibo-92777"
"weibo-67398","0","#你饿不饿啊#“你饿不饿啊？我不理你了啊。”狗说 ！看到这个话题小编第一时间想到的就是还没吃到嘴的包子！多想大喊一声，我饿呀~~~[泪]","test","67398","weibo-67398"
"weibo-116123","0","什么拼爹、拼妈的都过时了，这是个拼身体的时代[泪]","test","116123","weibo-116123"
"weibo-117204","0","今儿 翻相册看到 我那可怜的马儿了，[泪] 下这雨驮着我走茶马古道不容易吧， 不知道现在你可好，是不是还是爱吃巧克力饼干。","test","117204","weibo-117204"
"weibo-72418","0","//@ZJ华府:强拆和维稳，当今中国之特色！[怒]//@徐昕: [拳头]//@强冷空气v: [拳头] //@我叫鱼羊: [拳头]//@声音法治周刊:多转一次，宝成就多一分安全[拳头]","test","72418","weibo-72418"
"weibo-97645","0","越看越难受[泪][泪][泪]","test","97645","weibo-97645"
"weibo-93604","0","对此真的不怎么感冒。。。 //@Amy阿奇:哎呀呀！不用出的这么积极吧！[哼]存心让我厌倦手中这架小白吗？//@Supermen-Nic:我了个去早知道等五了[晕]","test","93604","weibo-93604"
"weibo-79954","0","//@田丰?: [抓狂][抓狂][抓狂]","test","79954","weibo-79954"
"weibo-68175","0","回复@王君6:我就不能也文艺一回么？人家这是做旧的照片好吗[泪][泪][抓狂][抓狂][抓狂][抓狂] //@王君6:今天空气这么不新鲜~~","test","68175","weibo-68175"
"weibo-77000","0","不放心啊[晕][晕][晕]","test","77000","weibo-77000"
"weibo-71879","0","回复 @CyberAgentVentures:哎呀张总舍不得俺啊 //@CyberAgentVentures:不允许！再投资10家公司后可以考虑[怒] //@戴周颖:今晚重要话题哦。我是否也能奔一趟不回北京了？ //@杨阳Sophia : 私奔？现代社会不用这样吧？ //@戴周颖:今晚重要话题哦。我是否也能奔一趟不回北京了？","test","71879","weibo-71879"
"weibo-106697","0","啊?什么原因?[吃惊] //@网际无影手:[泪] //@荀夜羽: 上帝啊……//@平晓惠: [吃惊][吃惊][吃惊][泪][泪]不是吧？！//@迷塔图de彭彭:[泪]","test","106697","weibo-106697"
"weibo-100420","0","赵无极的法国老婆太贪心了！[衰]","test","100420","weibo-100420"
"weibo-78669","0","哈哈！北漂。。。原来如此啊！ //@南楠大人://@荀郅涵:现在终于知道北漂为什么叫北漂了。。[衰]@戴政 @南楠大人 @徐昊Nancy @善良好不点 @十年砍柴 @蔡魏 @小雅式采薇 @李瀛寰 @卢金珠 @汉震中","test","78669","weibo-78669"
"weibo-63058","0","灯光把小妍的脸照花了。[泪][泪][泪][泪]","test","63058","weibo-63058"
"weibo-105981","0","带馅儿的丸子！[嘻嘻]//@摆渡人摄影: 坑爹啊！这不是饺子，这是肉疙瘩！[怒]//@电影工厂: 这真是太方便了，高效率!!!","test","105981","weibo-105981"
"weibo-101614","0","hiahia,冬假开始了 有木有 同学们！休息一周[太开心] BUT 偶还得 蜗居在图书馆和同学们讨论各科exposes ! 生活本不应如此啊！[抓狂] 想去voyage","test","101614","weibo-101614"
"weibo-70395","0","袁大腕你怎么脱口就是买卖啊~~~~[晕] //@袁东方:[思考] 你看看吧！现在知道搞错行了吧！哼，那会儿就是不听我的！唉。。。当初是你要分开，分开就分开。。。","test","70395","weibo-70395"
"weibo-89592","0","爆表[衰] 纪念这继中学沙尘暴后最不可思议的奇观 @川濑清春@猎人阿宝-然@vivipinky@百咔-?@闹闹飞","test","89592","weibo-89592"
"weibo-101948","0","电锯、电钻、锤子、鸡叫，卧槽，这他妈还能住人吗？？？做个作业一百种噪声陪伴着你 简直了！！！！[抓狂]","test","101948","weibo-101948"
"weibo-88345","0","记者有风险，入行需谨慎！//@尉迟玉珩：这已经不是第一个牺牲的同行了，每每遇见都痛心疾首[泪][蜡烛]请关注媒体从业者的生命安全","test","88345","weibo-88345"
"weibo-80416","0","什么状况，高铁上，起身看到自己椅背上睡着一孩子[晕][抓狂]","test","80416","weibo-80416"
"weibo-70029","0","//@赵小山: 土豪们?又出去扬我国威啦～[神马][浮云][威武][衰] //@早8点读报团:土豪，精准。 //@ICO刘开明://@魏城WEICHENG: 转发微博","test","70029","weibo-70029"
"weibo-103101","0","呜呜呜呜 ，各种想哭…………[泪]","test","103101","weibo-103101"
"weibo-72093","0","[失望]//@凡荻-?舍:支持者转！！","test","72093","weibo-72093"
"weibo-96692","0","这个不准您是经常出现在西站的人，求出嫁我[泪] //@wo水果多:我双鱼","test","96692","weibo-96692"
"weibo-114672","0","女神[泪]//@松轶:Happy Valentines Day ！[心][心][心]","test","114672","weibo-114672"
"weibo-117949","0","不要玷污我小时候爱看的小神龙好伐[怒]//@商界时尚: 这个动画片真好看[偷笑]//@袁裕来律师: 老帖，经典帖。","test","117949","weibo-117949"
"weibo-92310","0","#与食巨近#【完整版英国黑暗料理全集】[衰] 不光是著名的“仰望星空”派，大英帝国的子民们把他们的幽默感和创意用在食物上，简直是太可爱了~","test","92310","weibo-92310"
"weibo-70484","0","[泪]姐的小心脏受不了[伤心]好可怜！！！","test","70484","weibo-70484"
"weibo-81357","0","在广州没怎么玩……以后有机会再来吧，各种累，不过倒是吃了不少东西。一个人占一桌都行，够坑爹的，而且吃不到很多东西，也吃不下，浪费……以后不干这样的事儿了。清早起来走路流了一身汗，这南方够闷热的。[失望]","test","81357","weibo-81357"
"weibo-83728","0","不控制经济命脉，各自独立自由！这么招太残忍，我要是个男的，就不想活了！//@SpriteQin: 真tm狠… //@振陵_老刘: 不带你这样的啊 //@刘兵_sHELL:@谷月 @Betty的每一天 @焦糖布丁果儿 @小星和小鱼 @巧克力穿糖疯 [偷笑]//@李正:我擦太残暴了[泪]","test","83728","weibo-83728"
"weibo-114386","0","哎u。胳膊疼。不能右手打弯了。1分钟变杨过[抓狂][抓狂][抓狂]这可肿末办？","test","114386","weibo-114386"
"weibo-109905","0","今天的早餐~粉上面那一小砣黄色的东西是海南特有的黄辣椒,超级无敌辣[泪]","test","109905","weibo-109905"
"weibo-78176","0","旅行必备… //@悟空INTRAVEL:这个好~长期忘东西的飘过...[衰]","test","78176","weibo-78176"
"weibo-69410","0","很使用哦 //@色爷妍:@oo六喜oo 你怎么看？ //@木头-当当:喜欢这个[抓狂]还一定要自己亲手做[花心]","test","69410","weibo-69410"
"weibo-71353","0","[泪] //@探路者TOREAD: 暂时放下学习工作，抛开烦恼和压力，一起上路融化在这些美好的风景中……让碳粉们和@戈尔户外梦想实现 的队伍一起在路上！[赞]","test","71353","weibo-71353"
"weibo-99258","0","我期待@王滔 此时的心情回复... //@我叫席琦:说的好！ //@袁野:高富帅。。输给吊死了。。王天线。。哎。。。洗洗睡吧。。巴不神了。。哎西。[怒][怒][怒][悲伤][悲伤][悲伤]","test","99258","weibo-99258"
"weibo-82077","0","//@OldMorningFall:大意：马来不是坏，而是蠢[衰] //@ECO中文网:真正有技术背景和技术含量的分析~","test","82077","weibo-82077"
"weibo-112214","0","是虽然你不是特漂亮但是你很适合做老婆诸如此类[泪]","test","112214","weibo-112214"
"weibo-60351","0","回复@潘_Victoria:没关系，我联系她。 //@潘_Victoria:南新仓近。就怕汤汤太忙[亲亲] //@潘_Victoria:咱是要把情人节和生日一块过了吧~~「阴历生日在春节附近，阳历生日又在情人节左右[抓狂] 」 //@好书吧-老板的娘:我们订三位[耶]@夫复何言2011@潘_Victoria","test","60351","weibo-60351"
"weibo-106019","0","被报复到的果断转发，传递仇恨！[怒][怒][怒]","test","106019","weibo-106019"
"weibo-102599","0","//@一公斤盒子: 把不同能力的小盆友分到一组是小组学习的关键技巧哦！话说主页菌当年也是“成绩不好”的学生捏，后来发现问题是美术和体育课不算成绩！！！ [抓狂]","test","102599","weibo-102599"
"weibo-92406","0","赋闲经验：30年。。。 //@互联网的一些事: 估计那时郭嘉已经将退休年龄推后到75岁，隐隐看到自己69岁还投简历的样子。[泪]","test","92406","weibo-92406"
"weibo-105762","0","午饭后去酒店睡了个难得的午觉，两个小时啊，导致晚上精神特好~~晚上吃河南菜，一桌长辈们，焦点都在我身上，单身的女纸伤不起，尹叔都开始安排政治任务咯~[泪]俺不就是今年又恢复单身了嘛[衰]","test","105762","weibo-105762"
"weibo-104525","0","希望越来越多的真美女加入 //@黄承富:[咖啡] //@golfbuddy高尔夫好友:one golf[good] //@黎佳韵:小智！！！哇！！！我不淡定了！！！[抓狂]","test","104525","weibo-104525"
"weibo-105846","0","头发渐渐长了，昨晚尝试一下已经又能绑了，问老公：好看吗？他回答：好看，很阿姨。[抓狂][泪]每次都这么讨厌。[鄙视]另：这是什么花？","test","105846","weibo-105846"
"weibo-91790","0","晚安！[可爱]//@老姊们: 晚安！[兔子][熊猫]//@北京厨子:遇到了解？遇到了姐？御姐？正太？[怒][晕]","test","91790","weibo-91790"
"weibo-91838","0","明年，我们是真心实意、满心满意、一心一意地想吃天鹅肉[抓狂]//@新出版张金:新时代，赞~","test","91838","weibo-91838"
"weibo-97731","0","回复@杨早:杨老师，你是好久没回去了？富顺厨子离了味精就乱了招式，跟自己婆娘做也如此[衰]#味精吃多了是真的不好#[汗] //@杨早:无疑还是仔姜田鸡。不过真比故乡的滋味要淡一些，@黄天space 说可能受了本帮菜和粤菜影响，而且不准放味精~~~","test","97731","weibo-97731"
"weibo-97231","0","机会就在眨眼间[衰]//@闻金则退:内容应改为～球票已售罄","test","97231","weibo-97231"
"weibo-69353","0","怎样的事情促使他（她）无可挽回的纵身一跳呢？[泪][泪][泪]//@弋飞: 这是哪个楼盘？","test","69353","weibo-69353"
"weibo-103180","0","生病很难受 某女士曰 和我示弱有个毛用 我又不会娶你 [晕]","test","103180","weibo-103180"
"weibo-64761","0","今晚，还是火锅，还是。[泪][泪]这样健康会打折的！ 我在:http://t.cn/zYFkv9J","test","64761","weibo-64761"
"weibo-94940","0","不景气二十年了，我们还是前仆后继以不怕流血牺牲大无畏的革命精神投入到这个行业里来，可见我们是有多热爱这个行业~~汗，我自己都要被感动了。//@风乘_书与人: 回复@作家社-田小爽:[晕]不景气二十年了，养活的人却越来越多。。。看来这个行业怨气太重，哈哈。","test","94940","weibo-94940"
"weibo-80220","0","独在异乡为异客，每逢佳节倍思亲！[悲伤]今天是九月九#重阳节#登高节，大家有没有非常想陪同父母登高的，奈何独在异乡朋友遥距千里，大家也只能寄情于微博，[呵呵]希望能传达给远方的亲人我们的思念~KISS http://t.cn/GZv51","test","80220","weibo-80220"
"weibo-102460","0","水分很大啊，凉茶市场份额容量才多大！//@但斌:回复@carlwang2012:[衰] //@carlwang2012:加多宝号称销售200亿却仅纳税8亿，只有三种可能：1.年销售200亿是吹牛；2.偷税漏税；3.只赚吆喝不赚钱。 //@但斌:","test","102460","weibo-102460"
"weibo-79369","0","节日期间晒书拉仇恨的都不是好孩子！所有拿到书给看图片不给看读后感的都不是好孩子！ //@译-如既往:拉仇恨么？[泪]我的还没影呢....人品不好的节奏么？[泪][泪][泪]","test","79369","weibo-79369"
"weibo-111772","0","哎呀！编辑这个行业太危险了。不熬夜得陪客户玩，不加班还得上街寻找最新鲜的。现在主编还要打拳击。@孔霸天 @红江湖麻小高老板 谢天谢地我们已还行业！[抓狂] //@ToniMa:加油, Jonny！throw the one in blue down! @agendabeijing @Amyfan1985 @ash_xueer @beijingbean @beijingdou @denYden @ellisin","test","111772","weibo-111772"
"weibo-74347","0","我，至今都纠结每页每个小格子里的对白顺序@淡定的四喜丸子 [抓狂]","test","74347","weibo-74347"
"weibo-68041","0","连续忙碌出差了两周，没有回过办公室。今早偶尔回来，在一堆快递中发现一个大大惊喜，竟然竟然是我最喜欢的普洱茶饼，心意收到@摸脑 [泪]","test","68041","weibo-68041"
"weibo-103404","0","@感动中国 [泪] 何处春江无明月 我在这里:http://t.cn/zlrSHin","test","103404","weibo-103404"
"weibo-114130","0","? //@自由一路歌://@萝卜丝饼抹红酱:[泪][泪][泪] //@哈喽wwcat:[衰]","test","114130","weibo-114130"
"weibo-72100","0","回复@刘泽球:潜力股 //@刘泽球:木有[失望]德阳的旅游不成规模，其实资源蛮多的，主要是外地人对德阳的印象始终是工业城市，我们自己在这块也要反思。 //@刘泽球:德阳[思考]","test","72100","weibo-72100"
"weibo-100880","0","什么都记得呢，就是忘了社会餐饮休息的问题。刚出去走了一圈，基本都关门了，不得已自掏腰包37块+15%，点了份自己家的蛋炒饭[泪]","test","100880","weibo-100880"
"weibo-91546","0","太罪恶了，简直是惨无人道，我恨我自己！恨我自己！为什么，为什么把持不住自己？我现在好后悔，超后悔！今天又吃火锅了！呷哺呷哺，到底是谁在我家门口开的啊[泪]","test","91546","weibo-91546"
"weibo-66113","0","吃个药容易嘛？这是一副而已，据说吃完五副我就有食欲吃饭了。又想起了西游记里的马都灵，求安慰[泪]","test","66113","weibo-66113"
"weibo-94056","0","【中国文字。博大精深啊】我说看我的大头照，@蟹黄锅巴啃嗤嗤 说：好meng啊。。。我诧异反问：有吗？这也叫萌？？。。谁知人家来一句：我说的是朦胧的朦。。。[?][晕]","test","94056","weibo-94056"
"weibo-69764","0","晚上座653路回家，一上车就觉得与平常不同，速度慢的让我深刻体会到老郭所说被颠腾的“四处点着头成问候状。下车前我“问候”司机师傅为何这样“蠕动”，要是上班高峰我早就“义愤填膺”了。师傅无奈的说他在等钟点。NND，这北京公共交通就是这样用速度来制约行车安全吗？[怒]","test","69764","weibo-69764"
"weibo-100077","0","买疯了，买疯了[晕] 我在:http://t.cn/zlCe8xE","test","100077","weibo-100077"
"weibo-114841","0","那天边看边哭，边哭边看～[泪]","test","114841","weibo-114841"
"weibo-119164","0","//@易游天下-孙鸥: [失望]//@智旅: 传说中的旅游人～","test","119164","weibo-119164"
"weibo-116642","0","真大方 //@查立: //@李文的围脖: [怒]","test","116642","weibo-116642"
"weibo-103579","0","2B //@仙人老唐:臭傻逼！！！[怒]//@时空网: 真是什么人都有//@广西李力: 把自己的快乐建立在别人的痛苦之上~！北京今天什么状况你不知道吗？你他妈的还是人吗？！人肉这个鳖犊子~！//@何嘉欢jh:有病吧，就??你七??！就你是人?人不是人啊","test","103579","weibo-103579"
"weibo-66691","0","不知不觉下周小路和倒桩要补考了，又是个大早，宝山练车，好想睡懒觉！[泪]","test","66691","weibo-66691"
"weibo-114516","0","夸张//@Fish小霸王:小三见一杀一！[怒][怒] //@MissCandy金小怡:真丑[吐] //@Grace_兔兔小姐:呵 都他妈进猪笼！ //@MOMO有粒解闷花生米:老早讲过了 贱人就该全捆一起 一把火烧了 免得春风吹又生","test","114516","weibo-114516"
"weibo-113426","0","呵呵~石头哥的糗事可是第一次被曝光哦！！巨搞笑滴！//@石头-王卓实：都被爆了各种的料[汗]，有点不太希望大家看了[伤心] //@小舞cynthia：9月27日-9月30日北京文艺频道晚十点四十，四集连播！！[good] 超级给力！@最佳现场 //@小舞cynthia：[握手] @皮皮童鞋 @最佳现场刘欣 @最佳现场秦智勇","test","113426","weibo-113426"
"weibo-84072","0","#饮食资讯#【牙龈出血 猕猴桃来救驾】筒子们有木有牙龈出血、肿痛不定时发作的困扰呀？严重阻碍了一颗身为吃货的心[抓狂]。牙龈脆弱是缺乏VC的表现，作为VC之王的猕猴桃可以帮我们恢复牙齿健康哦，而且丰富的的水解酶和超氧化物，还可以美白皮肤呦，多C多美丽！[兔子] @法国-奥斯卡奇异果","test","84072","weibo-84072"
"weibo-62452","0","980！！！勾引俺……[泪]木油时间……//@织梦Jennie: @空游无依 成都到加德满都往返九百八。 走一个？","test","62452","weibo-62452"
"weibo-101531","0","[good][good]早说啊[衰]","test","101531","weibo-101531"
"weibo-79763","0","继昨天撞了车、烧糊饭以后，我今天又赶上地铁停运、然后光荣地在永安里地下通道里被小偷扒走了我的手机。酒神巴克斯！！你显灵吧！！！！！！！！这日子没法过了呀[?] 可怜我刚下载了QQ手机助手，还没用呢 [泪]","test","79763","weibo-79763"
"weibo-63864","0","[泪]//@TimeOut北京:往事不要再提，物价几多风雨[泪]","test","63864","weibo-63864"
"weibo-89693","0","我晕，很晕[晕][晕][晕][晕][晕][晕][晕][晕][晕]","test","89693","weibo-89693"
"weibo-89920","0","可怜的狗狗！?些人太可?了！[抓狂] //@BlackJack_影相迷:[怒] jhgkljlkjtl;ksajtlkrhasljknrtlksjlkjrfskjrflk// @骑呢微博超给力 ：边个够胆食 食死你班?家产[怒]","test","89920","weibo-89920"
"weibo-80133","0","此刻肚子真的好饿[泪]","test","80133","weibo-80133"
"weibo-97456","0","我的蒜蓉扇扇贝终于吃到口了，鼓捣一晚上咯…第一次做，不辱使命阿…[泪]","test","97456","weibo-97456"
"weibo-114286","0","回复@王哓军:交代吧！[左哼哼]瞒我什么了！[抓狂]咱的政策坦白从宽处理！[酷] //@王哓军:@腹黑_叔叔 我就说瞒不住了吧 //@果冻爱美食:嘿嘿！坏笑！@腹黑_叔叔 @王哓军 @败家de小妞子","test","114286","weibo-114286"
"weibo-111071","0","还好坐高铁逃了，要不又要悲剧了[抓狂] //@头条新闻:转发微博","test","111071","weibo-111071"
"weibo-90448","0","可是他为什么要告诉全天下人他女儿是他妹妹呢[思考]//@杜丹: 。。。//@曹增辉: 真复杂。[挖鼻屎][挖鼻屎]//@小天天:…… //@刘新征:瞧着一家子。。。自己的老婆是爸爸的小三，自己的女儿是爸爸亲生的，自己是被爸爸抱养的[衰]","test","90448","weibo-90448"
"weibo-111210","0","2岁到4岁之间[泪] //@伍大妈妈妈妈妈:好吧…我两岁…都不带现金的[泪] //@重口味de立源:我6岁[挖鼻屎]","test","111210","weibo-111210"
"weibo-104266","0","连明星都遭遇电信诈骗[衰]快过年了，筒子们一定要提高警惕啊！","test","104266","weibo-104266"
"weibo-101099","0","今天加班没有空调~~[怒] 我嘞个去的~！","test","101099","weibo-101099"
"weibo-108203","0","午饭又一人儿吃[泪]","test","108203","weibo-108203"
"weibo-93483","0","心情沉重[蜡烛][蜡烛][蜡烛][蜡烛][蜡烛] //@潇潇的简约厨房: [蜡烛][蜡烛][蜡烛][蜡烛][蜡烛][蜡烛][蜡烛][泪][泪][泪][泪]","test","93483","weibo-93483"
"weibo-118443","0","[衰]//@医生护士那点事:转发微博","test","118443","weibo-118443"
"weibo-119055","0","//@陈峥嵘岁月:@重庆小动物保护协会 //@GOGO小萨:[怒][怒][怒] 偶要是能帮助你们就好了！[泪][泪][泪]","test","119055","weibo-119055"
"weibo-72953","0","@平安铁路 为什么补票加收两元，有没有规定文件公示？ //@滨江包身工:尤其是k字头的，昨天坐的一度晚点59分钟！[泪]","test","72953","weibo-72953"
"weibo-96995","0","回复@光之隐:我默默看了他十分钟，三道菜打包了十分钟，默默的，他必定是处女座，打包的罐子都要排列对齐，每打包完一盘，就要把空盘收掉，再开始下一盘[抓狂] //@光之隐:就吃个饭，你把人家服务员星座都搞到手了？","test","96995","weibo-96995"
"weibo-95428","0","后悔没回去！[抓狂]","test","95428","weibo-95428"
"weibo-91981","0","只有瘦，穿婚纱才好看。我要减肥照相[抓狂][抓狂][抓狂]","test","91981","weibo-91981"
"weibo-64461","0","@梁子的自由空间 太残忍啦人类！//@那英: 啊？难过死啦[泪]//@turbosun: 为什么，为什么！天哪！我们已经享有地球上那么多资源，为什么还要这样贪婪！我会像拒绝熊胆制品一样，一生拒绝象牙制品[拳头][拳头][拳头]","test","64461","weibo-64461"
"weibo-118531","0","//@玩家传播老张:[抓狂] 你好毒 你好毒 你好毒毒毒//@永远在路上的豆子：够狠。。。。老板喜欢","test","118531","weibo-118531"
"weibo-100599","0","天气似乎一下子转凉了，据说今年的北京将遭遇最冷的冬天，听着好可怕[悲伤]","test","100599","weibo-100599"
"weibo-62802","0","火速给我地址！正好有一ID注销了。。。//@小迷糊的豆豆: 我都关注好久了，没有我的份吗？？？呜呜呜[泪]@须叔","test","62802","weibo-62802"
"weibo-99367","0","没进错过班，其他都干过~~~//@李小妮：都干过。。。。。[泪][泪]","test","99367","weibo-99367"
"weibo-96055","0","不想下午顺路去趟 @石家庄席殊书屋 看来去不成了[悲伤]","test","96055","weibo-96055"
"weibo-67574","0","回复@鹈?血:哈哈，每次吃烤肉宛，我也总是喜欢到最后挑油渣吃 //@鹈?血:烤五花肉[抓狂]，可喜欢吃烤的有点焦的啦，每次吃，都会想起小时候的油渣儿","test","67574","weibo-67574"
"weibo-74309","0","//@那个YY: 我真的真的很好奇徐贤她妈妈是怎么教出这种性格来的，太了不起了 //@可么可兔EEES_: 。。。。。徐贤是我见过最特别的明星。。。。不管哪个国家。。。。。真的没有见过这样的。。。[晕][晕] PS李纯信的二姐没有人找帕尼演吗！！！那种不懂事刁蛮完全就是真实好吗！！","test","74309","weibo-74309"
"weibo-80913","0","的确应当反思了！//@万庆涛: 可怜这位老人！可恨那帮城管！ //@武旭峰:@万庆涛 @饶原生 @老生阿泰 @李铭建 @忠烈公 //@始皇大帝: //@武旭峰: 吏呼一何怒，翁啼一何苦。一声“毛主席万岁”，喊的我老泪纵横。 //@纪录者邓鹏飞: 难受[伤心]","test","80913","weibo-80913"
"weibo-66272","0","[围观]一路狂奔，各种赶路当中…[闭嘴] 求筋斗云一个，有点悬[衰]","test","66272","weibo-66272"
"weibo-100544","0","心脏难受，憋的喘不过气来，这是他妈猝死的征兆么？[衰][哼][晕]","test","100544","weibo-100544"
"weibo-86146","0","[嘻嘻]//@创意家居: 是这样的[泪]","test","86146","weibo-86146"
"weibo-98767","0","//@我是王赛刚:[晕]","test","98767","weibo-98767"
"weibo-72609","0","没天理的事情越来越多了。//@李开复: [怒]","test","72609","weibo-72609"
"weibo-94078","0","要这么妄自菲薄啊，死得早姑娘就愿意跟你，你还真是想太多了...又不是万贯家财，死得早有屁用~哈哈哈 //@喀咖咔:程序员福利好。。@正牌李易锴 //@tinyfool: 反正可以死得早就是了 //@绿梨子红苹果: tiny大不要这么说，偶尔有挣得少的怎么算？[泪]","test","94078","weibo-94078"
"weibo-94216","0","刚收到一条手机诈骗短信：“我是房东，换了号码记一下，以后找我就打这个。另外，这次租金请汇我爱人卡上，工行6212262201002490193 黄安邦，谢谢。”发短信的手机号码是13241400837，经查手机归属地是北京联通，类似骗局请博友注意！[怒] 我在:http://t.cn/zRNcpoX","test","94216","weibo-94216"
"weibo-110651","0","当然是真生气[泪]//@小糊涂诸: 对于国庆完全上班的人，看到这样的事情真是生气呀[泪][泪][泪][泪]","test","110651","weibo-110651"
"weibo-91350","0","房子跌下来，文字涨上去，这该是王道。//@王麟笔墨世界: 介是真的吗？看来码字的终于有福了，不过个人所得税扣得也狠呀！[衰]//@金娅丽: [鲜花]//@剑钧: @金娅丽 //@剑钧: 千唤万唤始出来……但愿不再水中捞月，雾里再看花。","test","91350","weibo-91350"
"weibo-83949","0","两个教堂竟然都拍出星轨了……城市的光污染都很严重才对啊，这不科学……[泪]//@简白: 想去青岛！！//@大海一亮跟拍: 【美丽青岛】","test","83949","weibo-83949"
"weibo-60651","0","又要集中整治[晕]平时都休假吗？[汗]","test","60651","weibo-60651"
"weibo-89976","0","Hk特色就是冷?大的要命。。。。?shi我了[衰] 我在:http://t.cn/zWpo0i9","test","89976","weibo-89976"
"weibo-84306","0","我也是[汗]//@妖蘖无双:猪嫌狗弃[衰] /@杨小姐的娘:桃花连旺12年的路过下。","test","84306","weibo-84306"
"weibo-112932","0","@郑小非 @可可的小一 快去看看 及时来报！//@都市快报王雷:[吃惊] // @宋有财 :// @毛小手 : [晕] // @袁也的围脖儿 :哦no，吴菊萍你在哪里？！// @大yoyo热 : /救护车也来了。。/ @Happy的小燕子 : 看到消防车了，真的假的？演戏？// @汪小臭 @刘小璐LULU阿 :真的假的","test","112932","weibo-112932"
"weibo-113939","0","恭喜你，结婚了？[晕]","test","113939","weibo-113939"
"weibo-109112","0","今天刚发誓做生活健康的人！现在又喝晕啦！[抓狂][伤心]只能从明天开始啦！[黑线]","test","109112","weibo-109112"
"weibo-116645","0","为什么再无大师？//@Sunny_1漫: [失望] //@梁冬: 大师之后再无大师","test","116645","weibo-116645"
"weibo-102281","0","手机丢了，郁闷，捡到的人马上就关机了，哎?????[怒][怒]","test","102281","weibo-102281"
"weibo-114501","0","现在的蚊子?真是精明过人，都学会跟人捉迷藏?了！?我关灯睡觉，你就跑出来饱餐一顿；等我[悲伤]不堪其扰打开灯决定要灭了你时，你就死活不出现了！[怒][怒][怒]喂~~~姓蚊的?，我已经等你很久很久了，有种出来决以???死战！！！[抓狂]","test","114501","weibo-114501"
"weibo-111932","0","回富顺解馋，别人吃二十，自己吃一百，有钱人的传说就这么来的[泪][泪][泪][泪]","test","111932","weibo-111932"
"weibo-74088","0","出门的一瞬间还是有些不舍，不太想回学校！[泪]","test","74088","weibo-74088"
"weibo-77447","0","[晕][晕][围观]此男居然也有35了。。。","test","77447","weibo-77447"
"weibo-68784","0","@希希_想穿越了苦逼 我们的午饭吃的有点素[衰][酷][衰]好苦的生活[泪][泪][泪] http://t.cn/zWSrwTH","test","68784","weibo-68784"
"weibo-72976","0","嗓子肿痛得一点一点点事都不想做。。。[泪]","test","72976","weibo-72976"
"weibo-113474","0","?瞬间?年偶像Robbie Williams已成了中年男子了。[泪][泪]","test","113474","weibo-113474"
"weibo-70081","0","长大了真不好，那么多好看的贴纸都没地方贴。高中的时候把书和本还有各种东西上贴满各种喜欢的贴纸，现在看着就只能发愁贴哪儿...[失望]","test","70081","weibo-70081"
"weibo-72036","0","祈祷 //@为一坨屎坚守了很久的小一: 见证奇迹的时刻...就在每时每刻[伤心]","test","72036","weibo-72036"
"weibo-65179","0","看了南京的团购再看北京的团购立马对南京坑爹的团购丧失了兴趣。55555，我要回家。。宿舍的破床摇摇晃晃还有虫子咬我。。。[泪] [可怜] [泪]","test","65179","weibo-65179"
"weibo-107091","0","[泪]//@milkis珊珊:","test","107091","weibo-107091"
"weibo-103270","0","在工行红谷滩第一街区这取现，开了A、C两个柜台。已经四十多分钟过去了，前面还有六个人排队，真慢啊！！！就不能再开个窗口忍？！！[抓狂][抓狂] 我在这里:http://t.cn/zj55Pdb","test","103270","weibo-103270"
"weibo-72975","0","回复@湘子-东方舟:[怒] //@湘子-东方舟:气死了，后妈可憎，她亲爹更可恶，真是应了那句话，宁要讨饭的娘不要当官的爹，亲爹找了后妈也变成后爹了[鄙视] //@慕筱瑜tanya: 卧槽，忍不住飙脏话了[怒][怒][怒]","test","72975","weibo-72975"
"weibo-88514","0","[爱你]脸何时才能消肿啊[泪]","test","88514","weibo-88514"
"weibo-94309","0","我咋这么苦命的还在工作[泪]，叉叉叉！","test","94309","weibo-94309"
"weibo-115592","0","做的不怎么样嘛～～！！配上@无敌小屎团 婆婆做的无敌泡菜！！简直了！！！！！！！！ 还有那无敌美味的四喜丸子！！！[抓狂]","test","115592","weibo-115592"
"weibo-73076","0","不顶用的，呵呵呵呵//@小苹果露: @LiuQ828 转给伯母看[偷笑]//@JulietZhong:[晕] //@生活-投资:转发微博","test","73076","weibo-73076"
"weibo-75520","0","为什么今天探店的不是我[泪][泪]","test","75520","weibo-75520"
"weibo-82331","0","[失望]很危险//@胡淑芬: 靠。动物园打老虎的麻醉枪啊。//@吴小丹: 好可怕…//@你丫才美工: 地球好危险，大家要注意安全。","test","82331","weibo-82331"
"weibo-79864","0","早起当回义工，这个才叫小清新！[好爱哦]只可惜姑凉们中文不咋的，俺交流要加手语。。。。。。[衰]","test","79864","weibo-79864"
"weibo-75888","0","偷贡品。不怕报应啊？。[衰]","test","75888","weibo-75888"
"weibo-100821","0","基督徒就是要有好的职业 真心受不了那些游手好闲的""基督徒""[衰]","test","100821","weibo-100821"
"weibo-107115","0","哈哈 我也觉得像是说你…[晕]//@Sissi馨:是在说我嘛[偷笑]","test","107115","weibo-107115"
"weibo-77327","0","[怒]气愤！这么可爱的孩子！","test","77327","weibo-77327"
"weibo-101352","0","[泪] //@蓝紫色-：[泪] //@记者陈南:// @风云再起何永锋 :痛！","test","101352","weibo-101352"
"weibo-79446","0","都是因为你们，我决定今天不带饭了。[怒]//@恋月儿Linda: 哈哈，我第一眼也看到书了。不过亲手做的美食么?好厉害，比我强[嘻嘻]","test","79446","weibo-79446"
"weibo-73838","0","#QQAB面#这一天各种更新，各种报错，各种重设密码~~~我现在满脑子都是代码跟数字[晕][晕][晕]我晕！！！！！！！！！！！！！！！！！！！！！！！！！！！！！！！！！！！！！！！！！！！！！","test","73838","weibo-73838"
"weibo-77641","0","感冒[泪]","test","77641","weibo-77641"
"weibo-72182","0","哈哈哈 //@N_公子://@京酱吃肉丝:长得好看的人单位时间的机会成本高//@恺妞一定瘦回去美食悠着吃TAT: [挖鼻屎] //@佟林肚子游泳圈://@武梦梦梦梦D_D:别这样，半夜难受的睡不着的时候看到这样的话[泪][泪]","test","72182","weibo-72182"
"weibo-114927","0","如果白云峰真的是gay,我就在也不相信国内还有不弯的型男。伤心死了。[泪][抓狂][泪][泪]","test","114927","weibo-114927"
"weibo-82905","0","鸳鸯广府炒，来十份！饿死啦~~~[泪] //@马来西亚旅游局: 马来西亚煮炒界四大天王，馋死我算了[抓狂]！@途秀 #大马吃货集中地#","test","82905","weibo-82905"
"weibo-67872","0","……[怒]","test","67872","weibo-67872"
"weibo-108097","0","[失望]是被恢复性拆迁的老宅吗？","test","108097","weibo-108097"
"weibo-106857","0","传说今天是黑色星期五，13号。。。[晕]","test","106857","weibo-106857"
"weibo-79183","0","双十一订的货终于到了…[衰]","test","79183","weibo-79183"
"weibo-60721","0","[怒骂]尼玛多年的保险先进，学着走回划痕还排队到十五，过份！花自己的钱保他们的险[委屈]","test","60721","weibo-60721"
"weibo-81043","0","我要去迪拜[抓狂] //@吃喝玩乐在北京:这等好事，放着我来！[吃惊]","test","81043","weibo-81043"
"weibo-76118","0","没准还没断奶吧 //@小滨尼玛加:[抓狂]","test","76118","weibo-76118"
"weibo-93875","0","我收压岁钱收到18岁，那些钱都花了[泪][泪]//@阳光喜欢躲闪: 你的思路对，买金条！@何大梨","test","93875","weibo-93875"
"weibo-71589","0","[怒][怒][怒]我手欠！！！","test","71589","weibo-71589"
"weibo-84183","0","女生们多少都有点整理东西的强迫症吧。本来就收拾桌子而已，结果洗了一晚上衣服，累。。[晕]这么爱劳动，奖励自己昨天看中的两双鞋子，明天买起来[太开心]话说也快过节了嘛[害羞]＂想买东西总能给自己找到理由＂哈哈[可爱][哈哈][月亮]#欣在自说自话##欣生活#","test","84183","weibo-84183"
"weibo-67703","0","当世界，被风吹落，而我的脑海里却只有你在游荡....你是否忘记了我们的曾经？Im drenched in ur love....[心][心][伤心]","test","67703","weibo-67703"
"weibo-88702","0","郁闷，郁闷！竟然以郁闷情绪结束本周[衰]","test","88702","weibo-88702"
"weibo-104160","0","今天怎么就突然冷下来了呢？最近累得夏装没收拾，冬装未整理。乱糟糟的[晕]","test","104160","weibo-104160"
"weibo-78329","0","教授堆儿里，本来就是一帮乌合之众！//@汤泊阳: //@逍遥切尔: 什么教授，狗屁暴徒！！！ //@橘子洲头2011: //@茅立群-摄影-漆匠: 最起码的家教都没有也能当教授[衰] //@小岛守护神: //@常识中转站: //@橘子洲头2011:[赞] //@大道圣人: [赞]","test","78329","weibo-78329"
"weibo-76674","0","呵呵 //@性感玉米:回复@Pablovisk:这个你要平时就观察妹子喜欢看什么，如果妹子平时看美剧，就送按摩棒，如果妹子平时看日剧，就送白色恋人，如果妹子平时看国产电视剧，就当炮友，如果妹子看韩剧，还是省点钱吧。 //@Pablovisk:从日本回来买了。妹子说不喜欢这玩意[泪]","test","76674","weibo-76674"
"weibo-99234","0","[衰][衰][衰][泪][泪][泪]人家在沙漠生活，碍着你们什么事了。。。真心难过啊。。。骆驼眼睛好温柔的//@刘旭小同学:[泪][泪][泪]不要再欺负它们了。 //@无痕轩:[蜡烛]轮回当领导，骑她们丫的！ //@海口老徐:唉","test","99234","weibo-99234"
"weibo-108970","0","虽然是端午，好不容易有个小假期，结果要比平时还累。今天的任务：看摄影展，买相机，收拾屋子，接待周贱贱的朋友，准备星期一的稿件，搭专题，写国色天乡稿子，准备明天去西部大峡谷的东西。[泪]","test","108970","weibo-108970"
"weibo-86261","0","@丁爷丁爷 @皇家多? @小老爷JING 看，你们昨天晚上得瑟的余毒！//@Ray-田蕊: 昨晚居然整个梦里都是心草老师给排练。而且我的钢琴水平进阶到车尔尼222[汗][晕]，这是几个意思啊！结果今早我混混沌沌的买了注彩票，号码是222。[书呆子][书呆子][书呆子]","test","86261","weibo-86261"
"weibo-70751","0","one republic//@小元三之助:兴奋点来了哇//@朴九月: OneRepublic ! ! ! 我等了好久！！！ //@小猪男孩:Pitbull8月28号!不淡定了[衰] One Republic[衰]还有Justin Bieber9月29日，看来审查有转机。帝都终于牛逼了[泪]","test","70751","weibo-70751"
"weibo-71860","0","谢谢所长提醒。可是后面那句太没节操了[泪][泪]","test","71860","weibo-71860"
"weibo-79618","0","//@麻衣比更高还高:点赞的大尾翼[泪]//@昊?:[泪]//@RO霖闷声_作大shi: [泪]//@NeilsonM3_鱿鱼酱:[泪]//@嘿嘿小禽兽:[泪]//@Sebastian-Lau:[泪]//@idee-fixe:[泪]","test","79618","weibo-79618"
"weibo-76076","0","情人节，难不成真的要上街抽男人了。。。[晕]","test","76076","weibo-76076"
"weibo-94373","0","我发现，特奇怪，每次年假之前，总有几天让我特忙特忙特忙，这样才公平么，哎呦[晕][泪]","test","94373","weibo-94373"
"weibo-92479","0","//@东方卫视声动亚洲: 节目时间有限 连主持人都为之可惜 //@把你写在歌里面: 是金??的冠?啊！?才的??也很棒！是??唱?的冠?！可惜啊，咱??目??太不?了[泪]","test","92479","weibo-92479"
"weibo-95185","0","加班到现在昂，求安慰[泪]","test","95185","weibo-95185"
"weibo-102693","0","作死啊[怒]//@RBC话里话外--立新://@老九戒酒: //@志愿者大树: 没收貂皮大衣","test","102693","weibo-102693"
"weibo-76585","0","回复@闻博_Jasper: 好地，我帮他试试！ //@闻博_Jasper:有个微博叫新浪微波客服，那面写了怎么弄！要自己发个微博圈给他！一般很快能解决！ //@大董陈丹:你是怎样解决的？ //@闻博_Jasper: 我就被盗过！[泪][泪] //@大董陈丹:回复@大董汤明姬: 有！你看他的微博","test","76585","weibo-76585"
"weibo-70922","0","?后，柜子打不开?，当了半小时裸模[怒][怒][怒] 我在这里:http://t.cn/zjC3nyB","test","70922","weibo-70922"
"weibo-96411","0","[悲伤][蜡烛]//@红笛HD: [蜡烛] //@常晓丹微博:[蜡烛]","test","96411","weibo-96411"
"weibo-115277","0","木有夸张，举步维艰@笔茉 @被老公宠着 @小晨故事 @郭梦在路上 你们那边怎样 //@孙振童鞋:我的天呢，不是刚好点吗？怎么又这样了啊？[泪][生病]","test","115277","weibo-115277"
"weibo-92435","0","[伤心]//@翟艳丽Angela: [衰]有点悲伤。","test","92435","weibo-92435"
"weibo-114527","0","昨茅台今五粮，感觉怎么越喝越清醒了[哈哈][晕]？男人，决不能输在了酒桌上！只可惜，浪费了这一桌地道的宁波海鲜了，通风不能吃海鲜苦恼啊！[抓狂]","test","114527","weibo-114527"
"weibo-105755","0","回复@匿明N:咋解？//@匿明N:@北京人不知道的北京事儿 咋解//@?巍EVA:回复@虾米zi1125:[睡觉]真的吗？//@虾米zi1125:回复@?巍EVA:那改买v的xc60算了 不懂车的妇女太危险了//@by_左手:[晕]","test","105755","weibo-105755"
"weibo-103997","0","每次出门都要给姐落雨！这是闹哪样！[怒]","test","103997","weibo-103997"
"weibo-90932","0","冬天吃点火锅总会觉得暖暖的，天冷了，注意增加衣服。//@何琳W美丽人生: 好久没吃啦[抓狂][馋嘴][馋嘴][馋嘴]//@麒麟锦庭火锅道:小美妞，吃得开心吗？","test","90932","weibo-90932"
"weibo-106209","0","@李承鹏 //@喜欢书法的人:谁是李大眼？吃饱木事干了？出哑谜。哈哈… //@赤江河:不可信 //@undefined: @李承鹏 @李承鹏 [泪] //@斤七人:哦! //@侯宁:回复@李康有为:炒作？ //@李康有为:公知。 //@赢微博: //@做合格的公民: 这消息有证据支撑吗？","test","106209","weibo-106209"
"weibo-110176","0","表示毫无压力，停车就保持警觉是我的习惯。//@??: @光头老薛 现在连三环都已经这么乱了… //@北京微闻联播: [衰]出门三分险","test","110176","weibo-110176"
"weibo-109494","0","抱抱自己?[泪]","test","109494","weibo-109494"
"weibo-119766","0","晚上做梦，梦见咱俩@生如夏日花 去外面上课还是干嘛，然后一路上困难重重，遇到各种磨难，简直比唐僧取经还艰苦～有些地方没有路，需要爬树才能过去，你爬树可厉害了[偷笑]但我怎么爬都上不去，着急呀[泪]不过你因为爬树把裤子爬破了，哈哈～","test","119766","weibo-119766"
"weibo-82714","0","屁股决定脑袋 //@兔子奶奶?有胡?卜的幸福: ?道永?是草台班子的水准?！？ //@鄢蔓:与人斗其乐无穷[怒]","test","82714","weibo-82714"
"weibo-68465","0","此生再也不买皮草[泪]//@海带败家queen: //@空中老飞猪: 我操泥马！太血腥了！ //@weblackberry: 没看完，太血腥了，女孩子还是别看了，少买两件皮草吧！","test","68465","weibo-68465"
"weibo-99702","0","@喜琳 喂神马介么能吃呢！[吃惊]？下银啊！把我的饺子全给吃啦！[抓狂]！@宿务太平洋航空","test","99702","weibo-99702"
"weibo-79703","0","//@双面津:[泪]","test","79703","weibo-79703"
"weibo-106559","0","【又是强拆之祸：贵州官员拆违被杀，农妇花尽积蓄修房曾跪求别拆】刀刺向执法大队副队长那刻，张全秀房子倒塌。她在外打工10年，为修房花掉10万积蓄，存折剩1160元。张波倒下时穿着140元假劲霸男装，是他今夏最洋气衣服。他连续3年被评优，父母木头房子漏雨，女儿即将高考。[泪]http://t.cn/zOdmIhv","test","106559","weibo-106559"
"weibo-89102","0","??的?酷！ //@夜店夜生活:真是惨无人道，太气愤了[怒]","test","89102","weibo-89102"
"weibo-81874","0","@苏宁易购 针对7月份“满200返100”活动参与体验，从此再也不用苏宁易购了，1、页面上对于参与活动“手机与个人邮箱账户绑定”没有产品上提醒，这就是一个产品陷阱 2、参与前打400咨询活动，客服也不告知这个必要重要的一点。有和我一样入陷阱的童鞋吗？[怒]","test","81874","weibo-81874"
"weibo-65377","0","忘了今晚有恒大的比赛[衰]，还没下班，等会到哪看[衰]","test","65377","weibo-65377"
"weibo-99927","0","哈哈哈 笑死[哈哈][哈哈]//@SuperciciPlus:@旅行摄影的美食人_JC咖 [哈哈][哈哈][哈哈] //@150per浓缩阳光:额……@二十口三 ：这节奏想干嘛啦[抓狂][抓狂]@SuperciciPlus //@miss水://@?吉萌哭了: 好可?！","test","99927","weibo-99927"
"weibo-106463","0","是啊各种打击//@Kennyjia: 回复@佩佩尧:肿么啦！[失望] 受打击啦！ //@佩佩尧:现在精神完全崩溃中 //@Kennyjia:亲！你真能睡！[嘻嘻]","test","106463","weibo-106463"
"weibo-79795","0","恨你，这个点儿回国的人！！！@Leonis_Eric @Sophia-斐 你们也来恨她！！[泪][泪][泪][泪][泪]","test","79795","weibo-79795"
"weibo-70348","0","[泪][泪] //@网际无影手: 中兴的还好了。想当年哥在华为，压力山大呀。现在轻松多了，嘿嘿。//@永琳-cc: 爱惜身体@东土来客 //@网际无影手: 享年多少岁？三十有没有？[泪]//@陈雷4498: 请爱惜身体，警惕过劳死，为了爱你的人！！！","test","70348","weibo-70348"
"weibo-89494","0","我在这里: #顺义区#牙疼！一会我坚持不住会跳机的哈！[抓狂][哼] http://t.cn/zOtmH4k","test","89494","weibo-89494"
"weibo-95140","0","我只有强壮的大腿！[衰]","test","95140","weibo-95140"
"weibo-94155","0","[泪][泪][泪][怒][怒][怒][害羞][害羞][害羞][悲伤][悲伤][悲伤][委屈][委屈][委屈][可怜][可怜][可怜][下雨][下雨][下雨][伤心][伤心][伤心]","test","94155","weibo-94155"
"weibo-110090","0","心疼[泪]","test","110090","weibo-110090"
"weibo-68188","0","今天过节，本想犒劳自己喝罐可乐，可是外卖小哥竟然忘了带[泪]天意啊[抓狂]","test","68188","weibo-68188"
"weibo-116175","0","海滩上的晚餐，辣死我算了![泪]@北京菠菜","test","116175","weibo-116175"
"weibo-94377","0","[吃惊][汗][泪]还能不能活下去了[怒]","test","94377","weibo-94377"
"weibo-87481","0","//@热爱生活并努力减肥的男孩子:这种事居然发生在我们南京真可恶[怒][怒]//@我想有颗哭痣:[怒][怒] //@曹睿blog:[怒] //@热爱生活并努力减肥的男孩子: @南京零距离","test","87481","weibo-87481"
"weibo-61214","0","办了一件极其丢人的一件事@Mr培翔李 你懂的，嘘[嘘] [泪]","test","61214","weibo-61214"
"weibo-74295","0","你们真，，，这都挖出来了 //@林小木?:[衰] 此去经年。。 //@数字出版闫国栋：曾记否???","test","74295","weibo-74295"
"weibo-110218","0","逼着我们文明人骂街！]//@七块板儿:[怒骂][话筒]//@刘桂娟:派城管去菲律宾吧。 //@道可道91:[围观][怒骂]//@藜焱焱: //@直揭真相:我无法淡定了！谁给他们的权力打人？！走狗！","test","110218","weibo-110218"
"weibo-112378","0","不要批评好男人；（ //@雏菊花开的围脖:我老板真心不靠谱啊。[泪]","test","112378","weibo-112378"
"weibo-109318","0","中枪[泪] //@翻滚的辣椒:绝尘而去[泪] //@CeCaA小姐:擦，写实！","test","109318","weibo-109318"
"weibo-100239","0","我是有多胖了啊，在姥姥家吃个饭楞能给舅舅挡住，让姥姥以为舅舅走了。[汗][衰][衰][衰] 被耻笑了。在家试个以前买的衣服跟穿童装似的。[抓狂][抓狂] 买东西喜欢凑全家福，你们是不是也如此？[偷笑][偷笑]全家定的iphone5马上就能分批寄过来了。开心啊~~[威武][嘻嘻]","test","100239","weibo-100239"
"weibo-72797","0","[哈哈]还得怪俺的语文不好//@Sylvia煦雯: 这又是什么逻辑？今天的都看不懂[晕][晕]","test","72797","weibo-72797"
"weibo-64585","0","我要求把红十字会的遗体都给我，我他妈穿成串给他们烤了。[怒]","test","64585","weibo-64585"
"weibo-105228","0","不是一星半点的差距[衰]//@张朝阳_Cathy:看看人家干的活！[good] [good] [good] // @猫控 :德国","test","105228","weibo-105228"
"weibo-95891","0","@rebecca鱼 我又不争气的失眠了。你说我们这么善良单纯的孩纸怎么总被抛进命运的漩涡里去思考那些个残酷的命题。真是要好人不长命祸害活千年么[泪][泪]摇个号也屡不中啊，幸亏我还没把精神寄托到买彩票[衰][衰]你啥时候有空求饭局啊！","test","95891","weibo-95891"
"weibo-88924","0","[可怜]就在老店旁边//@许小鸵: [泪][泪][泪]","test","88924","weibo-88924"
"weibo-103269","0","头2号都是SBYP[怒] //@壹号战神Franck:普陀区委书记张国洪-河北武邑人，普陀区区长程向民-安徽宁国人。","test","103269","weibo-103269"
"weibo-60323","0","睇左脚仔软[晕]高~~~畏惧~~~","test","60323","weibo-60323"
"weibo-114570","0","我也要！[泪][泪][泪]8月快来吧！我们厮混！","test","114570","weibo-114570"
"weibo-88192","0","[泪][泪]恩恩。","test","88192","weibo-88192"
"weibo-79389","0","[闭嘴]//@李海宁lee: 浪费那些汉字开吗，直接俩字，＂住口 ＂不就完了吗.//@呼呼白菜的小菜园: [晕][偷笑]","test","79389","weibo-79389"
"weibo-73761","0","颈椎病又发了，疼的厉害，浑身都不舒服！！！[抓狂][挖鼻屎][衰][可怜][委屈][生病]","test","73761","weibo-73761"
"weibo-116708","0","第一次听这首歌就是在这里，该说什么呢？@Diss_Game_澜渡 [失望]//@杜二小姐: [微风] [微风] [微风]","test","116708","weibo-116708"
"weibo-47026","1","#龙门镖局#与@宁财神 的异想世界，可戳链接或查看大图观看~！[围观][嘻嘻]","train","47026","weibo-47026"
"weibo-58421","1","#2013纯生古建摄影大赛#【古建公益大讲堂】执着的摄友恐怕漏掉一丁点儿的讲座内容，高举录音设备全场收录讲座精彩内容~精神可嘉！[鼓掌]另外提醒一下广大摄友，雪花纯生?古建筑摄影大赛古建筑大讲堂楼庆西、钱元凯两位教授的所有授课内容都会制作成网易公开课，敬请期待噢！","train","58421","weibo-58421"
"weibo-54329","1","[3]这里是能让艺术家产生乡愁的地方：阳光，沙滩，海浪，渔船和淳朴渔民，透明海水里的鱼虾、螃蟹???我冲动了，要在这里修客栈！现开始募集股东！[嘻嘻]","train","54329","weibo-54329"
"weibo-29112","1","回复@Dannis0826:[耶] //@Dannis0826:回复 @首都机场朗豪酒店:回家以后，第一个就看到你，亲啊[嘻嘻]","train","29112","weibo-29112"
"weibo-29744","1","开心一刻[可爱]@湘人余岁柏 请各位仁兄分享@童彬原 @谭暑? @俺不把你哄 @长沙杨柳 @长沙谢栋 @公民老谢 @中华安志强 @何高峰V @何治中 [给力][威武] //@爱情房车案内人:我职业病要犯了 //@龚晓跃: 好吧，你们不转我转：好胸知时节……","train","29744","weibo-29744"
"weibo-32998","1","据说普洱茶是碱性，抗癌，是这样吗？//@蓝楹飞雨:哟…真是好茶！汤色红亮浓?、陈香袭人、滋味醇厚，上好的普洱呀[赞]茶亦醉人何需酒啊？云儿，再来一泡！[爱你][爱你][鼓掌]","train","32998","weibo-32998"
"weibo-36097","1","#Bone创意生活#凌乱的耳机线、充电线、数据线...杂乱无章的包包让人抓狂！小丸帮你忙！[亲亲] 【逗扣Q束绳】操作简单好上手，将束绳缠绕后套于钮扣外围凹槽即可；可换式造型逗扣，随心更换萌宠模样；采用高抗拉环保硅胶，伸缩弹性佳，耐污还可水洗哦！球类新款即将上市咯~~~","train","36097","weibo-36097"
"weibo-42689","1","#我不是明星#原来传说中的师奶杀手、亚洲超人气偶像就是@杨迪 ，鸥哥一脸嫌弃的表情引得现场观众捧腹大笑。两人合作的搞笑歌舞《今个儿真高兴》让观众眼前一亮~[哈哈]","train","42689","weibo-42689"
"weibo-8009","1","刚进家，差点回不来了[哈哈]","train","8009","weibo-8009"
"weibo-54273","1","[可爱] 佩服!","train","54273","weibo-54273"
"weibo-17746","1","现在就坐等被面试的 北大MBA男 出现了。 @刘瑶 姐快把它放出来吧， 偶们等不及了。 想听听另一面之词[鼓掌]","train","17746","weibo-17746"
"weibo-57391","1","#沃阁朋友#回复@笑小笑小笑:[嘻嘻]是不是呢？小伙伴们也来做做选择题吧！~@唯一的zw@花面小狐狸@Damon_孙立人@小蒜头粑粑","train","57391","weibo-57391"
"weibo-45249","1","[奥特曼]//@LiuS-易车: 该给老大的图书馆加一本书了[嘻嘻]@王洪浩易车网","train","45249","weibo-45249"
"weibo-8133","1","狂风暴雨之前 我到家啦[哈哈][自行车][心]","train","8133","weibo-8133"
"weibo-46463","1","不要脸的碰见看不要脸的了.谁更不要脸？ //@陶政宏:[哈哈]","train","46463","weibo-46463"
"weibo-48319","1","你就在院子里瞎折腾吧。[哈哈]","train","48319","weibo-48319"
"weibo-18234","1","[鼓掌]老师不客气！照顾不周","train","18234","weibo-18234"
"weibo-33747","1","欢迎大家去体验中国梦[哈哈][哈哈][哈哈][哈哈] //@王星餐饮品牌策划人:早安，与梦想同在！//@王星餐饮品牌策划人: 席窑梦，绿色梦，乡野梦！","train","33747","weibo-33747"
"weibo-4439","1","我来抢票了！~ 带宝宝看高级的高尔夫球哦[哈哈]@Z雅芳 @林琨智 @joker说 @雅琼爱美食","train","4439","weibo-4439"
"weibo-26120","1","一家亲[嘻嘻] 我在:http://t.cn/zlIbLZo","train","26120","weibo-26120"
"weibo-31728","1","iOS版百度3.0终于发布啦！[鼓掌][鼓掌]团队精心打造，呕心沥血，为您设计iOS上最好的搜索客户端。求下载，求转发，求好评！ http://t.cn/zljihmW","train","31728","weibo-31728"
"weibo-32206","1","强力推荐！@张泰铭_Tyrone @秘密_63746 @风雅散人 //@刘韧ray:[给力][威武][鼓掌]谢李总！ //@李厚霖:强力推荐！","train","32206","weibo-32206"
"weibo-27108","1","又快到1日4日了，纪念我心中永远的三毛 //@一块去旅行:爱三毛[爱你]","train","27108","weibo-27108"
"weibo-25426","1","#万丽美食课堂#泡饭做得好鱼汤是关键哟[给力]我们的帅哥厨师李毅Leo正在教美女们如何在家做出美味鱼汤[太开心][太开心][太开心]","train","25426","weibo-25426"
"weibo-24674","1","回复@紫陌筱儿:到时连书一起寄给你 //@紫陌筱儿:喜欢[嘻嘻]","train","24674","weibo-24674"
"weibo-39192","1","[哈哈]@香唐松草 好妖媚有没有！！！//@林竹: 哈哈哈哈哈哈哈哈哈！！！","train","39192","weibo-39192"
"weibo-17264","1","给力应该闪下腰嘛！[嘻嘻][嘻嘻] 才见个尼美~ //@8264野战军:今天下午穿着@HAGLOFS中国 V地底徒步鞋去踏了Vibram展位 冰道，防滑很给力！[嘻嘻]","train","17264","weibo-17264"
"weibo-55712","1","头儿说了，什么开放评论了什么时候就上班[嘻嘻]","train","55712","weibo-55712"
"weibo-50496","1","求证？ //@?臻曦:信则灵。//@肖秀明: [哈哈][哈哈][哈哈]那么神?[围观][围观]","train","50496","weibo-50496"
"weibo-3214","1","行啊，够硬的！原来是左青龙右白虎，中间是皮皮虾玩球，现在改经文了。幸好是南派小乘的佛教，不限吃喝玩乐，否则对不起师傅的功夫了[偷笑]！另外别搓澡的时候把皮搓掉了，过两天我去拓本！[嘻嘻]","train","3214","weibo-3214"
"weibo-38018","1","尼泊尔可以有！@女神平平 //@微博小百科:全球最便宜的十大旅游地~[爱你]@环球旅游记","train","38018","weibo-38018"
"weibo-5471","1","#中国哪里最好玩#号外，号外，2013世界穆斯林旅行商大会 9月7日将在宁夏召开啦，本届商会以“走进美丽中国?畅游神奇宁夏”为主题，届时亲们可以看到各种穆斯林旅游商品，还有回族文艺演出[太开心]","train","5471","weibo-5471"
"weibo-21151","1","@heureuxment //@王巍w: 这是小众聊天的沙龙,首期我来主持,以后各期都是嘉宾或推荐人来主持.江湖沙龙是读书会的延伸品牌,在朝阳公园东五门内的@国际金融博物馆 与西边华远大厦相对应.""西正东邪""![哈哈]主讲都是民间江湖人物,请各位博友推荐,博物馆勘定.","train","21151","weibo-21151"
"weibo-32042","1","?快?！?女二[嘻嘻] //@品岑Kohra_?星:哇哈哈~?部?何??拍，我一定去探班兼送花啦? //@王?雅Yetta-Wang:Hl！男主角！","train","32042","weibo-32042"
"weibo-28049","1","哈哈,新年语录.//@牛征?:[给力] // @李庆福华润医药 :[哈哈][哈哈][哈哈] // @韩志国 :最雷人新闻标题。","train","28049","weibo-28049"
"weibo-18804","1","15分钟，你准备好了吗？[嘻嘻]","train","18804","weibo-18804"
"weibo-25316","1","//@最佳婚礼摄影: 好萌好可爱[哈哈]","train","25316","weibo-25316"
"weibo-11082","1","太有才了！[哈哈]//@i宠物: 很有爱有木有！！[偷笑]","train","11082","weibo-11082"
"weibo-5156","1","Super cute fake print Huggies diaper on my friends twins cute pat pat! [嘻嘻][嘻嘻][嘻嘻] @shiu88","train","5156","weibo-5156"
"weibo-36600","1","真是不容易啊！水面上淋着大雨，盯的眼睛花了，头也晕了，可算是找到了！知道这是什么吗？[嘻嘻][嘻嘻][嘻嘻][可爱][可爱][可爱][帅][威武][酒][酒] @远方的马赛克 @??WRD @鬼谷靖天 我在:#漳河国家AAA级旅游区#","train","36600","weibo-36600"
"weibo-28298","1","正是自己不断追求和传递的。。。[太开心][太开心]","train","28298","weibo-28298"
"weibo-8124","1","今天天气不错。晚上看表演去。[嘻嘻][嘻嘻]","train","8124","weibo-8124"
"weibo-6807","1","回复@歪酷草梅:那是十三香的缘故！[爱你][爱你] //@歪酷草梅:看蛋皮发棕以为是鸡蛋呢[嘻嘻]","train","6807","weibo-6807"
"weibo-31799","1","美妙[鼓掌] //@宋小渝:[给力] //@北京信途国旅-李同: //@旅游信徒万一伟: [赞][鼓掌]生命之舞！","train","31799","weibo-31799"
"weibo-56221","1","偶要吃火锅..麻辣锅..多多的辣椒多多的花椒..哇咔咔..[哈哈]","train","56221","weibo-56221"
"weibo-4137","1","膜拜ing //@baidu-狐://@凯郦Kelly:哈哈~~ 巨像越狱兔里的人妖鸡~~//@刁?:脸变型了 //@小?-tasu-舒:好像贾虫。（@?琳J）[哈哈][哈哈] //@L_粉肠: 哈哈哈哈//@君YEAH:无盐以对…// @Evan20 :难以形容","train","4137","weibo-4137"
"weibo-2352","1","哈哈哈，太逗乐了~！//@宋凯Roland: 强力减震！[哈哈] //@金飞豹走天涯:自带气囊[哈哈] //@赵氏孤魂:估计车带的气囊没有她自带的好","train","2352","weibo-2352"
"weibo-20886","1","今晚远在云南西盟的叔叔来电说堂妹高考成绩不错，问选择什么学校什么专业好一些，聊了很多，想起05年在版纳见到堂妹的时候转眼6年了，肯定是出落的亭亭玉立了[哈哈]","train","20886","weibo-20886"
"weibo-6757","1","回复@Italk沙龙:哦 咱不签售啊 欢迎自带书出场 按倒强签 //@Italk沙龙:他，既是天使投资人也是技术大牛，为什么离开Facebook？为什么关注投资？2013年开年第一场，欢迎王总@王淮Harry 来italk掀起一场头脑风暴，现场版真人签售，各位亲们，还等什么？期待呀！！！[鼓掌][鼓掌][鼓掌] @孔华威","train","6757","weibo-6757"
"weibo-42273","1","[哈哈][哈哈][给力]谢谢喜欢！","train","42273","weibo-42273"
"weibo-7796","1","[哈哈][哈哈]~~~//@?涵:社联第34个社团诞生，各位父老乡亲奔走相告吧~~@最炫民族-峰 @潮州侨中人-刘佳要改变自己 @李佳?Salome @金融侠仔玩炒股大赛_课戴表飚 @茶鬼崔钰婷 @子惠在雕刻时光 @羞答部潘聪 @广商三水社团联合会 @广东商学院学生社团联合会","train","7796","weibo-7796"
"weibo-24180","1","真是没空孤单啊！[哈哈] //@雪域的公瑾:有那么多事去做，孤单个毛，想念个毛？","train","24180","weibo-24180"
"weibo-52894","1","#在地铁里遇到真爱粉#[偷笑]在安贞门看见一个漂亮姐姐拿着@豆果网 的环保布袋，地铁太挤没来得及搭讪姐姐就下车了[嘻嘻]，能遇到自家的包包好开心[鼓掌]","train","52894","weibo-52894"
"weibo-19193","1","和性感车模一起”脱光”，[哈哈][哈哈]","train","19193","weibo-19193"
"weibo-32421","1","[鼓掌] [鼓掌] [鼓掌] 老师的讲课很精彩，对阿姨和宝贝的帮助都很大！感谢了！[心][心][心]","train","32421","weibo-32421"
"weibo-56789","1","哈哈，做个有心计的女人，才快乐哈[爱你]","train","56789","weibo-56789"
"weibo-28941","1","回复@北京刘珊:刘老师也喜欢这物件？ //@北京刘珊:样子不错呢。 //@还没睡醒的龙:回复@诱饵丁:回头一起研究一下，喜欢带你认识几个人，额呵呵 //@诱饵丁: @还没睡醒的龙 其实我也不懂！[哈哈][哈哈][哈哈] //@还没睡醒的龙:好物件~","train","28941","weibo-28941"
"weibo-59920","1","反正钱留到也没用，你把钱拿出来，我把羊肉汤端出来！/@古倒吃158: 弱弱的问一句，羊肉汤锅免费的哇？//@敏一嘴: 回复@vera菜菜子:限量1000个[哈哈][哈哈][哈哈]//@vera菜菜子: @敏一嘴 羊肉汤坝坝宴算我一个，要么喝，要么哦豁！[哈哈][哈哈][哈哈]","train","59920","weibo-59920"
"weibo-28737","1","电视上播着的天天，让观众口水直流......今晚的录制现场又是另一翻景象.........[爱你][爱你]","train","28737","weibo-28737"
"weibo-22213","1","哈哈哈[哈哈]@言午日免","train","22213","weibo-22213"
"weibo-9902","1","@凤晓凤 这张照片不错哦！亲爱的[爱你]","train","9902","weibo-9902"
"weibo-22691","1","祝我们大林子仙福永享，寿与天齐，你是一个大孩子啦，不要再挑食啦！?给你什么，就闭眼囫囵个咽下去吧！[鼓掌][心][蛋糕][微风][音乐]","train","22691","weibo-22691"
"weibo-45264","1","应该快播了[嘻嘻] //@于瑛楠:收图回家！哈哈哈。。。[爱你]","train","45264","weibo-45264"
"weibo-49896","1","难得[呵呵]碰上一个志同道合的朋友！人生不寂寞啊[哈哈] 晚安！认识你是我的福气！ @大连大唐 周游世界，有伴儿了[呵呵]","train","49896","weibo-49896"
"weibo-3385","1","好主意[鼓掌]看来等我女儿长大了也送套厨房算了，房价实在太高了@xin_may[偷笑][偷笑] @永远的协和 哈哈！ [嘻嘻] @林忆莲[偷笑]","train","3385","weibo-3385"
"weibo-34091","1","是啊,提前半小时哈! //@双月映雪:改点儿了 //@1039志梅:回复@子辰木南:谢谢你的爱~~~[嘻嘻][给力] //@子辰木南:果断收听！最爱旅途了 //@1039志梅:告知哈：明年《旅途》11:00――11:30啦，一起在路上哈~~~","train","34091","weibo-34091"
"weibo-32478","1","#2014春季西祠婚博会#各路“神马”齐聚一堂！亲们报名飞机线路就可以带他们回家哟！！ [鼓掌][鼓掌][鼓掌]","train","32478","weibo-32478"
"weibo-54609","1","回是回不去了、你可以来[嘻嘻][嘻嘻][嘻嘻] //@Weishan祁珊珊:[抓狂][抓狂][抓狂] 嘟嘟你给我回来?","train","54609","weibo-54609"
"weibo-20880","1","[嘻嘻]适时的转身多重要[酷]","train","20880","weibo-20880"
"weibo-35850","1","阿呸，得瑟[哈哈] //@锋Felix:就是，都看腻了！[左哼哼][打哈气]","train","35850","weibo-35850"
"weibo-27990","1","看电视。#?索# 访谈 高圆圆[可爱]","train","27990","weibo-27990"
"weibo-57680","1","杨警官，生日快乐，辛苦了！ //@赵云龙:马年万福！[嘻嘻]//@L_自由自在的鱼:[蛋糕] //@杨华民:一个人好不是好，大家好才是真的好！粉丝，有您真好！[呵呵] //@秋天的星愿:转发微博","train","57680","weibo-57680"
"weibo-23491","1","#拖肥#：原?是他，看?熊?[哈哈]","train","23491","weibo-23491"
"weibo-8526","1","逗死 个例吧//@欢喜木: //@郑大果果果: 天下带腿的除了桌子都吃[哈哈] //@笑多了会怀孕:老外含泪诉说娶中国太太的下场！","train","8526","weibo-8526"
"weibo-2152","1","[哈哈]一眼看上去真像。。。","train","2152","weibo-2152"
"weibo-54977","1","回复@瘦马古道001:姐，你可以猜猜王医生的芳龄[嘻嘻] //@瘦马古道001:好帅滴说 //@图书策划人红嵋:王医生好，您介是哪里啊？真漂亮啊[花心]","train","54977","weibo-54977"
"weibo-48540","1","[哈哈] [赞] //@马云路6：转发微博。","train","48540","weibo-48540"
"weibo-36304","1","＂红茶菌＂还有啊？！三、四十年前我奶奶做过。 //@拉萨同城会:#春节福利#【亲自制的红茶菌分送全城好友！】自带容器找博主要福利喽[爱你][嘻嘻] //@Amigo凝古藏:有需要的人，送一个玻璃容器过来先，然后1个月后取东西回去自己养。","train","36304","weibo-36304"
"weibo-49733","1","??四海~ //@钟楚红Cherie:生日快??Leslie. 怎?忘?你！ //@MollyChoi916:[心][爱你][花心]","train","49733","weibo-49733"
"weibo-40968","1","明晚！ //@北漂团伙:明晚都来感受英伦世界吧。//@MAOLivehouse北京 晚上8点半上演英伦战舰大集结，，大家千万别错过啊[太开心]//@北漂团伙: [兔子]，10月18日晚上8点半，在@MAOLivehouse北京 为大家呈现英伦大集结！！都来噢，，让我们用英伦的声音点亮18号的夜晚[lt切克闹]","train","40968","weibo-40968"
"weibo-1156","1","[哈哈]//@品趣潇枫:砖家肯定不靠谱！但您老这数学也忒差了吧？ //@简东升:亲，这是正规厂家的烟花，如果是土作坊，山寨的用泥土做的呢？所以不要完全信数据，当然了，砖家的话一定不能信的","train","1156","weibo-1156"
"weibo-32338","1","//@文硕: 很不错！[鼓掌]//@蔚县剪纸大观园: 非常棒的十二生肖[福到啦] //@蔚县剪纸艺术:生肖祥和，万事如意！","train","32338","weibo-32338"
"weibo-46227","1","感谢您对#R美食控#摄影大赛的支持，感谢您的投稿！生活在于发现，发现平凡生活中微小的幸福[鼓掌][鼓掌][鼓掌]烦请将您作品的原稿发送至：2013wanli@sina.com 投稿即可成功，谢谢！[抱抱][抱抱]","train","46227","weibo-46227"
"weibo-39779","1","//@李兴平: [哈哈]","train","39779","weibo-39779"
"weibo-5235","1","哈哈，没您帮忙开不了张//@得瑟的特特妈: [哈哈][鼓掌][鼓掌]遥祝『开业大吉』 //@520微话剧:码字之乐，其乐在心。人生有诸多不如意，家庭有多少不顺气。丢了它们罢，一头扎进文字里","train","5235","weibo-5235"
"weibo-19374","1","蜜月游如果男的发痔疮女的来例假，回来是不是得离婚？[嘻嘻]","train","19374","weibo-19374"
"weibo-53466","1","也多谢雨彤[哈哈]//@周飞0: 多谢宁老师扩散//@宁丞书: 转。各位写手们看一看。 //@雨彤:支持！我想投稿","train","53466","weibo-53466"
"weibo-44182","1","嘿，刚回家吧。晚了啊、//@libby梅：marni的包子我可以考虑35岁再入手[嘻嘻] //@街拍至上：女人站在高跟鞋上可以看见整个世界，而当她们拎上一只崭新的包包，则仿佛是拥有了整个世界","train","44182","weibo-44182"
"weibo-30154","1","偶的座位啦！[嘻嘻]同事们都秀过了，我才反应过来。[爱你][嘻嘻]","train","30154","weibo-30154"
"weibo-1012","1","据记载，武当山在明朝成为全国的道教中心，全国各地道士游方挂丹者络绎不绝，因此设立十方堂，专门安排接待来往道士。[太开心][酷]武当山欢迎八方游客！","train","1012","weibo-1012"
"weibo-24277","1","我居然第一遍没看懂，又看了一遍，然后笑不止了 //@困兽QQ:[哈哈]笑点好低","train","24277","weibo-24277"
"weibo-11771","1","回复@艺海王宝:[?力][鼓掌]欢迎 //@艺海王宝:这是你们的新品牌吗？改日去捧场啊！","train","11771","weibo-11771"
"weibo-15676","1","#名厨活动#@北京伯豪瑞廷酒店 川菜品鉴活动这就开始喽。大家就座完毕准备上菜啦[嘻嘻]@王小猫V @呼啦大圈圈 @小可疼 @疯子头头","train","15676","weibo-15676"
"weibo-50334","1","新入手的小可爱，周一到周五一天一色~~[哈哈][耶] http://t.cn/zWGkQso","train","50334","weibo-50334"
"weibo-19056","1","环形使者，手上刻字的业务不知道能否用在四六级英语考试传答案上[哈哈][哈哈]","train","19056","weibo-19056"
"weibo-26450","1","[抱抱][鼓掌] 新品梦想哦，口感如何？","train","26450","weibo-26450"
"weibo-13439","1","最爱你的六耳猕猴！[可爱] //@粗线条发声体:西西同?生日快?，[蛋糕。","train","13439","weibo-13439"
"weibo-324","1","物以稀为贵，昨天坐着出租车，司机师傅等红灯的时候也不忘狂拍，我也在车上狂拍天空，很激动[嘻嘻]","train","324","weibo-324"
"weibo-54619","1","孩子昨天说：老师通知，暑假期间，田径训练照常。儿子很痛苦，和老师说要比赛和出去玩，以逃脱训练。老师说了，没关系，比赛，和玩之前去练。儿子说要赛前集中训练。老师又说，没事，早上路过我家，叫起来带着走，先训练，在练剑。儿子[抓狂]老师够狠[哈哈][good]","train","54619","weibo-54619"
"weibo-53423","1","祝贺哈哈[鼓掌][鼓掌] //@火龙美食1968:祝贺：@得着您那2011 @金牌厨师磊磊 @leon1300 @RC创意凉菜总监","train","53423","weibo-53423"
"weibo-45397","1","生日快乐！[蛋糕]跟快乐大本营同天生日的@大本营的刘小伟 [鼓掌]//@大本营的刘小伟: 哇！哇！哇！这这这！谢谢！！！","train","45397","weibo-45397"
"weibo-10955","1","所谓见头三分?，但俺只吃过烧扒整猪头，拆烩鲢鱼头，东山鸭头，白水羊头。兔头见过，没吃。[嘻嘻] //@老波头:I do！ //@沈宏非: 猪头、羊头、鹅头、鱼头、各种头，我最爱的是罐头！次爱的是老波头！","train","10955","weibo-10955"
"weibo-30056","1","对对对~外运空发展，我就喜欢空发展，我就空..[嘻嘻]//@夏_纪_:空发展出人才啊~~~@嘻哈包袱铺韩凤霆","train","30056","weibo-30056"
"weibo-19248","1","多谢大家对梨子的喜欢~欢迎欢迎哦~[太开心]","train","19248","weibo-19248"
"weibo-47588","1","老街兔夜宵，肥肠粉+夫妻肺片+老街拌面+冰可乐+黏豆包+黄米包，辣得爽，肥肠粉好吃[嘻嘻][嘻嘻][嘻嘻][可爱][可爱][可爱]","train","47588","weibo-47588"
"weibo-11307","1","[威武][哈哈]哇嘎嘎！","train","11307","weibo-11307"
"weibo-33616","1","凡在老磨坊住满三天的客人，我们老磨坊的钢琴小王子可以为每位客人打通关[哈哈][哈哈][哈哈]","train","33616","weibo-33616"
"weibo-59984","1","[太开心][花心]//@做饭很简单: #Hello Kitty#滴厨具，太可爱啦，现在更爱下厨房了~~[嘻嘻] 粉爱Kitty的达人，就请关注@空尼七挖Kitty哟","train","59984","weibo-59984"
"weibo-10531","1","[可爱] 期待~//@丫头-莎小莎:雨过天晴，今儿继续大制作！哈哈哈 //@杨2婕娜姆:大制作！[鼓掌][鼓掌][鼓掌]","train","10531","weibo-10531"
"weibo-42240","1","[哈哈] //@王莉莉-经纪人:回复@F冯佳佳:特别是电影中晓超跟晓攀的对手戏，比他俩的相声还有意思[鼓掌] //@F冯佳佳:@张杨果而 女主角演的也不错","train","42240","weibo-42240"
"weibo-30467","1","惹不起，您先请。[哈哈]","train","30467","weibo-30467"
"weibo-4548","1","回复@花影娉婷的围脖:双节嘛,有吃有花才完羔 //@花影娉婷的围脖:谢谢姐姐[爱你][爱你]好感动","train","4548","weibo-4548"
"weibo-39182","1","笑的太美啦@孙源空间 感谢姐姐给家里，带来了一个美丽的天使[嘻嘻]","train","39182","weibo-39182"
"weibo-38639","1","[鼓掌][good] //@历史解密网://@西西氟斯:藩爷啊!世道变了啊!现在全反过来了！连曾哥都是女的了！","train","38639","weibo-38639"
"weibo-34170","1","转发正能量，最可爱的锦江人！[爱你]","train","34170","weibo-34170"
"weibo-57046","1","#携伴食行#【可以喝的芝士！杭州最“土豪”奶茶店】潮天奶茶店，它家的芝士竟是喝的[太开心]，香浓的芝士变身饮品，每一口都让味蕾超满足。各位大土豪，小土豪们，如此彰显身份的饮品，抓紧走起[鼓掌]！地址：耶稣堂弄4号[爱你]http://t.cn/8kSVvg5","train","57046","weibo-57046"
"weibo-28059","1","今天真是好巧啊，展馆偶遇[哈哈]那我来个评论吧，今天有些展出的照片，要是我这么拍，那就是脑残神经病，甚至是臭流氓；大师这么拍，那就是独树一帜有思想有创意。好了，明天学校见[偷笑]","train","28059","weibo-28059"
"weibo-47098","1","回复@三丁丸子:见过讲究的，没见过如此讲究的。。。 //@三丁丸子:我可以再买袋糖，亲[嘻嘻]","train","47098","weibo-47098"
"weibo-56235","1","今天在单位把工作都做完了，回家不用加班哩！睡觉！呼呼~~晚安！~[亲亲]","train","56235","weibo-56235"
"weibo-24742","1","某心灵手巧男纯手工出品[鼓掌][good][赞][兔子][给力] @馄饨锣","train","24742","weibo-24742"
"weibo-4433","1","大鹰Tee 回来啦...[哈哈][哈哈][哈哈] 国内现货...","train","4433","weibo-4433"
"weibo-18933","1","大长腿，手拉手，还有八年哦！[爱你][爱你][爱你] @张梓琳 @FireBible","train","18933","weibo-18933"
"weibo-12670","1","回复@葱油饼饼:我说捏，要是再带点小卷毛，就太神啦。我现在在马鞍山喝卡灰~~听说你最近要来南京，要不来马鞍山参观下？带你感受下江南水文化。。。[哈哈] 回来第一天，各水城泡了3回澡~~ //@葱油饼饼:回复 @monica_每文:我外甥","train","12670","weibo-12670"
"weibo-56837","1","重庆公交车站降温设备，水大点就能是瀑布了，真浪漫[爱你] 我在:http://t.cn/zQh43vf","train","56837","weibo-56837"
"weibo-4590","1","回家学学啊~[哈哈]","train","4590","weibo-4590"
"weibo-2275","1","合照[亲亲]","train","2275","weibo-2275"
"weibo-34027","1","#TOMO在北京蓝色港湾#吃不下了，金汤狮子头，客家狮子头，美食诱惑不断啊[哈哈]#微美食随手拍#@一茶一坐CHAMATE","train","34027","weibo-34027"
"weibo-13531","1","有奶昔的没？[嘻嘻]","train","13531","weibo-13531"
"weibo-54776","1","回复@西林咩咩:老编听小编的安排[泪][泪][泪] //@西林咩咩:老编你一定要评论+转发吗?刷屏的节奏啊 //@苏州环秀晓筑官方微博:善解风情的老编懂了![哈哈] //@Lillian_念: @丑丑老爹 @胡言乱语地猫 好想去[花心]","train","54776","weibo-54776"
"weibo-46632","1","#80公升始于足下#【花式足球】今天跟着@80公升官博 与足球结缘，而且还是花式足球，够洋气吧！[嘻嘻]@足球小将少儿俱乐部 教练精彩的表演引来阵阵掌声，更让小队员们惊叹不已，哇……声一片。@行者橙子","train","46632","weibo-46632"
"weibo-10641","1","? //@丫丫芬:[鼓掌]//@老箭摄影: [good]","train","10641","weibo-10641"
"weibo-54303","1","[鼓掌]前有胡援成，现有王善论 //@张耀辉-从容中道:为每一位江财的好老师喝采，他们才是江财真正的核心竞争力。 //@江财上海校友会:这时节耐住寂寞，潜心育人的老师越来越少了。向王老师致敬！","train","54303","weibo-54303"
"weibo-33096","1","我就去了//@AA逍遥BB：哈哈，看一次笑一次[哈哈]","train","33096","weibo-33096"
"weibo-19840","1","我在Langkawi办理登机牌时就特别交待了直接托运到帝都，确认无误后才离开的柜台~ //@白丁公子:回复@维尼小熊:[哈哈]???。我的也在吉隆坡~ //@维尼小熊: @泡鱼儿 @鸢尾 @白丁公子 @简白 @七月娃娃 @海航_小签 @aiko在台? @北寒中国游","train","19840","weibo-19840"
"weibo-40916","1","#周末HK好康# 即日起至1月12日，於 LeSportsac 香港全线分店购买精选货品，可享低至半价优惠！[嘻嘻]","train","40916","weibo-40916"
"weibo-21515","1","你?到香港?了！？//@何炅:你也是！远远就看到你啦！好久不见！ //@?家?:做慈善的人特??！今天看?你容光??[哈哈]","train","21515","weibo-21515"
"weibo-45788","1","233//@风吹鸡巴蛋打颤: [可爱] //@你压到我的腿毛了:[可爱] //@撸出一管蓝瓶钙:好萌！！//@杨幂让我233: //@夏目家的小诗哥:(＊ ? ω｀＊) 店长卖萌犯规啊//@抖叽叽: 呜哇太犯规！！ (*??`*) //@飞鱼_moneyI C: うさぎも死なないよ～","train","45788","weibo-45788"
"weibo-44866","1","[嘻嘻]大过年的，带宝宝到三亚去偷菜什么的最给力啦~","train","44866","weibo-44866"
"weibo-45365","1","[微风] //@朝华出版社: 想好这个周末去哪玩了嘛？[微风]不如来新浪微博参加我们的送书活动吧！[鼓掌]第一周的十位幸运听众就快产生啦[啦啦啦啦][啦啦啦啦]","train","45365","weibo-45365"
"weibo-28890","1","横批：我蔫翘了嘻嘻 //@黄维小清:[哈哈] 横批：我做到了[哈哈]/@相声演员刘骥: @黄维小清 @相声演员刘彤！ 师娘教诲最可贵，值班竟成赛诗会，众望所归把我鞭，真是黑色星期天！","train","28890","weibo-28890"
"weibo-15989","1","客气[哈哈][哈哈][哈哈]","train","15989","weibo-15989"
"weibo-21381","1","回复@DreamGirls宋米秦:米秦~~~~新年快?~~~~~ //@DreamGirls宋米秦:新年快?~[嘻嘻][嘻嘻][做鬼脸][心] //@王?雅Yetta-Wang:??!!!!新年快?!!!!!! //@?嘉容:王? 2012快?!","train","21381","weibo-21381"
"weibo-58960","1","美好的一天！[嘻嘻][威武]","train","58960","weibo-58960"
"weibo-55033","1","呵呵 左岸店 欢迎您[爱你][鼓掌][鼓掌][鼓掌]","train","55033","weibo-55033"
"weibo-28481","1","酸豆角炒腊肉.腌制的豆角做得好不好是个关键.多年来在国内跑过不少食品批发市场，大部份都伴随噩梦而来。酸豆角这东西要安心，只能自己做。4-5天的功夫时间倒并不长，但那么重口味的东西要把1斤豆吃掉可得找些人一块儿[嘻嘻]#深夜发吃兴趣小组##零点与您聊炖肉#","train","28481","weibo-28481"
"weibo-40555","1","初冬的灰衣女孩。岁月你好。[爱你][手套]","train","40555","weibo-40555"
"weibo-10856","1","重口味，真开胃！[哈哈] //@马德里豪尔赫:老瓦也来重口味了，哈哈。","train","10856","weibo-10856"
"weibo-43236","1","北漂在外，顶一个！一直想拜个吉他老师！[哈哈] //@客家传奇: 《又见雁南飞》客家人歌手，来自梅州。 [鼓掌][威武]","train","43236","weibo-43236"
"weibo-11832","1","去不了，推荐@杨潇同学 去~[哈哈] //@:@襄樊咩咩羊 @简白 @泡鱼儿 带上我啊[阳光]","train","11832","weibo-11832"
"weibo-22203","1","老板心态很好，但估计不是老板自己想出来的[嘻嘻]//@途家厦门: 让土豆丝飞一会。。。。。。哈哈！有这样的老板不光顾你的小店都不行啊！[哈哈]","train","22203","weibo-22203"
"weibo-44587","1","[鼓掌][鼓掌][鼓掌]期待2个月以后的总决赛~[围观] @游走的胖纸","train","44587","weibo-44587"
"weibo-53960","1","猜对了！[偷笑] //@快乐的Dowson:[给力][哈哈]视频上看，主意肯定是@现代可汗 出的！你太坏了，等你们的节目播出！期待！","train","53960","weibo-53960"
"weibo-37581","1","标哥的新雪服很亮眼[哈哈][赞] //@怪坡滑雪场标哥:哈哈，怪坡逐步的走向人流高峰啊[嘻嘻] //@沈阳怪坡滑雪场: [[ok][ok][ok]] //@大牛玩滑雪:越来越好，来来来来，越来越火，来来来来……献歌一曲……","train","37581","weibo-37581"
"weibo-20533","1","我的四件事：喝药，吃药，熬药，再买药[嘻嘻][嘻嘻][嘻嘻] //@无须豆蔻:我的四件事是：洗澡、洗衣服，整理东西，按摩，脖子都僵硬了 //@走过大地:我的四件事是：洗澡，洗衣服，收相机，拷照片，我显然比你苦逼了...","train","20533","weibo-20533"
"weibo-11326","1","我现在也开始做光怪陆离的科幻灵异穿越的梦了[嘻嘻]","train","11326","weibo-11326"
"weibo-4360","1","回复@陈烟旧雨:[哈哈][哈哈]茶友们又多了一个品茶的好地方！交通方便，四条轨交站点，自驾来停车也方便！ //@陈烟旧雨:好棒呀！！[威武][威武][威武] 我家的茶室哦！?迎光?！[鼓掌][鼓掌][鼓掌]","train","4360","weibo-4360"
"weibo-50430","1","E-cup...[偷笑][哈哈][偷笑]~~","train","50430","weibo-50430"
"weibo-55831","1","[哈哈]//@送给十二星座的999封信: ?这里的猫猫狗狗【超级可爱】[爱你哦] 【超级萌】[爱你]","train","55831","weibo-55831"
"weibo-7001","1","深圳的又一好味快餐[鼓掌][鼓掌]","train","7001","weibo-7001"
"weibo-38211","1","中秋节年年过，但总有那么一两次让你久久不能忘怀。小伙伴们，来参加我们与@苏州同城会 中秋微博活动吧，一起来赢得又美好又美味的香格里拉月饼~[嘻嘻]","train","38211","weibo-38211"
"weibo-43419","1","[抱抱]感谢分享！","train","43419","weibo-43419"
"weibo-49796","1","[太阳][哈哈][哈哈][哈哈][太阳] 谢谢乖乖??我们的碉楼在哪里？//@贡秋曲珍:好噢[鼓掌]、、、妹妹在旁边干活，姐姐呢？？[泪]姐姐在哪里呀[失望]@照着小太阳的大太阳","train","49796","weibo-49796"
"weibo-23754","1","咖啡控们转了~[哈哈]","train","23754","weibo-23754"
"weibo-12319","1","我点的碳哈哈，老霸道了[嘻嘻][嘻嘻][嘻嘻]","train","12319","weibo-12319"
"weibo-5034","1","还是高速省油啊，在这个特别的公里数诞生的时候留影纪念[哈哈]@REIZ锐志","train","5034","weibo-5034"
"weibo-12329","1","看来大家和我们的天使玩儿的很High啊[爱你][爱你] 今晚一定会做个美梦咯[做鬼脸][做鬼脸]","train","12329","weibo-12329"
"weibo-41092","1","等着看大片了[鼓掌][给力][围观]//@老爱围脖: 乐玛乐太乐夫一一缘份啊[握手]乐夫雅楼[ok][酷]","train","41092","weibo-41092"
"weibo-38392","1","康圣人丑极，此女却美极，梁兄以为其中玄妙为何？[笑哈哈] //@梁基永:回复@弘毅轩主人:吾乡康圣人德被四表，无分畛域，皆求受宠，故有此尤物传世，奚足怪哉[嘻嘻]@孔氏繁文 //@弘毅轩主人:据报道是康南海的曾孙女，不知道康圣人这一脉是怎么传的来...","train","38392","weibo-38392"
"weibo-16387","1","[哈哈]有意思，真是愤青啊 //@BOWEN628: 如此愤青语言还配自称经济学家!","train","16387","weibo-16387"
"weibo-7753","1","@3W咖啡 加油，互联网人的家！期待相聚新店。酒很棒！人也很棒，全是帅哥美女！我和@许单单-互联网分析师 有机会合影了[哈哈][哈哈][哈哈]@夏强Allen @马?龙","train","7753","weibo-7753"
"weibo-56695","1","图案很可爱，很适合当礼物！[嘻嘻][嘻嘻][嘻嘻][嘻嘻]","train","56695","weibo-56695"
"weibo-56559","1","怎么，想去吗，赶紧吧，呵呵。//@潘婕:[鼓掌] //@徐亮Roger:美丽的#毛里求斯微攻略# 达人现场报道，你还犹豫吗？ 度假就上 @遨游网","train","56559","weibo-56559"
"weibo-10015","1","笑一笑十年少~[哈哈]","train","10015","weibo-10015"
"weibo-35693","1","马五爷你太可爱了吧！[哈哈]","train","35693","weibo-35693"
"weibo-20986","1","答案只有两个字：社会！//@导演高晓舰: 现在的孩纸哟，伤不起！[哈哈]//@博者文摘: //@姜小白3:[偷乐]","train","20986","weibo-20986"
"weibo-16093","1","来到这才知道民族园的做的有多么的象[嘻嘻][嘻嘻][嘻嘻]","train","16093","weibo-16093"
"weibo-59126","1","[花心] //@邹游zouyou:[哈哈] //@斯海洲:范 //@邹游zouyou:很有型哦：） //@翠姑娘0:[奥特曼][鼓掌][奥特曼]！！！荣幸的亮了个像，继续努力，13aw及新加坡发布会！","train","59126","weibo-59126"
"weibo-25979","1","目前就只有60盒，农民伯伯们挑选的最好的。//@董鑫-小坏东西: 卖到几号？有机会去看看[嘻嘻]","train","25979","weibo-25979"
"weibo-50435","1","[爱你]快乐天天","train","50435","weibo-50435"
"weibo-13996","1","志远，你太有心了[可爱]","train","13996","weibo-13996"
"weibo-57553","1","回复@糖奇玛朵Sakura:谢谢[嘻嘻] //@糖奇玛朵Sakura:生日快乐呀 //@马剑是谁:回复@江?城云:谢谢[握手] //@江?城云:生日快乐！[呵呵] //@马剑是谁:过来，请你喝酒哈","train","57553","weibo-57553"
"weibo-9062","1","@16nv [汗]//@詹妮弗牛:真凭实据说明金毛是大众情人儿啊~~~[偷笑]@最爱猪样儿 //@诸葛猫妖肆月: 金毛好忙啊[哈哈][哈哈][哈哈]","train","9062","weibo-9062"
"weibo-9750","1","[爱你][爱你][爱你][爱你][爱你][爱你] //@武云溥:新京报明星喵超级大片。最受不了里头那个“评论部的男麻麻”……@赵勇力 @小小小小樱桃桃桃","train","9750","weibo-9750"
"weibo-47803","1","小辣是最棒的~[哈哈][哈哈][哈哈]","train","47803","weibo-47803"
"weibo-4057","1","大娟儿诚意推荐，果冻冰箱里冻一个小时以后再吃，人生就从此没了遗憾~[可爱] [鼓掌]","train","4057","weibo-4057"
"weibo-28942","1","这是日本岐阜县多治见的派出所[叹号] 为了和周围古朴街景保持一致，派出所的外观也设计成日本传统风格[鼓掌] 前面的路叫“本町织部路”。岐阜县多治见市是日本有名的“美浓烧”陶瓷的生产地[茶] 这个路上有出售和展览陶瓷（美浓烧）的商铺。还有当地风味料理[馋嘴]","train","28942","weibo-28942"
"weibo-340","1","[good][good][good]赞赞赞～～[鼓掌][鼓掌]","train","340","weibo-340"
"weibo-12158","1","#高级定制# 黑钻／白钻 超帅排戒 还有谁要哒？赶快报名哦...[鼓掌][鼓掌][鼓掌]???...","train","12158","weibo-12158"
"weibo-53477","1","毫无违和感~[爱你][偷乐]","train","53477","weibo-53477"
"weibo-36420","1","家的感觉、家的味道！[爱你][爱你][爱你]","train","36420","weibo-36420"
"weibo-6383","1","有美女哦//@猫扑: 温馨、可爱、淳朴、自然[爱你]","train","6383","weibo-6383"
"weibo-25473","1","献给最爱最伟大的母亲最最真诚的祝福:妈妈我爱你，愿你健康快乐！[爱你]感恩！","train","25473","weibo-25473"
"weibo-42325","1","@梅里-Meilee 的手工果酒，用心的包装，今晚江蟹有约[哈哈]@懒人业余餐厅 @懒人业余餐厅南京店 [爱你]","train","42325","weibo-42325"
"weibo-33003","1","[哈哈] #XP真岔劈了# #跟XP说再见#","train","33003","weibo-33003"
"weibo-23510","1","[太开心]@蛀?momo ：突然想到了咱俩……哈哈哈//@全球创意搜罗: 哈哈，这个好~","train","23510","weibo-23510"
"weibo-23780","1","回复@张本: 哈哈哈！那你就继续敖彪这个sb法兰西吧[哈哈][哈哈][哈哈][哈哈]//@张本:擦，我发现你绝对是微博控！你老婆还在跟我敖彪这个SB法兰西","train","23780","weibo-23780"
"weibo-6428","1","[鼓掌][鼓掌]樱花季节来啦！miss u so much","train","6428","weibo-6428"
"weibo-35652","1","这样的天气也不能浇灭我们运动的热情！！！得对得起场地费呀[哈哈]","train","35652","weibo-35652"
"weibo-13493","1","谢谢，归还时????????????记得包含利息[鼓掌]","train","13493","weibo-13493"
"weibo-26593","1","这是历史性的一刻。//@董芳:叙事宏大[嘻嘻] //@?琉璃孙:该决议一举打破业界传“麻花”与“怪咖”不合的谣言，灾难面前，人人团结，人人有责！@常浚铭 @开心麻花刘洪涛 @董芳","train","26593","weibo-26593"
"weibo-12230","1","湘鄂情，自打建成了配送中心后，将有很多小品牌面市，特别是小店小吃类，据说，餐饮电商，都自己做，唉//@黄记煌-黄耕: 以前都是一些不知名的小店仿照着我们做焖锅,没想到象湘鄂情这种大型上市餐饮公司也开始效仿了。看来黄记煌是越来越被大家认可了[鼓掌][鼓掌]","train","12230","weibo-12230"
"weibo-31382","1","即将走上烧钱撒入大海的不归路[偷笑]//@成鹏_Eric:今天去了这个，对潜水产生了很大兴趣[爱你]//@穷游网:#穷游Express# 广州旅行分享会，转给广州穷游er们?","train","31382","weibo-31382"
"weibo-25213","1","好colorful,love it[太开心] //@EMAkuma:// @wendy_vv :哇哇哇[爱你]// @ccj_小静 : @wendy_vv // @?xiao? : 太kawaii了吧...// @chia-紫 ：集啊鲁 可爱呀 // @日本航空公司 :JAL最高","train","25213","weibo-25213"
"weibo-57741","1","我的熊越?越多啦!!!!!![鼓掌] ??大家","train","57741","weibo-57741"
"weibo-1830","1","S.M.L.XL,一棵树上的................四个尺码[嘻嘻]","train","1830","weibo-1830"
"weibo-42951","1","萌妹纸们已经坐上 @摇摇招车 安全到家鸟~ 各位亲们，摇摇超级怜香惜玉的呢 嗯哼~~[哈哈]","train","42951","weibo-42951"
"weibo-24997","1","哈哈!又感性了吧，坤儿？淡定。。[嘻嘻][嘻嘻][嘻嘻]@陈坤","train","24997","weibo-24997"
"weibo-42909","1","[哈哈]Hi 大西洋号欢迎您！许下小小心愿，赢取大大礼包！究竟歌诗达漂流瓶里藏了什么样的惊喜好礼？海上威尼斯等待你的开启！赶快点击http://t.cn/zQhJNfO 参与互动咯~！","train","42909","weibo-42909"
"weibo-26547","1","#「不靠谱的演员都爱说如果」首场签售##张译#这么早就到了，大家都很棒！[爱你]","train","26547","weibo-26547"
"weibo-5104","1","伟大的父爱[鼓掌]","train","5104","weibo-5104"
"weibo-42900","1","小叮叮一定是一位听话的孩子。宝贝健康成长当妈的最开心哇[太开心]","train","42900","weibo-42900"
"weibo-16895","1","谢谢参加我们集团#我心目中的途易#有奖征文活动，也谢谢你的好朋友@龙仔_逯 ，让我们共同期待浙江途易旅游集团的明天更美好[嘻嘻]","train","16895","weibo-16895"
"weibo-845","1","key west有好多遛达鸡。[馋嘴][哈哈]","train","845","weibo-845"
"weibo-28826","1","快活[鼓掌][鼓掌][鼓掌]","train","28826","weibo-28826"
"weibo-2672","1","谢谢边老师的赞扬！一定继续努力～ //@边疆边吃边说:回复@光头陈庆:那牛排绝了！ //@光头陈庆:到位漂亮国际范[赞][赞]牛 //@边疆边吃边说:不像大不列颠风格了。[嘻嘻]","train","2672","weibo-2672"
"weibo-14539","1","为人处世“好”字绝 品牌策划更叫绝 好就是好......[哈哈]","train","14539","weibo-14539"
"weibo-14995","1","[嘻嘻]//@徐虹XGirl: 只要不搞破坏，想干嘛干嘛吧~[爱你]","train","14995","weibo-14995"
"weibo-15243","1","回复@居然没有合适的名字:记得去4u 对面的 幸福姐海鲜大排档 绝对性价比高 新鲜物美好地方 //@居然没有合适的名字:我已准备过几天就去，就是奔着海鲜去的，求地址，求走法，求注意事项！[太开心]","train","15243","weibo-15243"
"weibo-54358","1","好吧，成都！虽然一波三折，却也让我有意外的最大收获，感谢亲爱的司机接机，并入住如此特色的酒店。成都，我预备爱上你[太开心]","train","54358","weibo-54358"
"weibo-6843","1","你是一个龟儿子，深更夜半来找死，喝了半碗稀汪酱，原来你还是爱屎。 //@镜享人生-重庆:哈婆婆五分钟内吟诗一首、钦此[哈哈][神?][浮?]@哈戳戳","train","6843","weibo-6843"
"weibo-9073","1","[鼓掌] //@微美食:恭喜各位咯！","train","9073","weibo-9073"
"weibo-21632","1","@一起去旅行 @旅行微吧 [可爱]","train","21632","weibo-21632"
"weibo-41980","1","是乔帮主蜜吧？//@于嘉:杜兰特纪录终止，但他的状态提升都在大伙眼里，他们从纽约出发直奔华盛顿，明天大战沃尔的奇才，一旦遇到强敌，KD又将开启杀神模式，好吧，还是看看马上来的湖人山猫吧，@苏群 已经承认自己是山猫蜜了……[哈哈][哈哈]","train","41980","weibo-41980"
"weibo-12268","1","@婵娟_stanley 你懂了，哈[鼓掌][威武][飞机][围观]","train","12268","weibo-12268"
"weibo-27668","1","哦「渝报」登了我们做的最新的重庆融汇的小户型样板房！版式和文字都配得有感，客厅这面镜框墙面组合层次丰富值得大家借鉴，我觉得小遗憾就是拍照时客厅的窗帘拉出来太多了，显得不通透[做鬼脸][可爱]其他都不错！","train","27668","weibo-27668"
"weibo-15268","1","海上第一山崂山，第一次穿皮鞋爬山。。喝勒一口瑶池泉还要收2块银子，喝完后当地的大姐说这水是七仙女洗澡滴水~[嘻嘻]我在这里: #山东省,青岛市,崂山区,深圳路# 我在:http://t.cn/zlEUVf2","train","15268","weibo-15268"
"weibo-44795","1","呵呵，自勉！@聂老二 //@放羊猫: [哈哈]可以圈的太多了，大家自勉吧","train","44795","weibo-44795"
"weibo-56729","1","描述传神啊 [哈哈]","train","56729","weibo-56729"
"weibo-53556","1","[哈哈][鼓掌] 谢谢支持@新西餐","train","53556","weibo-53556"
"weibo-19185","1","9月2日网站分析圈线下聚会（深圳站）嘉宾海报新鲜出炉，星光闪耀，大牛云集哦。还等什么，赶快报名参加吧[哈哈][哈哈][哈哈]聚会地点：广东深圳罗湖区金碧路金湖大厦七层。活动报名地址：http://t.cn/zW8dhF1 @唔Ming @网站分析-胡力 @Jeff-AnalyticsKey","train","19185","weibo-19185"
"weibo-236","1","嗨森嗨森[爱你] //@CC视频员工微博:再来一瓶都没中过的人表示被巧克力的甜美融化了~~~[发礼物]","train","236","weibo-236"
"weibo-36100","1","Repossi...哇卡卡...还要定制得赶快哦...[围观][威武][浮云][酷][鼓掌][鼓掌][鼓掌]???... 我在:http://t.cn/zHdU9Gu","train","36100","weibo-36100"
"weibo-32814","1","@李象群 您那飞思也拿着走一次？//@飞思相机:期待飞思优才的佳作！！加油！[太开心]","train","32814","weibo-32814"
"weibo-4945","1","这还什么年代？ //@洪晃ilook: [哈哈][哈哈][哈哈][哈哈]","train","4945","weibo-4945"
"weibo-44638","1","所以很多人说双子花心，其实只是还没找到那个真正爱的人，我脚的我真是这样，喜欢人容易爱人难... [嘻嘻] //@董芳0000: @关太家的关兜兜 //@星座爱情001:这个双子座微博很不错哦[good]推荐关注@双子座-心理学 带你进入双子座的心理世界","train","44638","weibo-44638"
"weibo-9959","1","发财，可是财在哪里//@环球街拍：[哈哈] 发财[钱] @神秘心理学","train","9959","weibo-9959"
"weibo-2005","1","@未央青荇 少爷,先来碗牛奶龟灵膏[哈哈]","train","2005","weibo-2005"
"weibo-31892","1","原来你也金牛~[鼓掌]//@皮力拔山兮: 容易犯困这事儿我觉得说太对了 //@王海涛1976429:金牛+1 //@脖子A:金牛~中枪！","train","31892","weibo-31892"
"weibo-37971","1","我在这里: #团结湖公园(西门)#悲剧啊，晚高峰的北京：天空阴霾，雾气??，伸手不见脚趾，央视的大裤衩都湿透了，幸运啊，挤上特8双层公交，还坐在上层头排，一览众车小。另据不可靠天气预报：今晚中到暴雨，适合约会，翻云F雨，雷电交加[嘻嘻] http://t.cn/SVkWCk","train","37971","weibo-37971"
"weibo-48851","1","#白色时尚音乐节#@林宥嘉YogaLin [鼓掌][鼓掌]","train","48851","weibo-48851"
"weibo-41536","1","原来这才是完整版~[爱你]","train","41536","weibo-41536"
"weibo-47050","1","[鼓掌]超级无敌牛","train","47050","weibo-47050"
"weibo-7999","1","回复@青岛市民俗学会:感谢捧场！欢迎光临！[哈哈][耶] //@青岛市民俗学会:最近贵社媒体曝光率极高，改天去瞅瞅。 //@青岛曲艺社唯嘉:","train","7999","weibo-7999"
"weibo-56948","1","@好大夫在线招聘办主任 ，你压力大吗？//@奶牛林: 为了大家年底有个乐子，拼了[嘻嘻] @Raro @李响没有炮仗响 的对手戏","train","56948","weibo-56948"
"weibo-56226","1","#他们行走南极的故事#妈妈和孩子一起到南极！九岁小朋友也能玩转南极！[鼓掌][鼓掌]//@万叶生花: 今晚全家出镜，欢迎收看。当然，你不看，我也不追究啊。","train","56226","weibo-56226"
"weibo-52013","1","希望大家踊跃参与哦！[抱抱]","train","52013","weibo-52013"
"weibo-42858","1","不慢啦[哈哈]","train","42858","weibo-42858"
"weibo-37424","1","#圣诞节随手拍#浪北超可爱贴心的圣诞小新，礼物都很Q有木有！[嘻嘻]@武汉达人会 @勿为之?灬 http://t.cn/8kRphMm (来自@微米)","train","37424","weibo-37424"
"weibo-59545","1","收到好运一枚[亲亲]","train","59545","weibo-59545"
"weibo-59534","1","好是好，可惜我现在吃上了，你只能听着[太开心][太开心][太开心]","train","59534","weibo-59534"
"weibo-18707","1","#乐葵新品试用+食谱开发微博转发#爱吃爱烘焙！想要这个做属于自己的下午茶[爱你]","train","18707","weibo-18707"
"weibo-27449","1","回复@汪霞-_-:不抽了…[哈哈] //@汪霞-_-:哥，你烟戒的怎样啊？[偷笑] //@李继宏出品人:呵呵…就是啊 //@菲嘴角上扬: //@江宇-歌手:经典！","train","27449","weibo-27449"
"weibo-38533","1","#美食优惠导航#北京街兄拉今天开业，前三天大肉面只需8元！8元啊！感谢@潇洒哥韩梓轩 信息分享[爱你]","train","38533","weibo-38533"
"weibo-38282","1","没事吧[哈哈]//@朱哥哥Blue: 不带这样的","train","38282","weibo-38282"
"weibo-46541","1","回复@王宝玺微博:谢谢！[耶] //@王宝玺微博:回复@静老师:[good]支持老师。 //@静老师:[鼓掌]男装课程对一个形象顾问是非常重要的课程，知识点非常多，同学们加油了！[鼓掌]","train","46541","weibo-46541"
"weibo-21981","1","回复@维纳生活-西班牙美食美酒:??Russell??我酒喝！！到??！！[哈哈][花心][鼓掌][太开心] //@维纳生活-西班牙美食美酒:谢谢鲍总支持[挤眼]到时候见[嘻嘻]","train","21981","weibo-21981"
"weibo-28393","1","#??特?# ?德?超好用卸?水, 居家必?, 保?卸得乾?,??5瓶, 特?125元, 原?138元. [可爱] 小?一直有在用, 不知用了?瓶了.[good]","train","28393","weibo-28393"
"weibo-18158","1","那小妹是本店的保安[嘻嘻]","train","18158","weibo-18158"
"weibo-56954","1","如何平衡精选精制和上规模的关系？ 希望多看2013大发展 //@阿嚏猫: 感谢支持，文章很好，多看很美，我很丑。[哈哈]//@香蕉痞:多看非常不错，忠实用户之一，希望2013年能有更多优质书。 @阿嚏猫","train","56954","weibo-56954"
"weibo-56218","1","男盆友在门口等着[嘻嘻]//@畅春园食街:女子餐厅，很有创意的想法//@imigi: 支持半份菜！最好出个小胃口女子餐厅 //@畅春园食街:[嘻嘻]实在吃不了，咱也得把肉肉吃光光，对吧","train","56218","weibo-56218"
"weibo-7807","1","这是逼着姐不负春光旅游去么[呵呵]好多东东样样实用，有图有真相，谢谢@旅游百事通 太给力啦[爱你]话说通通还更多好活动，小伙伴们赶紧的哈@红粉飞飞521 @爱开车的牛牛哥 @AA青蛙王子 @希晶是个好同学 @飚?","train","7807","weibo-7807"
"weibo-55277","1","总消耗（2700大卡/每天） = 活动消耗（1000大卡/每天） + 基础代谢率（1700大卡/每天），每日摄入量不超过700大卡，每日净消耗2000大卡，亲们看我一月后的成绩[爱你]","train","55277","weibo-55277"
"weibo-33546","1","元芳，你怎么看？[嘻嘻] //@EvaJin0701:你看它多讨厌竟然开在你们家附近！想怎样啊？[偷笑][偷笑][偷笑][偷笑][偷笑]@林白Babu","train","33546","weibo-33546"
"weibo-4791","1","吃货团围裙整编！[威武][嘻嘻][给力] //@王岩---37地产:@筑成世方 //@嗨辣老孙: 回复@老徐时评:把大家加进来！活动通知群里吼吼。 //@老徐时评:老孙回来啦！不是有一个现成的微信群吗？ //@嗨辣老孙:回复@王岩---37地产:搞个微信群 //@王岩---37地产:是","train","4791","weibo-4791"
"weibo-19639","1","UBER，八月份开始营运，到本周我才刚刚知道，只能说市场部好弱[挖鼻屎] 但使用两次后还是忍不住要推荐。http://t.cn/8FxtGXU 用这个链接注册打车，你我各得100块车费。看看帐单，真心无可挑剔，大奔接送，打死我也再不会给滴滴大黄蜂之流加小费了[哈哈] 我在:http://t.cn/8FxtGiF","train","19639","weibo-19639"
"weibo-57147","1","冬季装备开始上身！肿么样[嘻嘻]","train","57147","weibo-57147"
"weibo-16644","1","特点就是肉太少???????????????树叶子太多[哈哈] //@切总:说说切版红烧肉有啥特点？[偷笑][嘻嘻]","train","16644","weibo-16644"
"weibo-19823","1","[嘻嘻]您的满意[太?]是我们的荣幸","train","19823","weibo-19823"
"weibo-9291","1","好样的，为永不变的感情赞一下！[爱你][爱你]","train","9291","weibo-9291"
"weibo-53202","1","[嘻嘻][嘻嘻][嘻嘻][嘻嘻]同志们，准备好了吗？加油","train","53202","weibo-53202"
"weibo-53839","1","味蕾至上！欢迎大家前来品尝我们Nobu的全球当家菜西京烧银鳕鱼呀[鼓掌][鼓掌][鼓掌]","train","53839","weibo-53839"
"weibo-34167","1","[可爱] //@Sandy__-: [哼][哼][哼]","train","34167","weibo-34167"
"weibo-32583","1","感谢总编大驾光临！感谢您的喜欢 让俺们好生欢喜！[抱抱][bm可爱]","train","32583","weibo-32583"
"weibo-10299","1","这张好帅！ //@Coco--Hu:是今天，现场直播！ // @AnnLoh :帅暴了。。亲，是今天吗？[亲亲]","train","10299","weibo-10299"
"weibo-9039","1","我呼吸不畅，鼻子受堵，喉咙开始疼痛..然后一阵紧张，想起了数日前去翁家山喝茶时下车遭遇一群开心的鸡鸭围攻..然后又一阵紧张，想起了近来饭局多多，常与各路友人密切接触..........然后，醒了，发现天黑了，饿了。[哈哈]","train","9039","weibo-9039"
"weibo-37872","1","[偷笑]//@愚人立明: @康小莉 达令[哈哈]//@小马奔腾夏梅:转发微博","train","37872","weibo-37872"
"weibo-24669","1","@梦游和逍遥 [哈哈][哈哈]","train","24669","weibo-24669"
"weibo-13451","1","女神[哈哈]","train","13451","weibo-13451"
"weibo-43837","1","舞蹈队排练。 //@新疆vsv官方://@电磁火炮: 眼往一处看，好像在排练 [哈哈] [笑哈哈]//@蝶儿的背囊: [嘻嘻]//@homerun: [哈哈]好看！//@海云庵糖葫芦: 谢谢！ //@mara_Ein:[哈哈][哈哈]//@新疆vsv官方","train","43837","weibo-43837"
"weibo-36116","1","这位亲说的真好~我们爱国，但是也要理性的去爱！小E支持理智而有智慧的亲！[抱抱][可爱]","train","36116","weibo-36116"
"weibo-47690","1","[哈哈][哈哈]//@墨?: 回复@作家天佑-:你今是不是又被服务了，拖欠工钱了吗？小心像薛蛮子一样。 //@作家天佑-:你丫少说话吧","train","47690","weibo-47690"
"weibo-15086","1","哎呀呀，谢谢我的娜大宝儿！！！谢谢海大宝儿！！乃们太好啦！！！爱你们！！！[心]//@小_爷儿: [蛋糕]生日快乐，大美女！[鼓掌][鼓掌]","train","15086","weibo-15086"
"weibo-13496","1","[围观]//@嘻哈当家主持小宝: [哈哈]","train","13496","weibo-13496"
"weibo-4927","1","@李?义 @吴勇NINGKE @何新愚 @王新国--不知疲倦 @涛涛ANGEL @霞姐_42828 @胡洪平_94283 @徐芳华1130 @老子山温泉一号酒店 @//@锦江酒店JinJiangHotels: 今年值得期待！[太开心] @上海华亭宾馆","train","4927","weibo-4927"
"weibo-14218","1","@大董大懂 新品一出，就感觉自己又老了一季[哈哈] //@热点红姨:真快！春的感觉还在回味，夏梦就来了！","train","14218","weibo-14218"
"weibo-42862","1","图最右侧女孩！感动还是激动，反正很动情！[哈哈] 三胖言：改啥改，这样还不够[酷]//@王若雄: 都在上帝手中。","train","42862","weibo-42862"
"weibo-32821","1","[嘻嘻]转吹~顺子人好值得大家吹[太开心]//@刘京京顺子: [偷笑]转吹[话筒]//@侯宁:帮你吹[话筒]//@刘京京顺子: [偷笑]又吹我呢[话筒]","train","32821","weibo-32821"
"weibo-14077","1","超级同意，让我们年轻去疯[围观][鼓掌]","train","14077","weibo-14077"
"weibo-57402","1","估计老店还没停呢！[嘻嘻]房东还没给钱。 //@王岩---37地产:23日好像有个开业的地方@嗨辣老孙 //@城市里的农民种房子: 请客应该遵循两个原则：宜早不宜晚原则、择日不如撞日原则。[哈哈] //@王岩---37地产: 说到实质了，哪天吃他呢？[思考] //@刘主饪:","train","57402","weibo-57402"
"weibo-42472","1","[嘻嘻] 早安！","train","42472","weibo-42472"
"weibo-12783","1","哎呀，没有抢到第一沙发呀！[爱你] //@蓝梦莹子: @黄庄老王 @黑云都 @琴岛白鹭 @三智王荣 @太原国宏 @王守常 @优品杂志 @于靖_","train","12783","weibo-12783"
"weibo-43897","1","幸福浪漫创意小房子存钱罐[爱你]","train","43897","weibo-43897"
"weibo-45113","1","只要吃过青年每天都是好青年！[嘻嘻][噢耶]","train","45113","weibo-45113"
"weibo-22355","1","#朱亚文# 压轴的，这张绝对的有，有木有被电到。。。[花心][爱你]","train","22355","weibo-22355"
"weibo-11601","1","我们上海有分部哦，把您的需求私信我们吧[嘻嘻]//@Nustar-小Q代购:上海有吗//@嘉乐会家政:阿姨很棒的哦 不要错过哦","train","11601","weibo-11601"
"weibo-51940","1","哎呀！美啊！漂亮妞儿哦！[来]亲亲[亲亲]求偶遇[鼓掌]","train","51940","weibo-51940"
"weibo-30228","1","产品为王//@DT-tina李甜:她有一句话我很敬佩，上什么市，我就会炒辣椒。人，就应该只干自己会干的事。//@投资界微博: 下饭必备老干妈~[哈哈] //@老白-白荣星: 每个人不一定都有干爹的故事，但一定有自己与老干妈的故事。","train","30228","weibo-30228"
"weibo-11580","1","《中国国家旅游》杂志的某位幕后终于露脸了~~~哈哈哈~~~[鼓掌]","train","11580","weibo-11580"
"weibo-58374","1","陈总老幽默了，改日定向您这位围脖劳动模范讨教。 //@陈业文新大都: [哈哈]大家好，才是真的好！ //@北京旅游咨询服务中心: 你们越好，我们越好！//@北京市旅游发展委员会: [温暖帽子]","train","58374","weibo-58374"
"weibo-50124","1","[哈哈]//@潜入大洋深处的宝哥: @中国之翼扣子 穿越了！你懂的！[哈哈][哈哈]","train","50124","weibo-50124"
"weibo-9543","1","@筑梦广东手机摄影大赛 @事事有睇头 下午刚说梦，晚上就做梦…[哈哈][哈哈]","train","9543","weibo-9543"
"weibo-54652","1","当不用再用「坚持」二字督促自己某一行为时，才是真正爱上了一件事，自然而然成为了快乐的习惯。让坚持度过过渡期。[可爱]","train","54652","weibo-54652"
"weibo-43163","1","同爱第一件！第二件的颜色稀罕～[爱你]//@孙__小新:第一件也太美了吧~@旅行者?柒柒 @时尚造型师艾伦","train","43163","weibo-43163"
"weibo-43610","1","[哈哈]//@怪诞心理行为学: 十二星座喜欢你的表现","train","43610","weibo-43610"
"weibo-57514","1","[鼓掌][鼓掌]热烈欢迎！","train","57514","weibo-57514"
"weibo-37708","1","[神马][奥特曼] //@饶德宏: 云迪加油！！！ //@新闻学子伤不起:我受不了了哈哈哈哈//@--?名字的V先森--: 肛泰！多亏你了！[鼓掌]","train","37708","weibo-37708"
"weibo-21408","1","回复@宝宝冰冰666:有啥子样的老板，逗有啥子奇葩样的丘二[嘻嘻] //@宝宝冰冰666:日，五狗教育噻[哼] //@王志强-人车:[嘻嘻] //@宝宝冰冰666:明天老子过来，得了败血症不得了[哼]","train","21408","weibo-21408"
"weibo-31239","1","回复@三摩地帮主:就当海边了[哈哈][哈哈][哈哈]自在难得 //@三摩地帮主:是的，那我还是先去权金城泡个澡吧[偷笑]","train","31239","weibo-31239"
"weibo-5662","1","加完班，有歌唱，有某位同学赶到国贸拿回的Godiva吃，有@amor27 给每个女生拿来的玫瑰花，我们的七夕很幸福。[爱你]","train","5662","weibo-5662"
"weibo-19191","1","谢谢弟弟[嘻嘻]您的脚好点儿没？还郁闷吗[偷笑]","train","19191","weibo-19191"
"weibo-48110","1","神马海誓山盟都弱爆了，我告诉你们#保持爱情忠贞的好办法#：结婚后吃干玩净贷款买车买房用负资产的方式拴住对方，两人的债还到60岁也还不完。谁要是想拆散他们得做好背几十年债的心里准备。[哈哈] 我是不是很机智","train","48110","weibo-48110"
"weibo-6756","1","[哈哈][哈哈][哈哈]//@赤辉-董继闪:[威武]@黄浩俊Howard //@潘兵_爱美正能量:好羡慕的呢。//@中朗李路: [哈哈]很难练成 //@瑾瑜寒冰:回复@Jiramisu心如莲花:那就对了[哈哈][哈哈][哈哈]","train","6756","weibo-6756"
"weibo-23315","1","学习了[鼓掌] //@海南世外人: 看上去非常完美的人,必有大的缺陷！[偷笑]//@许燕影:第六条,哈哈.我还愿意和会赌的人交朋友.//@雪莹888: 有道理，基本赞同！ //@海燕文学月刊李皓:也是一个角度！","train","23315","weibo-23315"
"weibo-23341","1","行进并收获，且行且成长~[可爱]","train","23341","weibo-23341"
"weibo-8065","1","为了图转[哈哈] //@咱们一起去旅行: 针对性地吃水果，记住了！[赞]","train","8065","weibo-8065"
"weibo-36952","1","应该加上水煮鱼啊！[哈哈]//@蓝调-苏苏安: //@边疆边吃边说: //@陈倩冰: [馋嘴]","train","36952","weibo-36952"
"weibo-32439","1","少女峰，3340m, top of europe. 瑞士每年200天阴雨，我们还真走运，风和日丽，艳阳高照。就是在高原，想做点啥都累。[爱你]","train","32439","weibo-32439"
"weibo-31498","1","华丽丽的回忆啊！法国浪漫之旅～[哈哈][哈哈] //@大趸和小趸:吃的大鱼","train","31498","weibo-31498"
"weibo-59375","1","//@斜阳下孤烟: //@上官纭绾:[鼓掌][鼓掌]","train","59375","weibo-59375"
"weibo-32728","1","在朋友的带领下游厦门环岛路，路况通畅，沿途美不胜收，在厦门适合开敞篷车，我认为。[可爱]","train","32728","weibo-32728"
"weibo-43007","1","#末日走你# 转走啦，大家开心一乐[嘻嘻][嘻嘻]我的末日愿望是，让我明天看看太阳还会不会升起吧[思考] 详情:http://t.cn/zjXku1z","train","43007","weibo-43007"
"weibo-53434","1","怎么说呢？这也太用心啦，强烈要求：一、转发；二、收藏！[爱你]","train","53434","weibo-53434"
"weibo-21624","1","你想成为@成功酒店与度假村 酒店推广大使吗？快给主页君私信报名~只需发一下微博，同时邀请你的好友来参加活动就OK了，免费游、酒店免房、各种奖品等你拿。你为酒店的推广越多，获大奖的几率越大~[嘻嘻]","train","21624","weibo-21624"
"weibo-435","1","回复@游走世间一?丝:[哈哈][哈哈]周末搞笑，轻松一刻！ //@游走世间一?丝:哈哈哈 创意无限啊 //@武夷山红骏茶业: [给力][礼物]金骏眉，茶中珍，中外美女都爱它！ //@红袍加身私房茶:回复@紫鑫坊:[爱你]大爱无界！ //@紫鑫坊:[哈哈][赞]","train","435","weibo-435"
"weibo-20440","1","今天我们继续哈！偶在成都陪你们[嘻嘻]","train","20440","weibo-20440"
"weibo-980","1","老爸 永远爱你[亲亲]","train","980","weibo-980"
"weibo-15164","1","厚德载雾[哈哈][哈哈][哈哈]//@乡谣NASHVILLE://@朋克小海马: 所以东部及南部污染最严重！！自作孽啊！","train","15164","weibo-15164"
"weibo-46772","1","[哈哈]Bruce~~ //@李天羽Travis:[嘻嘻] //@夏宇飞Weah:黄老师你好好调皮喔......","train","46772","weibo-46772"
"weibo-10757","1","疯了//@奋壹:[哈哈]","train","10757","weibo-10757"
"weibo-12712","1","如何跟姑娘搭讪学问太大了[哈哈] //@于德清:别怨姑娘装逼，学学怎么搭讪就是了。","train","12712","weibo-12712"
"weibo-29123","1","还挺像 //@后宫甄?传影迷会:仔细一看，还真的和颂芝蛮像的！大家觉得呢？[嘻嘻][嘻嘻][嘻嘻]【萱】//@电视剧后宫甄?传官方微博: @刘钇彤 [嘻嘻]","train","29123","weibo-29123"
"weibo-7372","1","回复@陈晓影_Kit:黄枝记和恒友必去，猪扒包么你就找人最多的那家吧，其他收信也没什么了其实。话说，这个时间去那边，你也不嫌挤 //@陈晓影_Kit:回复@屈斌-冷漠:好的我下午一会去大三巴[可爱]","train","7372","weibo-7372"
"weibo-3511","1","#Day 18#?天天都是纸尿裤，小宝石有点红PP了? 姥姥立刻拿旧T恤给做了布尿布，再用松紧带绑上，小牛仔立刻变身日本小相扑? 哈哈哈[嘻嘻][嘻嘻][偷笑]","train","3511","weibo-3511"
"weibo-40232","1","耶！！！我的小托托[爱你][爱你][爱你][爱你][爱你]","train","40232","weibo-40232"
"weibo-11705","1","有朋自远方来，不亦乐乎！周末来个好朋友，应该带她去哪儿玩儿呢？！亲们帮忙支个招儿吧，先谢啦！[亲亲]","train","11705","weibo-11705"
"weibo-55062","1","回复@我想说真话-:哈哈，过两年我就不吃烤串了，改吃烤土豆片了[嘻嘻] //@我想说真话-:再等等O(∩_∩)O哈哈~过两年就出O(∩_∩)O哈哈~ //@K哥爱美食:哈哈，你送我IPAD吧，我要5代的！[嘻嘻]","train","55062","weibo-55062"
"weibo-59814","1","[嘻嘻][哈哈][嘻嘻][哈哈]美食面前，减肥荡然无存……","train","59814","weibo-59814"
"weibo-15378","1","银河与极光[鼓掌]","train","15378","weibo-15378"
"weibo-47580","1","欢迎来法国的深度……阿尔萨斯旅游[哈哈]","train","47580","weibo-47580"
"weibo-49395","1","So 我这样过圣诞节。[爱你]","train","49395","weibo-49395"
"weibo-41648","1","今天看到的最温暖的色彩！！！[good][good]//@FCC韩健刚: 回复@廖海瑛:谢谢海瑛夸奖，还要努力哈。会员提供的德国保健品FITLINE也有很大帮助。 //@廖海瑛:哇~健刚的身材也太好了吧，赞叹！[哈哈]","train","41648","weibo-41648"
"weibo-14847","1","肿么办肿么办//@Jang_Hongwi: 不光是今儿，从今儿开始的几天都不能，超不适应的说//@CNR小东: 今儿不能评论，转发火了~~~~[鼓掌]//@袁木溪: //@CNR小东: 快说来听听","train","14847","weibo-14847"
"weibo-23589","1","回复 @cutietiger:应该不会哦，这个症状只发生在我一人身上了~~[可怜]现在好多喽[哈哈]今晚没事的话，我就又可以出去玩了~~[偷笑]（在家闷了一天，不敢见风呢[委屈]）过敏发生在母亲节，是送给我的礼物？[疑问][思考][思考]","train","23589","weibo-23589"
"weibo-15042","1","在年会上我和特邀主持 @赵小婧_艾米 合影，她是传说中的＂拓娘＂，花样年华的装扮，霸气外露啊[赞][哈哈]","train","15042","weibo-15042"
"weibo-39244","1","别忘了发照片给我 //@周杰0724:[鼓掌][鼓掌] // @陈楚生粉丝团 :[偷笑][鼓掌][奥特曼][威武]","train","39244","weibo-39244"
"weibo-44296","1","先拔头筹，顺利开张！运气岗岗滴?[鼓掌][胜利][胜利]","train","44296","weibo-44296"
"weibo-33990","1","希望朋友们都喜欢,为食客提供美味.安全.放心的美食是我的终身事业。以后要继续支持我噢[鼓掌][鼓掌]","train","33990","weibo-33990"
"weibo-57","1","like!他是萨芬娜的粉丝吧~[嘻嘻] //@conanemily：爱他！","train","57","weibo-57"
"weibo-35108","1","[嘻嘻][嘻嘻][哈哈]//@指尖上D琴弦: 转发微博","train","35108","weibo-35108"
"weibo-13682","1","//@都市天秤: 创意无处不在！[兔子][熊猫][可爱]","train","13682","weibo-13682"
"weibo-40265","1","缩小看很像 // @柳晓风残月上柳梢头 :确实很像！// @小V : 我实在是忍不住笑啦！// @贾斯丁王子 ：[哈哈]// @红薯-xiaoyu : // @RMui ：害羞","train","40265","weibo-40265"
"weibo-39885","1","做变性手术的??做的还一点都不成功??胸都没大起来！//@涂佳琪: 长残了[哈哈][哈哈][哈哈]残得七零八落闪瞎众姑娘钛合金小眼~","train","39885","weibo-39885"
"weibo-51588","1","#高级定制# vca定制系列...喜欢5花手链的童鞋们来看这里吧...我就再发个上手图给大家看看...[爱你]喜欢什么色自己挑吧...[哈哈][哈哈][哈哈]?????????...","train","51588","weibo-51588"
"weibo-8742","1","哈哈 所以要@你~ 谢谢[嘻嘻] //@DJ罗林:还没到收费站，出了隧道第一个口右转，一路都有牌子指示。走一次就熟悉了。","train","8742","weibo-8742"
"weibo-5029","1","//@早安丶晚安丶心语: 这个叫海兔。你见过没？[爱你]","train","5029","weibo-5029"
"weibo-13762","1","回复@大狮子simon:不怕死最终也不能总做人啊[哈哈] //@大狮子simon:该来就来吧,怕死还不做鬼了~~~ //@广播人沈雷:坏了，又来事儿了，法国、阿联酋回来的得注意了 //@无想月光:难道又要隔离了！？","train","13762","weibo-13762"
"weibo-5647","1","[good][鼓掌] //@AMY陈晓晨: 瑞尔助小朋友们欢度暑假！[哈哈][哈哈]","train","5647","weibo-5647"
"weibo-31393","1","当下的格瓦拉[雷锋]//@美图摄影日记-张千里:骑摩托了没？[哈哈]","train","31393","weibo-31393"
"weibo-2728","1","据说：双鱼和巨蟹是我最配的星座[爱你][可爱][馋嘴] //@-小暖暖:太对了","train","2728","weibo-2728"
"weibo-15064","1","偶太靠谱了！ //@Annie的奋斗:[哈哈]编者是我@战群-Avaux @谭昱君","train","15064","weibo-15064"
"weibo-23581","1","[爱你][哈哈][哈哈][哈哈]//@甘木七水:才看到视频……果然满满何弃疗的节奏……@爱小骨的彩虹糖 @霍小驰 @晓风残月ning @??CHAR @柳AC","train","23581","weibo-23581"
"weibo-13228","1","一花一叶咖啡绚丽您的生活~祝亲有个愉快的心情[太开心]","train","13228","weibo-13228"
"weibo-3949","1","[嘻嘻]@hktraveller","train","3949","weibo-3949"
"weibo-39868","1","开始为演唱会做功课，最喜欢这首《背叛灵魂》。 [鼓掌] @leesophie","train","39868","weibo-39868"
"weibo-55836","1","我决定今天“戒博”，就这么定了！[抱抱]","train","55836","weibo-55836"
"weibo-59978","1","好感动大省 //@古松:不鸣则已，一鸣惊人！上帝会倾听你的愿望滴～ [嘻嘻]","train","59978","weibo-59978"
"weibo-1089","1","这是两会期间最有爱的微博了?~//@C_for_Cathy: 我不会告诉你们我早就发现这个特别的‘日’子了~//@Vanessa本尊: confused x 2 [哈哈] ...... @疲倦de?yan皮, 好好学习~ //@Emily大头: //@Xiaosi4you: 我本来是想低调关注两会期间北京时装周的，这么坑爹的东西，纯属系统自动转发！ //","train","1089","weibo-1089"
"weibo-42486","1","[亲亲][亲亲][亲亲][亲亲]今天你没来我都不会说了！ //@媚眼火鹤:加油，老陈！顶！[给力]","train","42486","weibo-42486"
"weibo-27665","1","晒晒 新浪微博 爱旅游群 #寻找最美家乡#活动的管理员礼品，感谢@一马青尘 ，感谢爱旅游群，感谢@全景客 ，感谢新浪微博。本次活动持续至本月27日，有兴趣的朋友可以加入 爱旅游群 并参加本次活动哦!~~我也参加了，原文地址是：http://t.cn/S2TAhV[哈哈][哈哈]","train","27665","weibo-27665"
"weibo-6874","1","如果能把我的本子推销出去，再用卖本子的钱帮我出国移民，顺便国外买套房子……那就完美了……[哈哈]//@导演闫宇彤: [good] //@董学刚:[围观]","train","6874","weibo-6874"
"weibo-8736","1","低谷时吃了40个鸡翅[哈哈]","train","8736","weibo-8736"
"weibo-51929","1","为了幸福，相信一下 //@小仙女MissQ: @xixi-com @宋兴男 //@微博搞笑排行榜:12星座转发后国庆中秋会发生的好事[鼓掌]","train","51929","weibo-51929"
"weibo-8340","1","[鼓掌] //@Natalie优家画报:恭喜！ // @郭小一 :哈哈 // @胖虎Aaron : 祝贺祝贺，niku给力啊，哈哈","train","8340","weibo-8340"
"weibo-28","1","程哥哥最近一直对着小蹦同学各种拍呀拍[照相机]//@小予CAT: [心] 好久没给他们拍照了[哈哈] //@ajoin: @小予CAT","train","28","weibo-28"
"weibo-24268","1","看这小眯眯眼，[哈哈]","train","24268","weibo-24268"
"weibo-29172","1","#东方风行乐蜂网睡衣上班日#策划总监和推广专员，般配[哈哈]","train","29172","weibo-29172"
"weibo-25179","1","[哈哈] 太口耐了！能不能再萌一点(⊙o⊙)？","train","25179","weibo-25179"
"weibo-31492","1","回复@香芝1006:这么多流量啊 …… //@香芝1006:回复@同程网柏敏:他每月100cc //@18号天空:虽手机没流量了，但也逃不过给他直播！[哈哈] //@必胜-兔: @18号天空 @香芝1006 明天一定要上照片啊[偷笑]","train","31492","weibo-31492"
"weibo-18214","1","[哈哈]工作有这个激情才行嘛！","train","18214","weibo-18214"
"weibo-24825","1","这个画面太有了~[good][鼓掌]","train","24825","weibo-24825"
"weibo-18394","1","宝贝想爸比喽～[爱你]","train","18394","weibo-18394"
"weibo-48650","1","哎！我没有才更不是美女，幸亏没去现场，要不沈爷怎么会回答我呢？不然北京最好吃的烤鸭就飞到别人盘中了！//@潘_Victoria:啊，居然回答了我娘的问题[哈哈] 娘啊娘，鸭一只[哈哈][哈哈]//@沈宏非:爱美才女。","train","48650","weibo-48650"
"weibo-56232","1","原来“国际中餐日”是袁枚诞辰日[嘻嘻]","train","56232","weibo-56232"
"weibo-27836","1","哈哈哈! 市长之路介么难噢[哈哈][哈哈][哈哈]","train","27836","weibo-27836"
"weibo-14193","1","Looking forward to[鼓掌]","train","14193","weibo-14193"
"weibo-26975","1","泥马，坐上一出租车，听司机感叹：这天气这么糟，都是美国军演搞的！我以为我听错了，司机说，可不是吗，这么大个炮弹一炸，灰尘就起来了[威武][哈哈]","train","26975","weibo-26975"
"weibo-1916","1","//@碎糖好汉: [哈哈]//@蒙着小布上饭桌: 噗~~//@一起来邪恶: 眼药水用多了长不高~有图为证。","train","1916","weibo-1916"
"weibo-289","1","“土豪土豪”，我们来做邻居吧[太开心]#家庭乐#","train","289","weibo-289"
"weibo-42054","1","【#超级笑星#祝福】[哈哈]今天是咱们#超级笑星#中“包大人”@相声演员大春 的生日哦~笑笑在这里和#超级笑星#的“笑友”们一起祝大人生日快乐啦~[爱你]快过年了~大春哥也别难为张解姐啦~不能再黑他了哦~[嘻嘻]@相声演员张解 @嘻哈壹笑堂","train","42054","weibo-42054"
"weibo-11367","1","?我一?五星?的家?？[哈哈]","train","11367","weibo-11367"
"weibo-8278","1","@陈生锈Jessie @曾杭-卓影ZZ @沈秋玲QL @Venus_ln @穷苦兔子 @芒果lu大爱扫荡组 @obamamado @Hanic爷 [害羞]又到一个新的艰苦季~我终于加入match的大军了[汗]大家一起加油了哈哈哈~[爱你][爱你][爱你]","train","8278","weibo-8278"
"weibo-459","1","和设计师做海报[做鬼脸]。门头、VIP卡、会员卡、名片、宣传单、海报，都是我一手设计的[可爱]，只是人家不会用软件[委屈]，真是难为设计师了！ http://t.cn/zWh7GiK","train","459","weibo-459"
"weibo-58259","1","姐姐我真的是俊儿控，怎么看都爱不够啊啊啊啊，我们成书生太帅了，话说成东日怎么会生出这么帅的儿子啊啊啊，懒爹有个乖儿子好福气啊啊啊[爱你][爱你]@幸福米米鱼 @刘大神家的陈小妞 @芽芽米修","train","58259","weibo-58259"
"weibo-27992","1","[哈哈]还真是//@LonelyNightX:[偷笑]","train","27992","weibo-27992"
"weibo-24914","1","[嘻嘻]如此营销//@谢宜学:无","train","24914","weibo-24914"
"weibo-55804","1","霍爷真知灼见[鼓掌]//@霍ye在吃: 最害怕说出一些话触动了别人的利益。但总有忍不住的时候，譬如今天看了您这篇文字一定要喝彩！现在冒出很多天然、手工！很多人对此趋之若鹜。但是想说，那些东西原本一直存在，而且，天然、手工不代表最好或者不见得真好！","train","55804","weibo-55804"
"weibo-51392","1","新一轮的海娜邮轮之旅[鼓掌]主页将与各位一起关注[good]","train","51392","weibo-51392"
"weibo-19626","1","总结的好。[哈哈]//@王朔有话说:精辟。[哈哈]","train","19626","weibo-19626"
"weibo-45306","1","地球人快阻挡不了喵星人~(???)/~啦啦啦[哈哈]","train","45306","weibo-45306"
"weibo-31557","1","#鹏程五洲#【海航""港漫“航线体验团】即使曼谷再慌乱，也阻挡不了对于港曼产品推广的热情与信心，业内核心旅行社、MICE以及媒体组成的考察推广团顺利出发，乘坐HU7995航班与2013年11月29日当地时间00:40顺利到达曼谷，正式启动此次港漫产品的考察推广！[太开心]","train","31557","weibo-31557"
"weibo-233","1","回复@米其林大厨-西安:马来人 我收他做徒弟不知道国家有相关政策没有 //@米其林大厨-西安:收徒哇，几时喝拜师酒!不如带来开封如何？[嘻嘻][嘻嘻][嘻嘻]","train","233","weibo-233"
"weibo-10215","1","@贾巍Kelly //@舒心舒畅:这个太方便啦...[哈哈][爱心传递] //@人傻傻福多多:[good]//@古月清风的微博://@全球经典音乐:去台湾的游客们注意啦~","train","10215","weibo-10215"
"weibo-20236","1","爱你们[爱你] //@丹丹820304:蛋，乐！","train","20236","weibo-20236"
"weibo-6818","1","感谢推荐 会继续努力滴！[bm可爱]//@小茜归来: 青年餐厅原先有过类似的~味道久久不能忘怀啊[馋嘴][太开心]","train","6818","weibo-6818"
"weibo-47441","1","我也踏上归途啦[哈哈]","train","47441","weibo-47441"
"weibo-30794","1","礼物收到了！好香的薰衣草味道[爱你][爱你]@小沫的南国花馆 谢谢亲。马上研究准备认真种起[酷] 我在:http://t.cn/zRtEPjm","train","30794","weibo-30794"
"weibo-19202","1","[鼓掌][鼓掌][鼓掌]欢迎新人","train","19202","weibo-19202"
"weibo-38276","1","回复@nepallover:像做梦一样。。。有点感伤。。。 //@nepallover:boy![爱你]","train","38276","weibo-38276"
"weibo-47236","1","[给力][爱你]//@浅轻轻轻: 大发！居然有cnbule,容和oppa已经来过不知多少次了[偷笑][偷笑][偷笑]","train","47236","weibo-47236"
"weibo-52790","1","[哈哈]啊哈哈哈哈哈 僵硬法 @不实名赵小莹 @fengrui @always_elsewhere @周小姐Kitty @老张不染发","train","52790","weibo-52790"
"weibo-27680","1","尝尝味道如何，好了我们做节目推荐下[嘻嘻] //@龙-一:离我家很近啊！吃完直接就可以上床吧！","train","27680","weibo-27680"
"weibo-32713","1","//@赵小咛: [偷笑]//@博?BOHUAZHANG: [哈哈] //@荔枝序:[爱你] //@杀鲨:优秀的神经病表演艺术家//@堡禹: @福圆筱嫩","train","32713","weibo-32713"
"weibo-13808","1","黑糖面膜，粉嫩据说适合小姑娘的唇膏[爱你]颜色很喜欢很喜欢。吃我没吃过的姑姑宴，重口味[威武]","train","13808","weibo-13808"
"weibo-28647","1","最近零钱太多，有空该去买一个储钱罐了。这几款看样子很给力啊！[哈哈][哈哈]","train","28647","weibo-28647"
"weibo-19215","1","还没看完已经受不了了，拍得太帅了吧，两个DM无比cool，@王路璐Lulu ，要不咱们。。？ //@猴猴不爬树:拍的真好，海龟还会挠痒痒[汗]越发期待明年的诗巴丹[哈哈]","train","19215","weibo-19215"
"weibo-47679","1","42qu[哈哈]","train","47679","weibo-47679"
"weibo-39789","1","我们新疆好地方！[鼓掌] //@启韬资讯:新疆是个好地方","train","39789","weibo-39789"
"weibo-9593","1","冰冻的啤酒，南乳味腌制的chicken boxing,哪位童鞋也要来一份？(^○^)[馋嘴][嘻嘻]#深夜发吃兴趣小组##零点与您聊炖肉#","train","9593","weibo-9593"
"weibo-8369","1","[哈哈]无须陈词，道己畅通，何处度假，心己自明！","train","8369","weibo-8369"
"weibo-44200","1","带点清凉给大家，请笑纳[爱你]","train","44200","weibo-44200"
"weibo-23999","1","嗲//@hktraveller: [嘻嘻]","train","23999","weibo-23999"
"weibo-22996","1","谢谢支持~~[鼓掌]","train","22996","weibo-22996"
"weibo-39945","1","[亲亲][亲亲]好像。小编记得我活动中奖双人门票哈","train","39945","weibo-39945"
"weibo-57583","1","我看到了突尼斯大蛋卷和Couscous！都是相当的美味，强烈推荐突尼斯产的橄榄油，看到这些又让我回忆起了在突尼斯每日饕餮的日子[哈哈][馋嘴]@段然@徐玉海-私人飞机杂志@天空燃烧@葱鸣鱼@张楚乔@田三月_@愣子犯愣","train","57583","weibo-57583"
"weibo-7298","1","回复@ontheroad999: 昨天评论的 涨了可以无耻的贴回来了[哈哈] //@ontheroad999:前面做空的肯定有 一路持有到现在的不说不可能 至少不会多 这礼拜如果开新的空仓的 那跟6000点做多的也一样无畏了","train","7298","weibo-7298"
"weibo-31181","1","照片里的两个人都很牛！哈哈！ //@Yuzy_tang:哈哈 三兄弟一直是我崇敬的前辈 ！世界级@魔术师周舫-火娃幻手 观摩 我们的工作职责的细节就是对观众们的负责！[爱你][爱你][爱你]","train","31181","weibo-31181"
"weibo-10410","1","双节快乐，元宵节快乐，情人也快乐[爱你][嘻嘻][嘻嘻][马上有对象][马到成功][发红包][吃元宵][吃元宵][吃元宵][吃元宵]","train","10410","weibo-10410"
"weibo-45163","1","四年前跟着忙活没看成，今儿得看回直播了。[伦敦奥火][加油][嘻嘻]","train","45163","weibo-45163"
"weibo-20146","1","@李莹肖 @沙小沙sha 黑马走起啊！[偷笑]//@郎世溟: 真不好意思[可爱][哈哈]","train","20146","weibo-20146"
"weibo-29415","1","每一条都通往阳光的大道，都充满坎坷。每一条通向理想的途径，都充满了艰辛与汗水！[给力][鼓掌]","train","29415","weibo-29415"
"weibo-36020","1","[嘻嘻] //@大外密探:窦唯 //@薛涛微博:[偷笑][黑线] //@疾走薇拉：这不是薛大哥的气质呵","train","36020","weibo-36020"
"weibo-55748","1","//@家嘉_Jajaa: [偷笑][偷笑][太开心][鼓掌] //@杨海湾:真好 能圆满解决 善良的人还是很多的[鼓掌][鼓掌]","train","55748","weibo-55748"
"weibo-45657","1","回复@anniesong8293:必须爱红包啊[哈哈]//@anniesong8293:恭祝身体健康，龙马精神！你给的红包我就收下了。","train","45657","weibo-45657"
"weibo-43","1","[鼓掌]//@权金城崔洪峰:扩散@权金城彭涌 @权金城-崔成哲 //@思想聚焦:转发微博","train","43","weibo-43"
"weibo-40460","1","参加新浪微博三周年活动得一书签，不知道是不是金的呀，要不拿牙咬咬？[哈哈]@微博客服","train","40460","weibo-40460"
"weibo-44286","1","高大爷我想您！！！[爱你]","train","44286","weibo-44286"
"weibo-6491","1","我们杂志能给读者提供有用的资讯，是我们的责任。今天参赞和我说＂你们杂志不仅给游客提供有用的资讯，就连我们使馆的人都喜欢看，觉得很有用＂[可爱] 听的我心里热乎乎的。[太开心] @ManGu曼谷杂志 @一马河山","train","6491","weibo-6491"
"weibo-48731","1","[亲亲]我们惟有继续努力..... //@阿苏勒就是吕归尘_:我来转发吧，不是为了抽奖，只因为旅行摄影杂志真的不错，我定了三份！ //@旅行摄影杂志: @年糕小姐Florence_Hua @土豆妮儿yeebo @黑桃-Spade @我是鱼罐头 @迪7编辑 @李小榕不是李小龙 @summer的下午三点@慧慧wish_695 @杨杨乐乐","train","48731","weibo-48731"
"weibo-8153","1","lalalala~~~~@赤丹朱彤 [哈哈]","train","8153","weibo-8153"
"weibo-54287","1","@郝小桃儿 你看看这个，对你有帮助[可爱][可爱]","train","54287","weibo-54287"
"weibo-18020","1","#御庭#[哈哈][哈哈]哈哈希望御庭吉祥小象?给您及家人带去好运?和吉祥哦[鼓掌][鼓掌]","train","18020","weibo-18020"
"weibo-2219","1","#文艺范儿# 正在长滩（Long Beach）的小伙伴有看到现场版的吗？[偷笑]//@安迪Q: 这是在LA的长滩啊 这期不录日本了吧 露天现场真洋气[爱你] @加州旅游局","train","2219","weibo-2219"
"weibo-18996","1","回复@我是刘琰:嗯 //@我是刘琰:恭喜恭喜，比他老爸帅多了， [嘻嘻]！","train","18996","weibo-18996"
"weibo-16428","1","驾着彩色的理想去远航吧～大家加油！[可爱]","train","16428","weibo-16428"
"weibo-41816","1","敬请期待哟亲！[抱抱]","train","41816","weibo-41816"
"weibo-27101","1","【#超级笑星# 精彩剧照】小编发现明天这个时候就可以看到新一期的《超级笑星》，想想还有些小激动呢[得意地笑]~明天不仅有超级玛丽，连包大人也来了哦[嘻嘻]~不知道如此激萌的包大人，合肥的乡亲们喜不喜欢呢[思考][哈哈]~@相声演员大春 @相声演员张解","train","27101","weibo-27101"
"weibo-22374","1","回复@尹佳christy:[亲亲]志同道和！[爱你] //@尹佳christy:哈哈，我零食也今天到的","train","22374","weibo-22374"
"weibo-50538","1","欢迎回家！[鼓掌]","train","50538","weibo-50538"
"weibo-18436","1","#红星家族?红双喜#在婚礼策划过程中，即使再聪明的夫妇也会在一些琐碎却重要的事情上犯错。这些错误虽小，却足以对你的婚礼产生毁灭性的影响。这里为您总结出8条看起来无关紧要的实际却能破坏正常婚礼的行为，一定要提高警惕哟。[嘻嘻]","train","18436","weibo-18436"
"weibo-18064","1","看到我同事了！[鼓掌]","train","18064","weibo-18064"
"weibo-51038","1","熊导@Charlie红烧肉 生日快乐，成名要趁晚。好莱坞、宝莱坞、金鸡百花还等着您踏足呢[哈哈]John Lennon-Beautiful Boy-http://t.cn/hY6tN","train","51038","weibo-51038"
"weibo-17992","1","快?玩吧//@爱鞅的叶子and可乐Xi: //@立威廉中文网:悄悄滴说，偶知道是哪个品牌[偷笑] //@vickiqlw蔚蓝的天空: [赞][给力]#立威廉#今年工作安排的很满啊！粉丝福利大大滴有~[爱你][good]【威廉古堡※挺立到底】@立威廉 @wukiki @立威廉中文网 @楚凡diana @百度立威廉吧 @立威","train","17992","weibo-17992"
"weibo-55231","1","没问题，给我地址。//@千羽餐饮朱R:黄总能给我一份吗？@黄记煌-黄耕 //@武汉黄记煌:传下去，让大家都能感觉到黄总带来的正能量！[鼓掌][威武]@威廉餐饮管理机构","train","55231","weibo-55231"
"weibo-16568","1","为了对得起我的粉丝们，我决定把照片公布于世[嘻嘻] //@IanDing:回复@Sophia-S:我还得靠这个帮我拉人气，拉才气呢，你以为那么容易就发吗？[左哼哼] //@Sophia-S:是啊，我和姐姐们都一起洗过澡，你说说你有什么值得威胁我的？有本事你就直接PO啊！","train","16568","weibo-16568"
"weibo-53845","1","加油！齐大宝儿！有时候做好事一样会有点辛苦，但坚持哦[爱你]明天，空军总医院，大朋友们去和小朋友们凑热闹[太阳][太阳][太阳]过节[耶]","train","53845","weibo-53845"
"weibo-24408","1","早安，各位亲[哈哈] 煎饼＋红牛＋大桃 今早餐很丰盛…[馋嘴][馋嘴][馋嘴]","train","24408","weibo-24408"
"weibo-10869","1","天天，你真是好人! [哈哈]大早儿能听见，真是运气～","train","10869","weibo-10869"
"weibo-40040","1","还是觉得西游记最好看[爱你][爱你][爱你]","train","40040","weibo-40040"
"weibo-41608","1","[馋嘴][鼓掌][鼓掌]@左眼失聪 @吃肉的兔子- @北京小两口","train","41608","weibo-41608"
"weibo-19642","1","湖南日报 4月25日 10版 《新青瓷之秘色》签售新闻报道 http://t.cn/zOll8b5 [太开心]","train","19642","weibo-19642"
"weibo-54276","1","敬佩！我相信你们都会被自己感动//@喜欢奇怪的人: [话筒][给力][给力][给力]//@文可真人: 敬请扩散！[鼓掌]//@新华爱基会张君达: 转发微博","train","54276","weibo-54276"
"weibo-59204","1","回复@双子座购物狂Foniz: 给你点阳光你就灿烂 //@双子座购物狂Foniz:不然怎是你老大！ //@IA_Yolanda:回复@Dannis0826: 夸你呢老大 @双子座购物狂Foniz [哈哈] //@Dannis0826:回复 @IA_Yolanda:有两把刷子[哈哈]@双子座购物狂Foniz //@Dannis0826:回复 @双子座购物狂Foniz:Hold不住了[花心]","train","59204","weibo-59204"
"weibo-4570","1","回复@?西的零碎儿:又同步了咱俩[爱你] //@?西的零碎儿:大江也是诺奖获得者 不能忽视?我喜欢他对传统的尊重和坚持?村上龙是个rocker写嬉皮的故事[偷笑]","train","4570","weibo-4570"
"weibo-41339","1","#维他命花艺课#鲜花礼盒进化史！仍在进行中，tbc。期待大家的成品?[哈哈]","train","41339","weibo-41339"
"weibo-57904","1","来呀 //@荆紫: 这不是上次，我们吃饭的地方嘛？我也有吃相的照片，要不要上？[嘻嘻] //@野山狐儿:馋馋山东父老乡亲[哈哈]","train","57904","weibo-57904"
"weibo-29101","1","哈哈谢谢！太支持了！！ //@范小粉: 最爱音乐剧[鼓掌]","train","29101","weibo-29101"
"weibo-44610","1","谢谢亲林 //@尹亲林:余大师感味中国[good]．有味的家乐品质．乐万家 //@梧桐小余:谢谢认可 //@禅的素食:余大师的风范的确与众不同[鼓掌]。为中国的餐饮作出努力众人所见???????[赞]","train","44610","weibo-44610"
"weibo-17154","1","回复@我在西安天天晴:晕、不会吧，熊猫都没见过！ //@我在西安天天晴:我长这么大还没见过活的熊猫呢！@惠游网 可以和 @佛坪熊猫谷官博 做个活动，邀请我们达人一起过去看熊猫[哈哈]","train","17154","weibo-17154"
"weibo-53429","1","哈哈！我们天天都在960万平方公里的奥运赛场上不断追赶自己超越自我！//@主持人李霞: [哈哈] 有闲又有柴的银尖多！[赞]","train","53429","weibo-53429"
"weibo-58618","1","温暖的声音，真好……//@veggieg: 小样儿 还挺能演 heehee[haha][haha][爱你] //@薇薇安沈:才华横着溢！[鼓掌][鼓掌] //@MISS菜V:[花心]","train","58618","weibo-58618"
"weibo-17823","1","[可爱] //@若无碍:辣的火爆，麻的自然的@老街兔 盐帮菜。明明昨天刚吃过，看了照片麻辣兔头、大麻鱼、仔姜蛙又引起口水阵阵！","train","17823","weibo-17823"
"weibo-54043","1","4个月的猫小D和20个月的猫小D[哈哈] @那年那月nina","train","54043","weibo-54043"
"weibo-1244","1","原来小玉如此养眼[吃惊][哈哈]","train","1244","weibo-1244"
"weibo-2271","1","原来这两天到阿里节目的重播了啊，之前没看到的童鞋们看起来哈！[鼓掌]","train","2271","weibo-2271"
"weibo-44570","1","你不会吃出一年的吧 //@程诗然:回复 @布衣无冕:昨天营养太足[嘻嘻] //@布衣无冕:这不是虐待自己嘛？唉~","train","44570","weibo-44570"
"weibo-31360","1","[哈哈]那是小插曲，我们三会记得跟着boss在青协的那些事儿。//@小叶子2012求转运:让我特别无语的*汁牛肉类？","train","31360","weibo-31360"
"weibo-51220","1","很多材料还在路上，晚上就准备做这款披萨了[哈哈]@Ciky的角落 @翌晨爸","train","51220","weibo-51220"
"weibo-42594","1","回复@肥盈丫丫:同乐同乐！[嘻嘻] //@肥盈丫丫:?夫回?啦[鼓掌][鼓掌][鼓掌]新年快?哦……","train","42594","weibo-42594"
"weibo-3553","1","酷爱！[嘻嘻]//@那木错:世界上只有两种人，爱吃折耳根和恨吃折二根的。没有其他。。。。//@贵州美食家:你不懂的美食，你笑难吃，我只笑你苦苦等待好吃的美食。","train","3553","weibo-3553"
"weibo-38042","1","可以溜搭溜搭@韩雪knight @洪毅7027 [哈哈] //@浅晗璇: @小西眯眯眼 //@-小-九: @浅晗璇 @EB嘟嘟","train","38042","weibo-38042"
"weibo-16020","1","【曲院风荷畔的白色木屋酒店】造在公园里，有13间白色小木屋的莲遇52度假酒店，明亮飘窗，私人露台，开放式的露天餐厅。 午后，在这安静和谐的西湖一隅，看书或放空，惬意啊！[爱你]","train","16020","weibo-16020"
"weibo-3414","1","好吧....分不清楚@懒人业余餐厅郎园店 和@懒人业余餐厅安贞店 的@大众点评网-北京美食 不是好@饭本 [哈哈][哈哈][哈哈]@懒人业余餐厅厦门店 @懒人业余餐厅南京店","train","3414","weibo-3414"
"weibo-25392","1","#看图猜谜#提问：这两个制服美女是做什么的？[嘻嘻]","train","25392","weibo-25392"
"weibo-11948","1","想把丹霞山那块石头带走，韶关人民不答应~[哈哈] //@珠比特:[耶]我也是//@泡鱼儿:石头~[酷]","train","11948","weibo-11948"
"weibo-45625","1","高速不堵四环流畅[给力]天天这样多好[嘻嘻]可惜~再过两天探亲又全回来了[汗][汗][鄙视]","train","45625","weibo-45625"
"weibo-5855","1","@雏菊花开的围脖 当个图书管理员[可爱]","train","5855","weibo-5855"
"weibo-27474","1","健康亦风尚，活力亦风尚[哈哈]","train","27474","weibo-27474"
"weibo-49993","1","人好齐啊！ //@小4erEva:[鼓掌][鼓掌][帅]","train","49993","weibo-49993"
"weibo-54781","1","[威武][威武]//@龙啸七天: 拙和:万箭齐发弓箭来（草船借箭）[嘻嘻][哈哈]","train","54781","weibo-54781"
"weibo-46763","1","//@华青主编: 春天来临时的三个靓丽美女，赞一个[赞] ！//@小海螺张帆: 原版是：孩子说，姐姐，我能不能和你们合个眼影？[哈哈]","train","46763","weibo-46763"
"weibo-32013","1","2012七夕*8月23日，本周四，""WISH YOU & ME“@WISH梧桐 “将浪漫情调进行到底[可爱]这是个最适合情侣约会的餐厅哦[酷][酷]","train","32013","weibo-32013"
"weibo-29955","1","@小糊涂诸 @张泉灵 [哈哈][哈哈] //@甲申辰:[笑哈哈]//@yinyin刘: 那不要孩子的应该立刻击毙吧。。。。。 //@财经网: 【哈！哈！哈！哈！】暴笑转身去，不留一云彩。","train","29955","weibo-29955"
"weibo-19154","1","美丽的檬儿把漂亮当作路牌，将来必定走上星光大道。谁都不敢偷你的菜。我给他一个火锅红汤扣脸上[哈哈][哈哈] //@何雨檬kiko:雷雷更健康[呵呵] 4.11 我等你～","train","19154","weibo-19154"
"weibo-44537","1","神人都有 //@Morgan杨:[哈哈]//@杨邦辉: //@Zeny付正义:顶！纽币！非常纽币！","train","44537","weibo-44537"
"weibo-29041","1","[太开心]真心喜欢！","train","29041","weibo-29041"
"weibo-36441","1","[馋嘴] //@优滋优格:[哈哈] //@辣椒呢:睡了吗？饿了吗？起来吧？吃点吧？","train","36441","weibo-36441"
"weibo-44875","1","you are my family sweetielove u sooooo much[哈哈]","train","44875","weibo-44875"
"weibo-42042","1","欢迎光临v12店 祝您在丽江玩的愉快[爱你][鼓掌][鼓掌][鼓掌][鼓掌]","train","42042","weibo-42042"
"weibo-23610","1","碎角！今天有过空落落和趴趴满的感受了喔[嘻嘻]","train","23610","weibo-23610"
"weibo-9500","1","[鼓掌][鼓掌]生命在于运动！","train","9500","weibo-9500"
"weibo-46876","1","//@上海坊间传播: [鼓掌]//@诗影子: 惊艳。[花心]","train","46876","weibo-46876"
"weibo-53599","1","老 灵咯！[哈哈]//@jason-无名:我第六感明天大盘会上涨1.074%，有零有整，你猜会不会准？[挖鼻屎] //@米爱国:不太准[挖鼻屎]//@蓝楹飞雨: 这个准！[哈哈]@阿斌博客 @北方乔峰 @雪落如霜 @米爱国 @江南水秀_ @宝玲姐姐 @羊小宁ECHO @朱云侠","train","53599","weibo-53599"
"weibo-27989","1","[哈哈][哈哈][哈哈]//@全球时尚相册: 地球有救了！！","train","27989","weibo-27989"
"weibo-24507","1","[哈哈] //@库尔勒那点事: 看了你的话，觉得自己还不够幽默。","train","24507","weibo-24507"
"weibo-35135","1","//@嘻哈包袱铺2队微博:[嘻嘻][威武] //@黑色麦芒:今晚很开心，谢谢嘻哈包袱铺带给我们的快乐，以后会关注支持你们的。[嘻嘻]//@嘻哈包袱铺官方微博:公安大学同学们齐刷刷的掌声，简直绕梁三日！[嘻嘻]","train","35135","weibo-35135"
"weibo-48157","1","[围观][围观][鼓掌][鼓掌][赞][赞] 祝贺我的叔叔//@Jason_WJ:@金牌厨师磊磊","train","48157","weibo-48157"
"weibo-38053","1","2012，学弟学妹，我们等着你~~[太开心]","train","38053","weibo-38053"
"weibo-38557","1","嘿，这主意不错~~[赞][鼓掌]","train","38557","weibo-38557"
"weibo-36552","1","是够“柴”的[哈哈] //@书法家园:太特么强大了！大伙都被惊呆了！","train","36552","weibo-36552"
"weibo-34904","1","【#超级笑星#笑星之路】如果家里的保姆机器人长着王晶老师的身形，却说着娃娃音卖萌，不知道大家吃不吃得消呢~[哈哈]快来看看@相声演员大春 @迟永志 二位表演的《保姆与主人》~两款保姆不知道大家比较喜欢哪一款呢~[偷笑]http://t.cn/8F8dcmJ","train","34904","weibo-34904"
"weibo-38367","1","你现在不累，以后就会更累。[鼓掌]","train","38367","weibo-38367"
"weibo-53394","1","晚上回家狂采购，在网上流连到现在，购入蛋糕一个、衣服3件、肉干1斤。LG的手机不停收到消费提示，估计快抓狂了～～哈哈[嘻嘻] 希望收到的货不会令我失望","train","53394","weibo-53394"
"weibo-7614","1","排工师傅辛苦了[鼓掌][鼓掌][鼓掌] //@山中一仙:@武夷山新闻 @武夷山云河漂流 @手礼网 @武夷山旅游微博 @大武夷频道 @快乐的武夷山 @野山狐 @猫妈爱小虎 @大道为德","train","7614","weibo-7614"
"weibo-32375","1","哈哈，第一位小伙伴儿，旅途一定愉快[太开心]","train","32375","weibo-32375"
"weibo-56214","1","各种特供茅台,唉。//@艾暖暖-戈七大白鲨: 限量呢[哈哈]//@中瑞宏兴:少饮适量，注意身体。[馋嘴]","train","56214","weibo-56214"
"weibo-41413","1","//@周旭jill: 美[爱你][爱你]","train","41413","weibo-41413"
"weibo-3364","1","回复@王诗涵-BABY:嘿嘿，后面我们还有许多活动，希望亲多多参加哦 //@王诗涵-BABY:回复@奔腾爱厨房:一如既往支持亲[亲亲]","train","3364","weibo-3364"
"weibo-38803","1","@石小杰微博 @中俊崔春婷 @河北解放 @郗老师 @烧土大鱼 @张婷婷微话 @得着您那2011 @董芳 @刑警视觉 @热点红姨 咱们什么时候再组织玩玩去呢[鼓掌][鼓掌]","train","38803","weibo-38803"
"weibo-35494","1","感谢@有劲儿家的河东狮 不远万里给我带来的[嘻嘻][嘻嘻]","train","35494","weibo-35494"
"weibo-46343","1","这不是小正太吗[嘻嘻][嘻嘻][嘻嘻]","train","46343","weibo-46343"
"weibo-10538","1","大家一致认为你的厨艺超级棒[酷] //@杨新宇LION:我的菜很多人吃?的 嘿嘿 我是?啥做啥的 //@歌手含笑: 回复@陈晨BJ:47的 //@陈晨BJ:笑哥这对多大的？ //@歌手含笑:[哈哈][哈哈][哈哈]","train","10538","weibo-10538"
"weibo-53521","1","太喜庆了[哈哈][嘻嘻]","train","53521","weibo-53521"
"weibo-8","1","某问答社区上收到一大学生发给我的私信：“偶喜欢阿姨！偶是阿姨控！”我回他：“阿姨稀饭小盆友！偶是小盆友控！” [哈哈]","train","8","weibo-8"
"weibo-52339","1","妆好浓啊，可是huanhuan还是觉得淡了吧？[哈哈]","train","52339","weibo-52339"
"weibo-57820","1","你的新鞋？[哈哈]","train","57820","weibo-57820"
"weibo-57779","1","#首都航空微视频大赛#首都航空2013年微视频大赛作品征集正在进行中，小编在此提醒，准备参赛或已经开始行动的小伙伴们要仔细阅读对参赛作品的相关要求哦，还有别忘了我们的征集时间截止至9月30日，大家赶紧来参与吧！丰厚的大奖等着你哦！[嘻嘻]","train","57779","weibo-57779"
"weibo-57999","1","#2013年明信片# 收到 @小驴当当 寄来的盖有欣欣亲子文化谷雨邮戳的明信片。[爱你] @玉树暄庭","train","57999","weibo-57999"
"weibo-47609","1","你怎么这么可爱[爱你]一个人可以吃完这两串吗？爱你的咖啡豆220//@高小包子: #我的美食日记#@Style-Cafe","train","47609","weibo-47609"
"weibo-24830","1","【让礼物 再飞一会儿~】新年派送已近尾声，渔民们的热情却与日俱增~转发量再创新高，撵上道琼斯指数神马的指日可待啊！[鼓掌]1月5日第一批礼品已经发出，今天发出第二批，为确保中奖渔民能够收到，我们全部是以EMS发出，但是由于临近春节，各地都出现了爆仓的情况。所以，别心急，让礼物再飞一会儿~","train","24830","weibo-24830"
"weibo-23071","1","[心]//@张丹Candy: 龙腾老板娘丹妮美铝@李丹妮 give birth to 多多后身材依旧热辣！HARPERs BAZAAR承接第一棒！赞爆！//@田晓龙:[good][赞][威武][耶][鼓掌]","train","23071","weibo-23071"
"weibo-25370","1","//@全球潮流时尚榜:[嘻嘻] 芝士就是力量 。","train","25370","weibo-25370"
"weibo-50297","1","每当有人问我，你看到最辉煌的雪景是哪儿，我就义不容词的#莫干山#//@俞大果过着后坞生活:新年快乐哦！一路顺风！我们这里又下了超大的雪~[哈哈]","train","50297","weibo-50297"
"weibo-44516","1","回复@杨凯-兰会所:从光头的概念上说还真没准！[哈哈] //@杨凯-兰会所:那--阿志得60了？ //@费所建jacky:我认为说的不太对！明明是41年行业经历啊~（从出生就没干别的吗） //@anny冯倩:领悟兰会所菜品精髓！！带给大家不一样的消费体验！阿志总厨","train","44516","weibo-44516"
"weibo-23156","1","Accessories,不要忽略配饰，配饰才是亮点[爱你]美~[爱你]【私享穿衣顾问微信：FashionTalent33 】","train","23156","weibo-23156"
"weibo-49716","1","//@V老大的小跟屁虫: 太崇拜你了P神了[哈哈][哈哈][哈哈][哈哈]//@热门电影频道: 太崇拜你了P神了[哈哈][哈哈][哈哈][哈哈]","train","49716","weibo-49716"
"weibo-21864","1","回复@张列权:俺喝多了，在白鹭洲游艇上喝了酒。高了。。[哈哈] //@张列权:来来来 //@郭恪JAKE:[呵呵]俺回厦门啦。。。","train","21864","weibo-21864"
"weibo-40790","1","不客气！[哈哈][哈哈]","train","40790","weibo-40790"
"weibo-30493","1","应该在演演[嘻嘻]//@嘻哈包袱铺官方微博:这么爆笑的节目#嘻哈包袱铺五周年#可否再现[思考]还有五分钟就可以吃着香喷喷的午饭，对着电脑一边看相声一边喷饭啦[哈哈]//@刘金霏: 剧场听不到了哦","train","30493","weibo-30493"
"weibo-38982","1","今天说这话特欠抽[偷笑]上班的上班，上学的上学，都给我起来！[右哼哼][左哼哼]不过我中午开工，还可以继续和被子缠绵一会儿[偷笑]蚕丝被真舒服[嘻嘻]","train","38982","weibo-38982"
"weibo-41436","1","小妞被裹成小茧蛹了[爱你][爱你][偷笑][偷笑]@十斗笑笑妈 @汪洋中的一条船0109 @飘渺峰峰 @跌跌撞撞思密达","train","41436","weibo-41436"
"weibo-30572","1","わぁぁ、かわいい?早安[哈哈]","train","30572","weibo-30572"
"weibo-34640","1","刚才看移动电视上播，苏州5月12日有多少人看房，场面很火爆。这个导播不晓得有没有看过片子，5.12大家还穿着棉衣去看房！！是被房价吓坏了吧。。。[哈哈]","train","34640","weibo-34640"
"weibo-11095","1","没看懂？让你一句寄语在@ 上你喜欢的女神，光笑是不管用的。 //@任志强:[哈哈] //@夏华:共同分享！ //@价值创新与评论: //@周忆://@中国企业家杂志:@夏华 @王潮歌 @周忆 @乔建China @李亦非 请女神们转发[太开心]","train","11095","weibo-11095"
"weibo-29582","1","#美食.每刻#看着这些炖品？是不是很有爱呢？年末聚餐，王家渡火锅是您不错选择哦[可爱]","train","29582","weibo-29582"
"weibo-15031","1","神马是撞衫？此图为证！@王保彦 @范盈心ff 早晨的化????的??是：你究竟喜?男滴?素女滴？[嘻嘻][嘻嘻][偷笑]","train","15031","weibo-15031"
"weibo-11792","1","[哈哈][哈哈][给力][给力]广州人的老友记海珠桥肥来啦！?","train","11792","weibo-11792"
"weibo-55434","1","#豆果2013中国年度美食盛典#昨天现场明(mei)星(nv)、大(shuai)咖(ge)云集！果子是已经看不过来了！那小伙伴们认出来都有谁了吗？[阴险]另外还有两个笑容甜美的仙女姐姐～看到什么了，笑得那么开心？[嘻嘻]","train","55434","weibo-55434"
"weibo-18875","1","#汤山御庭#晚秋时节，秋色正浓，汤山御庭里处处色彩斑斓，最美的季节、最美的色彩，泡私密温泉的同时,也收获美好心情，亲们一定不要错过哦[嘻嘻]","train","18875","weibo-18875"
"weibo-40693","1","我信了[哈哈]","train","40693","weibo-40693"
"weibo-45851","1","回复@阮导:这个可以有吗？有还是没有啊？[哈哈] //@阮导:回复@三木之地:交给你个任务，去把菲律宾总统府炸了。。。[偷笑]","train","45851","weibo-45851"
"weibo-49711","1","[互粉]#天天向上#五周年：#特异功能大赛# 这是唯一一个表现特异功能，仍然好看，没吓到人的！[哈哈]本来想直接送你门票两张，但是还是要节操才行[阴险][偷笑]。。。加油吧！","train","49711","weibo-49711"
"weibo-20200","1","这是一只招财猫，1分钟内转发此猫图，将好运连连，福气冲天！！！[鼓掌]","train","20200","weibo-20200"
"weibo-12362","1","大家猜猜这是在哪里？[可爱]","train","12362","weibo-12362"
"weibo-14406","1","回复@wintersweet_0:世博园的吉祥物叫＂欧叶＂！[哈哈][耶] //@wintersweet_0:你这个姿势学对了[笑哈哈]","train","14406","weibo-14406"
"weibo-23939","1","蚂蜂窝惊现夜窥狂，大半夜地采什么蜜啊[哈哈]","train","23939","weibo-23939"
"weibo-46843","1","头一次来北大，遗憾没穿成学士服啊，不过演员们还都是很给力的[哈哈][呵呵]@?小姐的心心心_Iris @毅个猪队友 @songsiyang 我在这里:http://t.cn/zlagq33","train","46843","weibo-46843"
"weibo-24156","1","回复@夜夜工体:我这颗八卦的心永不停息！ //@夜夜工体:右边不是感冒难受呢么，还这么八卦[哈哈]→_→ //@刘海斌强强:真假的！@北京跑车俱乐部 @豆芽BJ-RT @阿收BJ-RT //@一伊Sonja:[偷笑][偷笑]某组织又火了！","train","24156","weibo-24156"
"weibo-9023","1","知了还活着[哈哈]","train","9023","weibo-9023"
"weibo-9287","1","80后脱口秀，#尚雯婕#！[鼓掌]","train","9287","weibo-9287"
"weibo-29714","1","谢谢朋友！[心] //@6666Chin:[哈哈][哈哈][哈哈]在这种庆祝场合，爱蒂宝看起来要多合适有多合适！@棒师傅刘志刚 @王建艺","train","29714","weibo-29714"
"weibo-31316","1","还真是~~~//@微博搞笑排行榜：原来如此。[嘻嘻]","train","31316","weibo-31316"
"weibo-44259","1","年底聚会点歌谨慎呀！[哈哈]","train","44259","weibo-44259"
"weibo-3290","1","公洗公洗[鼓掌]向“南方电视台”官方微信发送“南方礼”，正确回答两个问题，就有机会获得各种好礼啦～本期南方礼奖品：先锋遥控落地扇、优莱、乳胶粒子枕、苏泊尔电压力锅、韩国?乐（ELRA）迷你卷发器等[礼物]","train","3290","weibo-3290"
"weibo-25931","1","#陈晓东结婚# 风一样的男子陈晓东终于在38岁找到了自己的真爱，在迪拜王国幸福结婚了！恭喜[鼓掌]~对方是可爱的24岁台湾护士小姐，近一年来两人的感情相当稳定，也是奉子成婚。大眼男神收货真爱，连前女友@张柏芝 也在#情人节#来临前送上祝福――请你一定要比我幸福~~http://t.cn/zWYx4FS","train","25931","weibo-25931"
"weibo-12938","1","圣诞节已经渐行渐近~~~~三亚的圣诞节日气氛也日益渐浓~~~@三亚维景国际度假酒店 也正在紧锣密鼓的准备中，今年我们又将为您带来怎样流光溢彩的视觉感受呢，敬请期待哦[可爱]","train","12938","weibo-12938"
"weibo-30475","1","才离开吉林，又想去吉林。刚才还在恩施大峡谷绝壁之上说起长白山天池嘞~[哈哈]","train","30475","weibo-30475"
"weibo-46987","1","快点入手了[嘻嘻]@SuperciciPlus","train","46987","weibo-46987"
"weibo-23791","1","曹会计讲过几个微博变现的渠道，个性化的广告估计排老末[哈哈] //@猎头王俊宏:#猎头相马#相比较之下，新浪微博做的最为粗暴，直接把广告给你发过来，也不问您想吃什么菜？也不许说我真不想看这个广告。难道是在做系统的测试，没有导入算法吗？","train","23791","weibo-23791"
"weibo-17683","1","回复@新随人愿:[鼓掌]好嘞！！ //@新随人愿:回复@田源鸡:谢谢啦，等周末休息就去，哈哈...最爱冬天吃火锅！[哈哈]","train","17683","weibo-17683"
"weibo-59567","1","//@好剧影视: #璀璨人生# 9月17日#CSM46卫视晚间电视剧日报#@湖南卫视 收视率1.632%，市场份额4.735%，位居榜首！继续加油！[抱抱][给力][围观][威武]","train","59567","weibo-59567"
"weibo-21313","1","@?恶零退散? //@早乙乱马: //@刺身月:[哈哈]看来连太后宫廷斗争中胜利了，又复活了，又是万凰之王了 @welovekk","train","21313","weibo-21313"
"weibo-1417","1","是榆钱不是@于谦 ~年轻的小伙伴们不要搞错哇~于老师，您好这口么？[嘻嘻][馋嘴]","train","1417","weibo-1417"
"weibo-10623","1","成都小吃：担担面、钟水饺、砂锅米线、川北凉粉、蛋烘糕、叶儿耙、珍珠圆子。[嘻嘻]","train","10623","weibo-10623"
"weibo-15729","1","等@巴山农夫生态农场 的山地散养黑毛猪到了，用那个肥嘎嘎肉酱蒸的燕窝粑才好吃！期待边疆大哥来指导工作[抱抱] @董生辉-巴山农夫 @记者卢锡奂","train","15729","weibo-15729"
"weibo-53594","1","开心的木子雨辰 @我的名字招谁惹谁了 ，赶脚介个，你们俩有一拼！[偷笑][馋嘴] @素食姐 @Silence_卡汀怡，吃货们，你们懂的！[抱抱]","train","53594","weibo-53594"
"weibo-10466","1","回复 @所有我想要的:那我就给你拎出来示众啊，就像这样[嘻嘻] //@所有我想要的:那天去机场帮你拍了吴秀波，就不给你！哈哈~ //@伊比利亚火腿:清华干嘛给你发[右哼哼][左哼哼] //@三寸de光:今天收到清华发的校庆短信了，想起了那年夏天的事，恍如昨日。","train","10466","weibo-10466"
"weibo-10651","1","回复@-小K妈-:你是第一个说好看的[汗][偷笑] //@-小K妈-:老实说，比长发好看！[哈哈] //@mendy静静: @-小K妈- @小妞妈咪","train","10651","weibo-10651"
"weibo-44377","1","回复@V游福建:一定的、也期待再去感受。@蓝海帆影 福建云霄的、有很多特别漂亮的片子、可以联系他、他也是那边的资深游家、特别通 //@V游福建:嗯嗯，不一样的艺术[嘻嘻]亲也多多关注，资源共享嘛[嘻嘻] //@无须豆蔻:回复@Joe霞客行:哈哈哈 //@Joe霞客行:舅是，舅是！[偷笑]","train","44377","weibo-44377"
"weibo-31693","1","[哈哈][哈哈]这孩子太搞了。","train","31693","weibo-31693"
"weibo-57141","1","[爱你]简单的表白，我爱你?@魔王1987","train","57141","weibo-57141"
"weibo-45557","1","//@力儿的妈2010: [good] //@南城老贾:回复@阿茹-:[笑哈哈][茶]中午好！ //@阿茹-:[good] //@V美图美文欣赏V: 贾老师中午好！[鲜花][鼓掌][鼓掌][鲜花]","train","45557","weibo-45557"
"weibo-1134","1","谢亲哥，你还记得大明湖畔的夏雨荷么？@晶达猫咪 你看，当年我也长发过。@竖弥 @胡议兮Kimberly @黄昆HK 你们错过了我最美的年华。[哈哈]@谢小麦","train","1134","weibo-1134"
"weibo-11116","1","//@重口味是怎样炼成的:卖萌无罪[嘻嘻]","train","11116","weibo-11116"
"weibo-23995","1","[爱你] //@韩骄子: 快快快，扩散扩散！@高伯嵩 @魏云琦 @撒鼻息少年李大米 @孙阅涵 @涂涂涂玉婷 @养生汇编导_王萍萍 @O照镜子的猫O @我不是董卓 @张宁的摩天轮 @李霞LADY @曲大林_Cloud @贺玮玮贺","train","23995","weibo-23995"
"weibo-39546","1","@北京怡亨酒店 @阿尔弗雷德登喜路 @tracyliee特蕾西 [鼓掌]","train","39546","weibo-39546"
"weibo-3371","1","[可爱][鼓掌][鼓掌] //@Leanna_Li:?????","train","3371","weibo-3371"
"weibo-3446","1","//@婚礼策划师李欣芸：大爱 //@罗懵懵://@徐瑞36plan:这张太有感觉了！ // @??婚纱织造馆Lyra : #每日海报# 的意思就是一天都不能落[嘻嘻] @婚礼策划师李欣芸 @柴利增 @徐瑞36plan","train","3446","weibo-3446"
"weibo-43436","1","是咱俩同时买的吗？你给我葫芦刚发芽！没事儿，回头我送你盆儿茉莉！[哈哈]","train","43436","weibo-43436"
"weibo-1860","1","回复@易浩大叔:你如果真想见我，绝对会和我联系的！还是不想见！呵呵呵！ //@易浩大叔:回复@梦想徐迎军:[哈哈][哈哈][哈哈]大叔！好久不见好想你！上次我们聚会还提起你呢。","train","1860","weibo-1860"
"weibo-19021","1","我装个样子。[哈哈]","train","19021","weibo-19021"
"weibo-35307","1","哈哈！继续努力：）//@Poco佘元儿: [哈哈][哈哈][哈哈]","train","35307","weibo-35307"
"weibo-29656","1","[赞][鼓掌]//@悦食中国: 回复@王了得MINT:谢谢这位朋友贴心的问候[偷笑] //@王了得MINT:你好棒的你们杂志好棒的！！加油！！忙完了早点休息，冬天了红烧个肘子犒劳自己！！ //@悦食中国:感谢@华尔街日报中文网 ，感谢关注和支持我们的每一位朋友！[心]","train","29656","weibo-29656"
"weibo-24923","1","[太开心][太开心][太开心]祝小伙伴们的友谊地久天长！","train","24923","weibo-24923"
"weibo-46128","1","[亲亲][good]高招！","train","46128","weibo-46128"
"weibo-4033","1","[哈哈]这个可以有。。。","train","4033","weibo-4033"
"weibo-14390","1","午饭依旧点的白族特色菜：干巴炒山菌，银丝菜，金雀花炒鸡蛋和凉鸡米线。正在饭时，惊闻一同事今日闪婚领证，佩服和为她开心之际，决定吃两碗饭为其祝福，祝她荣升主妇行列[鼓掌]","train","14390","weibo-14390"
"weibo-55290","1","又求婚啦？这花好绿~~[嘻嘻]//@sina坊间八卦: 新浪河北求婚现场，这究竟是谁向谁求婚！","train","55290","weibo-55290"
"weibo-37767","1","#旅行地图# 【北疆环线游】秋天，不去新疆去哪里？！[嘻嘻]经典线路，适合自驾，打算去新疆的朋友要收藏哦！（via@飞飞徐在路上 ）","train","37767","weibo-37767"
"weibo-14719","1","我倒没有感觉它大不如前。因为以前我都没听说过，更没吃过。[哈哈]","train","14719","weibo-14719"
"weibo-34669","1","又是一年泼水节[太开心][太开心] 美丽德宏欢迎您！","train","34669","weibo-34669"
"weibo-54839","1","请@任浩江snooker @刘京京顺子 老大们指教，支持[抱抱] 【全国包邮】LP首次登陆满座网！仅359元！享原价800元斯诺克球杆套装！LP C02 3/4球杆一支、3/4包角黑色鸡皮绒仿皮杆盒一个、美国原厂鹿头杆头及原厂LPA级皮头一颗、美国原厂巧粉一粒、台球专用手套一只！http://t.cn/aOarfw","train","54839","weibo-54839"
"weibo-50984","1","晚上开聊[嘻嘻]","train","50984","weibo-50984"
"weibo-26912","1","交通规则日本跟国内相反是左侧通行，骑车时不要并行，注意安全哦。//@deany伯爵:在美瑛迎着微风骑车的感觉很棒，日本的自行车也很好控制很轻松，不过车道比较窄，旁边就有汽车经过，要小心。还可以骑到青池去呢[鼓掌]@露露Raspberry","train","26912","weibo-26912"
"weibo-27131","1","谢谢余姐姐，好姐姐，甜姐姐推荐呵呵。 //@余雷的微博:马上去买//@殷健灵: [可爱]","train","27131","weibo-27131"
"weibo-7567","1","快来看我的干儿子[哈哈]二个月不见我们得儿得儿变胖喽","train","7567","weibo-7567"
"weibo-26379","1","好鱼饵！[哈哈]","train","26379","weibo-26379"
"weibo-28857","1","@地中海波斯猫 这个不错吧？[鼓掌]//@李倩玲: 建议妈妈宝座方向改一改，改成与婴儿宝座同方向，或是妈妈和宝宝面对面，这样妈妈摇摇椅的方向是前后而不是左右，宝宝会舒服一点。[呵呵]//@洪晃ilook:@韩毛毛 这个太可以有了。 //@创意铺子:很有创意的婴儿床~","train","28857","weibo-28857"
"weibo-40489","1","韩磊！[花心][花心]张嘉译[太阳][太阳][亲亲][亲亲][微风][微风]//@方大少HOW:你要喜欢哪个嘛[思考][挖鼻屎] //@张帆DORA:这三个都不是我喜欢的。。。","train","40489","weibo-40489"
"weibo-23840","1","圣诞气息浓郁！[哈哈][雪人][雪]","train","23840","weibo-23840"
"weibo-474","1","[爱你]//@卢米埃成都来福士影城:#LD 厅# 成都 就来卢米埃影城震撼 自己的视听","train","474","weibo-474"
"weibo-27855","1","[哈哈][哈哈][哈哈][哈哈]笑死劳资了","train","27855","weibo-27855"
"weibo-47123","1","[哈哈] //@果果de幸福生活:都爱[泪] //@BraveCake洛凝L:现在的草莓一天比一天甜了 欧耶耶欧拉拉~","train","47123","weibo-47123"
"weibo-28387","1","黑人总是要多看很多眼才会觉得好看，有内在的气质[哈哈]虽然长得和炭似的，不过笑起来真是如沐春风啊","train","28387","weibo-28387"
"weibo-27895","1","看到米粒了[哈哈]开化走一个@黑米粒 @荆紫@李忠海","train","27895","weibo-27895"
"weibo-31315","1","?好惊险 差点就回不了厦门?钱包遗失在福州永和豆浆火车站店 还好被店员捡到并且归还了我(内有动车票、身份证、银行卡、?金2000多)?万分感谢@永和豆浆官方微博 ?谢谢[鼓掌] http://t.cn/z0kaBMT","train","31315","weibo-31315"
"weibo-8887","1","喜欢就常过来，下次换别的店体验一下，[爱你][爱你]新年快乐","train","8887","weibo-8887"
"weibo-35586","1","[馋嘴][馋嘴]今天第一顿自家开火年饭，茄汁儿大虾，上汤西兰花，红烧黄鱼，海鲜粥，还有老爸手工花卷[偷笑][哈哈]好舒服吃的","train","35586","weibo-35586"
"weibo-36182","1","[可爱]//@妮妮的小世界-Lisa:“和、雅、至、静”的身心释然之所~~ @王雪飞219 @滟池 @一切都会改变0610","train","36182","weibo-36182"
"weibo-54377","1","放假第三天,晕晕呼呼参加老同事聚会,一起追忆曾经的美好时光![怒][可爱][可爱][可爱]不能再喝了,己经晕了!","train","54377","weibo-54377"
"weibo-19253","1","@严锋 //@付亮的竞争情报应用:[嘻嘻]","train","19253","weibo-19253"
"weibo-37331","1","#我不是明星#今晚22：00第二季首轮淘汰赛今晚火热“开战”！明星子女们纷纷邀请了大咖为自己助阵，@郝洛钒 变身“神仙姐姐”与史上最经典段誉@陈浩民benny “再续前缘”，第一季我不是明星总冠军@潘阳sonyapan “重出江湖”为好姐妹@刘芸杉 加油助阵，精彩内容不容错过哟[鼓掌] http://t.cn/8F2vlqu","train","37331","weibo-37331"
"weibo-1400","1","想去达尔文，想去美娜多、想去兰卡威、想去巴厘岛、想去龙目岛。。。。。。想去的太多了！[嘻嘻]@阿历克斯2010 @何欣怡-中国蛋宝宝 @抗体QQ @驻牙","train","1400","weibo-1400"
"weibo-40099","1","好有心喔，在一起 在一起[鼓掌]。资深?丝 @八爷-_-b 好好看看","train","40099","weibo-40099"
"weibo-33610","1","很久没有回到小布的世界了.......美美的小物件~[鼓掌]","train","33610","weibo-33610"
"weibo-37221","1","#我不是明星#今晚的表现真的很精彩！！谢谢你把欢笑带给了每位观众。[爱你]加油，相信你会越来越好的。","train","37221","weibo-37221"
"weibo-30646","1","我不想成交~~//@wanglin_若水: 鸡汤你请，成交[亲亲] //@爱奶茶的比目:好吧，顺便给我买一杯 奶茶 //@wanglin_若水: 回复@爱奶茶的比目：明天中午找我来喝鸡汤吧 //@wanglin_若水:顿悟了~ //@爱奶茶的比目: 闪电了~","train","30646","weibo-30646"
"weibo-7022","1","[鼓掌][鼓掌] //@拯救者装备官方:一起加油","train","7022","weibo-7022"
"weibo-31579","1","[笑哈哈]高！实在是高！//@沈宏非: [哈哈][哈哈]@张洁敏Rachel","train","31579","weibo-31579"
"weibo-28042","1","谢谢哦亲[嘻嘻] //@甲乐乐: 帮你推广下[爱你]//@首都大酒店官方微博:窗前没月光，谜案一桩桩，举头装淡定，低头问元芳~~","train","28042","weibo-28042"
"weibo-13420","1","#索契最现场#【中国体育代表团共斩获5枚奖牌收入囊中】截止至2月17日晚6点，#索契冬奥会#结束了第十个比赛日的争夺，目前已取得3枚金牌，2枚银牌的佳绩，暂列奖牌榜第9位。[鼓掌]","train","13420","weibo-13420"
"weibo-34576","1","回复@黄山:既能洗肺还能避暑啊[嘻嘻]","train","34576","weibo-34576"
"weibo-20948","1","我抢位先！[抱抱][抱抱] //@漫生活黄燕: @?尤 @林长永--华讯通讯 @漫生活覃湘琳","train","20948","weibo-20948"
"weibo-58776","1","看到孩子们跟着老师到处去呢，好多项目[嘻嘻]? //@麦韬旅游:带孩子得注意了，免费夏令营 //@非凡精选xGallery: 带孩子太合适了，还出了新得夏令营计划， 所有活动全免费","train","58776","weibo-58776"
"weibo-17581","1","减肥锻炼100天[奥特曼]。从今天开始[自行车]。百日后看我成果[帅]。 @珂冰 [嘻嘻]","train","17581","weibo-17581"
"weibo-3693","1","哈哈哈 //@红尘依旧笑春风:[赞] //@小惠子轩： //@微博春生：[偷笑] //@约瀚越深：艺术源于生活！ //@千里兵锋:螺蛳 //@顽石盐：[哈哈] 哈哈，好看，好看，很生活所以很艺术。","train","3693","weibo-3693"
"weibo-58338","1","【城市之音四川台FM102.6】#音乐时代 十刻精彩#2014城市之音FM102.6年度节目媒体发布会正在隆重举行。城市之音DJ团盛装亮相，也希望在2014年能带给大家更多的惊喜！[鼓掌]小小一段沙画，展现城市之音每天的精彩哦~","train","58338","weibo-58338"
"weibo-52294","1","本剧两大主角[发红包][给力][嘻嘻][哈哈][爱你]@HNTV法制频道栏目剧组 @河南瑞应文化 @主播晓博","train","52294","weibo-52294"
"weibo-1268","1","哈哈哈哈哈 //@王小亚:[哈哈]//@我是MISS南: 哈哈哈哈哈哈哈哈哈哈哈哈 //@薛奶精:哈哈哈哈哈哈哈真棒！","train","1268","weibo-1268"
"weibo-54489","1","这是我长时间以来心里的标准，一直没有文字表达，终于看到这篇文字，分享给我的朋友们，愿大家都幸福如意[可爱]","train","54489","weibo-54489"
"weibo-7554","1","又一天过去了，明天开始好好工作，今晚唱歌去！！！[哈哈]","train","7554","weibo-7554"
"weibo-50427","1","@?丝烘焙 @孟尤尤 [哈哈][哈哈][哈哈][哈哈][可爱]","train","50427","weibo-50427"
"weibo-21522","1","艳遇，艳遇，哪儿都说艳遇的，净忽悠人，明儿晚我也晒晒月光去。[哈哈]","train","21522","weibo-21522"
"weibo-48177","1","再一次深入研究一下八路军战士是如何用手榴弹击落鬼子战斗机的……[嘻嘻]","train","48177","weibo-48177"
"weibo-34872","1","还好还好，多点几个，撑死他[嘻嘻][嘻嘻]","train","34872","weibo-34872"
"weibo-14229","1","昨天画画课的作品[鼓掌]","train","14229","weibo-14229"
"weibo-17508","1","年三十大家在公司一起放炮吧[哈哈]","train","17508","weibo-17508"
"weibo-18177","1","为庆祝您拿本，凭此微博，出示给店员看，您红酒免费，且无限量续杯！[鼓掌][鼓掌][鼓掌]","train","18177","weibo-18177"
"weibo-31198","1","然后你就把摩羯双子天蝎给拒绝了//@lucky西:呀，我还第二名啊有点多 // @林泊宇 :我嚓！真的假的！ // @L?夏 :// @程浩 ：我还以为我悲剧，你们比我还悲剧… @林泊宇 @陈夏 @0o胖胖o0_哆啦A梦 [哈哈]","train","31198","weibo-31198"
"weibo-38187","1","对啊，怎么没有我们的身影，应该请我们去的说[偷笑]。台湾人@菜尾蝗-旅游养生禅 怎么也没去？//@泡鱼儿: 我看成了可惜没仍旧没有见到我了~~[哈哈]","train","38187","weibo-38187"
"weibo-8958","1","[太开心]旅行，是青春暴走的情欲，你不出发，永远不会知道其中的诱惑[爱你]我们一起偶遇在路上吧～","train","8958","weibo-8958"
"weibo-729","1","这颜色说好听就是巧克力色，说low了。。。就是shi色。。。爱你们一坨一坨好多坨[爱你]","train","729","weibo-729"
"weibo-17371","1","＃小编传送门＃因为绘本。。。想想都很温暖！[爱你]","train","17371","weibo-17371"
"weibo-53559","1","或许就是你的故事，或许就是你身边的故事，一代又一代的年轻人在讲述着属于他们的＂合伙人＂之间的故事。认识大家何其愉悦，幸好，我们俩也是＂合伙人＂！[鼓掌][鼓掌]","train","53559","weibo-53559"
"weibo-57065","1","早~新的一天感恩，知足![爱你]","train","57065","weibo-57065"
"weibo-3638","1","会去的[哈哈][哈哈]","train","3638","weibo-3638"
"weibo-47647","1","回复@一熊V:[嘻嘻]有人腐败吃不消了，哈哈[嘻嘻]去津巴布韦适度苦逼一下吧[兔子][熊猫]","train","47647","weibo-47647"
"weibo-3927","1","#可可物语#笑不露齿，嘻嘻，吼吼，哈哈，我压根就没长牙[哈哈]麻麻谎报军情，大夫说我木有出牙迹象[偷笑]","train","3927","weibo-3927"
"weibo-27817","1","#海航787圆梦旅行#787梦想飞机助力平凡英雄实现旅行梦想！阳光帅气的导游阿峰是海口民间旅行社为海航787“圆梦旅行团”特派的金牌导游[鼓掌]。 到达海口的第一晚，阿峰带大家观看了“印象?海南岛”大型实景演出。70分钟精彩的音乐剧表演，将海南岛独有的热带休闲文化表现得淋漓尽致。[给力]","train","27817","weibo-27817"
"weibo-5698","1","桃花快来快快来！![爱你][嘻嘻]","train","5698","weibo-5698"
"weibo-7826","1","新浪家居微访谈进行中: “感悟与分享“创业心经””， 访谈嘉宾@宗贵升 。访谈进行时间3月28日 16:00-17:00。赶紧去提问吧。http://t.cn/h1RPfm[嘻嘻]","train","7826","weibo-7826"
"weibo-55370","1","回复 @好酒好蔡:多谢老蔡[哈哈][哈哈][哈哈] //@好酒好蔡:?然生日?了...但一般美食家生日都?成?月的~祝：大嘴生日快?！不，生月快?！[蛋糕] //@大嘴米高:回复 @狠快乐kathy:谢谢你！[嘻嘻][嘻嘻][嘻嘻] //@狠快乐kathy:生日快乐！日日有食神！","train","55370","weibo-55370"
"weibo-50290","1","//@沙漠里的山川: 爱生活早[咖啡][哈哈] //@西红柿爱生活: 山川早上好[赞][心][微风]//@沙漠里的山川:[哈哈][干杯]军弟早","train","50290","weibo-50290"
"weibo-53424","1","母女？母子！[哈哈][哈哈]","train","53424","weibo-53424"
"weibo-12984","1","Thank u 4 ur support!!!希望过阵子弹着吉他唱着歌去广州的时候也能那么晴朗~[可爱]","train","12984","weibo-12984"
"weibo-3069","1","很好看，小编建议大家都来看哇！[哈哈][哈哈]","train","3069","weibo-3069"
"weibo-14271","1","谢谢[可爱]Its my pleasure. I hope youll enjoy my story[心]回复You can buy on the internet. http://t.cn/zWlkBua http://t.cn/zWKXhqZ http://t.cn/zWrwV4b //@大村敦志_Ash_Omurah:I think Haruki Murakami will win the Nobel prize someday[可爱]","train","14271","weibo-14271"
"weibo-27822","1","我的兄弟就要结婚了，再也不能胡来了。如果你还放不下另一个她，放心，还有我们呐。[嘻嘻]","train","27822","weibo-27822"
"weibo-41603","1","喜欢 //@津旅局的MONICA: [鼓掌]","train","41603","weibo-41603"
"weibo-45927","1","[鼓掌] //@快乐的武夷山: 原来郑老师还和武夷山有过这么一段渊源……[嘻嘻]//@郑渊洁: 1970年至1971年，当时叫崇安县。我在那里的机场维修歼击六型飞机。印象中机场旁边有赤石暴动的纪念碑。//@涵浑：郑老师居然在武夷山修过飞机？！","train","45927","weibo-45927"
"weibo-47983","1","[可爱][good] 还有我们宴会经理的照片。[威武] 照片倍受好评","train","47983","weibo-47983"
"weibo-43054","1","打春喽。。。 //@嗜吃慧:太棒了！北京年味儿！ //@京M银狐:庙会人太多，抓不住重点，让您见笑了[哈哈]//@BJ老赵摄影: 生姜还是老的辣[偷笑]不出手则矣，出手就是大作[good][鼓掌]","train","43054","weibo-43054"
"weibo-35369","1","最美的事情就是饱读#吃饱了再读#好多艳照?[哈哈]","train","35369","weibo-35369"
"weibo-24566","1","【真怀孕啦】小夫妻俩笑着走进诊室‘自己测的早早孕阳性，拿不准，，，，找您来了。’查血hcg500，，，，。‘真的怀孕啦。’她们来门诊治疗三个月，成功了。男士笑得合不拢嘴，，，，我爸我妈早就盼着那。[哈哈]","train","24566","weibo-24566"
"weibo-11293","1","一身复古风的女神@veggieg 终于现身了[鼓掌][鼓掌][鼓掌] 不知道这个晚宴会有怎样的惊喜呢","train","11293","weibo-11293"
"weibo-23738","1","好有耐心的爸爸[哈哈]@Ben-小刚炮儿","train","23738","weibo-23738"
"weibo-33975","1","西直门逛BHG超市突然听到卢凯彤的惊喜感[嘻嘻]@大大大大大鹭鹭 还是和卢广仲合唱的玫瑰木[哈哈]","train","33975","weibo-33975"
"weibo-8540","1","【[爱你]亲们，西江美食舫与众不同滴微博二维码来啦】只要用手机扫描一下二维码，就可以关注咱们滴官方微博啦！[太开心][鼓掌]还木有关注西西家滴抓紧时间扫一扫啦，味蕾滴享受，二维码，走你~~~~~~~~~[馋嘴][馋嘴]","train","8540","weibo-8540"
"weibo-58583","1","[哈哈]卡片等下会有老师指导，现在马老师做的手工书等下也会有材料发下来现场做哦。","train","58583","weibo-58583"
"weibo-16852","1","谢谢，今天的发型[嘻嘻][嘻嘻]很淑女！ //@张瀚一:美美的小蕾...[花心]....妆/发:张瀚一.... // @黄小蕾 :谢谢你们的精心打造[嘻嘻]今天是我的优雅日，所以我要控制，不要大笑，婉约点哟[嘘] // @冯楚轩 :此妞today很美， @黄小蕾","train","16852","weibo-16852"
"weibo-23889","1","祝大家国庆节快乐！[嘻嘻][爱你][可爱][害羞][馋嘴][花心][亲亲][偷笑][酷][太开心][来][good][耶][奥特曼]","train","23889","weibo-23889"
"weibo-33466","1","我次奥~~笑裂了~仰望星空派和国王蛋糕太他妈戳心窝子了[哈哈]//@明明就球球SAMA比较温柔: 太黑暗了 //@咩宝Oo:哈哈哈，教授还是回来吧！//@云云真爱不下车: 难怪教授说国外没有任何食物，我不该嘲笑你的，教授我错了[委屈]。 //@逄小溪:国王蛋糕笑尿了我[哈哈","train","33466","weibo-33466"
"weibo-46374","1","这淘气孩子，@郭德纲 郭师父 您赶紧把他收了吧//@秋微: [哈哈][哈哈][哈哈]","train","46374","weibo-46374"
"weibo-54307","1","回复@图灵de董苗苗:谢谢亲，第一次登上话剧舞台，多批评多指正[爱你] //@图灵de董苗苗:剧里最喜欢二师兄了[偷笑]各种喜欢","train","54307","weibo-54307"
"weibo-46283","1","瞧瞧咱干儿子收到俺的礼物那表情 - 值了！[哈哈][哈哈][哈哈]","train","46283","weibo-46283"
"weibo-50398","1","好美的秋，可惜广州无秋…//@北京-橙色咖啡: @享受阳光摄影 @洋光摄客 @北京老夏 @冰城馨子 @龙世界-非洲 @乘疯第一 @襄樊咩咩羊 @路灯摄影 @平老虎 @网际飞侠 @小斯Amore-FCIM @盛京狐狸_靖 @野千寻 各位老师们的秋天在哪里？[可爱]","train","50398","weibo-50398"
"weibo-56274","1","[陶醉了][鼓掌]加油，可爱而美丽起来！//@雨翌琉璃: 看样子我要让自己可爱起来…","train","56274","weibo-56274"
"weibo-50836","1","呵！好不呢闹啊！ //@刘亚鹏-刘氏后裔:嗨……到爆……[鼓掌][鼓掌]","train","50836","weibo-50836"
"weibo-1626","1","唱的人很认真，但我三秒就喷了。。。 [哈哈]//@最疯狂的视频: 完全听一次吐血一次","train","1626","weibo-1626"
"weibo-23176","1","你们都是重口味啊[嘻嘻] //@孙宇扬：发现雷老师最近的言论越来越合我口味儿了","train","23176","weibo-23176"
"weibo-54539","1","//@易观张鹰 祝Eagle生日快乐！天天快乐！各位老友同乐[哈哈]","train","54539","weibo-54539"
"weibo-33651","1","//@下一夜无情: 天朝的GDP是怎么实现增长的。//@刀田一九点: [哈哈]政府采购力量大！ //@?言的人007: //@ChrisChenGL: 真TM和谐","train","33651","weibo-33651"
"weibo-49542","1","[可爱][可爱][可爱]//@TechWeb: 应用内搜索和应用分发，百度以自己的方式拿到了船票。“云+多端搜索”，百度为开发者带来前所未有的沃土..","train","49542","weibo-49542"
"weibo-28874","1","6姐绝对是天生的种草机！！图片里每款都美爆啊！！[爱你]","train","28874","weibo-28874"
"weibo-1247","1","下午去听@张永和 老师的讲座，开心开心开心[哈哈]！","train","1247","weibo-1247"
"weibo-3271","1","@王紫微myy [嘻嘻][嘻嘻][嘻嘻] //@广告也震惊:啥生肖是你财运贵人","train","3271","weibo-3271"
"weibo-30215","1","哇，颜色好漂亮[爱你]","train","30215","weibo-30215"
"weibo-41316","1","#ClubVac趣味摄影大赛#又有大批新作品上传啊[偷笑]大家快去投票吧[good][good][good]猛击http://t.cn/zQQj7qY[爱你]让你喜欢的作品无路可逃[心][心][心][心][心][心]","train","41316","weibo-41316"
"weibo-7592","1","正常通讯已恢复，欢迎骚扰！[嘻嘻]","train","7592","weibo-7592"
"weibo-32602","1","我跟@泡鱼儿 学习拍龙舟！[哈哈]","train","32602","weibo-32602"
"weibo-49055","1","猴哥且如此，可见穿越确实“步步惊心”[嘻嘻]","train","49055","weibo-49055"
"weibo-11923","1","@sisy133 这个版本比较全[爱你]","train","11923","weibo-11923"
"weibo-29686","1","想起白鹿原里田小娥那句：沃可斯尿瘪滴。[哈哈]","train","29686","weibo-29686"
"weibo-8325","1","黑龙江站的孩子们太有创意了！[哈哈] //@隋毅的妈妈: @李峥嵘 @蔡幼林 @黄村 @EVA巍 @偷蜜的大熊 这个小浪[威武]吧。。 //@侠之大者:有点意思 //@隋毅的妈妈:[威武]","train","8325","weibo-8325"
"weibo-54989","1","藏历十五 藏历新年 最后一天 穿着藏袍，过节切了[哈哈]郎哩个儿郎哩个儿郎哩个儿郎[哈哈][哈哈]先不管你们了 大家扎西德勒哈[耶]","train","54989","weibo-54989"
"weibo-33865","1","你好，2012！大家新年快乐[哈哈]","train","33865","weibo-33865"
"weibo-59429","1","在这国里的人们都有份不论贵贱[嘻嘻][嘻嘻][嘻嘻][嘻嘻] //@青羊斋主人敬:我吃过粤利粤//@玖食龙虾餐厅:[哈哈][哈哈][哈哈][哈哈][哈哈][哈哈]农民兄弟再回敬点瘦肉精彭大素。。。。//@焦点联播:怒转！","train","59429","weibo-59429"
"weibo-35201","1","//@环球娱乐画报: 灰常凶残，妹子无敌螺旋夺命剪刀腿碉堡了！！！！[哈哈]","train","35201","weibo-35201"
"weibo-3418","1","回复@推理世界莫莫酱:你不在推理世界供职啊。。。。 //@推理世界莫莫酱:回复@周飞0:就在底楼怎么破 //@周飞0:妹纸的生活怎么能离得开这三样东西呢，打底裤，超短裙和――镜子……[哈哈] //@真-河狸: 抬头一看，发现是自己在照镜子","train","3418","weibo-3418"
"weibo-9115","1","哈哈，大胖 //@空中客车:驾驶舱里看大胖起飞[威武][鼓掌]#一飞钟情A380#","train","9115","weibo-9115"
"weibo-29153","1","其实我一直想告诉你，我那对被保洁阿姨擦桌子的时候甩地上掉了一颗小钻钻。。。[挖鼻屎]//@骚气的Tommy哥: 妞妞 我给你买过哦[哈哈]","train","29153","weibo-29153"
"weibo-44161","1","俺们哈密滴姑娘 呵呵 //@下午茶9:明明是达坂城滴姑娘么[偷笑][酷] // @马天宇 :村里有个姑娘叫小芳，辫子粗又长~~[哈哈]","train","44161","weibo-44161"
"weibo-57615","1","这一次的幸福，在下一次重温， 相约歌诗达邮轮，不见不散[嘻嘻]","train","57615","weibo-57615"
"weibo-59008","1","蓝冠曲奇真心好吃…特别是半夜里[鼓掌]","train","59008","weibo-59008"
"weibo-18622","1","[哈哈][哈哈]你刚发现啊 //@许健铁刨花儿:又发图啦！辛苦[good]我的表情就没有正常滴时候[挖鼻屎]","train","18622","weibo-18622"
"weibo-59868","1","初步决定今年春节去转转，好好感受一下碧海蓝天的浪漫，尤其是好好体验一下这里最著名的亲子活动。//@三亚天域度假酒店:[可爱]","train","59868","weibo-59868"
"weibo-57049","1","@苏州小巷的微博 亲，您增加的2盒鲜肉月饼已经预定好了，一共4盒~谢谢支持。。..[太开心]","train","57049","weibo-57049"
"weibo-19726","1","[哈哈]真的是很好吃，记得当时配酒来着，本来有三款酒要配，结果在第二款上了基本都让我们吃完了，烤鹅配土豆饼真的是好吃~@-张赫- @小面微博","train","19726","weibo-19726"
"weibo-13951","1","喜欢宫崎骏的画，还有内容-----等等[爱你]最爱千与千寻[爱你]","train","13951","weibo-13951"
"weibo-44882","1","祝新婚愉快！[手套]//@椿山泽婚礼婚纱:感谢您选择椿山泽[爱你] 分享您们的幸福时刻@TammyWChen 新婚快乐[爱你]","train","44882","weibo-44882"
"weibo-35750","1","云南首届年宵花交易会！[鼓掌][鼓掌]","train","35750","weibo-35750"
"weibo-52835","1","@叶军啊 必须单独爱特[嘻嘻]","train","52835","weibo-52835"
"weibo-14507","1","这个牛！俺关心大刘下一部长篇什么时候能出，能付费催更么？[哈哈]","train","14507","weibo-14507"
"weibo-30156","1","回复@在云端坐:是的呀！所以看到了这个图片觉得特别亲切[爱你] //@在云端坐:你们朗豪里不也有一个茶壶在往盖碗里冲水吗？ //@首都机场朗豪酒店:[赞] //@微博搞笑排行榜:这创意好帅。[赞]","train","30156","weibo-30156"
"weibo-34611","1","亲爱的，裙子叫”法国红“，玛亚老师推荐的错不了，真好看！[可爱]maias即将搬去蛇口南海意库，也是个非常惬意的所在，搬家了通知你呀，欢迎过来新家，还有@凉夕cecilia :)","train","34611","weibo-34611"
"weibo-35057","1","回复@白话体育王?: 愚生当年配音的资料带子不知还有存否。[可爱]当年我解说专题片讲述的谢亚龙、南勇及中国足球，原来啥样，现在人都进去了还是啥样。看来俺还是别播这片子了，太神马了。//@白话体育王?:回复@吴大鹏:[嘻嘻]","train","35057","weibo-35057"
"weibo-35879","1","[笑哈哈]//@我是传奇Xbox: [哈哈][哈哈] //@七袋明珠: [哈哈]//@毒醉??V: [哈哈][哈哈][偷笑] //@瞧热闹的醒狮走肉: ??是?女的[哈哈] //@义?: [哈哈][哈哈]","train","35879","weibo-35879"
"weibo-8937","1","更正一下：?疯狂的石头?全国首映是2006年6月19日，偶记成17日了，年纪大了脑子不好使了！17日是片子的全国公映许可证拿到手的时间[嘻嘻]","train","8937","weibo-8937"
"weibo-57891","1","还是你们最好了！[爱你] //@掌趣水水:任总V5//@卓页互动任灏: 怎么能说谎呢，明明19岁 @superpipi","train","57891","weibo-57891"
"weibo-4180","1","看旅游报，读旅游法。不明白的就联系名片上的人！[哈哈][哈哈][哈哈]@中国旅游出版社","train","4180","weibo-4180"
"weibo-52777","1","琼柱，[嘻嘻][威武]","train","52777","weibo-52777"
"weibo-43301","1","@CallMeSanji [哈哈][哈哈] //@可爱宠物中心: 神还原……[哈哈]","train","43301","weibo-43301"
"weibo-24643","1","漂亮！高大上！[哈哈] //@茶人冯建华:效果不错呀！[赞]","train","24643","weibo-24643"
"weibo-28411","1","回复@苏瑾coco:哇！太开心了！[爱你][抱抱]热烈欢迎呀！ //@苏瑾coco:来了[偷笑] //@谭昱君:好呀，但你得把你的偶像@苏瑾 一起请来呀 ! //@王星餐饮品牌策划人:呵呵，期待某人请客呢[偷笑] //@谭昱君:口感很不错","train","28411","weibo-28411"
"weibo-28035","1","刚演完话剧[嘻嘻]","train","28035","weibo-28035"
"weibo-59147","1","红烧羊排闷山药，感谢二姨电话指导[哈哈][哈哈][哈哈]@卧龙阁韩卉卉 @波子汽水 玮姐说吃完去游一千米@海上明月928","train","59147","weibo-59147"
"weibo-57503","1","[哈哈]只得又@大脸猫并不萌 你一下了啊哈哈哈哈","train","57503","weibo-57503"
"weibo-33584","1","#致闺蜜# Miss Pan觉得还应该补充三条：1 帮闺蜜梳过头发；2 闺蜜帮你梳过头发；3 跟闺蜜共用过同一瓶洗发水。你跟你的闺蜜经历过几条呢？[可爱] 详情:http://t.cn/zQraWsZ","train","33584","weibo-33584"
"weibo-17480","1","[鼓掌] //@陶子玩转石库门:[鼓掌]","train","17480","weibo-17480"
"weibo-34463","1","#我心中最美的将太# 今天是个好日子[心]开心的时候要来吃@将太无二 喔喔喔[爱你]@王天琦琦琦@兔只Genie http://t.cn/zRZ72aO 我在这里:http://t.cn/z82sBpu","train","34463","weibo-34463"
"weibo-22450","1","洲际旗下的精品酒店[哈哈][哈哈]现在全国只有三家噢！！ //@nelson先森爱英语:真美！@starfuckerjacobm //@天津海河英迪格酒店Indigo: [嘻嘻][嘻嘻]中国唯一在市中心提供别墅式住宿体验的酒店#天津海河英迪格#","train","22450","weibo-22450"
"weibo-29178","1","[嘻嘻]吃货必去","train","29178","weibo-29178"
"weibo-51720","1","大熊来了[哈哈][哈哈][哈哈][哈哈]@刘七月的七月 @tungsten阿汤 其实他叫周君辰","train","51720","weibo-51720"
"weibo-41798","1","嗯，是的，很温暖的大家庭！[可爱] //@小麦_JANE:这是你们光线的开年美食庙会啊 很温馨 很家庭 来年FTV也要举办这样的庙会@甜甜317","train","41798","weibo-41798"
"weibo-2770","1","@moonandox 这个好像也可以进点货[鼓掌] //@丽小徐Su小ki酱_酱酱酱: 要对症下药，哈哈哈","train","2770","weibo-2770"
"weibo-7617","1","#图行天下#【泰宁，一座让人心醉的彩霞之城】福建泰宁，秋天的彩霞像国画大师，随着秋天的思绪，肆意在泰宁古城上空泼墨绘彩，绘出一幅幅绝妙的《秋霞图》。（图by许平南）via@泰宁老叶 让人心醉的彩霞~~[爱你]","train","7617","weibo-7617"
"weibo-3754","1","北京康源瑞廷酒店2012年员工新春联欢会开始啦，开场舞?开门红?，由酒店舞蹈队表演[鼓掌]","train","3754","weibo-3754"
"weibo-30690","1","在驾驶舱。要是有试驾就好了，哈哈[嘻嘻]","train","30690","weibo-30690"
"weibo-37155","1","感谢@歌特式的微笑 为我们带来丰盛的晚餐！[爱你]","train","37155","weibo-37155"
"weibo-4101","1","去青岛生活吧[嘻嘻]","train","4101","weibo-4101"
"weibo-43036","1","[心]#东方卫视跨年晚会#[给力]期待#五月天#[嘻嘻][嘻嘻] @我是派大星Z @?墨愁Momo @夏天生火冬取暖_ @小A向前冲","train","43036","weibo-43036"
"weibo-23549","1","还好我的微波炉早就从墙上掉下来自裁了，一了百了[鼓掌][太开心] //@小米表姐:还是心有余悸呀！砖家他老人家……//@程?:专家辟谣：技术不致癌 @张书新 @精品乐活志 @陈雨星-精品购物指南 @小米表姐","train","23549","weibo-23549"
"weibo-49204","1","回复@自由行波波:动作好快 //@自由行波波:我的协议档案身份证已经快递走啦。 //@疯狂的裁缝:回复@Mr四书:轮不到你们啦，我有差不多200个老板娘，哇咔咔~~[嘻嘻] //@Mr四书:没问题","train","49204","weibo-49204"
"weibo-59166","1","好有眼光,今晚酒店就有泳池比基尼秀尽情期待微博直播吧 //@annie杜琳:[嘻嘻]我们的员工个个都漂亮，都能展示御庭亲切的形象。谢谢","train","59166","weibo-59166"
"weibo-7195","1","才女！ [鼓掌]//@杨玉琴微博:沉住气，忠于内心，生命才饱满","train","7195","weibo-7195"
"weibo-22545","1","借助赖总@真软木 的一句话“关机，走人” ，孩子们，挥别2011时，记得要给新的一年一份美美的问候：新年快乐......放假喽[心][心][爱你][心]","train","22545","weibo-22545"
"weibo-9483","1","有趣的“悲剧”设计！[哈哈]","train","9483","weibo-9483"
"weibo-39217","1","转发超过1000了！各种抽风、各种不矜持、各种癫狂、各种口水、以及各种纵火方案[?]！今年年底小编我去瓦伦西亚的时候，一定代表各位去买2012年的年历，和全体画中人合影，哇哈哈~[抱抱]","train","39217","weibo-39217"
"weibo-46009","1","[抱抱] 谢谢朱大美女 @香港朗廷酒店","train","46009","weibo-46009"
"weibo-13766","1","【非得小知识】长发村的姑娘们如何保养长发呢？[思考]原来，她们用的是唯一的山泉、唯一的土壤、唯一的气候种出唯一的大米，再用淘出来的淘米水配上中草药、茶麸发酵而成怪[鼓掌]不得长发村的姑娘头发有黑又亮，爱惜头发的MM可以尝试哦~[得意地笑]","train","13766","weibo-13766"
"weibo-16742","1","[可爱]呵呵，多谢分享，有机会能现场听更好","train","16742","weibo-16742"
"weibo-47477","1","//@文静nicai:亲们投票开始啦，支持高晓攀~编辑6发送至10669999081。go go! //@迷人的小偶尔: 哈哈 谢谢亲的转载，果断打开电视看起来//@李春月ayumi: 支持@高晓攀 [亲亲] //@文静nicai:朋友们走起","train","47477","weibo-47477"
"weibo-57420","1","@忽而今夏-云 [哈哈][哈哈][哈哈]","train","57420","weibo-57420"
"weibo-35446","1","回复@咖啡猫999:那必须滴，老朋友我们一定有求必应！[爱你][爱你] //@咖啡猫999:下次要给我们优惠哦[呵呵]","train","35446","weibo-35446"
"weibo-31021","1","超模米兰达.可儿的出街look！好喜欢她的这款Miu Miu包包，款式简洁又很百搭哟~blazers : Stella McCartney ； mini skirts：Stella McCartney； pumps： Sergio Rossi； sunglasses：Stella McCartney ；Bag：Miu Miu[爱你]【私享穿衣顾问微信：FashionTalent33 】","train","31021","weibo-31021"
"weibo-28354","1","呵呵，欢迎有时间来小店坐坐！[嘻嘻] //@心语猫猫:大龙虾，真心很不错！！！?http://t.cn/zQcyUds","train","28354","weibo-28354"
"weibo-39085","1","哈哈哈~~ //@李明依emi:回覆 @KwanChiu :是的~是真天才?的[赞] ~因?他完全自?一曲新的[女人花]~[鼓掌] // @KwanChiu :天啊！！！天才！","train","39085","weibo-39085"
"weibo-14861","1","不错不错哦，等着我休息的作品哦，哈哈[哈哈]","train","14861","weibo-14861"
"weibo-37887","1","一个一个跟你们死磕！哈哈[嘻嘻]","train","37887","weibo-37887"
"weibo-50584","1","虽然已经吃很饱了，但一闻猪手煲的甜香，又忍不住加了一碗白饭?[嘻嘻]@太?餐?_中?","train","50584","weibo-50584"
"weibo-5356","1","440啦[鼓掌] 转起来~各种美丽精心的彩妆等着你 更有 chanel coco的口红哦[心] [心]","train","5356","weibo-5356"
"weibo-42553","1","妹纸，你是喝高了吗？小脸红扑扑的[哈哈]","train","42553","weibo-42553"
"weibo-13053","1","人生第一次吃粉蒸肉，真心美味，@爱泊净 做菜太太好吃了，我和@灵鹫心弥勒身 都吃撑啦[哈哈] @Sunny奶茶","train","13053","weibo-13053"
"weibo-35238","1","里面我喜欢[爱你] //@-躁动的心灵-:碉堡了//@磊子Mini: 帅","train","35238","weibo-35238"
"weibo-23388","1","看着就有食欲。经鉴定，这是在秀幸福滴口福[嘻嘻] //@勤劳的工作狂:必须是啊！[馋嘴] //@紫色流星云30:看来偶的技术已经如火纯青了。。。[偷笑]","train","23388","weibo-23388"
"weibo-19366","1","[哈哈][哈哈][哈哈][威武]","train","19366","weibo-19366"
"weibo-43021","1","回复@-大蜜桃儿-:懂吗[哈哈] //@-大蜜桃儿-:good","train","43021","weibo-43021"
"weibo-13956","1","哎嘛！妞你太能耍宝啦！[哈哈]欢迎回归啊！[爱你][爱你][爱你]咱那顿啥时候补上？[思考]//@熊丽电台:我知道你们都特别想我，所以我把最阳光的自己展现给你们。你们觉得我的表现怎么样","train","13956","weibo-13956"
"weibo-42113","1","收到张薇薇老师的书，传递正能量[爱你]@张薇薇 @中国纺织出版社","train","42113","weibo-42113"
"weibo-3630","1","回复@Slumber工作室:真是好消息啊[鼓掌]。。。预祝沙龙活动举办成功[围观] //@Slumber工作室:@杨舜ART @格列高里张 @西班牙华人街 @西班牙欧华报 @西班牙华新报 @西班牙语新闻 @若水X","train","3630","weibo-3630"
"weibo-4575","1","这几个字真有力量~[哈哈]//@Mr-Renp: 东哥，这临时部门真哏儿啊[哈哈][哈哈][哈哈]","train","4575","weibo-4575"
"weibo-1114","1","[哈哈]IT的朋友们不容意啊","train","1114","weibo-1114"
"weibo-14888","1","求女生三十版 [鼓掌]//@?嘉上Gordon:哈哈，三十?的在那?找？要真有?多好。 // @美女 : 哈哈[偷笑]","train","14888","weibo-14888"
"weibo-51249","1","#中华旅游名博衢州行#幸福就是简单。[嘻嘻]好欢乐的场面~@李新月186 @7宫城 @范泓 @英雄的COOEYBABY @无须豆蔻 @天涯冰峰 @海蓝1104 @杨沐春涓 @水墨高健 @肖育文 @丁启阵 @苏群 @魏新 @艺术舒勇 @秀媛大牌 @盛大林 @画家吴高龙 @梅国云 @蔡文冰","train","51249","weibo-51249"
"weibo-27241","1","@微博小秘书 ??小秘书，本人于?天前申请取消新浪??，系??48???????我，?在都??48小??去了。。。能?我?理下?? thanks [可爱]","train","27241","weibo-27241"
"weibo-54346","1","[熊猫][给力][神马][鼓掌]","train","54346","weibo-54346"
"weibo-15635","1","嘻嘻，因为这个东东，以后我就不用担心手机没有流量的问题咯。[爱你][酷]视频通话[花心]","train","15635","weibo-15635"
"weibo-7559","1","[嘻嘻]//@创业家杂志: 右边，辣评~//@阿姨快住手啊：中国人每天有8小时睡眠，等于醒两个小时睡一个小时！","train","7559","weibo-7559"
"weibo-34888","1","今天有包裹到[爱你]，大号玫红furla","train","34888","weibo-34888"
"weibo-2639","1","好吧。不发火。 //@朱静雅yaya:@Jeams微博 你肯定转运了。[嘻嘻]","train","2639","weibo-2639"
"weibo-17697","1","#迎新年?抢好礼# 新年high起来～～～@Lambo_大人 @Lazy--蛋蛋 @聪聪scorpio 一起购吧 好吃 好喝 好环境[哈哈]","train","17697","weibo-17697"
"weibo-856","1","中秋节9月19日至9月21放假[鼓掌]普通公司中秋放假3天，文艺公司放假4天，还有的公司从今天开始进入放假状态5天。不管放几天，开心就好，小侨祝大家开心满满，欢乐满满，祝福多多，月饼多多[嘻嘻]","train","856","weibo-856"
"weibo-49881","1","哈哈顶住，下次吃就好多了[哈哈]","train","49881","weibo-49881"
"weibo-53221","1","现代人寻找着快乐，可也许我们彼此更是需要在悲伤时有可以靠的港湾，可以哭诉的肩膀！这就是为什么我们更多人选择一段看上去并不完美的婚姻，也不去轻易投入貌似轰轰烈烈的爱情！[嘻嘻]","train","53221","weibo-53221"
"weibo-54511","1","两位的推荐很实用啊[哈哈]","train","54511","weibo-54511"
"weibo-29042","1","@杜娟织的小微博 @顾丹? @柯小灵 @小H-胡静 @杨乾鑫 谢谢你们精心策划的礼物，惊喜！惊喜！真的太刺激，不过很开心，虽然心脏病差点就发了。 好姐妹们，我的生活中有你们真的好好，好贴心，好幸福！好甜！[亲亲][亲亲][亲亲]","train","29042","weibo-29042"
"weibo-29154","1","满分啊??小碗好漂亮，给我来一碗呗[哈哈]","train","29154","weibo-29154"
"weibo-4483","1","1、一切都是垄断惹的货，2、移民是您的不二选择…… //@赵辉-卓越:内牛满面！[嘻嘻]","train","4483","weibo-4483"
"weibo-57160","1","色即是空，空即是色。。。。念给你听的！哈哈。。。 //@火车睡着了:[嘻嘻] 你看见什么了这是？口水都当啷下来了","train","57160","weibo-57160"
"weibo-44633","1","哎。//@一个忧伤的SB: 笑到哭。 //@斯库里:啧啧，真是好文，这是我一年来在网上看到的第二好文。第一好文是@?建塘 黑俺们藏族那个[哈哈] //@阿喵娜://@老衲法号郭怒://@菁瓜: 原来亚细亚的孤儿是这个背景。","train","44633","weibo-44633"
"weibo-19422","1","在歌诗达邮轮上过生日一定非常难忘吧？[挤眼]祝您在未来的日子能够正能量满满的面对新的挑战！期待与您在邮轮上再次重逢哦！[爱你]","train","19422","weibo-19422"
"weibo-29679","1","海信广场、友谊精品广场、津汇广场、新世界百货、友谊新天地、中原百货、天津劝业场、乐宾百货、河东万达广场、百货大楼、滨江购物中心、朗香街，财神即将驾到[鼓掌]@城市快报 @城市快报阎雅娜 @城市快报杨怡 @天津海信广场 @天津河东万达广场","train","29679","weibo-29679"
"weibo-54039","1","今晚部门聚餐在 @四海一家 ，不知道是饿了还是这里食物太美味了；我也成吃货了.[嘻嘻]","train","54039","weibo-54039"
"weibo-56629","1","[鼓掌] //@谈笑古今V:转发微博","train","56629","weibo-56629"
"weibo-37064","1","。。。 //@同吉诃德: 像今天这样的好日子，照例是要分享这首歌的[嘻嘻]","train","37064","weibo-37064"
"weibo-41624","1","东疆港真人cs节目录制中[哈哈]","train","41624","weibo-41624"
"weibo-7834","1","今日立春，传统民俗中说的＂躲春＂，在2012年是指属狗兔龙三生肖和命理中比较忌水的人，在立春时酉时之前外出躲避出去，最好百里之外，这样可以一年避开太岁的冲击和伤害，今天躲春还要特别注意的是：东北方是首选，西南次之，登山爬高祈福较宜！春姑娘你躲哪里去了？赶紧出来吧！[哈哈]","train","7834","weibo-7834"
"weibo-7703","1","红茶瞬效休护面膜。[爱你]熬夜星人必备。","train","7703","weibo-7703"
"weibo-52978","1","仙人板又叫草?，小的时候常吃，和龟苓膏有点儿像，但印象中不苦，去火。//@全球梅州人: #客家人随手拍#客家人最爱的肉丸汤、仙人板。[鼓掌]","train","52978","weibo-52978"
"weibo-9817","1","大家投票时有没有看到另一个呢@何色儿Vanne ，所以投双份哦 //@智爱摄影: 必须支持[威武]//@阮导: 支持@喵小咭 童鞋的奥运大使选拔！！[鼓掌][鼓掌]@lilyyaha @唉这个真没有 @bRAndON空间","train","9817","weibo-9817"
"weibo-20717","1","@大脚小炜 @烂泥南 看着亲切吧[哈哈]我们做绿道专题时这里还没完全修好。//@马向明微博:有理，以后找个机会去体验体验。 // @冬冬西西 :马总，启用时再一起去吧 // @马向明微博 : 景观不错，在建的时候去看过。","train","20717","weibo-20717"
"weibo-10136","1","各位亲，我们去大鹤壁见证幸福了，你们记得收看哦[亲亲]","train","10136","weibo-10136"
"weibo-5177","1","我爱北京天安门[嘻嘻]//@微笑的李子君: 图","train","5177","weibo-5177"
"weibo-18129","1","#打鱼音乐节#你要是挤怀孕了，有多少妹妹粉儿想负责啊！[亲亲][哈哈]快来吧，快飞到粉丝碗里来！[围观]","train","18129","weibo-18129"
"weibo-18344","1","#寻美厦门#美食达人吃饭前必须做的事：相机手机拍照""验毒""，你也经常这样干吗?[嘻嘻]在灌口吃美食 @新鲜旅厦门 @摄影师张国强 @繁星满天飞扬 @陌言 @不就是起个名字嘛 @七月花颜 @异族极限","train","18344","weibo-18344"
"weibo-41166","1","哈哈 //@果粒橙_cyx:你俩真能闹[哈哈]","train","41166","weibo-41166"
"weibo-42797","1","学堂的要看，经常有爆点 //@胡门小伙:[哈哈]//@快乐的山火:不是沟通、是怕遗忘。还不如在微拍砖和勾搭。//@胡门小伙:是不是一直把微信当做沟通工具了？[哈哈]//@快乐的山火:一个学堂，一个土豆，一个创业，一个农夫市集，基本都不看！","train","42797","weibo-42797"
"weibo-13901","1","#《不靠谱的演员都爱说如果》##张译#上海站签售很圆满，上海译家人很棒！谢谢你们！[爱你]","train","13901","weibo-13901"
"weibo-36398","1","意大利国家旅游局在重庆站的推广会已经结束，现在是商务洽谈B2B的时间[鼓掌]感谢西南地区的旅行社朋友们的支持！[爱你][威武] 我在这里:http://t.cn/8kRRQUR","train","36398","weibo-36398"
"weibo-20065","1","微博的feed流全部被电商在刷屏，看点大家的原创都要拉好久！我发现自己的微博也快成半个广告微博了，以后关系不好的坚决不发广告，哈哈！[哈哈]","train","20065","weibo-20065"
"weibo-12649","1","牛逼//@大狗熊69:老驴头被打得要求“撤诉“！被笑话中！战斗还在继续！[哈哈]","train","12649","weibo-12649"
"weibo-37361","1","谢谢，晚安，好梦//@Andrea鱼儿游游: 迷人的月色！希尔顿真是位百看不厌的美人儿！ //@千岛湖希尔顿度假酒店: [心][心][爱你]是的，欢迎您的到来！//@易壹壹Cissy: @Tony_Qiu_ 你要的hilton，原来杭州有","train","37361","weibo-37361"
"weibo-40248","1","同意右边意见//@楚歌的歌: 金兄是土豪[哈哈]","train","40248","weibo-40248"
"weibo-25445","1","#早安海浪# “我们知道世界是空洞的，重要的是，也就只能设法维持这个空洞的秩序，因为我们是这一切的坚守者，也是这一切的执行者。”――BY 三岛由纪夫 [可爱]","train","25445","weibo-25445"
"weibo-52563","1","设计师比较不错哦，额，还有产品团队更棒[哈哈]//@平江小陶?: 这组图不错哦 //@游走厨师:好事顶起来","train","52563","weibo-52563"
"weibo-1242","1","可以选三个吗？236[爱你]","train","1242","weibo-1242"
"weibo-40716","1","感谢感谢，希望你会喜欢这里的环境！[嘻嘻]","train","40716","weibo-40716"
"weibo-43640","1","http://t.cn/zjPX0sF @米酒先生 我终于知道你的酒为什么那么绵稠和那么醇香了。[嘻嘻]谢谢你坚持手工酿酒和选材用心。","train","43640","weibo-43640"
"weibo-32151","1","[good][哈哈][爱你]","train","32151","weibo-32151"
"weibo-8795","1","[亲亲]@郭德纲 辛苦啦！每年都和您有场难忘的约会！2月10日，不见不散！","train","8795","weibo-8795"
"weibo-17690","1","有能帮忙的朋友请私信我！这孩子性格很好，且很有想法，有责任心，成绩优秀，一定会是好员工的！@樊旭兵 @卢健生 @悠然知学 @追风筝的苹果 @赵径文 谢谢各位啦[嘻嘻]","train","17690","weibo-17690"
"weibo-31486","1","6岁皮娃的随手画，不出一分钟完成。甲壳虫啊，甲壳虫，你叫什么名啊[嘻嘻]@陈吉安书画@逸波波//@西边阳光_efe: @妖家老三 @用户名还在想 @月亮公馆 @胖枕头2010","train","31486","weibo-31486"
"weibo-49915","1","坐过一次 //@NBA:[哈哈]大家坐过吗？哪位球迷知道这是哪？","train","49915","weibo-49915"
"weibo-25182","1","[围观][嘻嘻][酷]","train","25182","weibo-25182"
"weibo-25898","1","[给力]outlet打折村直播[给力][爱你]#dolce&gabbana杜嘉班纳#黑色锁头小包。欢迎微信hyccc903","train","25898","weibo-25898"
"weibo-447","1","也可以设计个男士专用的//@angela-媛爱跳舞:不错我喜欢[偷笑][偷笑] //@健身教主:哈哈，专为大胸设计海滩利器，小心螃蟹的钳子！！[哈哈][哈哈][哈哈]//@ms思媛:@健身教主 /@最最最搞笑精选: 非常实用的设计，强力推荐！！！","train","447","weibo-447"
"weibo-17686","1","哎哟，不错哦！最近有朋友来玩，要么我就选一个也爬上去看看啦，泥煤啊，在上海这么久了，从来没上去过，土鳖哈哈哈。生快，妞！谢谢昨天的晚饭，撑死人不偿命，到现在还不饿。[哈哈]","train","17686","weibo-17686"
"weibo-25917","1","回复@富强粉馒头:画出了俺二的本质吧[嘻嘻]//@富强粉馒头:无比生动","train","25917","weibo-25917"
"weibo-23127","1","[ok][嘻嘻]//@Da冬瓜儿:周五晚上帮我留位，我带十个左右朋友过去","train","23127","weibo-23127"
"weibo-20858","1","[哈哈]//@莉莉喵: 这个比较全了 @刘一侨 @小予CAT @赵小咛 @钺耳 @史迪奇PUPI @颐真的微博 @Junker87","train","20858","weibo-20858"
"weibo-3091","1","新西兰 [爱你][爱你][爱你] //@叮叮带你玩转新西兰:天气不错哦","train","3091","weibo-3091"
"weibo-44434","1","回复@落寞天涯V:[good] //@落寞天涯V:红运当头，红遍中国！[哈哈] //@江苏steven-lu:够红的[笑哈哈]","train","44434","weibo-44434"
"weibo-13688","1","在老公的怂恿下，又败家了。老公曰：＂贼不la空＂，我爆笑不止，顿时对他独有的语言天赋，佩服不已。我说：我好像只听过＂贼不走空＂。[哈哈][哈哈][哈哈]","train","13688","weibo-13688"
"weibo-55321","1","[哈哈] //@游泳圈527：励志女王，加油！@芙蓉姐姐 //@芙蓉姐姐：我曾经接受过《家人》杂志2010年第10期专访：我不是你们说的芙蓉姐姐 http://t.cn/h4lAla 但此《家人》非彼《嘉人》。[嘻嘻] //@徐小平：我觉得嘉人这个做法是极度低俗。","train","55321","weibo-55321"
"weibo-420","1","[爱你]老磨坊欢迎您[心][握手]","train","420","weibo-420"
"weibo-27843","1","回复@Wei_程:感谢亲爱的美女解惑，我说怎么这么熟悉呢。@雷佳音[可爱]","train","27843","weibo-27843"
"weibo-4346","1","呵呵粉丝今天整六百[嘻嘻]","train","4346","weibo-4346"
"weibo-39238","1","Hello kitty胡萝卜蛋糕？呵呵 加油呀 期待那张漂亮的猫咪脸~[可爱]","train","39238","weibo-39238"
"weibo-15666","1","啊呀早知道就把狗狗扣下来玩儿两天了！[哈哈][哈哈][哈哈]鱼汤汤儿拌面...你们会吃！[good][good][good]","train","15666","weibo-15666"
"weibo-5581","1","上床，睡觉。九月再见。一?醒来就是假期了。[哈哈][哈哈]","train","5581","weibo-5581"
"weibo-19473","1","围观，有鱼呢[嘻嘻]","train","19473","weibo-19473"
"weibo-7483","1","//@123小娘:[good]赞一个//@梁思坤:[鼓掌]//@贰捌肆贰贰: 王老师作品@123小娘 @三三sls @婷婷-麒麟公园 @默小沫_ @Mu_sir @Sunshine-Tong- @夜-?夕 @卢小小翼 @吾非小乔 @什啊么 @lifending @梁思坤 @jasonkone @艹勿","train","7483","weibo-7483"
"weibo-28556","1","从黄昏到夜幕，从烟波浩渺到灯火阑珊，百看不厌，夜游太平山顶半日游解散了，下山咯[爱你]香港[威武]","train","28556","weibo-28556"
"weibo-463","1","回复@sofia:谢谢[爱你]亲，我下载了[哈哈] //@sofia:@香草猪 @九重春色 @三只猪vv @花子tt @蔷薇窗 @阿溪同学 @阿鱼同学 @DJ王敏 @s_vito @上雪 @北角山妖 @iamfreer @紫薇清嘉 @科莫-长腿叔叔 @托斯卡纳TSKL @独臂老宋 @老沈影谈 @echodan","train","463","weibo-463"
"weibo-42528","1","回复@北京吃货小白:我是乐乐//@北京吃货小白:回复@乐钧sina:你是？//@北京吃货小白:[嘻嘻] //@乐钧sina:你好。","train","42528","weibo-42528"
"weibo-19053","1","好吧，下车了，很不爽，全家，让我爽一下![哈哈]","train","19053","weibo-19053"
"weibo-44043","1","看到我们@途客圈 团队了吗？第一张图片就是我们。我在正中间。：）[嘻嘻]","train","44043","weibo-44043"
"weibo-41262","1","不仅姿态挺拔，还腾出一只手来插兜儿，更佩服了[鼓掌]","train","41262","weibo-41262"
"weibo-43881","1","回复@mus娜娜:老有钱了呢 嘿嘿 //@mus娜娜:[嘻嘻] GOOD. //@陈烨萌：哇,才+财的双料美女呀!幸好咱有PICC独家冠名赞助哟~","train","43881","weibo-43881"
"weibo-749","1","【中国达人秀年度盛典】[哈哈]感谢你的一直守候,辛苦你啦!一起目不转睛的来迎接下一组选手的表演吧~","train","749","weibo-749"
"weibo-4002","1","#维景荣誉#近日，酒店受邀参加三亚市旅游协会举办的“三亚市旅游协会2013年年会暨2014年新春联谊会”，并一举连续荣获“三亚市旅游协会优秀会员单位”、“三亚市旅游协会执行会长单位”、“三亚十佳旅游公关”三项荣誉。[鼓掌][鼓掌]","train","4002","weibo-4002"
"weibo-39561","1","铅笔刀，小剪刀，直尺，塑胶小玩具都是违禁品？ //@李继锋:【“我拥有原子弹，但我害怕铅笔刀”】[哈哈]//@周长平律师://@五岳散人:铅笔刀。。。。你们疯了吧？","train","39561","weibo-39561"
"weibo-30942","1","寻常小餐馆，鸭梨大大，担心期望高以致失望哦，明天，您会是哪位？[嘻嘻]...","train","30942","weibo-30942"
"weibo-32722","1","[嘻嘻] //@REIMS睿茗杉传媒:哈哈 这个设计很有意思[偷笑] //@毛伟洋: 小身材大世界！//@毛伟洋: 还有神马能够阻挡?@白磊和他的朋友们 @勤奋四月栀子 @gracevip","train","32722","weibo-32722"
"weibo-34590","1","金逸国际电影城的会员~召集！如今凭会员卡可享受我们酒店所有餐厅8折折扣。此优惠不适用于2月14日、12月24日及25日，不可与其他优惠同时享用！还不快来[偷笑][嘻嘻][挤眼]","train","34590","weibo-34590"
"weibo-10464","1","额这萌货确定是三岁么？瓦看还是刘满月[爱你][爱你][爱你][爱你]","train","10464","weibo-10464"
"weibo-16416","1","@pandamen趴打文 果然是一位食家[鼓掌]","train","16416","weibo-16416"
"weibo-35043","1","祝您一路平安，欢迎下次光临~[哈哈]","train","35043","weibo-35043"
"weibo-1649","1","哈哈，看完这个笑死我了，看来我有退休金了！[嘻嘻]","train","1649","weibo-1649"
"weibo-23973","1","问俺娘，春节带她听评戏听相声，她都不要，要去看007，娘您老还真洋气。[哈哈]真是我娘啊！","train","23973","weibo-23973"
"weibo-9523","1","小摇会整合更多的资源来使我们的出行更靠谱的[抱抱]","train","9523","weibo-9523"
"weibo-4941","1","回复@宝宝冰冰666:[嘻嘻][嘻嘻][嘻嘻]这个我相信你会的 //@宝宝冰冰666:回复@王志强-人车:挨着就是收费站居然饿死了，这个司机也是低能，要是老子儿不去挨到收费婆睡 //@宝宝冰冰666: //@何兵:新死法。","train","4941","weibo-4941"
"weibo-20482","1","回复@Pierre_xing:是的！[嘻嘻] //@Pierre_xing:换手机了。","train","20482","weibo-20482"
"weibo-15718","1","@疯狂有趣岛-辛罡 @余肖龙 [嘻嘻]","train","15718","weibo-15718"
"weibo-46243","1","晒晒也不差[哈哈]//@龙行九天1: //@一起旅游去好嘛:转发微博","train","46243","weibo-46243"
"weibo-4695","1","[做鬼脸] //@云南台常露或甘露:[哈哈]","train","4695","weibo-4695"
"weibo-3051","1","哈哈，最爱看节目里Coco大喊一声：你就是我们寻找的Chinese idol //@中国梦之声:#中国梦之声# 高端洋气的@CoCo李玟 [爱你]","train","3051","weibo-3051"
"weibo-22171","1","谢谢大家祝福，就不一一回复了。[爱你][爱你]暂时公布不了玉照呢，因为我还没看清他，他就被带到温箱看护了，[帅][害羞]问题不大！","train","22171","weibo-22171"
"weibo-18895","1","俺也举个爪[太开心] //@疯猫豆趣:举手举手","train","18895","weibo-18895"
"weibo-32800","1","#Happy攀丝Day#[抱抱]","train","32800","weibo-32800"
"weibo-30718","1","@浪??士?? 沧桑浪子也怀古哎[鼓掌]有味道","train","30718","weibo-30718"
"weibo-13183","1","辛苦了！//@腾桂老表:用生命在采访[嘻嘻][嘻嘻]","train","13183","weibo-13183"
"weibo-46422","1","这都是美好的梦。。//@数据挖掘学习交流站: 书写历史 这个我赞同//@数据化管理: [哈哈] 统计局工作真的很神圣！很纯洁！","train","46422","weibo-46422"
"weibo-49509","1","回复@古武飞龙:谢谢！ //@古武飞龙:大嘴哥的节目轻松、亲切、到位、开心，我们一家都是你的粉丝哦[太开心][太开心][太开心]","train","49509","weibo-49509"
"weibo-20998","1","加油兄弟们！ //@天津相声俱乐部:#每周日的精彩#每周末的期待[太开心]//@许健铁刨花儿: 就在今晚！不见不散[哈哈][围观] //@谦祥益:最具实力的相声专场！[赞]","train","20998","weibo-20998"
"weibo-8098","1","吼吼，祝大家午餐愉快[鼓掌]","train","8098","weibo-8098"
"weibo-57252","1","#平安夜晚会# 熠熠灯光演绎温婉风情，圣诞颂歌让欢乐流淌。我们邀您共同揭开圣诞晚会的神秘面纱。绚丽舞台，激情四射，饕餮美食，缤纷好礼。五光十色，精彩纷呈，尽在海景假日平安夜晚会。订票热线：3430888-2208[鼓掌]","train","57252","weibo-57252"
"weibo-36653","1","什么时候＂发哥＂去了？[哈哈][哈哈]","train","36653","weibo-36653"
"weibo-54543","1","我家的小美女。。。这骑马姿势有点儿猛，让我担心半天，好在平安无事[嘻嘻]","train","54543","weibo-54543"
"weibo-56444","1","国泰航空商务舱的洗漱包竟然是agnes b设计的！[哈哈] 更让人佩服的是牙刷是以玉米淀粉与织维素为原料，可生物降解，内部的石榴护唇液、晚霜和修护霜是Murad牌，都是知名皮肤科医生Howard Murad研制，另外眼罩棉袜和耳塞也都好舒服！[爱你]@cchengwei @西岳-布丁他爸 @北角山妖 我在Brisbane Airport","train","56444","weibo-56444"
"weibo-8962","1","哈哈！梅西太惨了！//@?煨桑吉祥海?: 太欢乐了！ //@北京-神策圣堂:[哈哈]以前玩FIFA也没看这么多的欢乐...","train","8962","weibo-8962"
"weibo-32575","1","太感动了，如此的曼妙多变，绝对是惊喜不断呀[嘻嘻] //@好有美食:@美食美刻","train","32575","weibo-32575"
"weibo-4330","1","录制下来，开心与感动，忧虑与希望交织，但成长终究是一件有意思的事，今晚收工，明天继续助力。 //@成长秀:[鼓掌][鼓掌]谢谢@力波-没时间工作 为我们的每一位成长少年加油鼓劲！！","train","4330","weibo-4330"
"weibo-8352","1","呦~你还有小秘微博呢~？ 我也没秋千没荡够够 改天再去 姐姐 我厌食症好了 陪你喝奶茶去~[哈哈]","train","8352","weibo-8352"
"weibo-58397","1","幸亏我毕业得早[嘻嘻]","train","58397","weibo-58397"
"weibo-20679","1","想一想 拥有的远比失去的要多 为何要不开心嘞？！[太开心]","train","20679","weibo-20679"
"weibo-30439","1","[鼓掌][赞] 男生的声音也好清爽//@站在这里看风景://@Cherry和Jenny: 哇塞，好有爱的创意 //@郭猪猪Amanda:有意思 //@黑水瓶:[笑哈哈]花露水之前世今生~Six God[偷笑]//@Chloe的愚人国度: 不错不错 很好看","train","30439","weibo-30439"
"weibo-34557","1","在青?周哥?的「明秀?」，看??主一家中午的家常便???精采，比我?拍?的?容??富，我忍不住就混到他家?桌上去了[哈哈]","train","34557","weibo-34557"
"weibo-19165","1","//@吴祚来: 在乌有之乡的表演因此可以结束了？//@瓦当: 韩寒、方舟子的对口相声演完了，下面请收看孔庆东、司马南表演的二逼转[哈哈][围观]","train","19165","weibo-19165"
"weibo-49420","1","【#百变大咖秀第五季# 宣传片】睡前福利，上宣传片啦!百变西游记，让你提前过暑假！牛魔王和铁扇仙开起了火焰山烧烤城，唐僧取得真经后办起了经验交流会，红孩儿开始找爸爸，”爸爸去哪儿了”？ 本周四晚22:00，不要错过哦！[哈哈][挤眼]http://t.cn/8syCGBo","train","49420","weibo-49420"
"weibo-31192","1","谢谢姑娘！[哈哈][haha]","train","31192","weibo-31192"
"weibo-38198","1","需要我剪彩么[嘻嘻]","train","38198","weibo-38198"
"weibo-24449","1","邱义说马英九：领导用人出问题，多半是不会团结人，用人只顾小圈圈，不够尊重老人。看起来这个国民党人，比很多共产党人懂辩证法。[嘻嘻]","train","24449","weibo-24449"
"weibo-55634","1","[爱你]//@ooo面ooo: 我的目标 加油","train","55634","weibo-55634"
"weibo-12272","1","#李小兔成长记#李小兔童鞋现在改下午三点睡午觉，晚上要十一点才睡。虽然我很困，但是不着急，你总归是绝对熬不过为娘滴[嘻嘻]","train","12272","weibo-12272"
"weibo-39399","1","赞 法为党制 天下无法//@陈强微博:转发已超过500下 //@钟新社://@武大沈阳://@罗飚:靠，这个NB！转500下！[哈哈]","train","39399","weibo-39399"
"weibo-43453","1","@迷笛 @HITFM @MTV天籁村 #申城听摇滚 雅乐轩玩乐# 大家早安！2013上海迷笛音乐节今天将迎来第二天的精彩！[酷] 音乐之余，欢迎大家来“唐舞台”左侧的雅乐轩帐篷玩乐拿大奖！[哈哈]","train","43453","weibo-43453"
"weibo-5641","1","正宗好产品，正宗好声音！[嘻嘻][嘻嘻] //@东风雪铁龙CITROEN:东风雪铁龙C4L发布会开始了，由华少主持哦！围起来啊，雪粉们~~~","train","5641","weibo-5641"
"weibo-28732","1","呵呵，下周五就有结果了，等不及就先过来尝尝吧！[嘻嘻]","train","28732","weibo-28732"
"weibo-31906","1","#吃货的美好生活#同事给我的海苔…好好吃…最爱海苔…[嘻嘻][威武]","train","31906","weibo-31906"
"weibo-53511","1","支持[哈哈] //@月之暗面FLOYD:支持陈大师。。。@倪文灏 @宾麒麟 @leo小楠楠","train","53511","weibo-53511"
"weibo-41934","1","希望是真爱。纯爱。。。。真正的爱情是没有这么多条件要求的吧[偷笑] //@剑桥徐:[哈哈]长江日报新生代摄影名记陈卓晒幸福，期待大伙围观捧场，凡转发捧场者婚礼时岔吃岔喝不需要送红包！我说了算！@长江日报 @武汉同城会","train","41934","weibo-41934"
"weibo-42152","1","#斯巴鲁森林保护行动#启动仪式在湖北大崎山自然保护区开始了。[可爱]@斯巴鲁-中国 @斯巴鲁中国拉力车队 @武汉建银斯巴鲁 @符彬苏打水 我在:http://t.cn/zTKCIhH","train","42152","weibo-42152"
"weibo-22658","1","[呵呵]谢谢！//@陈雨凡Yufan:生日快乐噢耶！[嘻嘻][干杯][蛋糕][蛋糕][蛋糕]//@嘻哈包袱铺黄吉:[嘻嘻][嘻嘻][嘻嘻]谢谢！//@王_Qian:生日？二哥生日快乐???//@嘻哈包袱铺黄吉:今天很高兴，这个feel陪爽！","train","22658","weibo-22658"
"weibo-37740","1","#欧洲自由行#荷兰的乳制品非常棒，很鲜纯，尤其是各色各样的奶酪，荷兰人的最爱……[哈哈] 我在:http://t.cn/z8z5Feq","train","37740","weibo-37740"
"weibo-10009","1","霸气//@马逸鉴: [哈哈]有新意。//@云南昆明毕胜","train","10009","weibo-10009"
"weibo-18256","1","《细小》如果让你感动，对你的人生态度有一点改变的话，我真的很荣幸[爱你]《?小》??→ http://t.cn/zWUj57I","train","18256","weibo-18256"
"weibo-22672","1","君子群而不党,小人党而不群[嘻嘻]","train","22672","weibo-22672"
"weibo-26444","1","愉愉悦悦。。。[鼓掌]你懂的。。。","train","26444","weibo-26444"
"weibo-6183","1","@和?和大人126 @何处不风景V 你们可以带孩子去看哦[嘻嘻][哈哈]","train","6183","weibo-6183"
"weibo-2526","1","罗汉局玩的如此开心[嘻嘻]","train","2526","weibo-2526"
"weibo-15962","1","真皮的[哈哈] //@郭洪钧:不晓得听上去咋样？看上去效果一定八错。最起码人家这些股都是真皮滴！@侯宁 你好好瞧瞧人家这些个货真价实的股！[酷]","train","15962","weibo-15962"
"weibo-23517","1","//@柯南精选集:[鼓掌] 很喜欢他的文章，写的太好了[赞] 文字十分犀利[给力]推荐给大家[心]","train","23517","weibo-23517"
"weibo-10152","1","旗帜就是方向！@镇江发布 //@镇江达人会:[哈哈][马上有对象][马上有对象][马上有对象][马上有对象]","train","10152","weibo-10152"
"weibo-13260","1","中国大多数古村落，未来年将全部消失??? //@懂点心计学:还没去过的童鞋要抓紧时间去咯！[鼓掌]","train","13260","weibo-13260"
"weibo-57125","1","这么和谐！话说是莱斯特那家糖果店么？ //@凌丽莎://@jenniferHH1205:[鼓掌]","train","57125","weibo-57125"
"weibo-18878","1","#每日一冷#笑点低的请注意咯[嘻嘻][哈哈]@veniciazhao @QQ第五代 @小饭碗FF","train","18878","weibo-18878"
"weibo-21692","1","回复@土拨鼠小童鞋:亲说的没错哦，蓝莓、榴莲的，芒果的小cake，建议亲尝尝哦[嘻嘻] //@土拨鼠小童鞋:回复@都太海鲜自助:确实，所有甜品都好吃","train","21692","weibo-21692"
"weibo-44738","1","走到哪都离不开还珠格格[哈哈][哈哈] 我在这里:http://t.cn/z8AqATl","train","44738","weibo-44738"
"weibo-31695","1","高反严重的蛋糕?[馋嘴][嘻嘻][嘻嘻]","train","31695","weibo-31695"
"weibo-26135","1","[哈哈][哈哈][哈哈][哈哈] //@莎莎330:[汗]手...手... //@JC-国安青少:这图忍不住转了...","train","26135","weibo-26135"
"weibo-18699","1","回复@乐活missque:Dilmah是我们使用的产品，我们的供货商是中国区的总代理，今年3月我们有前往斯里兰卡参加红茶研讨会并进行实地考察，了解其品质与产品精神。目前马勒别墅是Dilmah的典型用户，是其在中国高端酒店的旗舰店哦~[可爱] //@乐活missque:回复@马勒别墅:谢谢！~改天过来买，就在附近。贵公司","train","18699","weibo-18699"
"weibo-17005","1","[哈哈][哈哈]虽粗俗点但形象 //@一句心动的歌词:精辟![赞] [花心] [花心] 亮瞎了我的钛合金切糕眼![瞎眼]","train","17005","weibo-17005"
"weibo-54918","1","真无奈，今年又是去不成//@张国田: 不用说你是平遥人，平遥有个十九街，但咱是柴油机厂里的九街[哈哈]","train","54918","weibo-54918"
"weibo-6455","1","包棕子：荷叶，江米，大枣，豆沙。超香![哈哈] #美图秀秀iPhone版#","train","6455","weibo-6455"
"weibo-10088","1","都想想吃啥呀[汗] //@mendy静静:回复@RukMaiMeeWantay_K:把吃，我们都是无肉不欢的[哈哈] //@RukMaiMeeWantay_K:亲 吃素吗[嘻嘻][嘻嘻]","train","10088","weibo-10088"
"weibo-27055","1","回复@七叶_素笺说爱你:继续追[嘻嘻]//@七叶_素笺说爱你:回复@聚乐部郑宇坤:我跟你大姐@谁没有点?脾气___ 一起的[哈哈] 我从嘻哈包袱铺追到聚乐部都一两年了[偷笑]","train","27055","weibo-27055"
"weibo-39698","1","宝宝太可爱啦~~[爱你] 感谢您对三亚半山半岛度假酒店的赞美和喜爱~[害羞]","train","39698","weibo-39698"
"weibo-53135","1","【《王的盛宴》曝终极预告 秦岚老年妆触目惊心】由@陆川 执导，刘烨、@吴彦祖 、@秦岚 、@张震 领衔主演的电影《@王的盛宴 》终于确定将于11月29日在全国公映[鼓掌][鼓掌]，片方最新公布了终极版预告片，一场剑拔弩张、杀机重重的“鸿门宴”初现端倪。http://t.cn/zj2HroV","train","53135","weibo-53135"
"weibo-50524","1","走进瑞士琉森小镇，追寻赫本结婚地[爱你]","train","50524","weibo-50524"
"weibo-30415","1","[给力]福利转?吃货们[哈哈]@LetsRain @Kiki只是普通青年","train","30415","weibo-30415"
"weibo-53907","1","Training后的小吃~湖南臭豆腐糖油粑粑，厦门板栗饼，青岛煎饼和鱼干，台湾牛轧糖，重庆怪味豆，成都辣藕片~各地faci带来的特产~感谢~[亲亲][花心]做faci好处多多~[太开心]","train","53907","weibo-53907"
"weibo-48907","1","今天学生装有木有[亲亲][亲亲][亲亲][亲亲]","train","48907","weibo-48907"
"weibo-19088","1","#约惠海航 圆梦飞翔#【99元机票秒杀】天地悠悠 过客匆匆，潮起又潮落 红尘啊滚滚，痴痴啊情深，至少梦里有过追随[挤眼] 你拿秒杀赌此行，我用优惠换真情http://t.cn/zR9fAdb 岁月不知人间 ，多少梦想 ，何不潇洒飞一回[爱你] 海航秒星人再度相“惠”，99元机票助您潇洒飞一回[太开心] 10点开抢哦！","train","19088","weibo-19088"
"weibo-8730","1","微信支付在“大众点评”免单20元，看看支付宝如何接招？//@上海头条播报:工资什么时候也能这么烧就好了[哈哈]","train","8730","weibo-8730"
"weibo-58865","1","天使在行动[嘻嘻]","train","58865","weibo-58865"
"weibo-29809","1","这个不错[鼓掌]","train","29809","weibo-29809"
"weibo-45830","1","琳琅满目，继续放毒[鼓掌]","train","45830","weibo-45830"
"weibo-23545","1","中国也是天秤座哦//@王小亚: [哈哈]新浪微博我记得是处女座//@马伯庸: 微软、苹果都是白羊座，IBM是水瓶座，中石油是巨蟹座……我好像明白了什么","train","23545","weibo-23545"
"weibo-46018","1","把我也拐走吧[嘻嘻]//@郑忠阳v:太好了！哪天重走昭通！//@大昭网:成贵高铁将结束镇雄、威信等乌蒙山腹地不通铁路的历史，天渐变通途，昭通旅游势必再次迎来发展的春天！坐上火车去昭通 @滇东北汉马 @郑忠阳v @大理游玩 @昆明铁路 咱们走.....","train","46018","weibo-46018"
"weibo-12695","1","[赞][moc转发]//@河南省海外旅游有限公司官方微博: //@中国最美的乡村婺源:来这里小住一段时间，更会有一种简单的小幸福！[抱抱]","train","12695","weibo-12695"
"weibo-55010","1","[good] //@iFengstudio: @狄仁杰之神都龙王 [鼓掌]//@冯绍峰官方影迷会:台湾小伙伴[威武]霸气啊，大家一起#带着微博看尉迟真金#，一起观影#为冯绍峰庆生#，一起HC，一起讨论，一起支持冯绍峰，带劲给力！","train","55010","weibo-55010"
"weibo-15566","1","[鼓掌]好看！卢哥，胡姐的艺术之作！//@岩漂大瓷砖:贵州省工艺美术大师胡丽亚作品","train","15566","weibo-15566"
"weibo-23463","1","#微晒书# VS#舍得让你爱的人受苦# 读者就是最好的朋友！[嘻嘻]","train","23463","weibo-23463"
"weibo-26187","1","好可爱的菜场[爱你]","train","26187","weibo-26187"
"weibo-53745","1","欢迎回家！其实虎皮猪手也很好吃的！[可爱]亲，双节美食季开始了，9.18-10.7，两天一款特价菜，欢迎品尝！","train","53745","weibo-53745"
"weibo-21604","1","地铁10号线知春路F口，轻松到达三环四环。//@高松-GISer：哇，北京丽亭华苑酒店在知春路附近，交通便利，顶！//@GISLIKE：聆听昊总讲座去[哈哈]","train","21604","weibo-21604"
"weibo-22894","1","[哈哈]//@青医附院李世宽医生:一天，面条被馒头欺负，找花卷替他报仇，花卷在路上遇见包子，误以为是馒头：不要以为烫发了就不认识你了，遂将其揍了一顿。回来面条问花卷：报仇了吗？花卷说：放心吧，屎都打出来了!","train","22894","weibo-22894"
"weibo-43853","1","毛主席也戴过红领巾[哈哈]","train","43853","weibo-43853"
"weibo-671","1","回复@钟丽缇Christy:[?你][?你][嘻嘻][太?心][鼓掌] //@钟丽缇Christy:Hey Beautiful [花心] well done [做鬼脸] hope to see you soon ! Take care [爱你]","train","671","weibo-671"
"weibo-57094","1","//@李正曦Sissi: 活动只有一小时[晕]，请大家帮我转发下啊！[汗]//@李正曦Sissi: 准备再版，这些些一代Wi-Fi套装大甩卖啦。。。[哈哈]//@王以超: @李正曦Sissi","train","57094","weibo-57094"
"weibo-52982","1","里面还有牛油果，就是具有保湿效果的那东东#瑞丽时尚奥运#[哈哈]","train","52982","weibo-52982"
"weibo-50439","1","[鼓掌]巾帼不让须眉。你俩要保护好春夏！这是组织给你们的任务，必须无条件完成！[嘻嘻]","train","50439","weibo-50439"
"weibo-30978","1","【#超级笑星#微直播】@马腾翔 @西安李小龙 两位这《愤青》表演的真棒！好几句话都说到大家的心坎里去啦[赞]~最后的那首陕西方言的歌曲~真的会很好听哦！[鼓掌]大伙儿说说看~11块1可以用来干嘛呢？[哈哈]","train","30978","weibo-30978"
"weibo-29580","1","热烈肉包儿媳妇儿??????????????半裸登场[鼓掌]","train","29580","weibo-29580"
"weibo-59961","1","全家一起上厦视访谈节目【故乡的云】[亲亲] [害羞]可为什么我的脸那！么！大！[伤心][泪]求瘦脸的好办法[抓狂]","train","59961","weibo-59961"
"weibo-55510","1","东方新闻说上海某中学将开设男生班，家长说众多好处中最重要的是可以避免早恋…嗯，可以避免异性恋倒是真的。[嘻嘻]","train","55510","weibo-55510"
"weibo-25076","1","齐鲁大地不只是一山一水一圣人，人杰地灵啊//@水泊梁山风景区: 还有梁山好汉！//@旅通中国:[哈哈]//@享?菰?: 一山一水一圣人，齐鲁大地.。","train","25076","weibo-25076"
"weibo-56143","1","同乐同乐[哈哈] //@天使的大笨猪:[haha][haha]是的，生日快乐!@只想开间咖啡馆 @幸福韩小吃儿 @开心每一天的猪 @watermelon羊羊 @丽江依一 @连莉 @李苏忙碌中 @了德了德了","train","56143","weibo-56143"
"weibo-8833","1","《活着》果然是大师级作品噢，开篇第一句话就是大师级的，越看越棒。佩服佩服。[哈哈]","train","8833","weibo-8833"
"weibo-16888","1","这几张拍的真心不错，这次来的三只猫咪也真心那个可爱呀?[鼓掌]","train","16888","weibo-16888"
"weibo-1219","1","[嘻嘻] ?得好//@爱红酒的闷蛋：这两句象广告Slogan[赞] //@吃喝玩??理: 日曰?威，曰曰威","train","1219","weibo-1219"
"weibo-42787","1","@香港人Jove在北京 机会?了！[嘻嘻]","train","42787","weibo-42787"
"weibo-4646","1","姐姐明早起来做南瓜面包，就不知道会有你们份[偷笑]瓦//@RukMaiMeeWantay_K:表决心的时刻到了 //@琦怪奇: 好，明天我带饼干给你们尝尝![嘻嘻]//@RukMaiMeeWantay_K:明天你们三各带一个拿手的 //@琦怪奇: 一看就知道味道不错!做了才知道其实DIY相当开心![嘻嘻][嘻嘻][嘻嘻]","train","4646","weibo-4646"
"weibo-49102","1","[哈哈] //@于谦：哈哈哈！群众的智慧是无穷无尽的！","train","49102","weibo-49102"
"weibo-42388","1","怎么样？又掉沟里了[嘻嘻] //@李继宏出品人:回复@汪霞-_-:哈哈哈…刚你说了，不是我的。[嘻嘻] //@汪霞-_-:你的…[偷笑]","train","42388","weibo-42388"
"weibo-48020","1","激情唱响也被二轮了 //@电视节目创新引擎:换了平台就不叫第x季，叫二轮了啊![嘻嘻]节目模式销售也借鉴下电视剧，来个首四家啥的?[嘻嘻]//@彭侃THU:这就是原来安徽卫视播的「势不可挡」。版权方Frenmantle公司改授权给央视三套了。","train","48020","weibo-48020"
"weibo-16698","1","#waffle&bonbon#:周五的下午，要放松？还是要加倍紧张？分享你的?事，开心一下吧！[偷笑] [抱抱]（图片了来自网络）","train","16698","weibo-16698"
"weibo-54876","1","李总我也参加，我不用预约，哈哈 //@王博Tracy:回复 @李晓非-知善恶v晓是非 :李总发话了，同学们上！！[哈哈] @动感驾驭-陈鑫 @雅虎_成小叶 @老米唐 @三小尼-Sunny // @李晓非-知善恶v晓是非 :哈哈，你哪天有空啊，好让我请吃饭。看看，你都大牌到吃饭要预约了 // @王博Tracy :回复","train","54876","weibo-54876"
"weibo-54282","1","//@费所建jacky:赶不上[哈哈]","train","54282","weibo-54282"
"weibo-9983","1","[鼓掌] //@LIB顺其自然:[赞]","train","9983","weibo-9983"
"weibo-28854","1","//@健康时报李海清:[爱你]","train","28854","weibo-28854"
"weibo-34374","1","太欢乐了！//@KiKi-?思琪:[嘻嘻]笑死了","train","34374","weibo-34374"
"weibo-173","1","又到了小酌时间，小萌的芝华士18，梦梦的MARTINI，MARTINI加冰块连口感都变不少[可爱][哈哈][可爱]","train","173","weibo-173"
"weibo-18361","1","衙门的官府靓，结婚的管他是不是法院呢....//@蓝风摄影: 法院不管见证你们结婚，只管见证离婚。[哈哈]//@旅游时报王琪: 只可法官奢造，不许新人拍照！ //@成都长天一笑: [哈哈] //@梧桐细雨夜:在此拍婚纱者，离婚不管！","train","18361","weibo-18361"
"weibo-57447","1","歌诗达邮轮家庭游拉近你和家人的距离~[得意地笑] 爸爸心中女儿最美呀~[嘻嘻]","train","57447","weibo-57447"
"weibo-3193","1","回复@第一团队拓展部:哈哈~真是~今天是个好日子！天气虽然冷~但是要开僧哦！[江南style] //@第一团队拓展部:今天也是我的生日哦，13~不过我还米奔三~~~[哈哈] //@首都大酒店官方微博:同祝今日奔三！ //@北京新侨饭店: 生日快乐啊。","train","3193","weibo-3193"
"weibo-44179","1","[偷笑]//@微博Carl: 男生要会摄影[哈哈] //@SharonXUshaN:不用找摄影师！找一个懂摄影的男朋友就好！@flora小母鸡_ICS //@01eip:shenan的翻译水平了得啊！","train","44179","weibo-44179"
"weibo-59497","1","不得不加上一条，吃烧烤怕上火，请喝@加多宝[嘻嘻]","train","59497","weibo-59497"
"weibo-19892","1","美丽新娘[din推撞]多多直播哈[嘻嘻]","train","19892","weibo-19892"
"weibo-40474","1","喜临门[哈哈][哈哈][哈哈]","train","40474","weibo-40474"
"weibo-11808","1","【十五的月亮终于十五圆了！】今年中秋，终于能赏名副其实的“十五的月亮”了！2014年开始的七年，中秋节的月亮都不在十五圆，直到2021年9月21日，十五的月亮才会再次“十五圆”。[爱你] 今年中秋月最圆时刻出现在9月19日19时13分。跟小丸一起赏月吧~~~","train","11808","weibo-11808"
"weibo-19025","1","回复@J调de华丽:[呵呵]活动多多，经常关注哟~比如这个http://t.cn/zlLibO1，免费游台湾哈~ //@J调de华丽:是@网易旅游官方 给俺寄的，灰常感谢[爱你][爱你]","train","19025","weibo-19025"
"weibo-25017","1","[哈哈][呵呵] //@边疆边吃边说:回复@熊丽电台:北京少了几种美食没人注意，但几天没听熊丽坎美食的声音，会有很多人抓狂，建议把直播间迁到妇产医院。 //@熊丽电台:回复@边疆边吃边说:报告，我一直在寻找美食的道路上努力向前！！！[馋嘴]","train","25017","weibo-25017"
"weibo-4811","1","上班啦！加油喽！[嘻嘻]","train","4811","weibo-4811"
"weibo-36564","1","太招人爱也是一种罪。[爱你]周日见。","train","36564","weibo-36564"
"weibo-13205","1","第一张好萌 [可爱] 生快生快 哈哈哈 //@李小妮: 小黑哥生快！早生贵子！[太阳][耶][蛋糕][蛋糕][蛋糕]","train","13205","weibo-13205"
"weibo-8239","1","。。。。为什么我这么想笑呢。[哈哈]","train","8239","weibo-8239"
"weibo-3366","1","幸福幸福前所未有的幸福~~~[太开心]感谢这么多好朋友帮我见证这次回归原创的全新开始！@胡海泉 @王学好 @阿丘 @肖央 @口琴小彭 @小黑mk @5885老蒋 @melissa黄鸥 @DJ小强 @ITHK 也感谢我最辛苦最亲爱的工作团队~[抱抱]我会加油！！！[可爱][耶]","train","3366","weibo-3366"
"weibo-35854","1","但傻人很难不说话。//@中文丘尹: [嘻嘻]","train","35854","weibo-35854"
"weibo-56442","1","回复@MrPrince93:【接上条】事实上，我们作为奖品的提供方，最是希望奖品能发放到我们精准客群手中。但是，既然目前选择的是这个平台，我们首先是尊重这个平台，并认可它抽出的人。对于接下来的活动，我们会继续改善的。希望你能继续关注，为我们提供好的建议。[爱你]","train","56442","weibo-56442"
"weibo-38209","1","[哈哈]下次去上海一定去当评委[酷]//@遨游知道: #探店寻美食#吃货遨友都知道上海的“小杨生煎”吧？现在这家【上海阿三生煎】跳出来打擂台了，咱去当个评委~[阴险]","train","38209","weibo-38209"
"weibo-37206","1","半夜12点，突然停电啦。居然电表零啦。虾一冲出去到楼下超市充值啦。真伟大@史俊Robert [爱你]","train","37206","weibo-37206"
"weibo-57789","1","#悦旅杂志#这家餐厅被悦旅T+L?2月刊专题“一生一次的旅行”中收录在浪漫就餐地中哦。“俯瞰沽岛四周平静清澈的海水，并时不时地因为横掠而过的松鼠而毫无形象的大叫”，有机会去尝试下咯~[太开心]//@麦韬旅游: 话说我吃过一次 服务生比较帅 蚊子比较多~","train","57789","weibo-57789"
"weibo-30376","1","有意思！ //@小狗宁:喵了个咪凭啥你克我啊@朱映羲 古怪就是我们这个星座的代名词啊[嘻嘻]","train","30376","weibo-30376"
"weibo-54834","1","是的[爱你] //@I_am_sophiali:亲爱的们，多保重!友情在彼此心中!大家都忙，但牵挂却不变! @得瑟的抹布 @严肃的安托托 @埃莉诺El @alvinspiration @马儿啊丫 @波希米亚的梦想 @曹大名 @巩征CG @Lavender-wf @孙赛赛 @天珏天绝 @Vivian_YangY","train","54834","weibo-54834"
"weibo-26568","1","本周五晚21：10分 #中国梦想秀# 圆梦特别节目就要来喽，梦想君提前给大家发放福利，爆男神@陈欢 锅锅 ，女神@亚丽-yali 姐姐花絮照一张！！小伙伴们各种期待有木有？[太开心]","train","26568","weibo-26568"
"weibo-21583","1","@胡同印城市文化酒店 @胡同印 @胡同印的胡爷 @胡同印_Doris //@苑绿: [鼓掌][鼓掌]","train","21583","weibo-21583"
"weibo-41012","1","早晨！家庭日开始[爱你]","train","41012","weibo-41012"
"weibo-10868","1","叫板比萨#垃圾管理#11月8日到11月15日，产生垃圾793.54公斤，垃圾分类回收利用440.48公斤，垃圾减量55.51%，大家加油，不要忘记我们的终极目标是“零废弃”[太开心]朋友们注意天气变化和空气污染指数，保护好自己！","train","10868","weibo-10868"
"weibo-49729","1","//@销售界:神评中国媒体：央视假话，京华听话，人民虚话，法制胡话，环球屁话，南方猜话，新华狗话，新京实话，军报二话，光明黑话，经济腐话，农民无话，港媒真话。习大大狠话，领导不听话。[哈哈]","train","49729","weibo-49729"
"weibo-6744","1","惊~这么大个~ //@Dannis0826:你被抓拍了@temmi ，正好儿没拍到我[嘻嘻]","train","6744","weibo-6744"
"weibo-11690","1","一杰？吓我一跳，尚涛改名了[哈哈]2，3，4，5杰赶快归队！","train","11690","weibo-11690"
"weibo-53668","1","#我的钢琴梦# [爱你][爱你][兔子][兔子][围观][围观] http://t.cn/8kuyLsj（来自@秒拍 http://t.cn/zQwVyZf）","train","53668","weibo-53668"
"weibo-55570","1","@山岚熊外婆 看我的成果！！长得是不是最高的[嘻嘻]","train","55570","weibo-55570"
"weibo-26369","1","这是我的手~~我的手~~拍摄时被某人称为猪蹄！@摄影师于笑 [右哼哼]，你快看看，没上妆的手，多白！多细嫩！多上镜啊！手都如此上镜啊~~~人就更。。。。。。[哈哈][哈哈][哈哈]","train","26369","weibo-26369"
"weibo-57881","1","[哈哈]@吃虫的木头 你去对时间了 //@我的朋友是个呆B:深圳同学你够了！[哈哈][哈哈]","train","57881","weibo-57881"
"weibo-55827","1","回忆起十年前我和@杨小蕊 在大理的户外用品商店和#文艺张#相遇的那一刻，各种单纯[呵呵]各种美妙[嘻嘻]各种狂躁[酷]于是...突然想念#文艺张#，突然你就在我家100米外...一切太突然...要么文艺要么死，老张，我挺你！[鼓掌]","train","55827","weibo-55827"
"weibo-25556","1","能不能不这么美[雪][爱你]，尤其第二张[good]//@旅游中国-吴阳: 转发微博。","train","25556","weibo-25556"
"weibo-55435","1","//@天京京剧戏缘高航:@我是孟令一 @曹学辉的微博 @窦晨光xa @TEDA-----??-超 //@凤雏麟子之张蕊麟:[鼓掌][鼓掌]//@cctv胡桐:[给力] //@沙桐:? //@cctv胡桐:你喜欢的胖姐姐[哈哈][给力] //@潘美安Vivian:","train","55435","weibo-55435"
"weibo-6008","1","少女时代。[爱你]","train","6008","weibo-6008"
"weibo-47992","1","#保卫萝卜#最新附加关完美通关[嘻嘻]@保卫萝卜CarrotFantasy @小皇后地盘 @?青珊 @樱桃小禾子 @iris-jing @荣小蓉 @小罗大波 @向阳_麦兜","train","47992","weibo-47992"
"weibo-58228","1","期待中[太开心][太开心] //@亲亲宝贝LiLi: 谢谢亲爱的!你是我们的金牌味蕾食神![可爱][围观][照相机]","train","58228","weibo-58228"
"weibo-38892","1","哈哈哈，好可爱的三明治，用心的妈妈啊[哈哈][哈哈]","train","38892","weibo-38892"
"weibo-20736","1","我不到家雨不下，人品就是这么杠杠的[哈哈]","train","20736","weibo-20736"
"weibo-58519","1","准备周三展览会的活动，小马快快跑[哈哈]","train","58519","weibo-58519"
"weibo-51245","1","哈哈 //@糖果轰炸机126: @都叫我猫爸 //@糖果轰炸机126:[嘻嘻]","train","51245","weibo-51245"
"weibo-53345","1","[威武] //@霍艳:我老觉得我写的小说是《叛徒》……其实是《失败者之歌》……昨天编辑告诉好消息，我在新西兰写得关于当地华人生活的小说十月份也能跟大家见面了！[鼓掌]","train","53345","weibo-53345"
"weibo-29669","1","萌娃娃，照单全收[嘻嘻]@虾虾114 @新余的德哥","train","29669","weibo-29669"
"weibo-29394","1","收工~3:30 p.m.，放假前收工最早的一次！秋日午后的阳光真美好~[鼓掌]","train","29394","weibo-29394"
"weibo-56450","1","今晚，中环。拍得不好，请表扔砖。[可爱]","train","56450","weibo-56450"
"weibo-57651","1","好好玩[爱你]@J调de华丽 @悦微小鱼 @桔猪","train","57651","weibo-57651"
"weibo-14722","1","回复@麦其土司的二儿子:您来，不要钱。[哈哈] //@麦其土司的二儿子:白吃么，还是住那才能吃","train","14722","weibo-14722"
"weibo-9373","1","六一儿童节的第一个礼物，手机流量又回来了[偷笑].......节日快乐！周末快乐！[哈哈]","train","9373","weibo-9373"
"weibo-48820","1","哈哈哈//@让你变幽默: 哈哈哈哈//@黑客是这样练成的:哈哈哈哈哈//@耗这口: 尼玛[哈哈]//@一只学?: 哈哈哈哈//@内涵大婊哥: 哈哈哈哈哈//@正常人办不出这种事儿:哈哈哈哈 //@这微博笑死我了: 哈哈哈//@伪意见领袖: 哈哈哈","train","48820","weibo-48820"
"weibo-44640","1","哈哈，我也看到啦，这两个车主要么死敌，要么就是互相拆台的损友[哈哈]","train","44640","weibo-44640"
"weibo-16208","1","最性感的EVA???，?眼慎看[嘻嘻] [嘻嘻] //@火?何故：凌波?真人版！[good] 送?各界喜?EVA的同志！","train","16208","weibo-16208"
"weibo-32727","1","#健康有道#【18:05播出《早餐你吃对了吗？》】大家都知道不吃早餐危害大，但如何搭配早餐更健康呢？今晚一起学习一下吧~！[可爱]","train","32727","weibo-32727"
"weibo-24918","1","太可爱了！亲一下！[抱抱]","train","24918","weibo-24918"
"weibo-19102","1","顶//@陈-立-娜:[给力][给力][给力][鼓掌][鼓掌][鼓掌]","train","19102","weibo-19102"
"weibo-29735","1","@王庆 踏踏实实的去医院吧，咱那颈椎还得跟着咱几十年呢！别忘记你可是两个娃的妈呢[哈哈][哈哈]","train","29735","weibo-29735"
"weibo-41476","1","诈一听还以为是国安呢[哈哈][哈哈][哈哈][哈哈][哈哈] //@流落一瞬:[哈哈][哈哈][哈哈]","train","41476","weibo-41476"
"weibo-11220","1","[鼓掌]我越来越喜欢你了，太善良了姐们[偷笑][亲亲]","train","11220","weibo-11220"
"weibo-26883","1","#当爹进行时# 每次过路口等斑马线的红绿灯时，我都给天天学著名的英特尔交通安全宣传曲：“灯，等灯等灯。”现在他会了，我们一站在那个路口，他就“等灯”起来。希望英特尔的这个广告配乐能一直播下去。[嘻嘻] @英特尔中国 @英特尔中国天天事","train","26883","weibo-26883"
"weibo-39548","1","对@淘宝陈建 说：陈兄，你好，和淘宝的很多兄弟都很熟悉，认识一下和你多学习推广经验[嘻嘻]","train","39548","weibo-39548"
"weibo-38925","1","[鼓掌][鼓掌]//@人之初姓本惠: “康熙”是否在#妈妈咪呀#的舞台上合体，暂时卖个关子。不过！@蔡康永 透露，会在征得@SMG妈妈咪呀 节目组同意的前提下，邀请一批妈妈到台湾录制#康熙来了#！[围观]妈妈们还在等什么？迅速到妈妈咪呀的舞台上来啊！","train","38925","weibo-38925"
"weibo-47323","1","回妈妈家[嘻嘻][嘻嘻][嘻嘻]","train","47323","weibo-47323"
"weibo-16257","1","回复@王于京:[给力][握手][围观] //@王于京:[蛋糕][蛋糕] //@梁锦江:祝您今天6月6日生日快乐！[蛋糕][威武][鼓掌]","train","16257","weibo-16257"
"weibo-31240","1","【新书预告】独家引进“韩国少年最钟爱的科普读物”获奖作品――青少年科普系列丛书。此套丛书分为[抱抱]科学部分和[太开心]数学部分，让孩子在游戏中获得智慧，在阅读中获得知识!","train","31240","weibo-31240"
"weibo-45247","1","好萌好萌，这个必须转[爱你] //@许国祯:这个一定要转 [哈哈]","train","45247","weibo-45247"
"weibo-48104","1","我爱北京天安门！天安门前蹲着喝两杯.重现你的梦境！[哈哈][酷]","train","48104","weibo-48104"
"weibo-41728","1","我也是在杜鹃家选的！是很多山茶花那款！[嘻嘻]","train","41728","weibo-41728"
"weibo-23481","1","那是谁送的呢? //@任志强:对不起，不是我。问问小潘吧。 //@王利芬:回复@金缕玉甲:@任志强 是你送的吗？[嘻嘻] //@金缕玉甲:估计是@任志强送的 。@潘石屹 @米瑞蓉","train","23481","weibo-23481"
"weibo-2346","1","小发哥特别的可爱，真想抱抱。[爱你]","train","2346","weibo-2346"
"weibo-10543","1","[哈哈][哈哈][哈哈]笑的我肚子疼~！用青岛话念才有意思。还有还有：有一种清楚叫群亮，有一种故障叫踢蹬，有一种得瑟叫跌些，有一种讨厌叫务印，有一种吝啬叫夹谷，有一种不讲理叫嚼料，有一种撒娇叫耍来晒，还有一种遭罪叫受卡达！[嘻嘻]","train","10543","weibo-10543"
"weibo-40543","1","[哈哈]//@月魔小猫-雷娘推: 70那会 22 33 跟我打打得我同学都无奈了....//@MK-Shinoda: 打JJC找我啊//@月魔小猫-雷娘推: @周十甫寸 还记着你当时带我增强萨打jjc吗....想想都尼玛恶心啊[偷笑]","train","40543","weibo-40543"
"weibo-29167","1","@华西都市报 肖肖今天开始带大家触摸伦敦奥运，欢迎踊跃吐槽[鼓掌][鼓掌]","train","29167","weibo-29167"
"weibo-1647","1","@New7新七天田原 也可以帮你挥霍！！！//@周达洋: 求妹纸挥霍[哈哈]","train","1647","weibo-1647"
"weibo-4079","1","我在凤凰汇，人很少，美女很多！[嘻嘻] 我在:http://t.cn/zWThAhm","train","4079","weibo-4079"
"weibo-523","1","笑死个人了[哈哈]//@得鱼买醉: [哈哈]//@北大黄卓://@金融八卦女: 莫言：一年小说白写了。。。。。[黑线]","train","523","weibo-523"
"weibo-46752","1","今天我说 如今一天有3顿食堂饭吃 特别满足 被鄙视了........不用做饭 每天都有靠谱的饭菜 这还不是幸福么？ 那些火锅烧烤之类的 偶尔吃吃也就罢了 嘎嘎 我爱大锅饭 [鼓掌]","train","46752","weibo-46752"
"weibo-48776","1","?子商?部微小?又一小?意[good]未?看到??大家可????物呀！?拍下??@香港中旅港澳游 的都?有?呢！?次活???哪??始呢？?大家?察香港中旅四十多家分社哈[嘻嘻][嘻嘻]","train","48776","weibo-48776"
"weibo-34995","1","集体吃瓜，就是甜....[哈哈][哈哈]","train","34995","weibo-34995"
"weibo-54070","1","春萍 有成为 元芳 的趋势[哈哈]","train","54070","weibo-54070"
"weibo-15370","1","回复@大笑姑婆王漂亮:刚刚@大魔王快乐餐厅 说了 明天就能吃到了 先点吧[嘻嘻] //@大笑姑婆王漂亮:我想吃 //@王红甫:今天没有去 现在上新速度很快啊[嘻嘻]@郑州吃货 @诚莲网 //@大魔王快乐餐厅: @王红甫 @古月之冰 @依-诺-诺 尝尝新口味的小吃！[嘻嘻]","train","15370","weibo-15370"
"weibo-34549","1","回复 @何瑾Jean:嘿嘿谢谢哦 //@何瑾Jean:支持你！期待哈[哈哈] //@许玉龙小窝:额我会有一天也给他起外号的呼呼 //@disco呗呗兔:哇~ //@狮子座常艺博 :他是洗浴城里的神兽[嘻嘻] //@粉红朱 : //@VTM小宇宙萌 : 都是都是！哈哈","train","34549","weibo-34549"
"weibo-18501","1","一张A4纸上进行的创作[嘻嘻]","train","18501","weibo-18501"
"weibo-46357","1","这个更赞 亲们~//@一本书一句话一段情: 戳完大图！你，几级凌乱？！ [哈哈]","train","46357","weibo-46357"
"weibo-57989","1","//@爱旅游爱赣州:[爱你][威武][围观]客家美食推荐：风味独特信丰萝卜饺，你吃过吗？今天晚餐就它啦！[爱你][馋嘴][馋嘴]#爱旅游爱赣州#","train","57989","weibo-57989"
"weibo-35495","1","//@Penguin小鹏:点赞//@4A广告提案网: →_→ //@肯德基:肯德基的鸡腿肯定不会清零[偷笑]。吃不完可以打包、外带、与他人分享，还可以回家炖汤、烧菜，总之是你的，想咋用咋用！[嘻嘻]","train","35495","weibo-35495"
"weibo-45909","1","回复@李希0216:[嘻嘻]…开心[嘻嘻]… //@李希0216:那是~大宝贝儿嘛！","train","45909","weibo-45909"
"weibo-30435","1","[good]广州地铁神奇指南值得各位收藏~ //@爱梵思:收藏 @3G门户旅游频道 //@琅邪赵布衣://@信息时报:指南在手，天下我有！拥有这份神奇的指南，在地铁找洗手间不再“盲摸摸”[哈哈][哈哈][哈哈]","train","30435","weibo-30435"
"weibo-30890","1","回复@小爱大本事:[嘻嘻][嘻嘻]喝鸡汤吃火锅，人多才热闹呀。。。 //@小爱大本事:我马上找你去，给我留个位置啊，我在平乐园呢","train","30890","weibo-30890"
"weibo-34282","1","@挡不住的Sunny-晴晴 18岁生日快乐！[爱你][爱你]?","train","34282","weibo-34282"
"weibo-29782","1","此次泰国之行， 来的唯一一个游人如织的景点 ，曼谷水上市场，看起来确实蛮有趣的，但脏乱嘈杂也是真的，哎，不来遗憾，来了后悔！你是来呢来呢还是来呢？！[哈哈]","train","29782","weibo-29782"
"weibo-10778","1","[哈哈]//@张向东:有个胆小鬼路过墓地，忽然听到叮叮当当响，吓了一跳。过去一看一个人在凿墓碑的字。问：大半夜您干什么？我还以为见鬼了。那人说：都怪我孙子，把我名字都给写错了。//@来去之间: #睡一张床的兄弟#[给力] /","train","10778","weibo-10778"
"weibo-47578","1","两只小鸭子以后跟表妹@屈三三 了 应该会过得更好吧[爱你]","train","47578","weibo-47578"
"weibo-13950","1","参加#途秀超级达人泰国行#的亲们，有几点参赛注意事项：1、记得关注@途秀 ；2、投稿质量越高、数量越多，转发数越高，获奖几率越大；3、推荐他人记得转发原微博并@ TA，推荐者有机会获得8G优盘哦。付出总会有回报滴，奖品，快到碗里来！[嘻嘻]","train","13950","weibo-13950"
"weibo-8957","1","[哈哈]我最得意这口儿，有嚼头儿！","train","8957","weibo-8957"
"weibo-15891","1","好漂漂哦![good][鼓掌]烧饼风开刮了哈!","train","15891","weibo-15891"
"weibo-56161","1","含泪感谢熊总从海边拯救！//@经纬熊飞：解救完成[嘻嘻]","train","56161","weibo-56161"
"weibo-14080","1","这里是北京，你认为是这样的吗？[嘻嘻]","train","14080","weibo-14080"
"weibo-16177","1","好漂亮的花~~~好精致的香槟塔~~~[抱抱]","train","16177","weibo-16177"
"weibo-22217","1","哈哈哈哈哈~//@我De婆婆是个极品:果然戳中了笑点~[哈哈]","train","22217","weibo-22217"
"weibo-21496","1","中国梦[哈哈]//@王跃文: 贪够了钱外逃的党政官员和国企高管，他们移民移走的是什么？想不出一个恰当的词，大家帮帮忙？","train","21496","weibo-21496"
"weibo-12744","1","慢慢练习不依赖你。[抱抱]","train","12744","weibo-12744"
"weibo-12999","1","有点意思[嘻嘻]","train","12999","weibo-12999"
"weibo-44115","1","南海观音显灵，各位大佬到齐后，雨停！西樵雾气中现朗清，愈加美丽动人！//@静水致远:好像雨过天晴了[哈哈]!//@广州大学张河清:[围观][围观][围观] //@劳毅波广州大波波:雨中访西樵，雾里望观音","train","44115","weibo-44115"
"weibo-900","1","//@像??子: 这条微博很不错，属于美丽营销~在全海南的微博中很罕见。。。//@后排7七哥: 哈哈哈！还有这么一出！！！！//@Ming丶差不多先生: [爱你][爱你]","train","900","weibo-900"
"weibo-46780","1","[哈哈][哈哈]太对了！ //@妮可小天才: [哈哈][哈哈][哈哈]","train","46780","weibo-46780"
"weibo-49685","1","@merlinsher [太开心]//@最实用的电脑技术: 可以单曲循环的46首英文歌。[给力]","train","49685","weibo-49685"
"weibo-30854","1","@央吉择一 影视城大摄汇[哈哈][哈哈][哈哈][哈哈] //@坛城朋克:人家辛苦的把我那些杂乱的照片中整理出一个系列、不转不合适、再说、连自己都不转、日后怎么做个营销狗？","train","30854","weibo-30854"
"weibo-5971","1","欢迎新朋友！[爱你]","train","5971","weibo-5971"
"weibo-38320","1","这张照片真是绝了~~各种表情~~[哈哈]","train","38320","weibo-38320"
"weibo-53654","1","再奋斗一天[哈哈]，度长假。","train","53654","weibo-53654"
"weibo-24109","1","厦门叫肚脐饼。。。。//@张新民: 那个叫塔糖。[嘻嘻] //@jacky-吖弟:是有一种驱虫的长这个样，小时候吃过 //@小蘅爸爸: 记得说这糖可以杜虫？ //@张新民: 上面有糖的小饼干潮汕话叫「罗的」，像沙茶、龟啤一样传自南洋。现在少见了。[嘻嘻]","train","24109","weibo-24109"
"weibo-38795","1","这跟我看不了我家男神是一个性质的，得了，我平衡了[嘻嘻][嘻嘻]好歹我那个有重播","train","38795","weibo-38795"
"weibo-44051","1","有创意 //@张新民:创新吃法。[嘻嘻]","train","44051","weibo-44051"
"weibo-6077","1","@筱净雅 这个泡芙小姐长得好像你呀！[嘻嘻] //@青岛非常道传媒: 转发微博","train","6077","weibo-6077"
"weibo-12140","1","今天精神状态蛮不错，看样子明天可以不用输液了[鼓掌]迪迪终于要康复了[抱抱][挤眼]","train","12140","weibo-12140"
"weibo-54960","1","今天感觉是和一车的“爱疯”在逛京城，客人来自中国联通。大家都懂的。[哈哈]","train","54960","weibo-54960"
"weibo-34897","1","湖湘驴友社区 Fm106.9@湖南旅游频道 ＜驴友圈＞共同主办的＂驴乐会＂下午活动进行中！真是很开心哦！我们在这里感受夏天！[哈哈][哈哈]下午活动：水中拔河、麻将大赛、乒乓球比赛...","train","34897","weibo-34897"
"weibo-36498","1","#第10届中关村国际美食节#美食赶大集上的美食推荐！[可爱] @花家怡园 京八件、八爷小吃、秘制酸梅汤！","train","36498","weibo-36498"
"weibo-51876","1","绚~[鼓掌]","train","51876","weibo-51876"
"weibo-9756","1","[爱你] //@豆瓣电影:第86届奥斯卡【最佳动画短片】得主――《哈布洛先生》（Mr. Hublot）完整全片","train","9756","weibo-9756"
"weibo-28565","1","喝喜酒，抽奖抽中毛绒玩具一个，然后上台向新人祝福。为什么这么多人，轮到我就要说获奖感言呢[哈哈]","train","28565","weibo-28565"
"weibo-18565","1","#深夜发吃# 按老例，吃过十来种浇头之后，换一家“续摊”，再来碗上海辣肉面[嘻嘻]","train","18565","weibo-18565"
"weibo-17125","1","春天花会开[爱你]","train","17125","weibo-17125"
"weibo-17208","1","回复@ansongao1980:去了崩密列,女王宫没去,昨天都到门口了,困得实在不行了,就在车上睡了一觉.[嘻嘻] //@ansongao1980:崩密列和女王宫去了吗?","train","17208","weibo-17208"
"weibo-17606","1","@小邸电台 @我是王大磊 //@应宁相声演员: 太可乐了！徐徐、大磊、月波和我，四个人飙歌！！[哈哈]","train","17606","weibo-17606"
"weibo-37432","1","对自己好一点儿[哈哈]","train","37432","weibo-37432"
"weibo-2331","1","[爱你][爱你]好好享受吧","train","2331","weibo-2331"
"weibo-54028","1","又来了??????????//@大龄儿童瞌睡兔: 得亏我出门带伞了[嘻嘻]","train","54028","weibo-54028"
"weibo-2134","1","[哈哈] //@张健HIGHREAD: //@Lancy_安静: 都疯了。@李静-Lisa @微笑的山药蛋 @丁坤queen @judyliu //@Micah萌: 转发微博。","train","2134","weibo-2134"
"weibo-19743","1","离抽出大奖的日子越来越近了[可爱]","train","19743","weibo-19743"
"weibo-7858","1","屋外面细雨绵绵，屋里面笑声一片！@凤凰泡梧桐 李姐你这干瞪眼儿太好玩了，我爸妈还有莉莉姐我们四个乐了一个晚上！还是人多了好玩儿阿！[哈哈][哈哈][哈哈][哈哈][哈哈][哈哈][哈哈][哈哈][哈哈][哈哈][哈哈]","train","7858","weibo-7858"
"weibo-17230","1","CHI的七道菜大餐，道道精美，份量考究，爱海胆，鳕鱼，牛排；但最爱扇贝玉米糊糊[爱你][爱你][爱你]","train","17230","weibo-17230"
"weibo-9538","1","[心] //@王轶鸣：[哈哈] //@阿龙吉祥：太有意思啦！ //@快乐de紫蔷薇:[哈哈][鼓掌] //@homerun: [可爱] [心] //@微博暖风-迟日：转发微博。","train","9538","weibo-9538"
"weibo-13505","1","@梦猫猫-蓝点 //@雯旭旭: 石化??? //@我是唐小玲:NBSL //@elsainshanghigh:太精辟，需要学习的好词儿 //@麻辣情医吴迪:TWITTER最火的与中国有关的英文单词。好玩！[哈哈]","train","13505","weibo-13505"
"weibo-58309","1","回复@赵欣华Eric:不仅仅做微博用心哦，做酒店也一样的，无论是硬件还是软件，国丰维景国际大酒店都会用心让每一位客人都感到满意。 //@赵欣华Eric:回复@唐山国丰维景国际大酒店:有机会会去的，做微博很用心，学习学习[鼓掌]","train","58309","weibo-58309"
"weibo-8967","1","[嘻嘻]//@转过身莫回头:转发微博","train","8967","weibo-8967"
"weibo-4636","1","回复@咖啡书语:[哈哈][哈哈][哈哈]… //@咖啡书语:叔看的也很是揪心[笑哈哈] //@懒人业余餐厅:你娃作文真够抑扬顿挫…吓了我一跳！[哈哈]","train","4636","weibo-4636"
"weibo-14394","1","支持[嘻嘻]//@郭涛哥哥:《三杯爱情》预告片出炉，亲爱的们，完整的一首歌的时间，听听歌，看看片花，转转发，合适的?[偷笑][偷笑][偷笑]","train","14394","weibo-14394"
"weibo-59478","1","#艾美食#，艾系列延续下来啦[鼓掌]内牛满面啊[泪]@飞颀 @George曹志刚 @途秀","train","59478","weibo-59478"
"weibo-41398","1","到底是有多寒酸[哈哈]服务员都惊呆了[哈哈]","train","41398","weibo-41398"
"weibo-16506","1","[赞]能看不会写~~~[鼓掌]","train","16506","weibo-16506"
"weibo-37521","1","[哈哈] //@夏华:哈哈，@李开复 提前预告了。[偷笑]//@李开复: 明年315潜在对象哦！[偷笑]","train","37521","weibo-37521"
"weibo-19369","1","着钻人心的微笑 让人精神百倍 也欣慰不少。[鼓掌]","train","19369","weibo-19369"
"weibo-53061","1","那么说，再有十天上学，外加三天考试，就可以放暑假拉[鼓掌][耶]","train","53061","weibo-53061"
"weibo-15483","1","#绿城身边事#河南工大的学子们男女换装秀！好创意[鼓掌]@河南工业大学微博协会","train","15483","weibo-15483"
"weibo-21851","1","#新鲜分享#香车美人，还有精美礼品，小编表示完全hold不住啊。[抱抱]","train","21851","weibo-21851"
"weibo-56850","1","[哈哈]//@木尔: 这不是司马吗？都以为进去了，这微博没他，还真感觉不好玩，呵呵。据曰，合影的男子在他转身后，便竖出了一个“中指”！[哈哈][哈哈]","train","56850","weibo-56850"
"weibo-18088","1","全体唱@?想家林志? 的歌纪念自己的青春，希望@?雨橙 小姐带给小志！还有替所有喜欢泷泽罗拉和小泽玛利亚的男士请@UZG张洋 捎去大家的问候！并感谢@徐永明 做中介！[嘻嘻]还有@Funnycat贝妮 和@季季季兰 两位大美女！么么嗒！","train","18088","weibo-18088"
"weibo-50660","1","[哈哈]很喜感~ 米国叶落满地哇 //@海棠之恋2011:导演好啊！该来这里拍片片。 @郭颖谦 @万亿二胡 我都快笑破肚皮了。少薇把我拍的像个狗狗[哈哈] // @导演柳杰 :赵接好雅兴呀，落叶真不错 // @海棠之恋2011 : @林中晓月 @寅土","train","50660","weibo-50660"
"weibo-51881","1","周末玩的开心，周一是不是有点疲惫不堪。猫宁~~~想想就快五一了[哈哈]~~打起精神来~~[gst耐你]","train","51881","weibo-51881"
"weibo-29332","1","借意餐和美女宣传新书呢，哈哈//@MilkyZoe:[爱你]重点是乔瓦尼在班妮做的菜好吃吗亲人们@董克平 @叶军啊 @秦洲同 @悠扬GHK","train","29332","weibo-29332"
"weibo-26630","1","享受有阳光的冬日 [可爱]@享受阳光摄影","train","26630","weibo-26630"
"weibo-55931","1","节目直播帖，18点―21点，我们边听歌边聊天，说说大家明年五一的安排和打算，虽然有点早[嘻嘻]今天节目中会送出电影票，话剧票，化妆品代金券。。。来伺够[给力]就在fm101.8[呵呵]","train","55931","weibo-55931"
"weibo-17145","1","『卖水』其实就是咱们之前在#5minMBA小讲堂#博弈论里讲的的: 你不一定进入快速增长市场， 而是来做它的补全服务。 线上电商也罢， 线下商家也罢， 在线上流量金贵， 移动入口拥挤的今天， 对于一瓶解渴又实惠的『水』是不会拒绝的[哈哈] @火星小丫丫","train","17145","weibo-17145"
"weibo-10393","1","赞同，餐厅最好只提供大桶饭菜，自己盛了蹲着吃就行了[哈哈]","train","10393","weibo-10393"
"weibo-38238","1","很炫的舞台[嘻嘻] //@尹睿_Qunar:哈哈哈","train","38238","weibo-38238"
"weibo-43149","1","[鼓掌]趁知道的不多，赶紧走一趟 [偷笑]//@郎立兴:赞同！","train","43149","weibo-43149"
"weibo-566","1","#微爱# 我们也开始玩微爱啦！[太开心]这是专为情侣设计的甜蜜应用，超有爱！[可爱]情侣专属的聊天工具，逗死人的变音、各种纪念日，还可以记录点点滴滴，俩人的私密空间，有另一半的都来看看吧，超sweet 超好玩！ @应用_微爱 http://t.cn/zjdmdNJ","train","566","weibo-566"
"weibo-4956","1","[鼓掌][鼓掌][鼓掌]@快乐的武夷山 //@福建省旅游局: #约惠清新福建，刷卡进福#恭喜@糸?贡冠 @卫琬斑 获得价值2135元的福建旅游大礼包！记得提供您的姓名、地址、邮箱、电话。感谢这次活动单位@武夷山悦华酒店 @武夷山景区服务中心 @元正-正山堂 的支持！","train","4956","weibo-4956"
"weibo-27132","1","出来透透气！还是西单有过年的气氛[哈哈][哈哈]","train","27132","weibo-27132"
"weibo-32534","1","#亲身鉴证兰蔻神秘精华#脸上的肉有点堆不下哈，大伙儿凑活看看，没有法令纹，嘴角上扬的感觉。号称“微整瓶”是有道理滴，不敢整容又想提升的不妨试试，味道超清新，不知道是因为我心情太好还是真的那么清新，总之，很推荐大家试试，试过才知道。[亲亲]@MSN时尚频道 @Sally大儿童","train","32534","weibo-32534"
"weibo-55","1","哈哈[哈哈][哈哈][哈哈]@高小胖930 @AlwaysObsessed @爱生活-爱橙子 @子心--妞儿 //@?事搜一搜:[赞]","train","55","weibo-55"
"weibo-40205","1","回复@食全食美老倪:入不了食神的法眼！[嘻嘻] //@食全食美老倪:俺远在苏州的西部农民还没新台吃过呐，咋样啊 //@btv李晓君:我刚刚也吃的介个。[哼] //@颉宇:被新版菜单上的美图忽悠了！那个重要味的海鲜饭啊！差点要了老命！","train","40205","weibo-40205"
"weibo-29406","1","伦敦我最爱的商场，没有之一[太开心]","train","29406","weibo-29406"
"weibo-37491","1","电音女王@尚雯婕 与抒情范的@曹轩宾shane 在互动中完成的《为你我受冷风吹》，尚雯婕在合唱的三组比赛中获得了最高分9.91！[给力][鼓掌]","train","37491","weibo-37491"
"weibo-21285","1","是的..飘柔 就是这么自信[哈哈]","train","21285","weibo-21285"
"weibo-7203","1","#六赴尼泊尔#120公里的路，颠簸了近六小时，终于抵达本迪布尔，这座远离尘世，人迹罕至的山顶小镇宁静，纯净，只有蓝天，白云和雪山。我们住的 GUEST HOUSE间间房都是雪山景观房[嘻嘻]","train","7203","weibo-7203"
"weibo-28939","1","[亲亲]//@sallywan:@hn孙磊 @海南富力 @海南美食汇 @西屋瑞希 @中弘西岸首府 请大家多多支持！","train","28939","weibo-28939"
"weibo-59113","1","老家种的三种水果：芭乐、桃子和李子[哈哈]","train","59113","weibo-59113"
"weibo-12765","1","//@梦想家Mr薛: //@小编阿东:@叶开sa [哈哈]","train","12765","weibo-12765"
"weibo-9706","1","求助@一个卤蛋儿 ，四季酒店的专家[太开心] //@爱美食的设计师_紫林轩主人:柳树叶也能吃，介绍下做法 //@嗜吃慧:腌的芹菜？","train","9706","weibo-9706"
"weibo-45949","1","[哈哈]@丹丹chai @-晴间多云-","train","45949","weibo-45949"
"weibo-58365","1","谢谢 但不是我的生日 我出生在春天[呵呵] //@laney107:生日快乐[嘻嘻]","train","58365","weibo-58365"
"weibo-22008","1","回复@机场大郭:郭大哥改天我们整一个大观园带小六一玩儿去[哈哈][哈哈][哈哈] //@机场大郭:[鼓掌][鼓掌]","train","22008","weibo-22008"
"weibo-22794","1","tourssrok的确是我的最爱。很准呢。//@山山工作日记:我老公是天蝎爱必浓，一价全含适合他，吃的多[偷笑]//@Coits周乐: 我是爱舟酒店 我老公是艾美酒店 要去二次毛球度假[爱你][鼓掌][鼓掌]","train","22794","weibo-22794"
"weibo-9238","1","#朗朗分享#The Adventures of Mr. Fly 苍蝇先生历险记：原来苍蝇先生才是真正的演技派呢！（摄影师 Nicholas Hendrickx 创作的优秀作品！）[哈哈][围观]","train","9238","weibo-9238"
"weibo-8870","1","最爱的[亲亲]","train","8870","weibo-8870"
"weibo-23045","1","如果你走在街上突然有记者问你“你幸福吗？”你会怎么回答？！我很想知道你的答案[呵呵][嘻嘻][哈哈][可爱]","train","23045","weibo-23045"
"weibo-23135","1","太爽了，准备熬夜了，大家一起呗[哈哈]","train","23135","weibo-23135"
"weibo-16963","1","我有目标了[鼓掌][太开心]","train","16963","weibo-16963"
"weibo-33381","1","长沙一好姐妹结婚我居然给忘了，瞧我这记性，幸好感情深不会计较，刚去电话了，我们过年回家聚。一定好好补上[亲亲][心][礼物]","train","33381","weibo-33381"
"weibo-6586","1","下午去学校教课曲艺，推广曲艺，让更多的人喜欢，能耐不大，水平有限，但是我不会保守，会的都教~这也是我的教课数学的思想！[嘻嘻]","train","6586","weibo-6586"
"weibo-1240","1","欢迎入住#Dusit Thani Maldives#,期望在这里能带给您一个难忘的假期[江南style][心][嘻嘻]","train","1240","weibo-1240"
"weibo-50692","1","[爱你] //@良家族第一妹纸葡萄://@视觉系某棠:[花心]","train","50692","weibo-50692"
"weibo-56605","1","要长寿，还要美味。#我在中华美食汇# 千年地参，猜猜用什么做的?@毛伟洋 @佟雨微博 [嘻嘻][围观]","train","56605","weibo-56605"
"weibo-56087","1","[赞] //@汉声:[哈哈] 小小年纪真有生意头脑！ [话筒] 明天汉声在上海仍有活动！对汉声童书还不了解的读者，可以点此链接了解下：http://t.cn/zHON1yG","train","56087","weibo-56087"
"weibo-34492","1","答谢会正式开始！杨勇秘书长透露，此次活动源于赵文权校友想做东请校友客吃饭，于是秘书长就毫不客气的组织了100来位校友来吃饭，哈哈哈哈~~以后校友们千万别对杨勇秘书长轻易说请吃饭之类的话，他指不定给你带多少人去！！[太开心][可怜]","train","34492","weibo-34492"
"weibo-16984","1","这个超给力[给力]，快出刊了哦[鼓掌] //@张?Sunny:春节前后进出泰国的朋友千万不要错过啊，kingpower金卡才9折，这次@ManGu曼谷杂志 的读者直接专享8折。不管买不买东西，还附赠精美小礼品哦[哈哈]","train","16984","weibo-16984"
"weibo-5036","1","[嘻嘻] @悦馨 @百莲 @溢满心兄","train","5036","weibo-5036"
"weibo-34474","1","期待更多企业用专业技能帮助公益组织和社会企业。//@善淘网buy42: 爱[心]这样的“公益休假计划”，感谢SAP通过你们的专业技能与热情对善淘的给予帮助与支持，这些天我们进行着深入的交流与讨论，相信通过这一个月的活动，我们都会获得很多[可爱]","train","34474","weibo-34474"
"weibo-9491","1","同感，我正想发呢 //@徐永青: 这条腿很长啊[偷笑]@江苏steven-lu 你怎么看。[嘻嘻]","train","9491","weibo-9491"
"weibo-10022","1","今天从樟木口岸经过近15小时的车程，现奔驰在拉萨的高速路上，终于回到拉萨！好累啊！[可爱]","train","10022","weibo-10022"
"weibo-4200","1","同性！必须滴//@王轶鸣：[哈哈] //@财经网:【你的选择呢？】","train","4200","weibo-4200"
"weibo-41148","1","@行者老毕 你来看看[嘻嘻] 我在这里:http://t.cn/z8L9i0z","train","41148","weibo-41148"
"weibo-6075","1","[鼓掌]真好吃~就是上边的枫糖玫瑰太甜太甜了[偷笑]@哈根达斯Haagen-Dazs","train","6075","weibo-6075"
"weibo-55249","1","回复@瑞尔齿科Alex:随时欢迎你们过来[鼓掌] //@瑞尔齿科Alex:啥时组织一次杭州游啊，我们一起过来参观[嘻嘻] //@瑞尔林浩:每一间诊室的图片都是我们专业的设计公司精挑细选的结果，让西湖悠久的历史文化在瑞尔体现，是我们的尝试，我们热爱杭州！","train","55249","weibo-55249"
"weibo-53263","1","我觉得腾讯应该有投资FreeBuf的节奏啊，恭喜恭喜 [哈哈][哈哈] //@FreeBuf黑客与极客:辛苦小编，FB总部已为你备酒洗尘！[ppb鼓掌]","train","53263","weibo-53263"
"weibo-7060","1","@--怡然自乐 [偷笑] 这姑娘，好像。。。你啊[嘻嘻] //@经典语录:这小姑娘好可爱~~女人的心情呀，必须靠SHOPPING来刺激呀","train","7060","weibo-7060"
"weibo-55645","1","多谢王老板包着干冰漂洋过海寄来滴好吃滴[鼓掌]@葫芦娃Rocky 做你滴魔豆无怨无悔[太开心]食品秀还满意么[偷笑]","train","55645","weibo-55645"
"weibo-50020","1","中秋快乐！！[爱你]","train","50020","weibo-50020"
"weibo-29103","1","吃吧！[爱你][爱你][爱你]","train","29103","weibo-29103"
"weibo-29404","1","[哈哈]//@袁功勇: @BES-栾振锋 总监荣归母校，帅气出场，众师妹为之倾倒，纷纷投递简历[哈哈] //@BES-杨小兰: [酷][帅]","train","29404","weibo-29404"
"weibo-18549","1","其实去这里也可以。他家酒非常棒，价格也公道[可爱]@梁大不二 //@JackY-SoNg-SuRenO:转发微博","train","18549","weibo-18549"
"weibo-10122","1","好吃，好看，吃完还想吃，可否打包快递啊[嘻嘻][嘻嘻]","train","10122","weibo-10122"
"weibo-57954","1","升级啦![鼓掌]我在#思密达的快乐家族#已经达到3级,羡慕嫉妒恨？来追我呀！[挤眼]@吃吃吃了么您内","train","57954","weibo-57954"
"weibo-559","1","终于定了！不纠结了！[哈哈]","train","559","weibo-559"
"weibo-2720","1","[嘻嘻]//@董芮睿://@张泉灵: [哈哈]","train","2720","weibo-2720"
"weibo-42783","1","@妲小妲 这个有点意思，你懂的。 //@使徒子: 那场比赛记忆尤新啊[哈哈]","train","42783","weibo-42783"
"weibo-59930","1","[哈哈][哈哈][哈哈]蘸醋吃，[哈哈][哈哈]","train","59930","weibo-59930"
"weibo-16530","1","且行且珍惜[嘻嘻][阴险]","train","16530","weibo-16530"
"weibo-23832","1","和一个有才的帅哥做邻居是个不错的选择 [嘻嘻]","train","23832","weibo-23832"
"weibo-24374","1","@亨总来了 卖萌很到位！[兔子][给力][哈哈]快来围观","train","24374","weibo-24374"
"weibo-23455","1","//@SSSS_ophie: @Mayster i wanna make easter eggs!//@D一头蜗牛:[哈哈]//@精彩电影: [哈哈][哈哈]太萌啦，做个鸡蛋不容易啊~","train","23455","weibo-23455"
"weibo-14777","1","阿斯特马丁好漂亮的车车哦[嘻嘻]，@CCTV李晨明 快来看看哦@奎大头 @cocolily李小妍 @白静_天蝎座 @超级马力王宇","train","14777","weibo-14777"
"weibo-19178","1","酷炫直播间呦[嘻嘻]刚才就在这里，很牛吧[给力]@青檬音乐台","train","19178","weibo-19178"
"weibo-7338","1","[哈哈]我的宝","train","7338","weibo-7338"
"weibo-54582","1","很早就知道这款新品要推出呢，希望好运降临[嘻嘻]@小狐狸君君 @艾米厨房 @大宝小一帅","train","54582","weibo-54582"
"weibo-28810","1","仔伢子[亲亲]","train","28810","weibo-28810"
"weibo-4072","1","太空的党支部，空发四声//@吃货观察员大熊:[哈哈][哈哈]","train","4072","weibo-4072"
"weibo-8046","1","【#超级笑星#预告】@安徽卫视 正在重播#超级笑星#经典晋级赛的节目哦！在家过年的小伙伴快呼唤身边的亲朋好友一起感受爆笑热浪吧~[哈哈]明晚19:30~《超级笑星大拜年》给大家拜大年咯！[挤眼]最爆笑的舞台~最诱人的美食~就在明晚等着大家~[给力]","train","8046","weibo-8046"
"weibo-7524","1","海底捞你真学不会[哈哈]//@袁伟-: 在海底捞，跟同事边吃边聊，同事说公司这个月销售不行啊，我说是啊，吃不下饭了都，没想到被旁边的服务员听到了，过了一会儿过来跟我说：哥，我们行政部让我通知您让你明做个报价过来，我们店要组织员工旅游[偷笑]","train","7524","weibo-7524"
"weibo-14549","1","枫糖酱烤肋排[花心]@斗牛士餐饮总部 的诱人产品越来越多啦！再想想那些无限供应的甜品、饮料和沙拉[鼓掌]@魔王1987 @_Baby哨小赖_ @真正的甜菜团儿","train","14549","weibo-14549"
"weibo-13828","1","[哈哈]是啊！//@释不归:中国每一道传统特色小吃背后都有一个清朝帝王南巡期间无意吃到继而龙颜大悦欣然题字天下第一并附送七言绝句打油诗一首随后扬名四海广为百姓所喜爱的美丽传说。","train","13828","weibo-13828"
"weibo-41017","1","→ →//@六小岩: ∫x?=所有偶数集（下限＝0，上限=1.2.3...20）；∫x?=所有奇数集（下限=0，上限=1.2.3...13）。[ok][哈哈][哈哈]","train","41017","weibo-41017"
"weibo-59813","1","//@何润东官方粉丝团: #何润东0913生日快乐# @何润东 生快!![爱你]","train","59813","weibo-59813"
"weibo-49876","1","@法国旅游局齐勇 女孩一上场，整个推介会都亮了[爱你]","train","49876","weibo-49876"
"weibo-24568","1","//@教授易丹:[鼓掌]","train","24568","weibo-24568"
"weibo-16214","1","这实在放电吧！！公司的小院儿里！！[嘻嘻]","train","16214","weibo-16214"
"weibo-27934","1","回复 @哈哈-有点痞:咋不敢回呢？我也爱你，你敢接吗？哈哈 祝一切都好。 晚安！ //@哈哈-有点痞: 很漂亮很性感！爱死你了………金姐你敢回我下不？你就回我下吧！也不枉我喜欢你这么多年了！只要你回我下。那我[爱你]就此生足矣！","train","27934","weibo-27934"
"weibo-42806","1","说清楚，谁傻？//@Dr彭双发:写个＂傻＂字！[哈哈]","train","42806","weibo-42806"
"weibo-29535","1","都fat成那样了 还次啊[哈哈]","train","29535","weibo-29535"
"weibo-16238","1","有才啊！[哈哈][哈哈]","train","16238","weibo-16238"
"weibo-35632","1","太可笑了！[围观][围观][围观]//@KEVIN268268: [哈哈]//@marcomarco: [汗]//@verfree: 我去，还真像，于谦和德纲不联袂演一出<金氏父子>真是可惜了。[哈哈]//@MrR_纯小二_StRegis:转发微博","train","35632","weibo-35632"
"weibo-19720","1","上次去就住在山下的酒店，第二天早晨赖床没起，没爬。。。[嘻嘻]","train","19720","weibo-19720"
"weibo-14757","1","双鱼座的话太阳触发了你日盘十二宫啊，双鱼擅长梦境，日盘十二宫被触动更是梦里有梦，盗梦空间即视感[嘻嘻]//@水清禾暖:最近做梦是很鲜活啊，虽然我是双鱼座","train","14757","weibo-14757"
"weibo-14838","1","驾照成功到手！诚争开车接送、酒后代驾及各种特殊服务~价格请私信，预定从速哟~[爱你]","train","14838","weibo-14838"
"weibo-45216","1","//@玩-单板怀北店: 热烈欢迎风影教练光临我们“玩”店[鼓掌]，雪服很骚气嘛[嘻嘻]哈哈，还好了，都是店内组合的","train","45216","weibo-45216"
"weibo-47826","1","顶起![鼓掌]","train","47826","weibo-47826"
"weibo-36504","1","“心中那自由地世界，如此的清澈高远，盛开着永不凋零蓝莲花。蓝莲花！啊！” [威武][围观][给力][鼓掌]","train","36504","weibo-36504"
"weibo-42018","1","求地址！[花心]//@Hellen申慧: @阮导 @桔猪 @花子tt @Iris_he @网际飞侠 @走入时间 记得去台北吃一下这个麦当劳哦！ //@Luna熊猫爱旅行: @我是Selina猫眼 @mia327 @翟猫猫 @张熙 @张小喵无所不在 @XMAN_宗介 @Hellen申慧 @多啦美梦 去台北看看哦[爱你]","train","42018","weibo-42018"
"weibo-3531","1","好吧，我转//@杰子爱乐乐: 转了@靳小?-jxm [嘻嘻]","train","3531","weibo-3531"
"weibo-49448","1","回复@似曾相识燕归来_2012:@??lls 带来的[哈哈][哈哈][哈哈] //@似曾相识燕归来_2012:凤姐怎么冒出来鸟，不在美利坚么.... //@马剑是谁:谢了，还是你留着用吧","train","49448","weibo-49448"
"weibo-26453","1","全都中 //@蜀蜀0208:3 [可爱][可爱][可爱][可爱]","train","26453","weibo-26453"
"weibo-31485","1","Coco班里（小学生）同学自发弄了个QQ群，被班主任发现并混进来潜伏了一段时间，终于有一天忍无可忍，发了一条信息：群里同学从今天开始谁也不许聊天，让我发现第二天在走廊站着，写800字检讨，全班读！[嘻嘻][偷笑]于是这个群再没人说话了。","train","31485","weibo-31485"
"weibo-16340","1","欢欢喜喜过大节喽[爱心传递]//@威廉餐饮管理机构:[哈哈]","train","16340","weibo-16340"
"weibo-43101","1","回复@张小喵无所不在:我很能吃，如果要吃很多种我就吃少。如果只吃一种那是狠命吃，早晚茶和小肥羊我都是吃够二三百才满足的。其他无所谓。还有回福建，蟹十几只我一人就能干掉！[哈哈] //@张小喵无所不在:不像你啊，你不算是很能吃的那种人啊。够贵的啊","train","43101","weibo-43101"
"weibo-16347","1","//@诺基亚: 拍个新闻出个报道 ,诺基亚808表示毫无压力[可爱]，拍照启动速度也是相当讨人喜欢[挤眼]","train","16347","weibo-16347"
"weibo-32428","1","汪星人演技超级棒//@猫猫-毛: [哈哈]//@Jacqueline628: [哈哈]@Lee家二公子","train","32428","weibo-32428"
"weibo-57691","1","接电话要怎么slide啊？//@Play瑜: 爱不释手了[抱抱]","train","57691","weibo-57691"
"weibo-47215","1","回复@食尚小米:这是目前写俺家店的最大号的文章喽！[哈哈]再次谢谢小米！俺回来请客吃饭！[干杯] //@食尚小米:@嗨辣老孙 你好淡定啊，也不出来看看","train","47215","weibo-47215"
"weibo-52168","1","@Jodievivi @史俊Robert @Tide_V 迷死人不偿命啊[太开心]","train","52168","weibo-52168"
"weibo-5751","1","你是我的第一个好朋友[爱你]","train","5751","weibo-5751"
"weibo-5283","1","实在是很少见//@顶好图: [鼓掌] //@一路狂奔的草莓:风情万种白霓红，绝代双娇展芙蓉。一池碧翠满春色，莲蓬花丽显相拥。","train","5283","weibo-5283"
"weibo-49495","1","真正好看的人儿！[爱你][爱你][爱你] //@王?瑜:请机器人保持稳重[汗] //@瑜踪何处:长衫玉立，温润如玉。","train","49495","weibo-49495"
"weibo-43028","1","又热又困的夏日午后,送大家一份儿清凉呗,果冻自家做,必须用新鲜大粒儿的鲜水果啊,必须做的美丽诱人啊,这个夏天真的流行自己在家做果冻,不信,您试试,特别简单,还好吃,做法链接猛戳后面链接!!!![哈哈]http://t.cn/zWCiEIW","train","43028","weibo-43028"
"weibo-53245","1","@迷蝶箫 你们的忠实粉丝啊[哈哈] //@空气精灵de美味食光:想看一本、想吃一顿[哈哈] //@味觉传达:请吃货们一起吃吃吧@上海抹茶星冰乐 @繁星满天飞扬 @空气精灵de美味食光 @工作就是吃喝玩乐 @赏味美酒杂志 //@吃货sunqinqin: 我桌上有三本 谢谢@杨师傅PeiPei [爱你]","train","53245","weibo-53245"
"weibo-26531","1","五一劳动节，微博有奖转发，赢取#北京国际艺苑皇冠假日酒店#两晚住宿房券。[太开心]","train","26531","weibo-26531"
"weibo-38334","1","我认为深夜发这样的大茶杯特别诱惑[爱你] //@by_左手:那我这杯让你给喝，和你换那杯有奶的！//@徐嘉靖Justin: [困]你明明是大V，我才是达人～[睡觉]","train","38334","weibo-38334"
"weibo-25087","1","真遗憾，那天有事没去成//@什锦烧饼: [鼓掌]@听着眼熟 //@张洒家: //@抱残斋: 精神矍铄","train","25087","weibo-25087"
"weibo-41907","1","金阁餐厅出品。。。福字汤盅惹人爱，Jimmy主厨的汤品更是棒的没话说哦[鼓掌]欢迎品尝","train","41907","weibo-41907"
"weibo-27773","1","《烟雾和骨头的女儿》在大陆市场卖得静悄悄的。好像黎明前的黑暗。//@虫儿__: [鼓掌]@凤凰王竞 @凤凰王萍","train","27773","weibo-27773"
"weibo-1608","1","大家快仔细看看，找到你心仪的那个人了吗？[嘻嘻]","train","1608","weibo-1608"
"weibo-56470","1","#安纳塔拉麻袋体验日记# 不得不说, @寒江 的原创旅游体验《水上屋，海上花》，看着很过瘾[花心] （原作链接 http://t.cn/zH8qx8m）！美图、美景、美食、美女、帅哥[偷笑]、海豚 ... ... 应有尽有！再次感谢您的分享 [good][鼓掌] [心]","train","56470","weibo-56470"
"weibo-45859","1","很多童鞋都已经开始放假啦，让小编好生羡慕。千万表忘记明天就是我们开大奖的日子哦，关注@北京嘉里大酒店 多多惊喜，拿到手软。中秋节快乐哦！！！[嘻嘻]","train","45859","weibo-45859"
"weibo-31103","1","烧花仙人在，山后是瑶庭。―游凯（接你两句）[嘻嘻]","train","31103","weibo-31103"
"weibo-11016","1","回复@徐笠的天空Stella:没有，这是在中国唯一的，且首次开课哦[亲亲] //@徐笠的天空Stella:在北京？上海有吗","train","11016","weibo-11016"
"weibo-53610","1","回复@尹峰:是我好友兼师兄[可爱] //@尹峰:这个可以有[哈哈] //@何高峰V:歪打正着让我找到@易峰 老兄啦[可爱] //@尹峰:欢迎[握手]","train","53610","weibo-53610"
"weibo-5345","1","帮忙顶下[嘻嘻]//@lavender_wang: 支持 //@孙毅: @狐钰钰 你送我的礼物啊？ 看的我胃疼！我是水瓶啊 @酸酸甜甜小草莓金梓K 你说对了~ @大浦天天见 亲 那个节目叫《图闻天下》~ @wendy_西雯 毛叫可攻可守？！ @哈雷_威 @不二什维克 @胡宇 @张牵 禁止起哄~ @hilo @Kay 没事没事~ @Ms堂的小黑屋","train","5345","weibo-5345"
"weibo-20507","1","倒鸭子[哈哈][哈哈] //@桔子水晶陈中:终于等到八点二十了-_-///倒鸭子第二季之削苹果。","train","20507","weibo-20507"
"weibo-11688","1","[汗] //@沈宏非:[哈哈][哈哈][哈哈]","train","11688","weibo-11688"
"weibo-52062","1","在这个人生路口的去留抉择时刻,若被拒绝, 我也将寻找一个和你一样的爱人，你仍是我此生的唯一挚爱。。恰似诀别,更加感人。 [嘻嘻] [偷笑] @贾乃亮 @航悦","train","52062","weibo-52062"
"weibo-57734","1","这就是所谓的横插一腿吧[哈哈][哈哈]//@沈涛:是你搞的？[偷笑]//@成隆行老柯:和环境没关系，属于遗传变异//@朔宇很强-C2红胖:是受污染变异了吗？这种东西能吃？[吃惊][吃惊][吃惊][吃惊]","train","57734","weibo-57734"
"weibo-41580","1","好景配好诗[给力][鼓掌][推荐][推荐] //@李??:月亮掉下天，激起湖水翻，麋鹿渴到极，黑夜饮浅滩。@赏月的天涯 @崂山餐紫霞 @交警李岩","train","41580","weibo-41580"
"weibo-4858","1","木有上版的好玩//@楠0宝儿: [good][good][哈哈]","train","4858","weibo-4858"
"weibo-46636","1","[嘻嘻]“米粉专场”手礼由@皮娜鲍什下午茶 倾情赞助！！","train","46636","weibo-46636"
"weibo-27178","1","[给力][赞] //@美图摄影日记-张千里:今年夏季云游2个月的汇报演出，欢迎大家来玩！[哈哈]","train","27178","weibo-27178"
"weibo-47506","1","香港大屿山这几天红旗飘飘，因为17号星期五是浴佛节[威武]又是香港公众假期，同时当天SOGO崇光百货周年庆，这个周末最舒服就是看完大黄鸭，去天坛大佛吃素菜，再杀去SOGO血拼哦[哈哈]","train","47506","weibo-47506"
"weibo-3258","1","好主意@大?星??人 @caipirinha小?巴佬 [嘻嘻][嘻嘻][嘻嘻]","train","3258","weibo-3258"
"weibo-51543","1","[哈哈][哈哈]很High，那晚","train","51543","weibo-51543"
"weibo-57205","1","@私家车美食导航 栏目组招人纳新啦！今天天不好，阿姨没买菜，节目组打扫冰箱对付一顿[哈哈][哈哈][哈哈]比平时水准降两个档[思考]！喃冲着这伙食还不飒愣愣快点来应聘吗？","train","57205","weibo-57205"
"weibo-21985","1","我是总结控[嘻嘻]，还会做自己的年终总结哦，一年一次写博客","train","21985","weibo-21985"
"weibo-31020","1","在这喜庆的日子里让我们举杯共庆吧[鼓掌][耶][话筒]","train","31020","weibo-31020"
"weibo-13010","1","男人去了[偷笑] //@兔子奶奶熊的娘长颈鹿的爱: 你已?去拉 //@鄢蔓:前年追过。相当刺激！带点梅干菜回来。 //@康棒棒他爹: 回复@焦丹丹_911:[汽车]追潮中，一潮四看，至少属于2880元收费标准[嘻嘻] //@焦丹丹_911:自拍大叔","train","13010","weibo-13010"
"weibo-12446","1","我在稻田里钓过青蛙，用晒干的麦杆削成小哨子，帮邻居给稻米脱壳，在晒谷场上学骑车，家里买了个小电视，一堆邻居跑来看霍元甲[嘻嘻]","train","12446","weibo-12446"
"weibo-31320","1","快乐宝贝百天喽[嘻嘻][花心] 我在:http://t.cn/zHrW5xV","train","31320","weibo-31320"
"weibo-24389","1","【#天天向上#公益】天天向上绵薄之力，希望能抛砖引玉！[爱你]","train","24389","weibo-24389"
"weibo-37464","1","[嘻嘻]如果您是VIP，请一定尝尝专属菜品。进食橡木果长大的西班牙野生黑猪，猪腿肉质妙不可言，入口浓浓橡果味。让体内幸福的暖流瞬间开始涌动！","train","37464","weibo-37464"
"weibo-621","1","哪?搞的？原?你真在推牛。[鼓掌]","train","621","weibo-621"
"weibo-28429","1","我们建明是最棒的！[鼓掌][鼓掌][鼓掌] 上海聚起来?//@穆建明:[耶]","train","28429","weibo-28429"
"weibo-43993","1","[鼓掌][鼓掌][鼓掌]//@Jiaojunxiang18:[鼓掌][鼓掌]@赵薇 @导演袁卫东 @邵梁导演 @导演于人 @张瑶 //@中国儿童艺术剧院[赞][赞]?精彩纷呈！还有最后六场啦！大朋友小朋友们快快出发来看戏吧！9月30日《小王子》满场！10月1-7日的演出票也很紧张哦~抓紧订票吧","train","43993","weibo-43993"
"weibo-51879","1","[鼓掌][鼓掌][鼓掌][太开心]","train","51879","weibo-51879"
"weibo-3521","1","还挺有技术含量的呢//@GIF图精选: [哈哈]","train","3521","weibo-3521"
"weibo-51398","1","年会上COS了一回NANA 娜娜，[爱你]","train","51398","weibo-51398"
"weibo-20311","1","这种修行我愿意。[亲亲] //@大念念://@众生之家: 养孩子也是修行啊！","train","20311","weibo-20311"
"weibo-17458","1","即将奔赴法国参赛的强力组合~四个中国帅哥要威震13街！??[哈哈][哈哈]！@勤劳的工作狂 为他们壮行！不破楼兰誓不回！签证很难偶。","train","17458","weibo-17458"
"weibo-16134","1","我们的祖国是花园，花园的花朵真鲜艳[哈哈]","train","16134","weibo-16134"
"weibo-56102","1","2012中国清远美食旅游文化节，百鸡宴[馋嘴][馋嘴]感谢清远国际酒店赵总为我们 带来那么多好吃的清远鸡[可爱][可爱]@冯跃振@紫蝶雪飞@ICY_刘希婧 @STAR-谢斯琦Angelet @国际旅游小姐广东微博 @造型师陈派 @陈派造型明星机构","train","56102","weibo-56102"
"weibo-29066","1","这福利[爱你]@小屁汀 @色渴渴的熊 @vivianaoO52Oo","train","29066","weibo-29066"
"weibo-5395","1","#图趣#【外婆的私房菜】意大利摄影师兼美食爱好者 Gabriele Galimberti以“Delicatessen with love”为主题，走访世界各地拍摄超过1000个奶奶亲手做的私房菜。[馋嘴]不管是马拉维外婆的虫子餐还是重庆外婆的回锅肉，色香味俱全同时还带有沉甸甸的爱[爱你]外婆喊你回家吃饭咯 图via@美食丶旅行和摄影","train","5395","weibo-5395"
"weibo-30900","1","[good][good]//@长峰假日酒店: 请大家多多点击，多多支持，多多捧场[耶]感谢我们员工精彩演出[鼓掌][鼓掌]","train","30900","weibo-30900"
"weibo-7580","1","[蛋糕] 到咯！还是忍不住像说两句，感恩我亲亲阿妈[亲亲] ，女儿会继续加油的哟！生日在玉树拍摄电影《猎心者》中渡过，忙碌中还有惊喜。。。。嘻嘻。。。阿佳获金号奖，最佳原创歌手奖。今天在浙江领奖咯[鼓掌] 我可爱的两个搭档，咱们一起加油[握手] ！","train","7580","weibo-7580"
"weibo-755","1","今天主题豹纹风[嘻嘻] 我在:http://t.cn/zjVipg7","train","755","weibo-755"
"weibo-28330","1","世界已经不能阻止 苹果 了~~//@性感美女导航：太有才 了[哈哈]","train","28330","weibo-28330"
"weibo-6738","1","#甜点时光#春暖花开来到芝士青年解解馋[哈哈][哈哈][哈哈]地址：鼓楼东大街141号，人均消费 35元 >>http://t.cn/zTICWYf （来自@宝娇儿-娇娇 ）","train","6738","weibo-6738"
"weibo-58362","1","快看看我发现谁了！哈哈张大师猜猜我谁 [哈哈][哈哈][哈哈]＂好咱们现在发的是这堂课的卷子，一百分钟的题咱们一节课多点儿应该差不多搞定。都把嘴闭上把耳朵支棱着听我唠叨昨天的试卷分析拿手传卷子用不着嘴＂[哈哈][哈哈][哈哈][哈哈]//@张茹要快乐","train","58362","weibo-58362"
"weibo-57558","1","假期完美收官！[鼓掌][鼓掌][鼓掌] 我在这里:http://t.cn/zl8xstF","train","57558","weibo-57558"
"weibo-23609","1","征集青春条顺的妹子一同前往，免费帮拍青春写真哦！报名请私信@妈妈姓夏 [亲亲]求帮转~@DC21 @encore-安可曲 @风惹尘埃 @空心菜XM @TIM生命?客 @南台之春@安子摄影师 @老虎哥来了 @小手老湿","train","23609","weibo-23609"
"weibo-54688","1","Mark一下！！ //@娜娜Vivien:matk[懒得理你]//@属猫的鱼:2012怪人多啊，如果是真的，大家就不要担心世界末日啦[嘻嘻][嘻嘻][嘻嘻][嘻嘻] //@棒儿管进: Mark留存//@-梁宇-:万一火了//","train","54688","weibo-54688"
"weibo-46161","1","[哈哈] //@flypig: 我觉得每个苹果分析师最好都给建立一个「我做过的预测」列表页。免得提了裤子就找不到了。 //@i美股:分析师预计，苹果最早将于本月发布iPad 5和iPad Mini 2；iPad mini 2将配备分辨率为2048X1536的视网膜显示屏。","train","46161","weibo-46161"
"weibo-19658","1","[哈哈][哈哈][嘻嘻][威武] //@北京老五四季涮肉:[嘻嘻]好吧，谢谢妹纸支持，跟妹纸互动一下。。。","train","19658","weibo-19658"
"weibo-32475","1","回复@有鱼吃的-猫:不错，蒙古海鲜！[哈哈] //@有鱼吃的-猫:海鲜饭，越南人开的蒙古餐厅[偷笑] //@唐香香的香:有饭辙了吗？[思考]","train","32475","weibo-32475"
"weibo-25122","1","好多亮点……//@势缓则圆:[哈哈][哈哈]最后一个亮了，鲍菊花[酷]","train","25122","weibo-25122"
"weibo-59135","1","Rihanna is Friendly to Shandong! @韦陀一杵 @山东省旅游局官方微博 @山东省旅游信息中心 //@张燕溪智梅:[哈哈][哈哈]","train","59135","weibo-59135"
"weibo-23261","1","#美国旅游#值得去看[鼓掌]","train","23261","weibo-23261"
"weibo-19","1","陪看，有三陪嫌疑，[哈哈]","train","19","weibo-19"
"weibo-40139","1","要台历喽 //@戴昆:好说好说！要啥给啥，不要不行！[钱] //@何潇宁:俺也要，要什?戴老最清楚哈！：） //@戴昆:[嘻嘻] 新年到！发台历喽。。。嘿嘿，俺们公司的台历每年都是五千以上的印数。。。深受欢迎啊","train","40139","weibo-40139"
"weibo-16469","1","作业非常认真，做得好棒[鼓掌]","train","16469","weibo-16469"
"weibo-53038","1","阿弥陀佛，乐哉乐哉！//@ctrip丁小亮: 你太牛X了，居然可以连续跟拍到凡人俗子的生活照。得给师傅瞧瞧[哈哈][哈哈] ＂山下的女人是老虎＂，千万不能往庙里带。","train","53038","weibo-53038"
"weibo-55248","1","//@来自公元1978: 这个微博要转，转给那个行侠仗义的小伙子，也转发这对知恩图报的小夫妻，看了你们微博才知道你们会一生一世[鼓掌]","train","55248","weibo-55248"
"weibo-19489","1","[蛇年快乐]//@摇摆书含V: 形象！[哈哈][哈哈][哈哈]//@主播小妹:每天都如此.. ..^_^ @蔡昊蔡昊 @田园田掌门","train","19489","weibo-19489"
"weibo-8978","1","一开始大家还不好意思，后来都拥上来了！[偷乐]坐了满地，围得水泄不通。。。[哈哈]最后嘉倩签得手都酸了～[给力]//@雨枫书馆: @须叔 @君莲天下 @加可木南","train","8978","weibo-8978"
"weibo-55095","1","庆丰包子真心的难吃！[哈哈][哈哈][哈哈]","train","55095","weibo-55095"
"weibo-35252","1","饿疯，还好刚才那位绅士让我先上车，不然又会变成迟到大王。内疚啦[哈哈]马上见面喽，还有香喷喷的好吃的@夕汐Sharon @泡泡chan @mockingbird @Lady_Devil","train","35252","weibo-35252"
"weibo-22039","1","太合算了！??票再??@麦韬旅游 的?品[嘻嘻]","train","22039","weibo-22039"
"weibo-33813","1","昨天忙了一天，没来得及发微博。可是活动很多。开心又略感伤感的莫过于和好朋友--新华社驻泰记者@微笑如来佛 的送别午餐了。从刚到泰国接任到任满回国，两年多的时间，很多回忆，好像刚发生在昨天一样。[爱你][爱你]","train","33813","weibo-33813"
"weibo-18964","1","//@海外美食家: 任何事情，总有答案。与其烦恼，不如顺其自然。 [嘻嘻]","train","18964","weibo-18964"
"weibo-4865","1","【早安，维景】今天遇到一对即将在酒店办婚礼的客人，女孩调侃地对男孩说：“我对你的这点爱，别的不够，结婚是够了”小温馨[太开心] ~This love other enough, marriage is enough……","train","4865","weibo-4865"
"weibo-36674","1","首都人民热情接待了熊孩子并认亲成功！[嘻嘻]","train","36674","weibo-36674"
"weibo-41833","1","你以为你现在不是卖唱[做鬼脸]，不同的是老了背着一把素琴唱，现在还抱着一颗心唱[偷笑]。当然大家都是卖唱滴，我们都没你唱的带劲儿[哈哈]","train","41833","weibo-41833"
"weibo-41390","1","回复@KOONIJIANG:[心][xkl转圈] //@KOONIJIANG:[爱你]//@999种家居设计:春夏情侣着装，休闲舒适~[心]@潮混搭 //@999种家居设计:春夏情侣着装，休闲舒适~[心]@潮混搭","train","41390","weibo-41390"
"weibo-26760","1","//@快板-赵丹: [兔子]//@宋姿萱:这个必须求！！！[可爱] // @时尚-美甲 ：这个必须求！！","train","26760","weibo-26760"
"weibo-53786","1","一个世纪以来，中国女生校服变迁~~~亲亲喜欢什么时候的？[亲亲] 小丸喜欢复古风耶~~~~~「via D_大叔」","train","53786","weibo-53786"
"weibo-26821","1","@chen_yongzhi [嘻嘻]帮一个老客户请教陈工：什么是近场镜头？据客户讲，这是做EMC故障分析的时候用，大概价位怎么样？怎么购买？","train","26821","weibo-26821"
"weibo-42746","1","今日#东方日报#报道@桂纶镁 小镁雌雄同体，可以帅气也可性感！[爱你][给力][围观]气质似泰迪史云顿！[赞]","train","42746","weibo-42746"
"weibo-59828","1","喝一杯香苦的斋咖，开始苦逼的工作吧！今天要高效哟！[可爱]","train","59828","weibo-59828"
"weibo-10064","1","2010年的这个时候拍的[嘻嘻]","train","10064","weibo-10064"
"weibo-25587","1","快闪视频终于基本好了，倒计时放出[爱你]","train","25587","weibo-25587"
"weibo-29797","1","据说帝都今天很美[嘻嘻]@北京晨报秦超","train","29797","weibo-29797"
"weibo-17828","1","今天真是太折腾人了！还好有麦麦的小礼物让我瞬间开心了起来！[爱你]@居里d麦麦Melody","train","17828","weibo-17828"
"weibo-43521","1","大家都来当大厨吧[鼓掌][鼓掌] //@泰国航空微博: 不少泰国酒店都有为游客开设的Cooking Class，在游玩的同时，学一手泰国厨艺回来，可算是很好的纪念品吧？（图为普吉岛Dusit Thani Laguna Phuket酒店厨艺课程）","train","43521","weibo-43521"
"weibo-26777","1","[鼓掌] [赞]//@明伦书院魏东林: 这是明伦书院第一次举办西方哲学类课程！在这里，西方后现代哲学与中国禅宗相遇。窃以为，要正确、客观理解中国传统文化，离不开东西方文化比较。西方文化象一面镜子，让我们看到自身文化的优势，也看到我们的不足与局限性。","train","26777","weibo-26777"
"weibo-31859","1","要是在现场也会被这些封面感动的 //@优品杂志张楠艳:[嘻嘻] // @温顺的狮子88 :太棒了，接连在798上演的两场大活动，都是优品很重要客户，谢谢发行同事们。","train","31859","weibo-31859"
"weibo-54734","1","开吃！[亲亲]","train","54734","weibo-54734"
"weibo-15819","1","用伞改装成的帽子，防雨防晒，太聪明了~[鼓掌]","train","15819","weibo-15819"
"weibo-33499","1","就不说啊，死都不说，双节棍，行不行啊[哈哈] //@休闲璐:哈哈哈哈哈哈哈双节棍还行啊服务员以为自己是周杰伦啊麻痹是我也不说！","train","33499","weibo-33499"
"weibo-38999","1","到处都充斥的双11，真是太冲动了[哈哈]//@煮茶: 无敌的淘宝人啊。这个考虑的实在是太周到了。//@淘宝岚姐姐: 轻伤不下火线，重伤不进医院[嘻嘻] //@淘宝明梅:哦哟，见了那么多客户，配医生的还真的是第一次见哦。","train","38999","weibo-38999"
"weibo-41870","1","福建龙岩土楼我小米来啦好美[哈哈]@LEXUS雷克萨斯中国 LEXUS雷克萨斯CT200h #天生异质，游逸自然#雨天湿滑山区路面毫无难度轻松驾驭[good]小伙伴们玩嗨了[握手]有人说我像收停车费的[疑问]大家看第二张像吗？@男人装 @黑米粒 @蒋方舟 @新浪福建旅游@李峥嵘 @?巍EVA @新浪福建","train","41870","weibo-41870"
"weibo-23252","1","转。 //@宏升宝达游艇: [哈哈]","train","23252","weibo-23252"
"weibo-24139","1","新航特价机票，买着五一去狮城度个假~~[鼓掌]","train","24139","weibo-24139"
"weibo-32540","1","//@嘻哈当家主持小宝: 美女就美女吧！还人间罕见！[哈哈] //@嘻哈包袱铺筱雅:太过分了，小宝也是人间罕见的美女嘛[嘻嘻][嘻嘻]//@高晓攀:我只想和大家见面……为什么要照这样一张照片[哼]","train","32540","weibo-32540"
"weibo-11848","1","//@相声康松广: //@常浚铭: 胡同里的事儿，四合院的理儿，街坊们的情，小哥俩闹心[哈哈]@第三职业戏剧联盟 @星夜相声会馆 @相声康松广 @我是王大磊 @李菁_lijing @戏逍堂 @关皓月","train","11848","weibo-11848"
"weibo-56877","1","忧虑不在 活在当下[心][爱你][奥特曼]","train","56877","weibo-56877"
"weibo-55989","1","#早安# “如果你一直不愿意变老，那你就永远不会幸福，因为你终究是要变老的。 你应该发现你现在生活中的一切美好、真实的东西。回首过去会使你产生竞争的意识，而年龄是无法竞争的。”――BY 米奇?阿尔博姆 [可爱]","train","55989","weibo-55989"
"weibo-52987","1","[不好意思]嘻嘻//@朱诗悦: 咦，新郎官见娘家人儿回来了[嘻嘻]//@还没睡醒的龙: 突破瓶颈","train","52987","weibo-52987"
"weibo-20952","1","我和朝鲜美女祝大家青年节快乐！[哈哈][哈哈]","train","20952","weibo-20952"
"weibo-16953","1","惬意的环境，美味的佳肴，人生一大享受哈~[嘻嘻]","train","16953","weibo-16953"
"weibo-14000","1","当公知遇上米国主子呢？[阴险]//@汪海林: //@京都狂鬼: 一对儿SB//@永远微笑的世界的尽头: 这SB太贱了！ //@??登堡:[哈哈]//@多摩的狸子:傻逼中二，欠揍//@信浓酱-拖稿无力的Thanatos: 热脸贴上冷屁股","train","14000","weibo-14000"
"weibo-22630","1","#无国界即时贴#德国猪猪博物馆最大的展品~在巴塞尔奔跑了23年的粉色猪猪电车就要来斯图加特了，盆友们可以去这个猪猪的世界看他啦[抱抱]","train","22630","weibo-22630"
"weibo-55562","1","[哈哈][哈哈]//@墨脱春秋龙军: 哥还有驻村前后的毁容照呢，不过本人没能如愿，下次试试骑行川藏 //@成都冰川旅行社-唐建:还是女人吗？ //@唐巴马_tangbama: 转发微博","train","55562","weibo-55562"
"weibo-47212","1","看一次笑一次，真神了它！ //@mariexia: 才艺了得//@刀郎中国粉丝团：[哈哈] 我也信//@周星的慢一点吧：哈哈哈??反正我是信了！","train","47212","weibo-47212"
"weibo-31753","1","健硕，柔美。//@_6e_:是这样的不？@ 我认识的所有的单身女王们（似乎我认识的单身女王居多啊，这算不算是物以类聚？），顺祝大家伙儿女王节快乐哈[嘻嘻]....怎么总是写错字[黑线]","train","31753","weibo-31753"
"weibo-4768","1","#我的美食我的回忆# 美味烤串加北冰洋汽水，满足了[哈哈]@Style-Cafe","train","4768","weibo-4768"
"weibo-53390","1","这个必须转，尤其你还是微博控！大家都来咨询吧！[嘻嘻]","train","53390","weibo-53390"
"weibo-1169","1","Nice shot[亲亲]","train","1169","weibo-1169"
"weibo-22314","1","//@曹芙嘉的围脖:[嘻嘻][嘻嘻]","train","22314","weibo-22314"
"weibo-28850","1","清晨，窗外庭院一片宁静。传统的日式早饭，豆腐，各式酱菜，三文鱼，鸡蛋糕，沙拉，梅子，还有切成细条的枪乌贼，白米饭，牛奶，酸奶。就着雪景下饭，接着打算花园喂鸟去！[围观][嘻嘻][哈哈][馋嘴][害羞]","train","28850","weibo-28850"
"weibo-2684","1","回复@Lisa莎莎222:争你们个人的自由，便是为国家争自由，当年胡适说，今日我在做。[哈哈] //@Lisa莎莎222:这微博写得很有意思，正如我现在坐在家靠窗的沙发上饭后端着杯咖啡读你文字突然有种飞上头顶上的雀跃感觉[嘻嘻]","train","2684","weibo-2684"
"weibo-42637","1","哇老师，你红了！[嘻嘻] //@谭天论道:为什么这张照片今天发疯般评论？@清远TV志宏 @七月娃娃","train","42637","weibo-42637"
"weibo-8293","1","差这一项哈？[偷笑] //@贺霄: @youyoujill 我们吵一架吧[哈哈]","train","8293","weibo-8293"
"weibo-14715","1","回复@巴伐利亚神猪:气我[嘻嘻] //@巴伐利亚神猪:总裁你好。","train","14715","weibo-14715"
"weibo-25567","1","回复@彻朗:谢谢![抱抱]// ありがとう！[抱抱] //@彻朗:お?生日おめでとうございます！！ //@静冈叔叔:回复@不能扮萌的小昆:[呵呵] //@不能扮萌的小昆:[蛋糕] //@静冈叔叔:回复@早?田大学法学研究所院生S氏:谢谢!我也还是年轻啊[嘻嘻]// ありがとう！私もまだ若いよ[嘻嘻]","train","25567","weibo-25567"
"weibo-58626","1","都京津冀一体化了～咱们也算北京户口，他们也是庄里人～[嘻嘻]//@小平摄影:回复@路灯摄影:是远郊//@路灯摄影:回复@小平摄影:俺也是回家[嘻嘻][噢耶]就是远点～北京郊区～石家庄！","train","58626","weibo-58626"
"weibo-20523","1","#37°北京土著约会吧#找到你的幸福[嘻嘻]@37度婚礼会馆孟","train","20523","weibo-20523"
"weibo-33471","1","[哈哈]可以考虑。[哈哈]","train","33471","weibo-33471"
"weibo-4430","1","//@蛊毒Qiqi:我不完美~正是因为我真实！[可爱][嘻嘻][嘻嘻][嘻嘻][嘻嘻][哈哈][哈哈]","train","4430","weibo-4430"
"weibo-30327","1","陪母亲在温暖的阳光里享用美食,是多美的一幅图画[爱你]得到您和家人的认可和肯定,我们也感到非常荣幸[太开心]欢迎您和母亲常来坐坐[心]","train","30327","weibo-30327"
"weibo-16855","1","小时候的我 对着镜子问自己：吴大鹏，您到底是咋长的！[哈哈]","train","16855","weibo-16855"
"weibo-48236","1","这个一定要收藏~~ [爱你]","train","48236","weibo-48236"
"weibo-37682","1","[哈哈][哈哈] 我最爱书架那张！//@朱影辉HBN:@邵彬Amy","train","37682","weibo-37682"
"weibo-49372","1","不！是...你?然老了！但有味道！[挖鼻屎] //@芊川麟:[黑线]“你老味”???这不是骂人的吗？？ //@谢娜:宽姐，嗨起来啊[干杯][爱你][haha]","train","49372","weibo-49372"
"weibo-41853","1","#携伴食行#【一大波串串飞来！】成都大街小巷都是串串香店，到成都玩，怎能少的了吃喷香的串串[馋嘴]！！！特色串串香店大集合，总有一款适合你[嘻嘻]http://t.cn/8F2ouL6","train","41853","weibo-41853"
"weibo-29684","1","回复@广东阿茂:不知道波哥咋晚有什么感觉？[哈哈][哈哈][哈哈] //@广东阿茂:男士下午4点到8点间饮返杯“啡”性高潮迭起，有关教科书本上讲的！推荐给波叔，创作“粤粗”系列可灵感大发，尤有帮助！@peng树挺 @温淼森 @南粤京皇 @宏爱餐饮推广骆颖颖 @李铭建 @广州铁路","train","29684","weibo-29684"
"weibo-31959","1","V+该是一个动静结合，适宜各种小聚、举办活动都不错的选择喔! [爱心传递]//@?小?: 也?迎?@北京Vplus_Lounge 坐坐[嘻嘻]","train","31959","weibo-31959"
"weibo-26697","1","8点，用感动赢取浪漫北海道[鼓掌] //@玩家传播的黄磊:[赞]// @学生老魏 :岁末部门会奖[挤眼] @玩家传播俞佶 @董宇D @玩家传播的黄磊 @玩家传播老张 @Myy小姐 @黄小健_JANE // @学生老魏 : 好玩的！ @玩家惠 // @日本国家旅游局JNTO : 关注![呵呵]","train","26697","weibo-26697"
"weibo-11232","1","双子万岁...[鼓掌]","train","11232","weibo-11232"
"weibo-39877","1","哈哈哈 说的我又有点馋滴冒油啦~恩恩，机会多多，尽情参与吧~[太开心]","train","39877","weibo-39877"
"weibo-11595","1","[哈哈] 经理死光了都没事，一线员工死一个都不行。――公司里谁最重要？是耍嘴皮子的还是做事的？一目了然啊！","train","11595","weibo-11595"
"weibo-8443","1","[熊猫][熊猫]//@999道私房菜: 好可爱~[爱你]","train","8443","weibo-8443"
"weibo-18178","1","[互粉]【我五岁啦】#天天向上#“五周年”系列活动：“现场观众征集”――如果你热爱摇滚[话筒]！如果你也有一件海魂衫[爱你]！如果你会唱@何勇的钟鼓楼 @楚在生火 @GALA乐队 的音乐[good]！如果你能5月30日下午3点前赶到广电中心[挤眼]！请赶紧加入官方QQ粉丝群报名吧[鼓掌][太开心]","train","18178","weibo-18178"
"weibo-35756","1","这个必须转了，[嘻嘻]","train","35756","weibo-35756"
"weibo-39782","1","[哈哈][哈哈][哈哈]不胖也可以喝呀。养颜 //@潘小?向前冲:我不胖啊[偷笑] //@马剑是谁: @潘梓含 @潘小?向前冲 @东北人在六本木 @爱抹茶的茶茶 @CC宝贝的爸比 @次要的曾?","train","39782","weibo-39782"
"weibo-54934","1","为了庆祝睡眠日，我们准备玩耍一下再睡[嘻嘻]","train","54934","weibo-54934"
"weibo-57028","1","#新浪厦门美食团#台风过后就是闷热天气，来杯@赛卢岛 的冰饮最合适不过了[太开心]@厦门美食","train","57028","weibo-57028"
"weibo-11310","1","[哈哈] //@代乐乐:我们全家都是娱乐圈的.[挖鼻屎]@文怡 你老公会聊天吗？ //@切总:谁是娱乐圈的？你才娱乐圈，你们全家娱乐圈！我是跑步圈+美食圈的！[挖鼻屎]","train","11310","weibo-11310"
"weibo-46572","1","[哈哈][哈哈]比中枪难受！ //@GIF爆笑图集:这是有多臭啊[哈哈]","train","46572","weibo-46572"
"weibo-26935","1","[可爱]忘记@雅-宝 你了！","train","26935","weibo-26935"
"weibo-13961","1","来雁栖的顶秀美泉小镇了，@足球女孩11 @eoao 环境很不错，建筑很欧洲，比较安静，附近有雁栖湖，稍后过去，还有采摘园，住几天再回了~[可爱]","train","13961","weibo-13961"
"weibo-9561","1","瑶哥，今天很冻人！ //@刘小闹Eddipop:瑶哥好，瑶哥V5！[偷笑][偷笑][爱你]","train","9561","weibo-9561"
"weibo-29392","1","[给力][围观]//@声声入耳761:[酷][鼓掌]//@太极小荣:转发微博","train","29392","weibo-29392"
"weibo-59550","1","祝您生日快乐 //@c哈哈: 前几天汪明奎老师也去看了?您跟mary姐一起来，@刘金霏 我俩安排好[嘻嘻][嘻嘻] 最好等他专场有时间来看[哈哈]//@杜燕歌:?要?相?！ //@c哈哈:和mary姐天天快乐[嘻嘻]下次再来北京一定陪您喝茶补上[蛋糕][蛋糕][蛋糕]","train","59550","weibo-59550"
"weibo-49780","1","宵夜，芝士蛋糕[鼓掌][鼓掌][鼓掌]胃口慢慢变好回来。","train","49780","weibo-49780"
"weibo-15118","1","时间太久了… //@?子千?:这事咋举证？[哈哈]//@DJ路路通: 这事咋举证？[哈哈] //@元猫大大:这事咋举证？[哈哈]//@桂公公: 这事咋举证？[哈哈]","train","15118","weibo-15118"
"weibo-27691","1","[馋嘴][嘻嘻][给力]","train","27691","weibo-27691"
"weibo-53592","1","回复@大脸猫闪闪:[good]O(∩_∩)O谢谢[嘻嘻] //@大脸猫闪闪:加油，朋友！","train","53592","weibo-53592"
"weibo-46132","1","开心到想哭啊！！！粗略浏览了一遍，95%都是非常不错的书哦！又有的可学啦！！！[嘻嘻][嘻嘻][嘻嘻]","train","46132","weibo-46132"
"weibo-7969","1","成都~你是如此的亲切和安逸，你的从容淡定、气定神舒征服了我，我会再来看你的???[爱你][心]","train","7969","weibo-7969"
"weibo-24634","1","明心风水与行程推介有了参考注解， 明天“品正行顺”风水讲座活动 http://t.cn/zTdXLcU 的串词里，这一段可以有[哈哈] @品行超级无敌金贝贝","train","24634","weibo-24634"
"weibo-47842","1","//@王健_美联储:不是拒绝下车，而是撞伤警察后驾车朝国会方向逃跑。叙述事实需要完整准确。[嘻嘻] //@金梵雅: [围观] //@耶鲁校友:昨天还真有人在微博上问这个问题 @王健_美联储","train","47842","weibo-47842"
"weibo-34915","1","[嘻嘻] 亲，愿美餐能给您带来好精神和好心情~ http://t.cn/zlg4dMN","train","34915","weibo-34915"
"weibo-53641","1","赫赫，如果各位大仙有这么牛逼的技术能实现，那么请问我微博暗恋谁岂不是轻而易举就能知道？//@王煜全: @唐杰THU 老师，@super00011127 老师，有人挑战你们了！不过这人信用不太好，说了要裸奔一直赖帐[哈哈][哈哈]","train","53641","weibo-53641"
"weibo-15160","1","我在La Vite(签到4次)：le vin姐妹店 喝两杯加嗒一口 谢谢潘潘 谢谢Franco[嘻嘻] http://t.cn/zHQMANJ","train","15160","weibo-15160"
"weibo-55868","1","各位???，?人?我。只是天天看?微薄上有些人?常?端?人，戳穿他?一下[哈哈]","train","55868","weibo-55868"
"weibo-41581","1","[哈哈] 收藏! //@小舟贤子:顶","train","41581","weibo-41581"
"weibo-36792","1","//@老头夜话: //@真金无畏: 回复@AC初晓:[哈哈] //@AC初晓:标哥爱出风头啊，这回要把多少“良心”公知气死啊 //@真金无畏:[威武][心]中国首善-------陈光标，当代活雷锋！[心][威武] //@思君视线:向活雷锋致敬！","train","36792","weibo-36792"
"weibo-31651","1","转发微博。 //@被看穿了:[哈哈] //@无尘警官: 神马都是浮云！","train","31651","weibo-31651"
"weibo-17447","1","[嘻嘻]//@共青团扬州市委: 映日荷花别样红，这是瘦西湖夏日给大家发的福利啊[得意地笑]","train","17447","weibo-17447"
"weibo-35968","1","//@邱文良: [偷笑] //@广州_老杨:[偷笑] //@侯宁:[偷笑] //@艾建萍:[哈哈][得瑟]","train","35968","weibo-35968"
"weibo-13978","1","//@Anry-Young: 一杯咖啡一次迷失，鼓浪屿就是这样具有小资情调的岛。[鼓掌]","train","13978","weibo-13978"
"weibo-6312","1","回复@独臂老宋:好活动一定要广而告之 //@独臂老宋:[酷]好活动，我没宣言，但能艾特仨好友[嘻嘻]@华子de围脖@鸢尾@J调de华丽","train","6312","weibo-6312"
"weibo-37925","1","我想连小三通一块玩了，办好入台证就行动。。。[哈哈]","train","37925","weibo-37925"
"weibo-35371","1","为了看起来和我一样的儒雅 付出的代价太大了我的老弟 辛苦辛苦 晕吗？我下次给你的镜框开光好吧哈哈 //@米其林大厨-西安:回复@春晖-来去吉祥:绝对可以！以后发邮件必须加尊称！[嘻嘻][嘻嘻][嘻嘻] //@春晖-来去吉祥:理论上可不可以这么认为 我们是LKK MT们的集体叔叔？","train","35371","weibo-35371"
"weibo-7873","1","回覆@杨菲朵: 在NG总部看到他当年拍的原片，这感觉和见到大师本人时候还不完全一样。。 真很神奇。 //@杨菲朵:[哈哈]这个话题对我也好穿越的！","train","7873","weibo-7873"
"weibo-40764","1","爸爸妈妈@??兔拉拉 也能在你身上玩儿找亮点啦?比如拉近你小屁屁一看[偷笑]新生儿纸尿布（new baby)的缩写[汗]正是爸爸现在想夸你的[嘻嘻][威武][马到成功][赞]@?氏??","train","40764","weibo-40764"
"weibo-19834","1","回复@老男瓜:谢谢！[爱你] //@老男瓜:看看这些@鼓浪屿褚家园咖啡馆 @鼓浪屿杨桃院子 @鼓浪屿捞海坞餐吧 @鼓浪屿漫漫悠悠旅馆 @鼓浪屿judyscafe @","train","19834","weibo-19834"
"weibo-27277","1","这对话我看得笑抽了， 半自动规模化的精准营销已经能准到这种程度了[吃惊] 我觉得 @今夜酒店特价 这个客户应该是抢下了[哈哈]","train","27277","weibo-27277"
"weibo-57562","1","[太开心]//@时尚经典语录: 很多人都不知道，咱们中国一样有美丽的薰衣草花海，那就是新疆伊犁，都转转吧。","train","57562","weibo-57562"
"weibo-20847","1","回复@袁建军YJJ:[鼓掌] //@袁建军YJJ:YJJ转评：自媒体时代给每个人一个“舞台”，你可以尽情展现。。。","train","20847","weibo-20847"
"weibo-47899","1","iPhone 5s指纹解锁，看我喵星人……[哈哈]","train","47899","weibo-47899"
"weibo-40066","1","哈哈哈哈。白眼！~//@春晓: 糟心的事儿都滚开吧[哈哈] //@湘颐:这也太萌了点吧！[亲亲][亲亲]","train","40066","weibo-40066"
"weibo-36775","1","好看[鼓掌][鼓掌]","train","36775","weibo-36775"
"weibo-16555","1","23333//@奶茶超人: [哈哈]","train","16555","weibo-16555"
"weibo-11627","1","回复@沈宏非:要沈爷做裁判！[嘻嘻] //@沈宏非:您自己和自己搞内斗啊？[哈哈]","train","11627","weibo-11627"
"weibo-16404","1","哦，对哦，这个活动很适合你，因为你只需要喝就够了，哈哈//@杨迪的甜筒乐园: 谁买了送我我得乐死 //@Monica_2007:还是很划算很划算的[话筒][话筒][鼓掌][鼓掌]//@一麻一辣冯岩: 嘛钱不钱的，乐呵乐呵得了。。[哈哈]","train","16404","weibo-16404"
"weibo-45888","1","我们坐的是＂如意厅＂[哈哈] //@崔玉Nicholas:沾一下他们开业的喜气！[偷笑]","train","45888","weibo-45888"
"weibo-28564","1","昨天下飞机后直奔高源的酒庄，边参观边听故事，真感觉与热情直爽的姐姐相见恨晚，一直聊到晚上还带我吃了当地美食，嘿嘿9月还要来见你[爱你]","train","28564","weibo-28564"
"weibo-54400","1","每天早上都要问的一句话是 要不要再睡5分钟 //@LadyQQ-:[可爱]很值 生活很美 感恩? //@琢磨先生:读了本新书？认识了个新人？改进了下工作？拜访了个新客户？学到个技能？释放点爱心？锻炼了下身体？......晚上睡觉想，嘿，今天过的挺值的。","train","54400","weibo-54400"
"weibo-4600","1","[赞] 去逛逛//@柯洛伊_钱:@茉茉夏 at你一下[嘻嘻]","train","4600","weibo-4600"
"weibo-16297","1","哈哈 //@深海-蓝蓝: @章建春Halley [亲亲]","train","16297","weibo-16297"
"weibo-35858","1","回复@魅力丹青:[可爱] //@魅力丹青:[围观]..俩帅哥！[变花]","train","35858","weibo-35858"
"weibo-10977","1","#寻美厦门#巨蟹的我爱极了大海，而吃货的我今夜在海边享受美食。[爱你]@厦门胡里山炮台 @新鲜旅厦门","train","10977","weibo-10977"
"weibo-45148","1","卫星定位[哈哈]","train","45148","weibo-45148"
"weibo-16528","1","[管不着爱] ""糖葫芦""红事件正在运行到明天[钟]......赶快[太开心]","train","16528","weibo-16528"
"weibo-41391","1","看来还是家常菜受欢迎??另外，这小景布置的好温馨[鼓掌][鼓掌][鼓掌]","train","41391","weibo-41391"
"weibo-50941","1","养成好习惯，养生小动作对己有好处，经常练一下转了。 //@公平小辣椒:啊、有我偶――开心死啦[哈哈]","train","50941","weibo-50941"
"weibo-25967","1","#携伴食行#【史上最全！魔都古北韩国街吃货攻略】在上海就可以吃到地道的韩国美食！[抱抱]最近大红大火的虹泉路韩国一条街大家一定不陌生！现在更细化更深入版的吃货攻略新鲜出炉了！[花心]烤肉、甜品、炸鸡连番轰炸……根本停不下来 http://t.cn/8kJoVV0","train","25967","weibo-25967"
"weibo-31745","1","还真是挺山寨的！[哈哈]","train","31745","weibo-31745"
"weibo-50040","1","[偷笑][偷笑]有你这位大妈调侃心情好多了[鼓掌][偷笑][酷]","train","50040","weibo-50040"
"weibo-36542","1","马姐的工作室隔几天不来总会有小惊喜。狠想有个这样的工作室，早起刀光霍霍，锅碗瓢盆，葱葱蒜苗，鸡鸭鱼鹅兔，山上河里土头坎边，壁炉果木咕嘟咕嘟炖高汤～这就是锅的志向[酷]#远亲不如近邻#[爱你]","train","36542","weibo-36542"
"weibo-57300","1","@stella的哈哈岁月 [嘻嘻]//@英国最热门: 学习贴[good]","train","57300","weibo-57300"
"weibo-20783","1","午夜狂奔 一定要在零点前回家 不然要算第二天才回[哈哈][哈哈][哈哈]","train","20783","weibo-20783"
"weibo-26147","1","哈哈哈哈哈//@史上第一最最搞: [嘻嘻]酱紫难度更大//@蘑菇贱毛毛: 应该找只皮卡丘","train","26147","weibo-26147"
"weibo-14352","1","美女是看热闹 //@闹市钓雪:美女都转，我这糟老头子还不转吗？[哈哈]//@袁媛姐姐: 我是转呢，还是转呢？这些手绘者真的能处变不惊吗？//@安徽苗同伟: @好事成双--叶 最近国家在打击啊!哈哈","train","14352","weibo-14352"
"weibo-42480","1","[太开心]里士满（列治文）来了好多美女哦~","train","42480","weibo-42480"
"weibo-19508","1","维尼力气好大，今晚折腾的厉害，翻来覆去拳打脚踢，给了@马_小川 有力的两脚，@马_小川 很是激动的表示打得好！[哈哈] http://t.cn/zWP2Gqa","train","19508","weibo-19508"
"weibo-14022","1","钓上的鱼游过 //@张晨初艺术空间:[嘻嘻] //@独狼8518: 转发微博","train","14022","weibo-14022"
"weibo-46812","1","回复@镜享人生-重庆:崽?，喝起。[干杯] //@镜享人生-重庆:哈哈，你再乱骂人有妹妹严重教育你的 //@镜享人生-重庆:哈哥你还活着吗?活着就叫一声[哈哈]@哈戳戳 @龙双丰 @竹子做的熊?","train","46812","weibo-46812"
"weibo-58356","1","【世界上最静好的九大小镇】这里没有喧嚣，这里风景绝美[心]到这里旅行，一定不想离开！浪漫唯美小镇，你想住下来吗？[爱你]http://t.cn/8FgUMjl","train","58356","weibo-58356"
"weibo-42031","1","好心人诶//@那敢情好了: 你就等着我叫你吧啊！省的我大黑天的自己一个人在秋风萧瑟中踽踽独行~不过我要去高档的地方不能叫你，得等你换了牧马人[哈哈]@嘎兰 搂搂来","train","42031","weibo-42031"
"weibo-20433","1","乐趣才是最重要阿，其他都是浮云[嘻嘻]","train","20433","weibo-20433"
"weibo-29556","1","要有能打的人才好，深夜有几个能爬起来和你促膝长谈呢？[可爱]","train","29556","weibo-29556"
"weibo-11764","1","末日重生，圣诞快乐！[哈哈] //@何巨:圣诞快乐","train","11764","weibo-11764"
"weibo-20327","1","天公虽不作美 不过聪明的 你一定还有雨天作乐的好办法??来分享下吧 今天你是怎么过节的[可爱]","train","20327","weibo-20327"
"weibo-22674","1","因为主持人开场说吴鹰董事长进军娱乐圈，谣言就是这么来的吧[嘻嘻]","train","22674","weibo-22674"
"weibo-51390","1","谢谢！[爱你]等你带宝宝来呀！","train","51390","weibo-51390"
"weibo-8610","1","丰盛下午茶 还有张根熙陪伴哦。。。[花心][爱你]","train","8610","weibo-8610"
"weibo-22846","1","今天同事升级了IOS6.0 对话如下： 问：吃了嘛？ iphone答：我只充电，不吃饭。[哈哈][哈哈]","train","22846","weibo-22846"
"weibo-51871","1","啊哈哈哈~~~ //@弓长春雷:[哈哈]","train","51871","weibo-51871"
"weibo-15074","1","回复@姣米尔:亲，胡适说过一句话：我借给你的钱，是没有打算你还的。所以当年，胡适的朋友遍天下，人人都以自诩“我的朋友胡适之”为荣[嘻嘻] //@姣米尔:回复@画眉:借了，人与人信任最重要","train","15074","weibo-15074"
"weibo-42107","1","好消息！[鼓掌] [得瑟] 最近英国剑桥公爵伉俪威廉王子及凯特王妃莅临了香港杜莎夫人蜡像馆！ 想近距离接触这对尊贵迷人的皇室伉俪，就要快了~展期到6月9日！ 另即日起，於香港杜莎夫人蜡像馆官方网站预订门票，可专享7.7折优惠，快到以下网址预购罗~~~ http://t.cn/zOhPmoa","train","42107","weibo-42107"
"weibo-25193","1","远看真像单反啊//@王炜DW: 此人很像央视财经频道的吴小杰同志嘛。//@胡淑芬：这哥们怎么长得像个经济学家？ //@波波1214: 转@ouyangjuanpin //@京M-银狐:呵呵还是一个红圈头[哈哈]","train","25193","weibo-25193"
"weibo-35405","1","蟹膏银皮。100％土豪金@成隆行老柯 [哈哈][偷笑]","train","35405","weibo-35405"
"weibo-49137","1","[嘻嘻] //@SaBijY:[嘻嘻][嘻嘻]//@菜二九:[马到成功]马上有粉丝//@linyangyang:快快 我需要//@丽静说她喜欢你:真的假的?","train","49137","weibo-49137"
"weibo-30961","1","我要吃//@Zyra2V2:快来尝尝吧[爱你]//@现代可汗: @矮胖子MCM @April_静静 @BTV梦遥 @BTV美食地图 @bpt19 @chefzhong @chef麻老五 @光头阿斌哥 @光头陈庆 @Silvia吱吱 @SAMSONG-PENINSULA @三摩地帮主 @撒大米 @pupu迷 @Seanyang_光_大洋 @大个子ray @Zyra2V2 @张牙舞爪的妖精 [鼓掌][鼓掌][鼓掌]","train","30961","weibo-30961"
"weibo-37286","1","法国gillardeau 3号生蚝 今天推广员买一赠一呢[哈哈][给力]","train","37286","weibo-37286"
"weibo-35046","1","我可以在餐饭中吃5到7跟，不过是泡过的，带酸味。几个经常吃盒饭的都知道。[哈哈]","train","35046","weibo-35046"
"weibo-43468","1","【[害羞]】温家宝今日在记者会上说，我常想，难道几千年的文化恩泽就不能消弭几十年的政治恩怨？我真诚希望两岸进一步加强文化交流和人员往来。如果我退休，我也希望去台湾自由行，但也要看条件。――好吧，我月底去台湾，先替您踩踩点儿[嘻嘻]","train","43468","weibo-43468"
"weibo-48770","1","鱼儿出品 必属精品[哈哈]","train","48770","weibo-48770"
"weibo-51708","1","回复@我是张铭明:[可爱] //@我是张铭明:小超。特别喜欢你得那种憨厚 执着 坚持 还有善良细心 [爱你]加油！ 会一直支持你！努力[鼓掌][鼓掌][鼓掌]","train","51708","weibo-51708"
"weibo-55464","1","[嘻嘻][嘻嘻]//@可可甜心love: 哈哈哈哈哈哈[哈哈] //@麻神李工: 如果有两个那就是：Jerry and his girl friend are here?![哈哈]//@紫影5577: 差点笑出声音来","train","55464","weibo-55464"
"weibo-34970","1","回复@源于点滴:呵呵，那绿植啊～那名气可大了咧～～～[偷笑] ！！！它的名字叫“地菜花”，这一季的专享，我们湖北人三月三都用它煮鸡蛋吃。。。[嘻嘻] //@源于点滴:小钟，这篇博客第二张图片的绿植叫什么？","train","34970","weibo-34970"
"weibo-6759","1","我们家一直在说，行到水穷处，坐看云起时，哈哈哈，要的就是这种随意轻松的潇洒 [笑哈哈]//@孔霸天: 抛开攻略，轻松旅行~正是TouchChina的slogan~//@JessicaWYL: 我们和 @TouchChina @孔霸天 一直倡导，抛开攻略，随意出行 //@Mars任鑫: 万分赞同[嘻嘻] //@连长:嗯，移动互联网催生了这种趋势！","train","6759","weibo-6759"
"weibo-3961","1","豁然开朗了 ：）[亲亲]","train","3961","weibo-3961"
"weibo-22786","1","欢迎会员们晒晒收到的菜菜[嘻嘻]，这样就不用我们去做微博营销了[偷笑]","train","22786","weibo-22786"
"weibo-8677","1","晚上推窗雨后凉意渐浓，心中一个遥远但从未熄灭的闪光坚定地亮了起来：秋天来了，叶儿黄了，大闸蟹熟了[爱你]","train","8677","weibo-8677"
"weibo-56061","1","这不会长胖的[哈哈]是吧@ChloeBaibeeboo","train","56061","weibo-56061"
"weibo-19279","1","回复@银波幻:九江崛起，匹夫有责。[哈哈] //@银波幻:杜局离任了还在为九江旅游做宣传，赞！[赞][赞][赞] //@九江爱旅杜少华:遥想当年白司马，踏雪寻芳诗兴发。庐山四季读不尽，多少文豪泼墨夸！ //@浅笑盈盈中:青山不老，为雪白头。","train","19279","weibo-19279"
"weibo-59003","1","徒弟，宠物很难拍的[嘻嘻]","train","59003","weibo-59003"
"weibo-15569","1","[太开心]酒店人力资源部组织了跳绳比赛,准备了丰富的礼品呦,加油!加油!!加油!!![太开心]","train","15569","weibo-15569"
"weibo-3975","1","@艾米厨房 @粉嘟嘟0329 @花猫喵喵2012 真希望好运降临[嘻嘻][嘻嘻]//@沛锦妈妈_4v1:@邓嫣看海 @童--qq @燃烧的雪285838 @嘟嘟小花牛 @阳阳灿烂 一起来转发，等着做美味肉香的红烧肉吧！","train","3975","weibo-3975"
"weibo-13051","1","#楠之毛里求斯# 岛上的象龟，它们体重通常超过250公斤，身长一米以上，远远望去，像一辆辆小坦克。这些象龟行动缓慢，性格温和，据说从不咬人。在岛上玩累了如果有幸遇见一只，可以坐在它又宽又硬的壳上，当作歇脚的板凳。[哈哈] #带着微博去旅行#","train","13051","weibo-13051"
"weibo-16034","1","回复@郭冲-北京保险超市:[偷笑] //@郭冲-北京保险超市:好萌啊！几日不见，刮目相看！ //@大董陈丹:回复@张堡赫Simon:哈哈，春天到了呀！ //@张堡赫Simon:近期相当活跃嘛[哈哈][哈哈] //@大董陈丹:哈哈，那就来组卖萌照呗！","train","16034","weibo-16034"
"weibo-2251","1","10：30！碧沙岗公园见[嘻嘻]","train","2251","weibo-2251"
"weibo-16894","1","宝岛台湾，美丽台湾，温暖的，台湾！//@80公升官博:有一种温暖叫台湾！[爱你][爱你]@手边巴黎urruolan @赵小牛618 @小柳菁儿 @穆杉伯男","train","16894","weibo-16894"
"weibo-19972","1","@奔跑的胡萝卜 你应该喜欢的[嘻嘻]","train","19972","weibo-19972"
"weibo-26170","1","[赞][礼物][鲜花]//@九门八典一口钟:哈哈，好地方！[赞]写生、摄影爱好者很多！//@国安国米: 美！[赞] //@水墨婺源:[鼓掌][鼓掌] //@Mei海洋:老家，我要回来了。","train","26170","weibo-26170"
"weibo-41722","1","「花莲」这里绝对是小清新必游之地！晚上慢慢放毒给大家。今天我们宿地是花莲翰品酒店，这里可以玩扭蛋！度假酒店能玩儿这个的还是第一次听说喔[鼓掌]夜里再来扭一个[酷]#艺龙带你游台湾# @?朗?光 @艺龙旅游指南 @桔猪 @阮导 @阿秀秀","train","41722","weibo-41722"
"weibo-52908","1","今晚相约这里是新疆，万圣狂欢夜……@张伟峰_ 好兄弟生日快乐！[礼物] [蛋糕][干杯]@安明亮 哥今晚将继续与我合作演唱扎巴依的春天……敬请光临现场聆听……[嘻嘻]","train","52908","weibo-52908"
"weibo-22047","1","继续支持！ //@今日微博头条:2014年春节期间，为家乡年货代言收获颇丰，节后，#我为家乡特产代言#将继续呈现各地特产以及美景，亲，一定要关注呦！[抱抱]@李峥嵘 @红水河龙滩天峨_梁昌旺 @大道为德 @刘五一 @赵云龙 @塞上绿洲美 @新浪城市","train","22047","weibo-22047"
"weibo-56026","1","[嘻嘻]觉得","train","56026","weibo-56026"
"weibo-48920","1","皇家驿栈，5岁了。当仁不让，公益活动。[鼓掌] #皇家驿栈# http://t.cn/zjiVC1B","train","48920","weibo-48920"
"weibo-29969","1","[给力][鼓掌][鼓掌][鼓掌]日前，经中国旅游饭店业协会第七届一次理事会选举，天伦国际酒店管理集团总裁吴晓燕女士荣誉当选协会副会长。","train","29969","weibo-29969"
"weibo-12850","1","开会，团建滴亲们都可以团团看啦[嘻嘻]","train","12850","weibo-12850"
"weibo-44392","1","[哈哈]一手一个，福禄双全！~谁前几天问我哪有大葫芦的来着？十里河有个鲁西葫芦王~","train","44392","weibo-44392"
"weibo-26197","1","//@重庆金佛山景区: [嘻嘻]金佛山下雪没有这么恐怖，呵呵~","train","26197","weibo-26197"
"weibo-51035","1","//@杨芮: 转//@杨霞清: 这个速度蛮快啊！@安徐正静 @长宽高高 @刘锋互联网进化论 //@网易科技频道:[嘻嘻]网易邮箱支持“一键迁移我的雅虎邮箱”，教程如下：http://t.cn/zTMTLKj ，妈妈再也不用担心我的邮箱突然被关啦！","train","51035","weibo-51035"
"weibo-51027","1","[太开心][太开心]//@晓说morningcall: 感谢支持晓说的每一位网友，感谢晓说的制作团队，感谢所有为晓说提供录制场地的朋友，感谢[呵呵]","train","51027","weibo-51027"
"weibo-21123","1","泡泡海，赏赏猪~[哈哈]","train","21123","weibo-21123"
"weibo-48314","1","@史俊Robert 你睡觉就这样[爱你][偷笑] 你老姨父手抖//@lovento-snow:好紧张哩！","train","48314","weibo-48314"
"weibo-14251","1","回复@小西1216: 你真的假的呀。。喜欢颓的。不过话说我也最爱那张呀，因为那么和我本人差的太大了。那种风格想都没想过要尝试。。 //@小西1216:我最喜欢带兔耳朵，比较颓的那张[嘻嘻]","train","14251","weibo-14251"
"weibo-58514","1","最近太喜欢看@野兽派花店 的微博了,每天都要看一遍, 心里不禁痒痒,也想插出店主那种让人感动的居家花束. 今天下班直奔亮马桥花卉买了花材,回来对照图片辛苦1个多小时,终于弄出来两瓶. 虽然技术不佳,但是我尽力了. 老公, 考试加油哦! [太开心]@梁大不二","train","58514","weibo-58514"
"weibo-57031","1","我们要做的只是微笑[可爱]","train","57031","weibo-57031"
"weibo-3600","1","我说我的眼里一直有你[嘻嘻][哈哈]","train","3600","weibo-3600"
"weibo-8716","1","是//@姚贝娜: 拍得真好 又把我拍美丽了[害羞]所以 一个艺人靓丽的形象和呈现出的美丽影像最应该感谢的是幕后的团队 他们是一群想像力富有的艺术家[酷]当然 加上不辞辛苦地拍摄那就一定会有收获！是吧[可爱]","train","8716","weibo-8716"
"weibo-8343","1","最美的愿望一定最疯狂，我就是我自己的神，在我活的地方[鼓掌]","train","8343","weibo-8343"
"weibo-16942","1","回复@姜吉平是碎花控:[呵呵] //@姜吉平是碎花控:有知会道[兔子] //@腾冲一品堂:“知道”就是像刘总一样能知回道，[嘻嘻]","train","16942","weibo-16942"
"weibo-30061","1","二三四线的钱好多赚！ //@鸽斯基:奇人。//@王路: 商界奇才 //@承健: 杜总的故事值得期待//@i花花: 期待周四下午的直播，神秘的企业，外界对他们有太多误解[鼓掌] //@漓涓:@中关村在线 @i花花 @刘小东 @承健 @二厨--于冬雪","train","30061","weibo-30061"
"weibo-2009","1","感受火辣激情的江湖三样菜！挡不住美味的诱惑！吃出你的开心！[可爱]","train","2009","weibo-2009"
"weibo-19286","1","[嘻嘻][嘻嘻] //@倚天屠蚊: [哈哈]//@beauty_valley: [哈哈][哈哈][哈哈] //@尹鸿:[嘻嘻]领路人很重要！前面还有人评论说，领跑人与第一名是“真爱”！[笑哈哈]","train","19286","weibo-19286"
"weibo-26034","1","[哈哈]//@卡村小潮猪: 嗯~","train","26034","weibo-26034"
"weibo-27586","1","[鼓掌][鼓掌][鼓掌][鼓掌][鼓掌][赞][赞][赞][赞][赞] //@陆昱霖kelvin:[鼓掌][鼓掌][鼓掌][酷] // @拉风霞姐 :[威武][威武][威武]","train","27586","weibo-27586"
"weibo-35082","1","嘿嘿，还真不知道 //@陈娉舒: 别逗了，北京也很多地方没了名字。水立方、鸟巢所在，原来叫豹房和老虎庙，如今还有几人知道？ //@点子正: 支持奥体改为铁匠屯。[哈哈]","train","35082","weibo-35082"
"weibo-9588","1","#露营大会#露营梦想音乐会开始了！今天下午是来自乌克兰和俄罗斯的“大雷音”乐队组合的音乐会专场[鼓掌]欢迎大家来#北京国际露营公园#欣赏国际音乐盛宴！","train","9588","weibo-9588"
"weibo-24336","1","[哈哈]//@小糖包_王小胖: 她在想谁给我点手纸//@李云杰1980：//@贝露丹递：//@MJ619：转发微博","train","24336","weibo-24336"
"weibo-12357","1","[哈哈] //@加加西西:[哈哈] //@音悦台:[哈哈]","train","12357","weibo-12357"
"weibo-16755","1","很高兴认识您们! [鼓掌]","train","16755","weibo-16755"
"weibo-45181","1","期待期待期待[嘻嘻] //@王胜男-波妞娘:@赵莹-波妞爹 最初推荐我听的歌手，没想到会来到自己工作的地方演出，期待期待期待","train","45181","weibo-45181"
"weibo-13338","1","笑源，你很棒！[爱你]","train","13338","weibo-13338"
"weibo-15484","1","此图必火，鉴定完毕[哈哈]//@魏新: 真雄伟。//@樊祥钦: //@新京报: 不忍直视//@凤凰网: →_→//@财经网: 【转发】阳刚、大气、上档次","train","15484","weibo-15484"
"weibo-32536","1","哈哈，强大[鼓掌][good]","train","32536","weibo-32536"
"weibo-57187","1","真的是一组极佳的作品！[太开心]镜头捕捉到了灯光的幻化与夜的静谧，夜幕下的三亚海棠湾9号真的很迷人呢~","train","57187","weibo-57187"
"weibo-31303","1","//@全球顶尖摄影: 浪漫的孩纸转一下记一下给TA个惊喜。[爱你]","train","31303","weibo-31303"
"weibo-18987","1","//@什???: 徐姐那呵儿买的吧~[哈哈]","train","18987","weibo-18987"
"weibo-28776","1","#小编传送门# 又是每日送明信片的时段啦[鼓掌] 今天是假期第一天，好运气会不会驾临呢[思考]","train","28776","weibo-28776"
"weibo-54078","1","谢谢精彩点评！！[鼓掌]@Apple //@诺小娜nona: 影像也是心灵的镜子[呵呵]","train","54078","weibo-54078"
"weibo-37560","1","回复@王慧思selina:我很单纯滴，两样都纯了[哈哈] //@王慧思selina:你是单纯拍摄还是已经把它吃掉了？？？[挖鼻屎]","train","37560","weibo-37560"
"weibo-41799","1","#实用贴#根据自身体型选择适合自己的穿衣风格~果断mark~[爱你]【私享穿衣顾问微信：FashionTalent33 】","train","41799","weibo-41799"
"weibo-49086","1","回复@黄树:实心的[哈哈][哈哈] //@黄树:这包子还是土豆馅儿的吧 //@陈玉霞博斐秀禾:回复@四瓣馨香:[泪][泪][泪] //@四瓣馨香:不带这么聊天的 喵替某人鸣不平 没喵什么事哈@陈玉霞博斐秀禾 [偷笑][嘻嘻]","train","49086","weibo-49086"
"weibo-59352","1","[哈哈][哈哈][哈哈] 气色不错//@陈楚生:这张照片彻底揭露了最近的饮食[汗]， 节日快乐！[呵呵]//@炫入我心:刚说到灯牌忘了艾特你啦，辛苦啦！[爱你]//@熊小猫儿: 坐阵后方的人表示很爱很爱你们?[爱你]","train","59352","weibo-59352"
"weibo-47128","1","两个都是萌神[亲亲]//@我的朋友是个呆B: 又二又萌的啊[哈哈]//@惊嘞个蛰:最后一张超神！！！！！萌哭了好吗！！！！//@糖乜_zzZ: 主人也超萌！最后一张太神！","train","47128","weibo-47128"
"weibo-21889","1","回复@Tonight0710:[嘻嘻][嘻嘻][嘻嘻] //@Tonight0710:@godflowr","train","21889","weibo-21889"
"weibo-45838","1","@黄晓明 生日快乐！[爱你]","train","45838","weibo-45838"
"weibo-26851","1","不错嘛，该给个奖鼓励一下[嘻嘻] //@刘伟民2011:太赞了，收图了","train","26851","weibo-26851"
"weibo-43365","1","//@陶君2012:作为男人，不转对不起自己了[嘻嘻]","train","43365","weibo-43365"
"weibo-57453","1","回复@沙巴amyyu童鞋:看到了 目前除你外 有人报2000 晚8点我最终按次序确认 如关注请保持私信畅通[嘻嘻] //@沙巴amyyu童鞋:收到我的私信了吗?","train","57453","weibo-57453"
"weibo-51261","1","上海?在是D和政府的上海,都已?不是全?的上海了.?肉百姓??最在行.//@tyr727: 冈比样子气西//@Konstentyn：我擦，这表情//@midiya: 俞正声：房价高不高，高啊，当然高，我觉得房价高。吴小莉：怎么办呢？尤其在世博会之后。俞正声：怎么办，增加供给量。还有什么。[哈哈]","train","51261","weibo-51261"
"weibo-23117","1","有女儿的转一个！呵呵 //@smile半句多007:生男赔钱，生女挣钱！[哈哈] //@龟兹仙子: 美女感悟很深啊～[玫瑰][心][玫瑰] //@乡园青青2012: 因为女儿坑得都是干爹，儿子坑得都是亲爹～；信知生男恶，还是生女好；生女犹得嫁比邻，生男埋没随百草。","train","23117","weibo-23117"
"weibo-4456","1","@kidd365 @monkey于 走，拿音箱去。。。 //@真力中国:[嘻嘻]","train","4456","weibo-4456"
"weibo-24940","1","恭喜恭喜喔 //@河北音乐广播:恭喜亲们[爱你]","train","24940","weibo-24940"
"weibo-59836","1","人生中第一次收到男人送的鞋，祖母绿，反毛质感，小细跟，全中我萌点。晴天先生眼光不错哦[爱你][爱你]","train","59836","weibo-59836"
"weibo-13204","1","烤乳猪，太诱人了[嘻嘻]","train","13204","weibo-13204"
"weibo-2642","1","吃海胆不吃海獭！[哈哈] //@朱惑木棉花:不可能吧？海胆倒是很爱吃[笑哈哈] //@一点点小林:挖，吃海胆有助于拯救地球！","train","2642","weibo-2642"
"weibo-43934","1","[馋嘴]//@俏江南SouthBeauty: [鼓掌]//@Chelsea茜士比亚: 哟呵，这个价格还能吃俏江南下午茶感觉好神奇![偷笑]","train","43934","weibo-43934"
"weibo-51527","1","回复@大夫?一?:如果开在帝都，您身在长沙，我脚得能帮助推荐好食材供应及湘菜史顾问[偷笑] //@大夫?一?:愿帮忙[嘻嘻] //@九姑娘cc:＂共同＂意向打错了~","train","51527","weibo-51527"
"weibo-53615","1","CC的围脖上没上图呢，求高清照片，真漂亮，恭喜CC和?麽[爱你] @有那么一只C@倪不知","train","53615","weibo-53615"
"weibo-41043","1","武汉的樱花就开了呀！[爱你]//@阿Sam的午夜场: 呵呵","train","41043","weibo-41043"
"weibo-30963","1","喜欢音乐，喜欢龙虾，喜欢咖喱，能把三者完美结合在一起的地方真的值得期待[爱你]@ILove红烧肉 @大咪宝儿 @最爱丹丹妈","train","30963","weibo-30963"
"weibo-59731","1","常来！[爱你] //@曹猫猫的猫:冰淇淋也不错。绿茶红豆的好吃。 //@北京香格里拉饭店:Sushi sushi! [馋嘴]","train","59731","weibo-59731"
"weibo-55125","1","转 //@张伯伯的阑尾://@北京航轮刘春宇: [哈哈][哈哈][哈哈]//@乐在骑中的家庭://@GH单车骑行: [哈哈][哈哈][哈哈]//@山西高速交警一支队:[围观][嘻嘻]","train","55125","weibo-55125"
"weibo-58038","1","回复@晴阳450:呵呵……想起我儿子三岁多，带他去单位。见到女同事，让他叫阿姨。他只叫年长的。二十多岁的他不叫。问他为什么？他说：她是姐姐。因为在亲戚圈里二三十岁的都和他平辈。[哈哈] //@晴阳450:回复@相声演员康松广:呃。。。美好愿望想一下嘛。。。","train","58038","weibo-58038"
"weibo-48988","1","【法国――埃菲尔铁塔】有埃菲尔的地方连空气都是浪漫的。有木有？[可爱] http://t.cn/hGAbVc","train","48988","weibo-48988"
"weibo-30347","1","哈哈@悠悠双鱼座MM //@状元香陈好人: 嫁到或娶到哪个星座最幸福 】------ 第一名:巨蟹座；第二名:双鱼座；第三名:水瓶座；第四名:天蝎座；第五名:金牛座；第六名:魔羯座。------你身边有吗？[嘻嘻] //@Wayne--捭杩:我听听~~~怎么听啊？","train","30347","weibo-30347"
"weibo-22027","1","[鼓掌]，BTW，合影时体型健硕的千万别站别上，广角镜头在边缘有很严重的变形~//@并购公会: [鼓掌]","train","22027","weibo-22027"
"weibo-28360","1","//@粒粒-孙: //@龙腾精英模特经纪-北京官方: #龙腾精英# 模特：杨宏 @Hong_y1986 [给力][鼓掌] @田晓龙 @龙腾精英-李彦玲","train","28360","weibo-28360"
"weibo-38237","1","这麻将打的，终于赢一回?容易么.....一个个讲着笑话打麻将，乐得我肚子疼。个个郭德纲是不是？！[给力][偷笑][偷笑][鼓掌]","train","38237","weibo-38237"
"weibo-641","1","快开始咯！[嘻嘻][嘻嘻][嘻嘻]","train","641","weibo-641"
"weibo-32877","1","#带着微博去恩施大峡谷#这栈道要是玻璃的你敢在上面走吗?[哈哈]@sue孙悦 @新浪湖北旅游 @恩施旅游集团 @恩施大峡谷官方微博","train","32877","weibo-32877"
"weibo-29742","1","今天在单位给大家培训户外知识并实际操练，赶上雨就穿着大背心裤衩coros鞋去上班了，真舒服，看来以后干脆周五变成裤衩日，必须穿裤衩上班！女的裙子不能过膝盖？[嘻嘻]","train","29742","weibo-29742"
"weibo-8141","1","第一场就是泡芙～～你懂哒[哈哈][哈哈][哈哈][哈哈] //@Leslie靓靓:我要学烘焙","train","8141","weibo-8141"
"weibo-42041","1","不就是运妈前段时间推荐过的吗@运宝妈妈 ，上次看还能订的//@幸福蕴于平淡:有商业头脑，报名参加//@随遇而安的人生2012:现在定，组团，明年去，到时如果没空，再高价转让[嘻嘻] //@幸福蕴于平淡:这个好像很难订到的//@","train","42041","weibo-42041"
"weibo-11405","1","真正疗愈系 --＂三摩地素食茶?空?＂有好吃的面、清淡的茶?原生?的小菜！[鼓掌]","train","11405","weibo-11405"
"weibo-10774","1","外封套还有林肯签名内[嘻嘻]//@作家谢宏: 卖相和内容都诱人~[馋嘴]","train","10774","weibo-10774"
"weibo-53108","1","一大早就下雨，舍不得我啊！[哈哈]","train","53108","weibo-53108"
"weibo-53024","1","俺家老胡本来就木，仅有的那么点想法心思也被我打乱了，不过还行，还知道利用天时地利人和哈！2013零点零分，手脚麻利儿地给我戴上啦[嘻嘻][耶][鲜花]???","train","53024","weibo-53024"
"weibo-38527","1","就是你?的～?怪人家唱道破音～[鼓掌] //@??川:那一首啊","train","38527","weibo-38527"
"weibo-35141","1","Joseph Phelps Insignia 1985! 吊足了胃口，酒香带有草药味道，但是酒体依旧结实有力，醒了三、四个小时的酒很快被大家分享，所以配餐时又为大家准备了Insignia 2006，愉快的夜晚！[馋嘴][太开心]","train","35141","weibo-35141"
"weibo-45890","1","感谢您一直的支持Matt[亲亲]","train","45890","weibo-45890"
"weibo-16021","1","针孔吧 //@摄影艺术-吴长海:问：f32的光圈，1/15秒的基本设置，曝光一年时间，需要加3档的减光镜多少片?[嘻嘻]//@马不识图://@影像姐妹连:应该是一个特制的相机。","train","16021","weibo-16021"
"weibo-2552","1","[哈哈]//@祝志军: 去年12月某西亿欧到办公室来，玩手机，下应用，扯产品，三个小时后临走前，实在憋不住了问我们：你们没看出来是iPhone 4S吗？","train","2552","weibo-2552"
"weibo-24400","1","哈哈，几个哥们在谈政治理想，某地三女孩在喝酒谈人生[哈哈]","train","24400","weibo-24400"
"weibo-12526","1","@境小迁 @乖囡吉吉 @QQCandy-盖头 最喜欢牛舌和牛五花啦~~~（其实还有生拌牛肉。。。。）[哈哈]","train","12526","weibo-12526"
"weibo-6224","1","江西抚州有。[哈哈]//@花喵公的小事儿:没吃过…","train","6224","weibo-6224"
"weibo-25115","1","今天出门野餐[威武][嘻嘻][哈哈][给力]","train","25115","weibo-25115"
"weibo-24894","1","回复@喻小2:谢谢[鼓掌]台湾美食在乌镇西栅台客栈 //@喻小2:期待开业，正宗的台湾小吃就在@乌镇刀哥 的台客栈。","train","24894","weibo-24894"
"weibo-18894","1","@俏江南SouthBeauty 在制作极品毛血旺，热闹[哈哈][哈哈][爱你]@汪小菲","train","18894","weibo-18894"
"weibo-16592","1","Misha和Isabella，太迷人了！[爱你]","train","16592","weibo-16592"
"weibo-53711","1","[耶] //@镜头里说故事:[哈哈]","train","53711","weibo-53711"
"weibo-18681","1","每周五下午，3W一票人马踢足球[嘻嘻]一会开始","train","18681","weibo-18681"
"weibo-52057","1","回复@朱芫玉:这个问题我也想知道，不过我估计，可能不是咱们想滴那个[嘻嘻] //@朱芫玉:我比较八卦的想知道你拉谁出来了 嘎嘎","train","52057","weibo-52057"
"weibo-50083","1","演出马上要开始了，真爽，快点演出完吧，演完去看哈7下。[嘻嘻][嘻嘻][嘻嘻][嘻嘻]","train","50083","weibo-50083"
"weibo-49870","1","厦门的民宿一向有格调，看来要去体验一番啦~[嘻嘻]//@谷声图书echook:亲们，帮忙转下呗[可爱] @葵拉要攒钱才能毕业旅行 @seabearflying @红黄蓝红黄蓝 @房东小姐echo @komahyk2011 @流萤aria @雨田雨散 @唐龙Charlie @RabbitXYZ @梅拉 @北京-橙色咖啡 @你认识的Yvonne @黄橙视觉","train","49870","weibo-49870"
"weibo-22063","1","[害羞][爱你] //@夜千冷军团全球后援队:@夜千night @??兔拉拉 [爱你]","train","22063","weibo-22063"
"weibo-3951","1","赶紧的，过时不候，[嘻嘻]//@小马宋: 各位童鞋，求转发 @朱红同学@焓? @荒野部落 @春水堂蔺德刚 @卢希jaco @山水网李峰 @丨BJ丶泡 @丽-随心微博 @广告门Paolo @Jacosu @宋寒问暖 @闪电猫Maya","train","3951","weibo-3951"
"weibo-12145","1","我是宫本武藏?[哈哈]","train","12145","weibo-12145"
"weibo-39403","1","简单、快乐、怀念小时候！大宝贝、 小宝贝，节日快乐！[嘻嘻]//@王-超Michelle: 简单并快乐着…成熟并美丽着…//@吴铭rose:慢慢懂得，慢慢成熟，很多美好的东西还是应该一如既往的相信！晚安！","train","39403","weibo-39403"
"weibo-33054","1","哪，今下午，喝美了[鼓掌] //@卢健生:Chimay是比利时修道院名牌啤酒，蓝标是Chimay的顶级货色。","train","33054","weibo-33054"
"weibo-27212","1","风格是最让女人着迷的～[哈哈]","train","27212","weibo-27212"
"weibo-42063","1","【#我不是明星#决赛之夜】今晚22：00是本季我不是明星的巅峰对决战，决赛播出前一个小时我们将安排两位明星子女和她们的明星母亲回答网友提问，微访谈嘉宾及时间：21：00~21：30@郝洛钒 @戴春荣 ，21：30~22：00@张楚楚 @演员宋佳 。机不可失~小伙伴们有问题的赶紧去提问吧[爱你]http://t.cn/8sMPQRJ","train","42063","weibo-42063"
"weibo-56514","1","什么样的六一儿童节礼物最好呢？奥特曼，变形金刚，香草冰激凌，芭比娃娃……亲爱的年轻妈妈们，给宝宝准备了什么礼物呢？看看芬兰妈妈的创意啦[可爱][可爱]","train","56514","weibo-56514"
"weibo-7248","1","2013 福寿新丰大出彩！林局头功！ //@sun_昊枫林:武老师给力！新丰江源温泉山庄评为3A，云天海4A通过省局验收，报国家旅游局审批[威武]//@武旭峰:林局好！祝贺！ //@sun_昊枫林:[给力][鼓掌]","train","7248","weibo-7248"
"weibo-16657","1","徕卡听课，碰到@源形毕露 [哈哈]@摄影师黄小媛 @万戈一砖 看出讲座人是谁了么？","train","16657","weibo-16657"
"weibo-45871","1","《Aloha 夏威夷----双面娇娃欧胡岛》来了！[爱你]","train","45871","weibo-45871"
"weibo-26148","1","你有没有这么想过？~//@经典丶古诗词: 同意[爱你]","train","26148","weibo-26148"
"weibo-30555","1","原来官员有卖的[嘻嘻]","train","30555","weibo-30555"
"weibo-41314","1","近10年春节都要坚守岗位，今年终于可以在家放假[太开心]机场派发的姑娘们辛苦了[鼓掌]//@泰国百晓生:诗琳通公主殿下是中国人民的亲密朋友，坚持研习中文，推动中泰文化交流。公主的美德和高尚品格得到两国人民衷心爱戴。记得去年这个活动宫务处特批让郭蕊@Gegee郭蕊 用双语向全球华人直播。","train","41314","weibo-41314"
"weibo-28418","1","送我！[哈哈]","train","28418","weibo-28418"
"weibo-1370","1","I love shanghai~[爱你]","train","1370","weibo-1370"
"weibo-1688","1","仙境，画壁应该到大溪地拍[嘻嘻] //@品行之旅:#品行答疑#塔西提岛（Tahiti），一般又称为大溪地，是南太平洋中部法属玻里尼西亚社会群岛中向风群岛的最大岛屿。已超级清澈的海水、未被人为破坏的风景而著称//@灰太狼抓羊羊：哪个国家的？","train","1688","weibo-1688"
"weibo-29114","1","#海南旅游资讯#【受“温比亚”影响 海口美兰机场已取消航班13架次】记者1日下午从海口美兰国际机场获悉，受第6号强热带风暴“温比亚”影响，截至下午15时，美兰机场共取消航班13架次。需要坐飞机出行的盆友们请密切关注航班信息，尽早做好出行安排，以免影响旅程哦！[可爱]详情：http://t.cn/zQvmfER","train","29114","weibo-29114"
"weibo-26263","1","@文文的的爸爸//@曲协田静: 真的受不了了！//@王小玉的Circus: 错，是吊带背心 //@韩志嘉-垂钓达人: 跨栏背心[嘻嘻]","train","26263","weibo-26263"
"weibo-52373","1","[哈哈]做女儿和做媳妇的区别[思考]","train","52373","weibo-52373"
"weibo-26665","1","特同意！特赞美摄影师大人！爱丽丝新年快乐！[哈哈][手套][雪][围脖][雪人][温暖帽子] //@生白大叔:唉唉，摄影师一换，@喜咪卜 老师人都美了一圈[得意地笑] //@达观闲人王小猪:很感恩2012我能有机缘上喜咪卜老师的课程，希望更多的人能享受到这样的曼妙。[爱你]","train","26665","weibo-26665"
"weibo-42383","1","[笑哈哈]//@天使云儿720: [哈哈][哈哈][哈哈][哈哈][哈哈]","train","42383","weibo-42383"
"weibo-46234","1","今儿大家都玩儿high了吧，恭喜幸运的3位同学 @baobao5422 @小瑶的厨房 @牛牛妹岚岚Elaine 大家记得将快递信息私信给我，我们会尽快安排发货，期待大家做出更多美食与我们分享[亲亲] 没抢到礼品的同学别泄气，咱接下来还有几台大烤箱等着大家呢，而且大家踊跃的话，我们还有不少礼品等着玩儿呢[偷笑]","train","46234","weibo-46234"
"weibo-27967","1","谁说哥哥不能戴美瞳，我才是小美猫好嘛好嘛[哈哈][爱你] #美图GIF#","train","27967","weibo-27967"
"weibo-43492","1","[嘻嘻]@璇宝宝Elaine @我想说真话-","train","43492","weibo-43492"
"weibo-52624","1","到京城必来尝尝宫廷小火锅的风味哟~[嘻嘻][嘻嘻]","train","52624","weibo-52624"
"weibo-47780","1","#开咖啡馆跟做梦有啥关系？#好眼熟的一段话！但是说的很对，很好！好有诗人的节奏！[哈哈][给力]@想了解咖啡的seven:说出我的想法","train","47780","weibo-47780"
"weibo-25762","1","//@李萍俏江南: 欢迎领导光临指导[鼓掌][鼓掌]","train","25762","weibo-25762"
"weibo-18288","1","快入党吧 //@sskaje: ...//@高成: [哈哈]//@赵应钢: //@汪卷-北大文产院: 我多么希望这哥们身上是有魔咒的，入职哪里哪里就倒闭，那么……恭喜他入党了！@aminalin @violin124","train","18288","weibo-18288"
"weibo-13666","1","[汗][吃惊]我?票，?打???我。//@??文:我也有??，1680?票，?在抄到3500了。大家小心假票。 // @?奕迅所? :巧大?，有d?[哈哈] // @大?BiGgUY :[微风][落叶]我有??[雪人]","train","13666","weibo-13666"
"weibo-19868","1","一回去就理发[嘻嘻]","train","19868","weibo-19868"
"weibo-48525","1","昨儿睡的早，刚看到……那么美的剑当然要收藏啦[嘻嘻]好奇我们穿插在中间都干嘛了？[bm可爱]//@益西格格: 好奇怪的梦和青铜剑。剑上有刻得很美的花纹。","train","48525","weibo-48525"
"weibo-55374","1","[可爱][太开心] //@lsp宝环:@燕赵美食","train","55374","weibo-55374"
"weibo-21842","1","小周末找乐呵[嘻嘻]@多乐之日","train","21842","weibo-21842"
"weibo-38020","1","[可爱]//@许瑞杰: 转发微博","train","38020","weibo-38020"
"weibo-41737","1","热烈庆祝呀！招财进宝来福！月亮家太幸福啦[鼓掌]","train","41737","weibo-41737"
"weibo-45183","1","唐僧在听歌。。。//@一本书一句话一段情: 我想大概也该是这个样子的[哈哈]","train","45183","weibo-45183"
"weibo-11013","1","这个北海烤鱼在云南腾冲哦![嘻嘻]//@茸芭莘那:下次去吃！[花心][花心]@Z莫莫 //@世界唯一的湖泊浮毯:是了是了，腾冲美味首选!@茸芭莘那 @柳莺儿 @美丽中国湿地行2013","train","11013","weibo-11013"
"weibo-21004","1","希望来成都可以得到！[哈哈]","train","21004","weibo-21004"
"weibo-45324","1","有问题随时咨询驻塞班首席特派员乐乐[哈哈] //@乐乐Lulu:最好是拨01186加区号。。最近直接打0086加区号，不太容易打通。","train","45324","weibo-45324"
"weibo-24042","1","在表姐的婚礼上遇到百日大的小外甥，和我一天的生日呢，肉肉的好可爱[爱你]","train","24042","weibo-24042"
"weibo-15867","1","#周末HK乐活# 告诉你一个小秘密[嘘] ：泰迪熊快要111岁生日了！[爱你] 为庆祝它的生日，即日起至2014年1月5日 @香港中港城 将展出由泰迪熊穿上不同时代的服饰，一秒钟变时装模特儿！其中服装是由著名服装设计师Cecilia Yau设计～展览期间还有圣诞礼物换领，派对巡游及诗歌团表演！详情可到商场查询。","train","15867","weibo-15867"
"weibo-223","1","那年与老虎妈坐一起看球，现在又见到了＂新贵＂啦！[哈哈][哈哈]","train","223","weibo-223"
"weibo-48129","1","英国医疗服务体系官网文章：http://t.cn/zR5zXve，说明感冒只会由病毒引起，但是如果你已经带病毒遇冷或洗头不吹干外出等会让你的病情发展增加。我的求知欲真是赞啊[爱你]","train","48129","weibo-48129"
"weibo-52120","1","哈，问题出在哪里呀？帮我找出来，我去找负责写这一张明信片的同事批评一下[嘻嘻]","train","52120","weibo-52120"
"weibo-54899","1","//@DJ穆岩: [嘻嘻][嘻嘻][哈哈]回归回归啦！我肥来啦！[哈哈]","train","54899","weibo-54899"
"weibo-36016","1","少年欢乐多啊。[哈哈][哈哈]","train","36016","weibo-36016"
"weibo-38178","1","Maman, juste un petit mot pour te dire combien je taime.Bonne fête Maman.[爱你] ???在每一天?","train","38178","weibo-38178"
"weibo-28778","1","铮铮铁骨，存土不让。[可爱] 我在:http://t.cn/zlwOvbz","train","28778","weibo-28778"
"weibo-23368","1","[哈哈]//@Sophie诺诺: //@北京城你不知道的事儿: [偷笑] [偷笑] [偷笑]","train","23368","weibo-23368"
"weibo-8686","1","Kao! 抽根皮筋做弹弓子砸你们家玻璃[挖鼻屎][嘻嘻]","train","8686","weibo-8686"
"weibo-30466","1","嗯，让帅帅看看[偷笑][嘻嘻]！ //@爱着海的鱼33:戒，熬夜。","train","30466","weibo-30466"
"weibo-46585","1","结束无病呻吟，我相信属于我的那个已经快走到八里台了[嘻嘻]","train","46585","weibo-46585"
"weibo-54859","1","[哈哈]在泰国要慎重","train","54859","weibo-54859"
"weibo-34649","1","[鼓掌][鼓掌][鼓掌]好棒！好棒！我太喜欢徐鲤的作品了！本本和手机里都专门设了个文件夹！每天必听！赞！[赞][赞]//@徐鲤:权当我的正式发布吧[呵呵]","train","34649","weibo-34649"
"weibo-30649","1","诺基亚战略大调整。图片要收藏[哈哈]","train","30649","weibo-30649"
"weibo-17273","1","赞，也想去旁听 //@车库咖啡:近两周会开这个会，欢迎大家来吐槽[鼓掌]","train","17273","weibo-17273"
"weibo-8282","1","赶紧来 #岘港皇冠假日酒店#平壤馆 品尝地道的辣泡菜和辣炒年糕[馋嘴]，还有精彩十足的平壤姑娘歌舞表演[嘻嘻]，千万别错过哦！","train","8282","weibo-8282"
"weibo-57267","1","[爱你] //@当时我就震惊了:有爱的方式！！！","train","57267","weibo-57267"
"weibo-40435","1","麻麻会不会数数[哈哈]","train","40435","weibo-40435"
"weibo-33203","1","@枫林飘歌想搭车行走旅途 @goddess艳子 @LLLL-玲 [鼓掌][鼓掌][鼓掌]","train","33203","weibo-33203"
"weibo-54314","1","回复@优雅小裤衩:烘焙的热情还在，只是又新添一个爱好嘛! //@优雅小裤衩:烘焙的热情转向了种植界~[哈哈] //@达芙露露:太有创意了吧！ //@达芙露露:太有创意了吧！","train","54314","weibo-54314"
"weibo-19404","1","不管怎样，亲们新年快乐[礼物][太阳]安慰一下[可爱]","train","19404","weibo-19404"
"weibo-39800","1","分享图片 @红江湖麻小高老板 [嘻嘻]","train","39800","weibo-39800"
"weibo-5064","1","[鼓掌]//@coaching旅人:[good]","train","5064","weibo-5064"
"weibo-9322","1","吼吼，俺们一日店员活动是长期开展。电话报名；010-62701928[来]一日体验，书香盈面?[心]//@橡果书签: @枫叶落山黄 //@雨枫书馆:欢迎书友参加！[鼓掌]@须叔 @北京金隅万科广场 @游乐绘","train","9322","weibo-9322"
"weibo-711","1","宜家买的大瓦？很给力哦[哈哈][给力]@翌晨爸 @Ciky的角落","train","711","weibo-711"
"weibo-52179","1","//@国安康二爷:[爱你][爱你][爱你]","train","52179","weibo-52179"
"weibo-9908","1","今天谈的很愉快，很舒服，这是一个好的开始！[嘻嘻]","train","9908","weibo-9908"
"weibo-35270","1","我的男生朋友们，好好看看，很实用。[抱抱]","train","35270","weibo-35270"
"weibo-49581","1","@雷明 老师晋升职场教父后 明显阔绰起来。送了我一台Lenovo Miix 10 雷老师这教父不白干，这台小家伙儿还真的特别好用，正愁我的IPAD最近老出毛病，这下它就可以光荣下岗了。多谢老雷，这小家伙儿的键盘特别实用。盼着你代言奔驰呢[亲亲]","train","49581","weibo-49581"
"weibo-43369","1","谢谢夸赞[害羞]纸上得来终觉浅，欢迎大家亲自来费尔蒙8悦餐厅一尝秘制北京烤鸭的好滋味。[哈哈]","train","43369","weibo-43369"
"weibo-42605","1","回复@铁人打鸡血:现在就能送啊，把快递信息私信我们[哈哈]我们对老朋友总是有求必应的[爱你] //@铁人打鸡血:哈哈，等我下次订的时候送我。 //@天堂马尔代夫:[爱你][爱你]下次要再和我们同游哦[带着微博去旅行]","train","42605","weibo-42605"
"weibo-25564","1","之前???唔?再?S4PRO的手?, 不?呢部? @CATHcheung 送的嘛, 梗?唔???法啦 [哈哈]","train","25564","weibo-25564"
"weibo-40793","1","//@曹你?新lang: //@北村: [哈哈][嘻嘻] //@米家那个山: [哈哈]","train","40793","weibo-40793"
"weibo-21062","1","敬郭凯老师！p.s 盛世的世也写错了…… //@李鹏ADA: 郭悦[哈哈] //@BTV尹迪:今年最大的喜剧盛世","train","21062","weibo-21062"
"weibo-29624","1","分享一下好图 //@心动在这边:回复@春雨阳光花朵:心动；[鼓掌]愿与博友们！[xkl恭喜][xkl发财]新年相伴快乐牵手[心]让平安传情[心]一生知己最难求[心]一杯美酒敬朋友；[心][咖啡]","train","29624","weibo-29624"
"weibo-31710","1","#携程让红包飞##大家怎么看#春晚#[嘻嘻]","train","31710","weibo-31710"
"weibo-47034","1","希望是有的啊！[嘻嘻]//@bwjames: 俺要末班车，要不就回不去家啦，嘻嘻，难道要我露宿街头？@冰的夏柔 @cute龙龙 @你的赵加油 //@读道创意: 还有两个获奖名额明天公布，小伙伴搭上末班车啊！","train","47034","weibo-47034"
"weibo-22908","1","回复@短毛绅士:[爱你] //@短毛绅士: @张丽华larissa","train","22908","weibo-22908"
"weibo-22927","1","谢谢捧场[哈哈]","train","22927","weibo-22927"
"weibo-20445","1","应该留下来，陪游客拍照[哈哈][哈哈][哈哈]","train","20445","weibo-20445"
"weibo-11346","1","已喷…！ //@环球时尚旅行:[哈哈] 坑爹啊！","train","11346","weibo-11346"
"weibo-47532","1","#带着微博去西安# 咱不去大雁塔，去小雁塔[嘻嘻] 很有故事的地方、涨姿势啦??看看杨贵妃时代的美女们，吃货们不淡定了吧，越胖越吃，越吃越美啊[哈哈] @西安市旅游局 @陕西旅游 @西安博物院教育推广部","train","47532","weibo-47532"
"weibo-19431","1","[鼓掌][鼓掌][鼓掌] 喝点儿小酒，唱会儿小曲儿，放个小电[做鬼脸]...//@魏来Lwei:没酒了快倒上 // @雍小豆 : @黄小蕾 @黄小蕾官方后援会 @蕾女心经 @倪娜娜 @魏来Lwei @邵丹denise @刘洪涛JEFF @倔脾气小姐","train","19431","weibo-19431"
"weibo-53612","1","[爱你][爱你]//@马金辉V:转呈@皇嘉冷艺","train","53612","weibo-53612"
"weibo-53767","1","食物的魅力真是无恐不入呀！我今天在某工地，先见到狗，然后碰上猪，觉得再找寻下去会不会集合十二生肖呢？[偷笑][嘻嘻][哈哈][哈哈]","train","53767","weibo-53767"
"weibo-7105","1","回复@芦一洲:你忘了感谢@方龄 MM[嘻嘻][哈哈] //@芦一洲:感谢CCTV，感谢MTV，感谢NBA，感谢WCBA，感谢赵薇，许巍，丁俊晖和敌敌畏。。。。。我们是――神经四侠！哈！","train","7105","weibo-7105"
"weibo-42800","1","//@游遍天下Travel: 梦一样的查理大桥。各位各位，《游遍天下》4月期捷克专题制作中，敬请期待！[鼓掌]//@刘志峰在sz:[good]","train","42800","weibo-42800"
"weibo-51274","1","猜对有奖拿！[嘻嘻]","train","51274","weibo-51274"
"weibo-35234","1","好萌，留着将来用。 //@牛轰轰LZZ:刚看到一个女生@ 了一个男生说，哥们，我想用这个头像实在找不到人，那你陪我一起换吧！>3<，真心觉得好聪明，赞一个[鼓掌]","train","35234","weibo-35234"
"weibo-59720","1","[哈哈]//@大白臭鸡蛋: 看来你恨的人不少啊，哈哈哈哈//@cv无忧:够狠[威武]","train","59720","weibo-59720"
"weibo-13586","1","[哈哈]看起来天气不错，天空好蓝","train","13586","weibo-13586"
"weibo-12806","1","[鼓掌]//@俞晓群: 回复@TuttoPeperino:孔网上秒杀已经结束了吧？ //@TuttoPeperino: 请问黄裳先生《故人书简》毛边本，从何处可购买？","train","12806","weibo-12806"
"weibo-6812","1","这算剧透吗？[哈哈]辛苦美女啦！[握手]下次请你吃熟的。[偷笑]","train","6812","weibo-6812"
"weibo-33300","1","回复@岳培业:岳兄好！好久不见。 //@岳培业:[赞] //@天道酬勤_冀:回复@岳川博微博:岳博士在绕口令？[哈哈] //@岳川博微博:有点酷，有点醋，有点土豪，有点小资，有点小自满，还有一点点小羞涩。有点坏，又不太坏，小资中的土豪，土豪中的小资。","train","33300","weibo-33300"
"weibo-50557","1","好 //@陈朝华:佩服! //@潘采夫:西门庆就五个老婆嘛，他能搞定，我搞不定？ //@张司飞:言之有理，只是佩服你的精力，哈哈[哈哈]","train","50557","weibo-50557"
"weibo-973","1","如果是747,787之类的就得两个耳机绑一起了。。。。[哈哈]","train","973","weibo-973"
"weibo-54184","1","收到刘鑫同学的礼物，灰常喜欢[太开心]，谢谢","train","54184","weibo-54184"
"weibo-31184","1","[可爱]过年做个慕斯蛋糕，或者慕斯杯，可以给年夜饭增加点乐趣哟！也会遭到一众亲友的表扬哒！","train","31184","weibo-31184"
"weibo-35192","1","[爱你]//@我们都有爱猫情结:好好好有爱哦","train","35192","weibo-35192"
"weibo-12929","1","回复@Daniel风的来世:是呀，所以找真正滴好馆子[嘻嘻] //@Daniel风的来世:回复@胃怀天下:清蒸的少，吃个鲜，不新鲜的容易吃出来[挖鼻屎]","train","12929","weibo-12929"
"weibo-35943","1","[鼓掌] //@汤大爷活的像大爷:帅到爆！[酷]","train","35943","weibo-35943"
"weibo-15973","1","这个建议好//@摄影师张康: 不中大奖被你圈的人也得请吃饭[嘻嘻]//@玲珑水精心: 10人大餐，嗯，这个还是比较有诱惑力的！大奖非我莫属！@shinning423 @黑蝶VS林岚 @花花镜界 @PHEI像风一样 @彬小沫 @水水_Carina @摄影师张康 @烟盒打火机 @yaolyy @五瞳 哥几个，好久没聚了是吧？来呀！[笑哈哈][花心]","train","15973","weibo-15973"
"weibo-12620","1","点赞:统战工作六十年，一朝败在美剧前[嘻嘻]//@沈?涵:哈哈哈哈哈。。最后一句点赞！！！统战部要给字幕组发点饷银啊！！- -话说也没有看引进版日漫啊。就是天生对繁体看得懂。 //@殆知阁: //@春水无觞: 因果循环流转。","train","12620","weibo-12620"
"weibo-29650","1","兄弟，也给我留个[哈哈]//@莫斯科游子的丽江:兄弟，赶紧给我邀请码！//@XMAN_宗介:@式舞岚菲@诗意栖居旅行者@蘑菇张-NKU@户外农夫大叔@朱CC的微博@洛宁县杨哥@巩义岳真歌@蓝海帆影@Miss雅蜜@郁金香-黑钻@????@长蛀牙的大叔@背包客小飞","train","29650","weibo-29650"
"weibo-53084","1","快来看呀，我们又来了！[哈哈] //@相声王威:同志们继续瞅起[电影]","train","53084","weibo-53084"
"weibo-26647","1","[鼓掌]感谢您选择@三亚海棠湾9号 欢迎您的下次入住，明年您家人来了记得@ 小编，到时候给你们拍个全家福[照相机]","train","26647","weibo-26647"
"weibo-13179","1","[嘻嘻]听泉小苑，洞天福地！ //@丐帮执行官:楼主和张总是一人儿吗[哈哈] //@窝窝头的围脖:太羡慕您那小苑了！听涛观古品茶闲聊，好不惬意吖！[哈哈][哈哈] @船长魏盟 @丐帮执行官","train","13179","weibo-13179"
"weibo-42481","1","来咱家吃顿涮肉，这五月病保管就好了，不信您来试试[哈哈]","train","42481","weibo-42481"
"weibo-43395","1","貌似你生日也快了呀，这次不能凑一桌请客了~我是过农历的，今年比你早[嘻嘻]//@小广猴: 生日快乐呀，屈屈~//@十年踪迹: @屈光宇 生日祝福是要滴，请客吃饭也是要滴~","train","43395","weibo-43395"
"weibo-34158","1","哈哈好评价[嘻嘻][嘻嘻] //@去哪吃:一面之交，永远难忘~~[嘻嘻]","train","34158","weibo-34158"
"weibo-49910","1","非此球不踢[鼓掌]","train","49910","weibo-49910"
"weibo-22481","1","再买一套就好了[哈哈]//@蒋夫人贝贝妈: 买了房，希望房价继续升，没买房，希望房价降降降，可悲的是我是前者???这个悔啊??","train","22481","weibo-22481"
"weibo-49723","1","谢谢，态度效率速度都太[给力][威武][赞]@张先锋 //@新浪武汉汽车:[笑哈哈]感谢支持哦，光棍节快乐！，祝大家年年有今日[哈哈]","train","49723","weibo-49723"
"weibo-8612","1","慢游好时光[鼓掌]","train","8612","weibo-8612"
"weibo-26121","1","今天@三摩地素食 有宝石下午茶哦！[鼓掌][鼓掌][鼓掌] //@时尚旅游沙咪咪:回复@时尚旅游杂志:长知识哦！宝石下午茶哦！","train","26121","weibo-26121"
"weibo-14703","1","//@FHM占春苗: [可爱] //@?古酒?色:一瓶饮料钱就能让孩子们多一份午餐！感谢兄弟姐妹帮转！不能一一 @了[爱你]@我是米王2012 @asano_chow @LISA-Love-Is-Same-All @Anono1020 @大蟒蛇 @FHM占春苗 @Jessica继续爱 @LISA-Love-Is-Same-All @徐舒涵","train","14703","weibo-14703"
"weibo-56113","1","1，证明春天来了[微风] 2，花盆好大[哈哈]","train","56113","weibo-56113"
"weibo-39324","1","#2013年吴中集团新春团拜会# 环秀厅已布置完毕，新春的气息，新年的味儿，置身会场仿佛能感受到团拜会的各种欢乐。。[太开心] 我在:http://t.cn/zYAxiDB","train","39324","weibo-39324"
"weibo-7103","1","巨复杂的拼插机器怪兽，梦梦昨晚的成果。[哈哈][爱你]","train","7103","weibo-7103"
"weibo-11529","1","刚拿到一新本儿，谁没有谁去考吧[哈哈][哈哈]","train","11529","weibo-11529"
"weibo-43289","1","肯定不是我[哈哈] //@小??蘑菇:不点名，自己对号入座。。。[哈哈]","train","43289","weibo-43289"
"weibo-54278","1","多谢刚好让我进入十强，是鞭策也是鼓励，我会继续努力的！[嘻嘻] //@娄阁阁:[呵呵][呵呵][呵呵][害羞][害羞][害羞]","train","54278","weibo-54278"
"weibo-1340","1","我们喜欢好声音，不喜欢二货！[哈哈] //@旧书楼中听惊雷:无关乎情节，只在于声音。2货是不懂的。 //@天外游荡的风: 好个狗官，为了这个好声音俺周末MaJiang也懒得成局，难不成被“尊驾”搅局？你喜欢的多是我等恶俗的，我喜欢的多是尔等恶评的，大人歇了个去！！","train","1340","weibo-1340"
"weibo-22741","1","缓过来鸟[太开心][太开心][太开心]","train","22741","weibo-22741"
"weibo-16337","1","[哈哈]//@徐幸起:[哈哈] //@叶子in吉吉:[哈哈] //@傅志彬:[哈哈]//@姚远之声:死都不忘删帖，真敬业！[哈哈]","train","16337","weibo-16337"
"weibo-11223","1","[哈哈]没完没了了","train","11223","weibo-11223"
"weibo-25657","1","回复@阿保_xdb:一起吧 都是博友 //@阿保_xdb:各种人才聚会啊~ //@郭月晨:没问题 准时参加 哈哈 @戴政 有时间吗？@丰石圆-谷峰 @丰石圆-谷海明 //@陈聪1: ok! //@大匠之门李笑天: 定了。30日下午5点来我画院[嘻嘻][嘻嘻] //@陈聪1:笑兄所言极是，定了吗？@郭月晨","train","25657","weibo-25657"
"weibo-18219","1","//@触碰心灵的台词:DIY薯条，动手学起来。[鼓掌]","train","18219","weibo-18219"
"weibo-13238","1","//@麦田捕手:看来我们还在深抓中，再过一年多就爆发增长啦[嘻嘻]","train","13238","weibo-13238"
"weibo-56752","1","只听过雪花、哈尔滨、青岛??[哈哈]＃支持国货＃","train","56752","weibo-56752"
"weibo-21760","1","妹妹@演员孙晓爽 终于找到能配你送我大雪花的挂绳啦！[哈哈]","train","21760","weibo-21760"
"weibo-26298","1","哈哈哈，中间穿插着我们唠叨、显摆、尖酸刻薄的段子/@李开复:[哈哈]","train","26298","weibo-26298"
"weibo-57635","1","回复@餐饮业那些事:[嘻嘻] //@餐饮业那些事:这六个字单独拉出来，很牛！[偷笑] //@刘志勇hunt:神不在，俗就来。","train","57635","weibo-57635"
"weibo-11759","1","回复@canmi幽幽:一定的！风景好，其实什么相机都能拍到好照片的，一定与大家分享！[心] //@canmi幽幽:香香姐.你又去冒险了，那个，平安归来讲故事哈[爱你] //@唐香香的香: //@唐香香的香:若真有缘份见到雪豹可牛大了！[做鬼脸]","train","11759","weibo-11759"
"weibo-1333","1","直接上推子……[嘻嘻]","train","1333","weibo-1333"
"weibo-18579","1","左老板出新歌啦！？[哈哈]","train","18579","weibo-18579"
"weibo-14575","1","大家一起试试呗[可爱]，小编试过了，觉得挺准滴~~~","train","14575","weibo-14575"
"weibo-29195","1","你们总忘了@郝燕在北京 她是首届 策划、组织、联络兼主办//@蓝米子:可以开始倒计时了 //@中国之翼扣子: 坚持到相聚哈[嘻嘻]//@蓝米子: 那岂不是剩下啥就是啥趴了 //@VIVA王洁明:先把世界末日给过了。然后就是咱们的摩羯大派对。","train","29195","weibo-29195"
"weibo-54670","1","//@长物居陶瓷文化发展有限公司:绘制 时真心 需要好定力和好眼神呢[赞]~//@茹毛饮茶:真的漂亮//@长物居陶瓷文化发展有限公司:谢谢！~[嘻嘻]//@力儿的妈2010:[给力]","train","54670","weibo-54670"
"weibo-7394","1","新菜推出 等待食客们的品尝[嘻嘻] 我在:http://t.cn/zYHvZXs","train","7394","weibo-7394"
"weibo-57387","1","接下来，就是玩转歌诗达邮轮。品尝地道的意大利美食，走遍船上的每一个角落，览尽海上风光和岸上风景[嘻嘻]","train","57387","weibo-57387"
"weibo-30670","1","皆さん、おはようございます[可爱] 今天名古屋多云，比起周末凉爽了许多[阴天] 图片是名古屋车站的nana酱，配合普希金美术馆展览而变得很艺术哦~[din厉害] 今天也一起加油吧[鼓掌]","train","30670","weibo-30670"
"weibo-12552","1","回复@查无此人real:多提宝贵意见 //@查无此人real:老板啊…………[嘻嘻]","train","12552","weibo-12552"
"weibo-10961","1","好可爱[爱你]@二块恶魔布 @韩小编hff @猫熊刘小盼二世 //@浙少社王宜清:有猫必转～～[lm爱爱爱]//@猫粮的动画馆: 转发微博","train","10961","weibo-10961"
"weibo-17855","1","第五张：酒店房间另一角[嘻嘻]","train","17855","weibo-17855"
"weibo-54085","1","六十年後仍可?同一?pose ,同一?笑容[可爱]?得?得。漫?婚姻最可怕之?就是互相?倦[汗][睡觉][泪]/@Crystal柳??:??微博","train","54085","weibo-54085"
"weibo-38224","1","我得先减个20斤 //@正能量工坊: @张玉贞 @马小翠 @二狗 @柏莲美学生活馆 欢迎提问喔！[嘻嘻][哈哈][爱你] //@正能量工坊:与Iceman兵兵老师在微博上对话，共同探讨健身方式，关注你我最最重要的健康！","train","38224","weibo-38224"
"weibo-47734","1","赞，简单！[鼓掌]","train","47734","weibo-47734"
"weibo-25597","1","[爱你] //@但丁漫画:我有一个很棒的妈妈， 我爱她，[心]","train","25597","weibo-25597"
"weibo-31226","1","[嘻嘻] //@许彬-人像摄影企划://@黑蝶VS林岚: [赞]","train","31226","weibo-31226"
"weibo-39531","1","[哈哈][哈哈][哈哈] //@作家熊聪颖: 给跪了……这舞?爆了啊～！[花心] [阴险]成年人请速度关注~ [花心] 你懂得！","train","39531","weibo-39531"
"weibo-35638","1","姐们儿有前途//@孙大新: 本山累倒了，这位大姐也倒下了！[哈哈]","train","35638","weibo-35638"
"weibo-57994","1","NOBU的最新甜品一定要来尝尝~~~~今天吃的还开心嘛~~~六一快乐~~~[哈哈]","train","57994","weibo-57994"
"weibo-22434","1","回复 @记?罐头:不能！我没你坏！哈哈哈 //@记?罐头:[嘻嘻]一路风雨，电闪雷劈","train","22434","weibo-22434"
"weibo-9075","1","[可爱] 图拍得真好！还配合了介绍手册上的海报！","train","9075","weibo-9075"
"weibo-12617","1","出门了，老妈把俺装扮成一只金龟子[偷笑]＂我头上有触角、我身上有圆点...我是一只小青龙...哦，不对，我是一只小花龙[嘻嘻]＂","train","12617","weibo-12617"
"weibo-9256","1","回复@张谦:哈哈，这是必须的!只要兄弟有兴趣一定给留一席位! //@张谦:你们第二轮的时候邀请我吗？[哈哈][威武]@潘云龙kenny","train","9256","weibo-9256"
"weibo-6498","1","回复@Fiona_小姐: 嗯，还好有你们大家。抱抱。谢谢。[亲亲]//@Fiona_小姐:回复 @rubyxuyan_杭州洲际:没办法，这是工作，你要想，幸好是别人的错，别想了，气坏自己不值得～","train","6498","weibo-6498"
"weibo-1646","1","必须是活埋 //@进城小农民: @周瑭 //@王东Money:[哈哈] //@仁达方略王吉鹏:[哈哈]","train","1646","weibo-1646"
"weibo-8476","1","//@资深小医生: [哈哈][哈哈][哈哈] //@随便也随便: 牛屎味？","train","8476","weibo-8476"
"weibo-15390","1","今年过年不收礼，收礼只收大草莓[鼓掌] //那年那月nina:爱旅行，爱电影，爱 @百度旅游 更爱 @芝心园 的大草莓！转发十次得芝心园大草莓！草莓酱！@黑摄会被抢注 @kandiduan1218 @Vivian靓雅雅 @翟猫猫 @XMAN_宗介 @小禹rain850824 @蕾蒂麻麻","train","15390","weibo-15390"
"weibo-46089","1","#可可百天照#这套自带的，多次在家出镜过，还自然点哈，脚丫子是亮点，我们特灵活[哈哈]@幸福加肥猫","train","46089","weibo-46089"
"weibo-39214","1","回复@rbc一鸣:是@逆风飞行-喵 他们，你们可以假装偶遇[哈哈] //@rbc一鸣:[偷笑]强啊！老板刚还跟我说你们的人在楼上，我以为是你～","train","39214","weibo-39214"
"weibo-1606","1","#中青旅员工风采大赛# 兄弟你老霸道了[嘻嘻]","train","1606","weibo-1606"
"weibo-44389","1","回复@子书甘之:漫客还没有连载呢吧，7号才市面上出现。 //@子书甘之:又是手阅……我承认我在看的漫客上一次性连载两话黄金的时候崩溃的心情！//@风儿风炫 //@风儿风炫:[爱你]","train","44389","weibo-44389"
"weibo-33531","1","[嘻嘻]亲，谢谢您哟，欢迎您再次入住！","train","33531","weibo-33531"
"weibo-33130","1","我知道你那晚干了什么，我知道的！哈哈。[哈哈]//@超级疯狂: [嘻嘻]自己的书，要支持~","train","33130","weibo-33130"
"weibo-23833","1","哈哈，您太抬举我们了，接不住啊。//@Fairy乔: 离开盛大才知道盛大的CRM有多牛逼~~~[嘻嘻]特别是VIP，哈哈哈！","train","23833","weibo-23833"
"weibo-21352","1","[哈哈]有些个像幽灵//@韩志HZ:黑灯瞎火的万一不小心撞上了咋办？赶脚像幽灵粉丝?[嘻嘻]","train","21352","weibo-21352"
"weibo-6479","1","//@王路璐Lulu: ＂嘛玩意儿，一斤多？二斤还高高的呢！＂木哈哈。。。[哈哈] @陈超Allen //@刘春:二他妈，快拿大个儿腰盆出来，好家伙嘛，介你妈发了，捞这么多鱼！ //@王跃文:可以开开心嘛。//@TV哇哇: 能不搞笑吗？我喜欢天津人。[哈哈]","train","6479","weibo-6479"
"weibo-28906","1","[亲亲][亲亲][亲亲]求真爱，牛仔们看过来！~ 走起>>>http://t.cn/zRSayCF [来][来][来]","train","28906","weibo-28906"
"weibo-40361","1","我是靠直觉，是不是离成功不远了啊？[哈哈]","train","40361","weibo-40361"
"weibo-37959","1","我们又来了[嘻嘻]@小尤爸爸","train","37959","weibo-37959"
"weibo-32043","1","回复@小鹭鹭524:[给力]好啊！ 报名登记一下！ //@小鹭鹭524:买私房茶送冬笋的活动可以搞！[哈哈]","train","32043","weibo-32043"
"weibo-374","1","是吗？有创意[哈哈]//@吴家小瑕:?覆了空姐的形象啊","validation","374","weibo-374"
"weibo-50416","1","丢了100，就赶快去挣回200；被骂了，就赶快去骂两个人；发火了，就赶快去惹两个人也发火；失恋了，就赶快去让两个人失恋。[哈哈]赚大发了！","validation","50416","weibo-50416"
"weibo-29080","1","回复@呼人湖边土豆花:公司所在地//@呼人湖边土豆花:您常驻天通苑了？[嘻嘻]","validation","29080","weibo-29080"
"weibo-43949","1","哈哈！很开心喜欢我们家的三样菜哦！我猜5位吧！[嘻嘻]节日快乐哦！","validation","43949","weibo-43949"
"weibo-254","1","[哈哈]说人话","validation","254","weibo-254"
"weibo-24548","1","湖畔的自然风景~美~，和谐的人文场景~美~，风景+人情~更美~ [嘻嘻] 多谢@兰泊然 分享，期待下次有养眼的照片哦 [害羞]","validation","24548","weibo-24548"
"weibo-7219","1","赵薇的专访中有句话很喜欢：青春一个重要的标志是焦虑感：怕自己终究成为一个平庸的毫无声息的人，就像一粒石头丢进大海。这种焦虑一直跟着我，让我不断往前走~ 谢谢静姐，jplus今晚就用[可爱]//@李静: 为了我的静佳jplus支持@嘉人，为了@赵薇，支持嘉人[嘻嘻]","validation","7219","weibo-7219"
"weibo-7909","1","嗯，再值钱也值不过毛主席120年。[哈哈]","validation","7909","weibo-7909"
"weibo-49772","1","现在开始喝“益生甜蜜蜜”了[嘻嘻][嘻嘻]@金继辉-百分之一咖啡","validation","49772","weibo-49772"
"weibo-48534","1","儿女浓情梦，文字味不同。//@孟波: 高人在民间//@新东方王江涛:半部中国文学史啊！[哈哈] //@T跑步:高人在民间，收藏，推荐","validation","48534","weibo-48534"
"weibo-23147","1","季总真的是专注云计算，祝ucloud好运//@benjurry:做个广告[嘻嘻]，感谢团队热线","validation","23147","weibo-23147"
"weibo-13285","1","[可爱]嗯呐，[心]新年快乐！[干杯][礼物]","validation","13285","weibo-13285"
"weibo-51710","1","yoyo的真爱说出来的话就是不一样。//@圣香:[爱你]我爱秋天，它就像慈祥老人，温暖了人心。浅笑美，贵州更美。","validation","51710","weibo-51710"
"weibo-43032","1","亲们奉献手指不？ 我来试试[嘻嘻]//@陈涛carlos: [哈哈]可以试试，好玩@安妮宝贝佳丽 @艾子Gio @客家ROCK陈善宝 @吴铭rose","validation","43032","weibo-43032"
"weibo-7024","1","[哈哈][哈哈][哈哈]//@天使投资人叶飞:转发微博","validation","7024","weibo-7024"
"weibo-59127","1","[爱你]么么亲爱的@随意挽青丝1 还有亲爱滴丝丝妈妈~这么多的私家粽子~哇哈哈~虽然晚上吃了很多还是忍不住去消灭了一个~好吃哦~[馋嘴]","validation","59127","weibo-59127"
"weibo-58475","1","早就发现的说~我以为你知道呢！！那次我俩在原店吃的时候听到老板说在广院西门盘下个门面的事情了[嘻嘻]","validation","58475","weibo-58475"
"weibo-4859","1","哈哈... //@MR乐乐就是我:哈哈哈，过了七点半就好了 // @活??人吉卜力 :新闻联播最牛B的地方在于无论你怎么换台都能看完一条新闻// @山?城市之音洪妞 ：[哈哈]// @叶色聊人 :我家的电视机也坏了[哈哈]","validation","4859","weibo-4859"
"weibo-11665","1","那我就放心了[爱你]","validation","11665","weibo-11665"
"weibo-47622","1","差点喷了[哈哈][哈哈] //@vivianidiot:逗s我老 // @暗影猫 : 孙贼，，，你咋不说我开房忘记带姑娘了。","validation","47622","weibo-47622"
"weibo-58577","1","每天绣一点，青木和子的野玫瑰终于完成啦[哈哈]28CT的亚麻布眼儿太小了，眼睛吃不消呀，洗好了先晾起来[兔子]","validation","58577","weibo-58577"
"weibo-30811","1","回去试试[哈哈] //@梁山Leave:最终方案：使用 Gmail+ubuntu webapp，可以获得客户端般体验//@梁山Leave:前提是使用thunderbird客户端。自动转发到gmail，然后网页打开gmail，手动添加至google日历肯定是可行的。","validation","30811","weibo-30811"
"weibo-15025","1","初冬的水长城，@大嘴巴的微笑 7.21我俩经历了房山十渡的大雨，10.21又一起经历从青岛回京路上的大雨大雾，11.11在长城上一起经历大风，拉着你的胳膊走过风最大的那段路，还时不时的蹲下避过大风，估计下次是大雪了吧。。只要不是地震就好~[可爱] 长城风景相册：http://t.cn/zjzIp70","validation","15025","weibo-15025"
"weibo-32691","1","我在这里:#浦东新区#[鼓掌] http://t.cn/zOSmNlA","validation","32691","weibo-32691"
"weibo-27578","1","欢迎巴萨俱乐部，今年我们将与巴萨有更多合作！ //@苏宁:苏宁很荣幸去过巴萨主场，欢迎巴萨来到中国主场[鼓掌]//@苏宁易购: [嘻嘻]已粉，早上给大伙说你要来，他们不信。这个世界上没有不可能。","validation","27578","weibo-27578"
"weibo-23010","1","缤纷的颜色，梦幻的感觉！支持俺们滴策划师和场布师[鼓掌]//@花嫁坊小庆:谢谢朋友们的支持哦，呵呵.....为当天的主角送上无限的祝福 @花嫁坊孙娟 \@花嫁坊孙建峰 @牛奶飞 @China_刘婧 @花嫁坊安华","validation","23010","weibo-23010"
"weibo-32132","1","吃口自制呛锅面 一日同天三湘见[哈哈] http://t.cn/zQLuUgo","validation","32132","weibo-32132"
"weibo-31151","1","[笑哈哈][笑哈哈]一次去坐公交车，车上好多人的说，看见一个空位就坐下了。过了一会上来一个老太太，果断的还没等她走近我起身让座。gc来了，老太太突然蹦出一句：你是好人，你会上天堂的。我当场汗颜，一车人看着我[哈哈]","validation","31151","weibo-31151"
"weibo-18741","1","[哈哈][哈哈][哈哈][哈哈][哈哈] //@微博搞笑排行榜:厉害[?][哈哈]","validation","18741","weibo-18741"
"weibo-17084","1","雷声直接打击这份＂罪恶＂[哈哈]","validation","17084","weibo-17084"
"weibo-57292","1","绽放的好[嘻嘻] //@莪狠想乖A:我那个我就厚脸皮了一下，叫双莓绽放","validation","57292","weibo-57292"
"weibo-55695","1","当时偶在最前边[嘻嘻]","validation","55695","weibo-55695"
"weibo-22978","1","open //@颜?: 在某企鹅上线的这天，发这条微博一定别有一番意义[哈哈]更加open，有容乃大啊！[赞]","validation","22978","weibo-22978"
"weibo-12576","1","下次要把我的荧光色上衣拍出来哈哈，求筛子求筛子~内部价~ //@Calcifer-松鼠:哈哈昨天开心死了求占星骰子哈哈占星还是卜卦好玩[爱你] //@火星-燃犀馆馆主:@路小雨-Leah @Calcifer-松鼠 @徐晓媛Monica@燃犀心灵成长馆","validation","12576","weibo-12576"
"weibo-39005","1","涨姿势帖[哈哈][哈哈]","validation","39005","weibo-39005"
"weibo-19188","1","上周末逛了爱琴海的@单向街图书馆 ，欣喜得发现大多数供读者翻阅的书籍都包上了透明的书皮，好有爱~另外给黑板报上的好字好诗点赞~[爱你]","validation","19188","weibo-19188"
"weibo-11814","1","[哈哈]最美丽的意外","validation","11814","weibo-11814"
"weibo-59290","1","#沃阁分享#在恋馆VIP总统套房小泳池里，菇凉笑的阳光灿烂，小梨涡若隐若现的模样煞是可人呐[抱抱]~~稍作小憩，来首拿手好歌，一展歌喉，美妙的童音在恋馆VIP总统套房里不断回响~@沃阁的绅和","validation","59290","weibo-59290"
"weibo-32214","1","总觉得赖斯这个老女人有点儿“自我感觉良好”……我觉得不做“恶梦”就很给面子了。[嘻嘻]","validation","32214","weibo-32214"
"weibo-53760","1","回复@刘芯菲Eva:正在家等饭吃，就不来了，今晚上菜好，哈哈…… //@刘芯菲Eva:来么辣妈[嘻嘻]","validation","53760","weibo-53760"
"weibo-2326","1","2014年2月4号，晨，8：00点钟正，立春[嘻嘻]大马头[偷笑]我们的小公主@?氏?? 总算出生了[愉快]母女平安@??兔拉拉 [爱你]七斤。","validation","2326","weibo-2326"
"weibo-32327","1","领导们在拍偶像剧 //@麻麾April: 恶心！ //@大军阀秦晨:[哈哈]其实我们都是喜剧演员 //@陈耀文_斯基:拍宣传片呢吧？ //@静心-Zooey: //@南风窗陈中: 体制病环境下的官场异化。戏份加到""穿帮""。","validation","32327","weibo-32327"
"weibo-8437","1","[哈哈]@MUMU手作烘焙 咋样，心痒不？","validation","8437","weibo-8437"
"weibo-42093","1","@太受欢迎有人抢了宝贝 谢谢谢谢，收到了。假期快乐[太开心]","validation","42093","weibo-42093"
"weibo-45796","1","这个段子一定是男胖子写滴！[哈哈]","validation","45796","weibo-45796"
"weibo-34312","1","我家排第二，好久没回去了，不是一般的想念[鼓掌]","validation","34312","weibo-34312"
"weibo-7630","1","mark //@相机猫咪_OnTheRoad:mark！//@XlSheen: [鼓掌]","validation","7630","weibo-7630"
"weibo-3439","1","恭喜哥们儿发片！专辑大卖哟~[?花]//@杜侑澎: 谢谢兔拉拉~[得意地笑]//@郭志凯: 明日正式上线！[偷笑] //@兔拉拉810:力挺哥们儿哇！正听着呐，好听呢~声音好美滴~[偷?]//@杜侑澎: [嘻嘻]","validation","3439","weibo-3439"
"weibo-45076","1","转发 [哈哈] @AviviSH @二毛好青年 @李枫Maple @毛人当道 @紫羽毛-王漪莹","validation","45076","weibo-45076"
"weibo-16658","1","一个真正的好包包，就像好男人一样，要简单稳重，才能长久地陪着你。下面这些包包的共同点就是方方正正规规矩矩清清白白，经典的黑白色，简洁的设计，没有任何花哨的装饰，你才能背到天荒地老。[爱你]【私享穿衣顾问微信：FashionTalent33 】","validation","16658","weibo-16658"
"weibo-19603","1","回复@苏大美:这张照片你什么时候照的？ //@苏大美:[哈哈][哈哈][哈哈][哈哈][哈哈]我操，我笑死了行吗！！！","validation","19603","weibo-19603"
"weibo-54746","1","当英国代表团从英国女王面前经过时，女王不仅看都没看英国代表团一眼，还低着头在玩手指！[偷笑][哈哈]","validation","54746","weibo-54746"
"weibo-51693","1","@贾先兵 他们真的好厉害……每周都有新片上映！[嘻嘻]","validation","51693","weibo-51693"
"weibo-43186","1","回复@划痕lee:[哈哈][哈哈]下次抢座哈！@静静1125 @??小屋 //@划痕lee:那必须是刚进包间门，正对的上菜口，啊哈哈，一般人我不告诉他[馋嘴] //@私家车美食导航:#美食品鉴团#透露一下有利地形应该是坐在什么位置呗？哈哈～广电后身联合路上的码头渔歌～","validation","43186","weibo-43186"
"weibo-22334","1","阿。。。?。。。太喜剧了。。。哈哈[哈哈]","validation","22334","weibo-22334"
"weibo-36428","1","真好看！好一个""勇敢撞衫，各展风采""[可爱][花心]","validation","36428","weibo-36428"
"weibo-31275","1","我们一早10点过就去咯，没人的哈！草莓也多也大[嘻嘻]","validation","31275","weibo-31275"
"weibo-10744","1","[爱你]真乖！//@暗夜宝儿J: 就知道欺负我们小金。。。","validation","10744","weibo-10744"
"weibo-26215","1","遗憾咯[可爱]我破不了你的记录啦，再半个小时。。。希望完美收工[握手] //@可乐摇泡泡:前天我从晚上9点做到了凌晨2点半????","validation","26215","weibo-26215"
"weibo-31193","1","捶地！！！[哈哈][哈哈][哈哈]→ →//@普加乔夫的板砖: 是在QQ群里发的，而且转发3个群就能拿5个Q币，等级直接升到2和太阳。 //@余则伊藤诚-红色斯图卡:可不是你第一个知道的吗，因为这历史就他妈的是你发明的[挖鼻屎]","validation","31193","weibo-31193"
"weibo-39620","1","方舟子天天抨击这个人的英语，嘲笑那个人的英语，那他自己的英语怎么样呢？我们来看看方怂大师的恐怖英语，我和我的小伙伴都惊呆了。[哈哈][哈哈][哈哈] http://t.cn/zQVeN3K","validation","39620","weibo-39620"
"weibo-53598","1","哈哈~[哈哈][哈哈]沙发~","validation","53598","weibo-53598"
"weibo-46154","1","#敢吃网圣诞节围裙大趴#围裙大趴正式开始喽！@盛博 @熊丽电台 两位首先挑大梁，大家piapia的鼓掌[鼓掌]围裙大趴开始喽！[haha]","validation","46154","weibo-46154"
"weibo-43665","1","//@北京天伦国际酒店管理有限公司: [鼓掌]//@三亚环球城大酒店官方: 实地考察而写出的攻略往往是最真实的！强烈期待中[鼓掌]","validation","43665","weibo-43665"
"weibo-12260","1","[嘻嘻]谢谢！","validation","12260","weibo-12260"
"weibo-39763","1","@美食地主 指导一下呗传统醋溜苜蓿[嘻嘻][嘻嘻]","validation","39763","weibo-39763"
"weibo-8073","1","为什么我玩了这么久还是没钱？？谁有秘诀啊[思考]交流下[鼓掌][挖鼻屎]","validation","8073","weibo-8073"
"weibo-6859","1","我?一起去如何 如何 //@Y鱼鱼吖: 好想好想好想…超级想去的[爱你]","validation","6859","weibo-6859"
"weibo-54019","1","下雪了，也该接闺女了，一天没出门我。[嘻嘻]","validation","54019","weibo-54019"
"weibo-45751","1","[嘻嘻]前面很爱科学，最后内涵亮了","validation","45751","weibo-45751"
"weibo-29275","1","恭喜毕业！继续加油！[鼓掌]","validation","29275","weibo-29275"
"weibo-58501","1","可以打开[哈哈] //@流浪的猫猫9: 这个网址你们打不开吗？好多朋友说打不开，奇怪啊，我自己可以打开的呢！：http://t.cn/zWEGhEX","validation","58501","weibo-58501"
"weibo-37397","1","童年的回忆！[鼓掌]大拇指哥哥和两位“金龟子”姐姐邀你周六一起来玩[哈哈]","validation","37397","weibo-37397"
"weibo-14266","1","我家小清新。。。[鼓掌] //@王皓Ryan:呀，这是啥时候的照片呀","validation","14266","weibo-14266"
"weibo-53128","1","[嘻嘻]多谢，多谢，惊喜万分！感激不尽那！[亲亲]这样才算真的爱过！","validation","53128","weibo-53128"
"weibo-47729","1","[鼓掌]早阿，清晨","validation","47729","weibo-47729"
"weibo-7719","1","感谢冬冬姐友情出演！ //@小Q冬冬:确定大家都是女人[哈哈][哈哈] //@嘻哈当家主持小宝:@小Q冬冬 @嘻哈包袱铺叶薇 @嘻哈包袱铺回凤超","validation","7719","weibo-7719"
"weibo-45412","1","[good]//@沐娟娟Amy: 恭喜！[鼓掌]@黄浩俊Howard:#日本料理有奖转发#开奖啦!恭喜幸运粉丝@ABoldAttemptIsHalfSuccess @菲羽若寒 @焦糖玛奇朵布丁 @切割了的记忆 @月亮是太阳做梦 获得价值128元的“致青春 小食代”日本料理套餐抵用券2张。感谢所有参与本次活动的粉丝，谢谢大家的踊跃参与和支持！","validation","45412","weibo-45412"
"weibo-49120","1","【欣生活。晒奖品】啦啦啦。。。收到@自然之宝 送的左旋肉碱了，谢谢啦～[可爱]大家要不要试吃一下，一起减肥，一起美美的呀。。[爱你]效果好呢，大家再一起组团购买。。[哈哈]我们要做瘦瘦的健康的美美的快乐小孩。。[兔子]","validation","49120","weibo-49120"
"weibo-42550","1","非常惬意啊！小海龟明天给您换一个，抱歉！您的房号？！[可爱][兔子]","validation","42550","weibo-42550"
"weibo-56030","1","必须赞！[爱你][爱你]","validation","56030","weibo-56030"
"weibo-56355","1","在雪地里走走感觉真不错，神清气爽，有点儿弥补了昨晚熬夜的副作用了！那谁，告诉我的小半站地，我的天，还真是不小啊。[嘻嘻]","validation","56355","weibo-56355"
"weibo-2294","1","瓦晴，到时瓦给你介绍白衣天使彦砚姐，想你们哈[爱你]//@只因有你_lx: 不想你[偷笑]不过咱们可以聚一下，哈哈，想你们[爱你]@爱小鬼的小怪 @小小女人大大梦想 话说可以的话咱们是第一次见面吧，彦砚姐@彦砚2011","validation","2294","weibo-2294"
"weibo-17039","1","感谢您对我们的肯定，及评论中提及的中肯意见。作为成立20余年的酒店，我们希望用+1的服务，带给客人多一份的香格里拉体验。[可爱] 下次来深圳，欢迎再来坐坐。","validation","17039","weibo-17039"
"weibo-40525","1","君子报仇千年不晚~~//@楚天张凡: 真的吗[哈哈][哈哈][哈哈]","validation","40525","weibo-40525"
"weibo-32407","1","老妈子要求，要多一层[哈哈][哈哈]三层的，你们见过没有？","validation","32407","weibo-32407"
"weibo-12574","1","[鼓掌] //@胡立峰:基金研究中心周报系列，一周一报告，情况早知道。 //@银河证券基金研究中心:全市场基金业绩周报《市场放量反弹，股基表现良好》。详细报告已上传至基金研究与基金评价服务专区，更多研究报告请签约用户登录专区查询阅读。网址：http://t.cn/apy06b","validation","12574","weibo-12574"
"weibo-53944","1","给生活加点色彩![可爱]","validation","53944","weibo-53944"
"weibo-43259","1","一不留神我又大了一岁，普大喜奔，同乐同乐[哈哈]。","validation","43259","weibo-43259"
"weibo-2616","1","林芝的冬天是不是来的早了点？@宅-寺 @北欧海盗LC100 @快乐草芽 夏天还没有过够呢！[哈哈][哈哈][哈哈]","validation","2616","weibo-2616"
"weibo-13632","1","兄弟一心气力断金[哈哈]//@刘金霏:谢谢哥对我的包容！一起加油！[耶][耶]","validation","13632","weibo-13632"
"weibo-18014","1","@一坨大白菜 come on baby~~~~[哈哈]","validation","18014","weibo-18014"
"weibo-10655","1","开门收快递。无意中发现我爹的雨伞套[哈哈] 居然是他的一只旧袜子。","validation","10655","weibo-10655"
"weibo-53885","1","GO嘻嘻！这回终于? 肥成功了,分享下我的方法：http://t.cn/zWkiN31 #天猫出游季#[神马][神马][给力][给力][哈哈][哈哈][哈哈][哈哈]k[挤眼]jk[挤眼]j[抱抱]y[抱抱]6[怒骂][心][心][药]","validation","53885","weibo-53885"
"weibo-34735","1","闺女，你真是妈的小棉袄！[哈哈][哈哈][哈哈]","validation","34735","weibo-34735"
"weibo-16578","1","现代时尚范儿，大空间的别样感受！！[爱你]@爱上创意家居","validation","16578","weibo-16578"
"weibo-26750","1","边打吊瓶边耍PS作图的银是不是很强大呀[嘻嘻]，比边打吊瓶边做表又上一层楼[偷笑][鼓掌]","validation","26750","weibo-26750"
"weibo-47524","1","看看，这次团购不断涌现人生第一次买锅的小朋友，我是有多激动啊，谢谢大家的信任，争取带着大家团更多更好的东西[亲亲] 亲爱的，你做的发糕太可爱啦~~~料超级多有木有[哈哈][哈哈]","validation","47524","weibo-47524"
"weibo-14654","1","都是二货惹的货！[嘻嘻]","validation","14654","weibo-14654"
"weibo-21524","1","受不了了，太可爱了！！！[哈哈]","validation","21524","weibo-21524"
"weibo-48662","1","晚饭过后出去遛弯收获的战利品[爱你][哈哈][哈哈][哈哈] #美图贴贴iPhone版#","validation","48662","weibo-48662"
"weibo-23865","1","神马情况神马情况...@陈赫 居然拉着 @林杰妮 的手~@娄艺潇 居然拉着@闫肃 偷笑~灰常敬业的嘉宾们[鼓掌][鼓掌][鼓掌]","validation","23865","weibo-23865"
"weibo-15539","1","回复@白斗篷:自从我把卷发剪掉，好些人说看起来年轻了不少。昨天我美滋滋地问叮小当他爹，我看起来是不是跟当初刚认识时差不多年轻啊，结果人家一脸迷糊，问我，一个人怎么可能跟几年前一样年轻呢。真是实在人啊[哈哈] //@白斗篷:现在也依然一副学生的模样","validation","15539","weibo-15539"
"weibo-18758","1","[哈哈]好吃吧！今天继续所有寿司买二赠一，招牌鹅肝寿司买一赠一噢","validation","18758","weibo-18758"
"weibo-45185","1","点评新功能~挑食。很有趣啊，图片和评论更加一目了然。[鼓掌][鼓掌]@大众点评网 @大众点评网-北京美食","validation","45185","weibo-45185"
"weibo-8562","1","你又进步了，越来越能吃辣了呗[哈哈]","validation","8562","weibo-8562"
"weibo-13729","1","[鼓掌] //@小洲-von-Mima:回复@松木木木：这个是典型的“艺术”游客的短期体验，被氛围冲昏了头脑。其实无论在哪儿，搞艺术都不是请客吃饭，都是孤独地埋头苦干。。他把艺术跟生活的逻辑搞混了，艺术不是声色犬马，生活才是。严肃地做艺术，玩乐地过生活，是我的逻辑。","validation","13729","weibo-13729"
"weibo-46633","1","//@爱旅游爱赣州: [围观][爱你][威武]","validation","46633","weibo-46633"
"weibo-29036","1","那时俺还在上大学呢[嘻嘻]","validation","29036","weibo-29036"
"weibo-53040","1","师傅好赞！[赞][嘻嘻][嘻嘻]","validation","53040","weibo-53040"
"weibo-38385","1","名家赐字，倍感心喜……[给力][哈哈][爱你][围观]","validation","38385","weibo-38385"
"weibo-34210","1","我们是不好惹的[亲亲]@霍霍要加油","validation","34210","weibo-34210"
"weibo-9084","1","今日look.么么哒[爱你] 我在这里:http://t.cn/8DFYaLo","validation","9084","weibo-9084"
"weibo-30909","1","把美景尽收眼底的畅然让人回味无穷吧？[偷笑][偷笑] //@肖童导演:有一阵没过去了，怪想的。[哈哈] //@北京银泰中心:高处俯瞰的美景，落日余晖给一切都带上一丝怀旧的温情。真想让时间就在这一刻静止。@北京柏悦酒店","validation","30909","weibo-30909"
"weibo-50269","1","喇嘛也不淡定了！ //@百鬼夜行L:艹啊，国安球迷都已经覆盖到这个领域去了，吐蕃国师鸠摩智都来了。[哈哈]或者这不会是新来的外援吧。","validation","50269","weibo-50269"
"weibo-44077","1","孔府盛宴，邀您品鉴！[鼓掌][鼓掌][鼓掌]","validation","44077","weibo-44077"
"weibo-6155","1","是湾仔码头的么? //@湾仔码头WanChaiFerry:这货是汤圆~太可耐了~[爱你]","validation","6155","weibo-6155"
"weibo-59580","1","牛 //@Veronica_4:哦呦~ 好狠毒呀~ // @当时我震惊了 :应答的太给力啦[哈哈]","validation","59580","weibo-59580"
"weibo-29366","1","＜八大吉祥＞开笑[哈哈]@吉祥魔礼海 @如意魔礼寿 @李伟建相声微博 @BTV笑动2011 @顺兴笑动百华","validation","29366","weibo-29366"
"weibo-12769","1","[抱抱]这款游戏已经成为我iphone,note共同拥有的游戏，非常不错，很有品质的游戏。国内手游需要这种示范榜样。","validation","12769","weibo-12769"
"weibo-40437","1","#快乐森活行摄花博#东南花都花博园的天鹅，造型很美，你敢跟它比高吗？[奥特曼][哈哈]@东南花都花博园","validation","40437","weibo-40437"
"weibo-47458","1","男花旦？[思考][嘻嘻][嘻嘻] //@BigDaddyQ:Interesting...@ET胃食妹 @Gastronaut @marchu?? @澹小丝丝 @艾薇JiN @伍餐肉 @小?姬Little-Meg","validation","47458","weibo-47458"
"weibo-22376","1","＜寒战＞真不错，港片好水准。某种程度上说，简直是香港基本法宣传片，＂主旋律片＂都拍那么好看！[鼓掌]","validation","22376","weibo-22376"
"weibo-10734","1","[鼓掌]难得一见的美景。","validation","10734","weibo-10734"
"weibo-15451","1","[嘻嘻] //@最神奇的心理学:不能喝酒的人收藏~","validation","15451","weibo-15451"
"weibo-52618","1","[嘻嘻]祝生日快乐！玩的开心喔","validation","52618","weibo-52618"
"weibo-6318","1","原来蓝精灵是阿凡达小时候啊[good] [偷笑] //@微博搞笑排行榜:[哈哈]","validation","6318","weibo-6318"
"weibo-55675","1","户外天下潜水队请紧记！@户外BB @歪人神童 @哆啦A仔 @陆子锋 //@小O-AtlantisDiving:[鼓掌][赞]说的好！扩散！","validation","55675","weibo-55675"
"weibo-42794","1","@姬十三 @科学松[哈哈]鼠会 //@DIY实用手册: 可爱小松鼠... [花心]","validation","42794","weibo-42794"
"weibo-21651","1","[鼓掌] //@??: @湘西诗人太阿 @吕叶 @楚尘 @卓美辉 @凤凰生活郭蔷 @简单weibo @余丛微博 @黄礼孩 @杨小滨-法镭 @紫?在不在 @许多余 @吴少东 @世中人汉诗馆 @董继平 @诗人庞培 @津渡 @吕贵品 @徐敬亚 @诗人车前子 @成都柏桦 @虞山张维 @李商雨 @","validation","21651","weibo-21651"
"weibo-45911","1","#微游贵州 黔景共享#黄果树，我又来啦[亲亲][亲亲]","validation","45911","weibo-45911"
"weibo-24419","1","橘色胶卷一大一小好有爱[爱你]哈哈哈 http://t.cn/zOsDVpg","validation","24419","weibo-24419"
"weibo-41986","1","欢迎！欢迎！北京欢迎你[嘻嘻]","validation","41986","weibo-41986"
"weibo-43170","1","[哈哈]周末过的不错哈","validation","43170","weibo-43170"
"weibo-58536","1","回复@陈倩冰:我就免啦 在外助力更重要 //@陈倩冰:姐姐也加入[爱你] //@熊丽电台:为什么一群闺蜜中只有我最像个女孩儿？[疑问]","validation","58536","weibo-58536"
"weibo-53622","1","好运，好运[太开心]","validation","53622","weibo-53622"
"weibo-1328","1","欢迎大家踊跃参与。//@裕波: [嘻嘻]@盛大创新院","validation","1328","weibo-1328"
"weibo-43434","1","赶紧支持起来吧[奥特曼][嘻嘻]//@Cindy心迪:[围观][围观][围观][给力][给力]//@主持人少枫:快来拍砖哦！@张伟HPMA @雪薇琴子 @高文倩2011 @李丹翼辣妈 @-Nina娜娜 @CARN1VORE @yyOAOAYY @一个人的故事Y @瑞瑞瑞瑞妞 @经纪小琪 @主持王栩 @Cindy心迪 @苌二哥 @胡焰焰_butterfly @枫M籽","validation","43434","weibo-43434"
"weibo-14763","1","[太开心] 粉丝们今天都很给力啊，希望你每天看到它都有份好心情","validation","14763","weibo-14763"
"weibo-20098","1","#在途幽默#趁主人不注意，偷偷吃一把......[嘻嘻]","validation","20098","weibo-20098"
"weibo-48943","1","很像你哦... //@COCO小丸子:你个吃货这几天看你各种吃[馋嘴][偷笑]@幸福海陆空 你啥时候能这么萌一把[嘻嘻][挖鼻屎]","validation","48943","weibo-48943"
"weibo-17228","1","回复@绚丽女人花-周心怡:好嘞！记住它喽！[爱你][嘻嘻][馋嘴]","validation","17228","weibo-17228"
"weibo-14469","1","#我不是明星#表演结束后，@宁静 为了给@洛伊_luoyi 拉票又破例秀了一段昆曲，婉转的唱腔令洛伊直叹：“太有韵味了。”[爱你]","validation","14469","weibo-14469"
"weibo-19528","1","//@张小莹HY: #尚雯婕稳赢特辑＜w in 赢＞首发#@尚雯婕 [鼓掌]//@张亮hy: #尚雯婕稳赢特辑《w in 赢》首发# 我要，赢。// @尚雯婕 : 在人生的跑道上，我是我唯一的竞争者。我要，赢。","validation","19528","weibo-19528"
"weibo-11973","1","淡定从容的周一![哈哈][哈哈][哈哈][哈哈][哈哈]","validation","11973","weibo-11973"
"weibo-48886","1","我觉得有没有文化都可是是一个好人或坏人，但无果没有理智跟严肃，就是一个讨人厌的人。//@裴成君: [给力]前辈这句话说的威武啊[鼓掌]//@柳华芳: 文化有人用来装，有人用来修","validation","48886","weibo-48886"
"weibo-20931","1","生活中有很多美好的事情，[可爱]不必为一些猥琐的人及事，扰乱自己的心情。。。","validation","20931","weibo-20931"
"weibo-2181","1","#轻松一刻# 灰太狼问儿子小灰灰：四大洋分别是哪四个？答曰：喜羊羊，美羊羊，懒羊羊，沸羊羊...…… [哈哈][哈哈][哈哈]","validation","2181","weibo-2181"
"weibo-37960","1","回复@李正曦Sissi:因为温度特别低，所以头顶的雾气特别厉害！边洗脸边想问题，突然一抬头，看到镜子里热气腾腾的一个光头！确实吓坏了我了！奶奶的！ //@李正曦Sissi:[哈哈] //@李正曦Sissi:南方的冷冷得极其阴险，而且刻骨铭心。我都不愿意回家过年了。[哼]","validation","37960","weibo-37960"
"weibo-9791","1","还是全智贤嗲 //@Christy蜜酱:哈哈，嗲[爱你] //@Joycelei妞妞: [爱你]","validation","9791","weibo-9791"
"weibo-41644","1","[鼓掌][耶]我们酒店的lobby啊，赞一个 //@Zinia在旅行中感知:有股票的才好呢！ //@薰衣草公爵:能赚钱才是王道！越来越喜欢这里","validation","41644","weibo-41644"
"weibo-19571","1","波哥，我不是律师！只能请你来艺外喝冰滴蓝山消消火了:！[哈哈][哈哈][哈哈]","validation","19571","weibo-19571"
"weibo-23107","1","因为我是唱快板的，所以押韵[嘻嘻]","validation","23107","weibo-23107"
"weibo-1434","1","[威武]//@绿之源王应鹏: 可以//@中俊崔春婷: [哈哈]","validation","1434","weibo-1434"
"weibo-56545","1","有这么准吗//@常斌18: [哈哈]@L小?","validation","56545","weibo-56545"
"weibo-58167","1","长颈鹿君，脖子酸不，来试试我们的甜梦睡床了，保您满意！[嘻嘻]","validation","58167","weibo-58167"
"weibo-27580","1","@刘志峰在sz //@牛眼看车:HWA以AMG创始人 Hans Werner Aufrecht名字命名，1999年H.W.A将主要股份卖给奔驰后在阿尔法特巴赫创建，与AMG比邻，专事AMG的赛车业务（目前以DTM为主）偶尔插足民用车型，比如比如比如CLK-GTR[哈哈]。据说新A45 AMG上那款神级M133 2.0增压发动机就有他们的功劳。","validation","27580","weibo-27580"
"weibo-25492","1","#随手拍美食#今日晚餐@牛舌那点事儿 ，非常喜欢这里的炭烤牛舌，味道超级棒，肉质鲜嫩。据说这是一家专做牛舌的餐厅，口味有十几种！ ?[嘻嘻][哈哈]@京城美食探店 @美食推","validation","25492","weibo-25492"
"weibo-40595","1","后知后觉发现足球世俱杯是在摩洛哥举办，恒大在马拉喀什踢的最后一场。记者们很合算啊，顺便公费旅游了一把。看来体育记者是个好工作[嘻嘻]","validation","40595","weibo-40595"
"weibo-12779","1","@微笑的冰糖草莓 囡囡太可爱啦[爱你][花心]","validation","12779","weibo-12779"
"weibo-7897","1","今夜最好的睡前故事，安啦[太开心][太开心] //@牛轰轰LZZ:一边看会一边扬起嘴角诶[太开心][太开心] //@我怂你离开千里之外:好可爱[害羞]//@生_力beer是极品男?丝:皮克斯作品！","validation","7897","weibo-7897"
"weibo-53095","1","[太开心][太开心]美女们！[心]这款靴子补货到咯！[做鬼脸][做鬼脸]很好穿啊！赶紧来买噢！","validation","53095","weibo-53095"
"weibo-7495","1","捕捉这一刻[嘻嘻][嘻嘻][嘻嘻]，失礼了[给力]","validation","7495","weibo-7495"
"weibo-59639","1","请问一下蔡警官：我发现罪犯是老百姓的时候抓的特别快，好抓，其他罪犯不是抓不到，就是抓很多年，肿么回事？//@童华安：回复@狮城苍狼:[握手] [哈哈] //@狮城苍狼:回复@童华安:[握手]","validation","59639","weibo-59639"
"weibo-48613","1","谢谢快乐未来。[太开心] //@简单的快乐未来:[话筒][话筒][话筒]","validation","48613","weibo-48613"
"weibo-53252","1","去杭州吃比北京还要好吃的“杭州小笼包”！！[嘻嘻]","validation","53252","weibo-53252"
"weibo-19474","1","那时候大家还年轻，不懂什么叫爱[嘻嘻]","validation","19474","weibo-19474"
"weibo-23539","1","武汉我们来了！@嘻哈当家主持小宝 @双胞胎杜小虎 @嘻哈包袱铺高凤鸾 ――摄影师嘻哈包袱铺苑欣[嘻嘻]","validation","23539","weibo-23539"
"weibo-34731","1","明儿个会跟@谷岳 再次聊天，他新书《一路向南》这本书出了，有兴趣了解的，有想问他问题的，留言就成了~明儿个走犀利范儿~[哈哈]","validation","34731","weibo-34731"
"weibo-4128","1","[爱你]细节中求浪漫，快看链接[心]http://t.cn/zYaMYgn[心]","validation","4128","weibo-4128"
"weibo-486","1","[good] 祝大家节日快乐.//@OCT董亚平:在法国，五一国际劳动节，又叫“铃兰节”。[哈哈]","validation","486","weibo-486"
"weibo-28663","1","下午居然没转出去，再来，给男生的福利帖[哈哈]","validation","28663","weibo-28663"
"weibo-11106","1","PE们似乎把精力都用在对付同行啦，感觉还是个丛林世界，不过是金融丛林！[嘻嘻]","validation","11106","weibo-11106"
"weibo-1192","1","indigo希望每位客人都能在此体验到家的温暖。[爱你]活力的一天，从indigo早餐开始吧[嘻嘻]。","validation","1192","weibo-1192"
"weibo-31767","1","帮转 //@数字出版周亮: [鼓掌]//@数字出版周亮: 来吧来吧，许你三多：美女多多，帅哥多多，机会多多[哈哈]","validation","31767","weibo-31767"
"weibo-58231","1","[哈哈]挨马吓shi 跌了//@Vigi_Keng: 哇哈哈哈哈，那个可怜的小表情！！！","validation","58231","weibo-58231"
"weibo-54742","1","身为 @北京跑车俱乐部 首席品牌官！怎能不喜欢保时捷911呢？完美！五十年的坚持不懈，铸就了今日的辉煌！[鼓掌]","validation","54742","weibo-54742"
"weibo-9407","1","[哈哈] //@过往只能回味:其实嘻哈包袱铺的刘星也挺爷们的[偷笑] // @嘻哈包袱铺刘星 ：[偷笑]","validation","9407","weibo-9407"
"weibo-28110","1","哇塞！！！亮瞎了，大明星范儿。[鼓掌]","validation","28110","weibo-28110"
"weibo-44370","1","谢谢推荐[哈哈]秋天这就悄么声儿地来了，秋膘儿得贴呀[爱你]","validation","44370","weibo-44370"
"weibo-38072","1","两个饺子是一朵花呀，哈哈[哈哈]@男战士齐雨 @狮贺堂","validation","38072","weibo-38072"
"weibo-56139","1","[偷笑] 台湾的豆腐干？！接着偶的哈喇子 //@88酷卡 :花生米和豆腐干[嘻嘻] //@酒仙网娟子:回复 @哈?尹磊:[good][good] //@哈?尹磊:发的酒？哈哈","validation","56139","weibo-56139"
"weibo-18092","1","这个必须帮转了，应该有免费零食提供的[嘻嘻]","validation","18092","weibo-18092"
"weibo-45310","1","#晚安#【假期进入倒计时】不知不觉中春节假期就要过完了，还没有好好的陪爸妈聊会儿天，还没有耐心地和小侄子做游戏，还没有去看高三时候的班主任??????还有好多事情都没有做。趁假期还在，抓紧时间做那些你想做却还没有做的事情。晚安，亲们，好梦。[爱你]","validation","45310","weibo-45310"
"weibo-34424","1","干燥天儿爱用这款来自瑞士的葆丽美活肤水凝日霜 大S推荐过开始用的 虽然小贵 但鼻翼嘴角爱起干皮的问题都解决了 以前总是在香港的莎莎买 今儿才发现北京的莎莎这款面霜也是免税的，以后不用跑那么远了！[太开心]","validation","34424","weibo-34424"
"weibo-33467","1","大当家给“各！党！派！”送祝福喽~[嘻嘻] [心]","validation","33467","weibo-33467"
"weibo-51574","1","我觉得，我非常的想去广西吃海鲜去，这个季节不吃海鲜我都觉得对不起海鲜~~~！！！[鼓掌]","validation","51574","weibo-51574"
"weibo-34271","1","[哈哈]打滚儿笑//@蔡康永: 直肠子....","validation","34271","weibo-34271"
"weibo-12311","1","随着窗外鞭炮声皮里啪啦的，可着劲儿地，一声更比一山声高的放着，这年就算是过完了。明儿一切又恢复了宁静，好好享受今晚的鞭炮噼里啪啦声吧。元宵节快乐。[太开心][鼓掌]","validation","12311","weibo-12311"
"weibo-56663","1","[鼓掌]6+1播出时间――6期@炫动中国风 1月19日-2月3日每周六日21：20；1期@2013河北春晚 2月8日(腊月二十八)19：35。","validation","56663","weibo-56663"
"weibo-35539","1","@霈霈Grace: 明儿带去~记得带上二锅头！ //@小乖乖1号的地盘:鸡爪不错～[馋嘴][馋嘴]！这主意不错!![哈哈]","validation","35539","weibo-35539"
"weibo-33002","1","幸亏回到家里，有令人欢快之极，也只属于我们的...你你你你你[鼓掌]","validation","33002","weibo-33002"
"weibo-15918","1","哆啦A梦麻将打起来~@穹光淡 @御景柚子 @Avalon_Sun [鼓掌]","validation","15918","weibo-15918"
"weibo-22139","1","[哈哈][哈哈]//@传媒老王: [哈哈] //@五岳散人:[哈哈]","validation","22139","weibo-22139"
"weibo-45358","1","因为年轻，所以勇敢。早上好！[可爱]","validation","45358","weibo-45358"
"weibo-26392","1","海岩咖啡，中毒很深[爱你]","validation","26392","weibo-26392"
"weibo-59694","1","小时候常常吃。[哈哈][哈哈]","validation","59694","weibo-59694"
"weibo-6067","1","??桃弟同?~@鲸鱼晶晶 [哈哈][哈哈][哈哈]","validation","6067","weibo-6067"
"weibo-57244","1","小天使~祝我做个好梦吧~晚安[爱你]","validation","57244","weibo-57244"
"weibo-22640","1","【今天的名言】今日事今日毕。 http://t.cn/zWu72uW 谢谢你们关注我做我粉丝，十分感谢[爱你]","validation","22640","weibo-22640"
"weibo-40386","1","哈哈，所有美好的爱情又会出现在他的文字中了！这对作家有好处[哈哈]","validation","40386","weibo-40386"
"weibo-56958","1","[哈哈][哈哈][哈哈]还是俺家乡好！","validation","56958","weibo-56958"
"weibo-13979","1","男神推荐，马上去下[嘻嘻] //@穆杉伯男:帮张老师转发[酷] 喜欢风光摄影的好友看过来，我马上去下app @美图摄影日记-张千里","validation","13979","weibo-13979"
"weibo-48981","1","回复@来福旺财:过节不忙，是休息，节后见吧 //@来福旺财:谁让老师那么忙的，要不可以找个妹子陪你在庄里捉迷藏，回味回味呢[嘻嘻]","validation","48981","weibo-48981"
"weibo-28909","1","#汤山御庭#生日蜡烛点起?，音乐声飘荡在房间，精美的餐具，怒放的鲜花，精心为客人打造一个令人惊喜、难忘的生日晚宴，私密浪漫?空间，只为您准备！[爱你]","validation","28909","weibo-28909"
"weibo-25647","1","多谢各位参加#朗廷流连一夏#活动！[给力]我们正在努力评审当中，各位参赛者旗鼓相当，给我们一点时间，结果即将公布[抱抱]","validation","25647","weibo-25647"
"weibo-53586","1","太帅了，青出于蓝而胜于蓝啊[太开心]","validation","53586","weibo-53586"
"weibo-58804","1","[围观][爱你][围观][爱你]高汤垫底[围观][可爱][围观][爱你]衬托原料本味[围观][爱你][围观][爱你]","validation","58804","weibo-58804"
"weibo-18268","1","我在这里: #枣庄市区#[可爱] http://t.cn/zOHKZYX","validation","18268","weibo-18268"
"weibo-17643","1","//@安徽传媒: @周祥杰 @安徽微博网 @新合传媒//@合肥一九一二官方微博: 放心！整个三月都有效！要相信自己哟！[可爱] //@记者陶政:苦逼啦，我台吃货们，今天挂了，明儿可继续作为候选开不?[汗]//@合肥一九一二官方微博","validation","17643","weibo-17643"
"weibo-20846","1","[嘻嘻] //@Dream-Cri:[甩甩手][甩甩手][甩甩手] //@miyuki_hyde://@染染昔海德先森_: 萌喵喵喵窝也想长翅膀 o(｀ω?*)o //@桃子INES:转发微博","validation","20846","weibo-20846"
"weibo-30635","1","恭喜超级丹！！！！！！！！！看奥运的童鞋早点睡觉吧！因为明天星期一！[哈哈].l林丹是个大帅哥！有木有？","validation","30635","weibo-30635"
"weibo-2785","1","后面两位可以裁去了[嘻嘻]//@翌-0_0: 哈哈哈哈哈@萧普贤女 //@牵机?苏璃漠:顾公子高瞻远瞩!!!!!且不说时时处处都有串错了剧组的各色熟人,就这看谁谁姓顾的本事也得心悦诚服的跪一个233333","validation","2785","weibo-2785"
"weibo-48132","1","秀媛姐辛苦了！赶天赶地的录影行程，还要照顾我们这些小朋友！保重身体，月底见了！[爱你] [可爱]","validation","48132","weibo-48132"
"weibo-51738","1","哈哈，还情侣蛇呢... 话说这种我最怕的动物，偶尔也挺萌的[哈哈]//@我Hold不住了: 阅遍天下微博，看到这条微博的配图哥就hold不住啦！蛇年大吉！","validation","51738","weibo-51738"
"weibo-26894","1",":酒德，把持不易。 //@aiwhisky爱威网:个中滋味，独自品味！[哈哈]//@观庐壶来:喝酒的临场感不同于茶，用文字来表现总显乏力。呵呵呵 //@醉里横笛:举觞牛饮佳酿，如拥而狂探美人，田舍郎之所为也！[鄙视]","validation","26894","weibo-26894"
"weibo-45914","1","5月@玩家旅游杂志 ,到手了![哈哈]","validation","45914","weibo-45914"
"weibo-10708","1","[鼓掌][照相机] //@黑云都://@优品杂志刘国柱: //@妤苏:无","validation","10708","weibo-10708"
"weibo-45271","1","幸运，上帝赐给我一个，也会赐给你一个的 //@LaFee童鞋: 我什么时候有这样一个老公呢？这两个猫咪心疼死啦！[哈哈][哈哈][?你]","validation","45271","weibo-45271"
"weibo-51652","1","大概看了一下。排名10名以外的，基本知道的人就很少啦！可见消费者记忆的#狭窄性#！要么创名牌，要么就别干！[哈哈]","validation","51652","weibo-51652"
"weibo-44094","1","您今天吻了吗? 亲一下![亲亲]","validation","44094","weibo-44094"
"weibo-42920","1","好咧[哈哈]","validation","42920","weibo-42920"
"weibo-51300","1","比整容还狠的28条[鼓掌]","validation","51300","weibo-51300"
"weibo-30743","1","北京队牛逼，老马牛逼，莫里思牛逼，李学林牛逼，翟小川牛逼，吉?牛逼，北京必胜啦，北京必须冠军啦[围观][威武][奥特曼][哈哈][嘻嘻][爱你][鼓掌][鼓掌][太开心][偷笑][good][赞][心][做鬼脸][太开心][太开心]","validation","30743","weibo-30743"
"weibo-11785","1","[哈哈][哈哈] //@茶人冯建华:[偷笑]//@?痴高文麒:[哈哈]","validation","11785","weibo-11785"
"weibo-57455","1","这都是我们应该做的，感谢王阿姨的认真负责，希望她未来的工作更加进步！也祝您以后的生活和工作都顺利！[嘻嘻]","validation","57455","weibo-57455"
"weibo-16018","1","[哈哈][哈哈][哈哈]@summer_长虹 @小囡子queenie @王桂桂Everthing //@大豆-Bean:@李臻Gracey @CC-猫行天下 //@怪诞心理行为学:有强迫症的喵咪[哈哈]","validation","16018","weibo-16018"
"weibo-39821","1","刚送走1d2 换来1d3 哦也！！ @禾白小三MU @老麦i [哈哈]","validation","39821","weibo-39821"
"weibo-51659","1","有一套[哈哈] //@天佑中华A:这个编辑值得表扬。","validation","51659","weibo-51659"
"weibo-5706","1","让我又怀念我已经逝去的青春了！//@白百何: 哈哈哈哈~~~第一张专辑封面的青岛石老人！青岛是你滴福地不[嘻嘻][嘻嘻][哈哈]","validation","5706","weibo-5706"
"weibo-38135","1","[抱抱] 萌死了//@三大名捕排名第四：好可爱","validation","38135","weibo-38135"
"weibo-57819","1","刚才新闻联播看到了，笑死了！[哈哈]还有一个，新郎抱着新娘从车里出来，记者傻呵呵的问人家，你幸福吗？[哈哈]","validation","57819","weibo-57819"
"weibo-46226","1","迟到的祝福！！！回去还要再补上！！！大董小董新婚大喜啦！！！[太开心][太开心][太开心]","validation","46226","weibo-46226"
"weibo-56766","1","再戳一次[嘻嘻] //@小屁孩jeremy: [嘻嘻]@阳光牙牙 @龙猫吃了","validation","56766","weibo-56766"
"weibo-27548","1","也收到李老师寄来的样书哩[害羞]翻翻，我的作品有两篇选在里面，谢谢安老师[可爱][礼物][耶][手套][心][心][心][心][心][害羞]@安武林 [干杯]谢谢，敬礼!","validation","27548","weibo-27548"
"weibo-9337","1","回复@万有引力韩永坤: 人找到了，真高兴。谢谢各位好心的童鞋啊！[鼓掌]//@万有引力韩永坤:非常感谢蔡大姐，人已经找到了，小弟家里现在忙乱一团。具体情况回头会告知！再次谢谢","validation","9337","weibo-9337"
"weibo-48334","1","与君共勉的中文翻译[哈哈]//@沈念祖ONLYFLY:[哈哈] //@son-ne:好玩 //@赵乐米:我??看到最后一句瞬间笑崩了！敢情“装逼遭雷劈”出自莎翁??//@葱葱: 牛掰人出现了，给跪了//@15楼的姑娘: [汗][汗][汗][汗]我屮???～","validation","48334","weibo-48334"
"weibo-54939","1","回复@捧在手心里的中国:这是你的想象。 //@捧在手心里的中国:[哈哈]另一条腿被留在板门店那边了?","validation","54939","weibo-54939"
"weibo-53863","1","[鼓掌] //@颦颦有礼: 你知道ZARA的打折日期吗？你知道超市最新鲜的牛奶藏在哪里吗？关注本期乐活志","validation","53863","weibo-53863"
"weibo-22969","1","下一生一世，想做另一?我，?上现在的我！祝大家201314表白快乐！[哈哈][哈哈][哈哈]","validation","22969","weibo-22969"
"weibo-44351","1","喜欢吃，不会包的孩子，转走[嘻嘻]","validation","44351","weibo-44351"
"weibo-41607","1","宋柯老哥的烤鸭店[哈哈]，绝非广告,只为热闹。","validation","41607","weibo-41607"
"weibo-5144","1","有你们真好，亲们晚安，让我们梦里也笑哈哈[爱你]","validation","5144","weibo-5144"
"weibo-50042","1","#2013年明信片# 留住笑脸，留住生活，留住记忆！谢谢 @玉树暄庭 的惦记，这张对俺有特别的意义，5.21[哈哈][哈哈][哈哈]","validation","50042","weibo-50042"
"weibo-31299","1","行也行，不行也得行！[哈哈] //@跟着瞎掰喽：哈哈，感觉不行了？","validation","31299","weibo-31299"
"weibo-29569","1","[赞][鼓掌] //@第N樵夫: //@淳于墨墨 @有福社长 @中岛 @禄兴明 @阳光保险我要上春晚","validation","29569","weibo-29569"
"weibo-54937","1","分享//@北京环铁时代美术馆：【环铁时代国际画廊】国际艺术家驻地创作沙龙展于10月11日16：00开幕式准时进行，欢迎大家莅临展览现场交流。此次入园5位来自奥地利、美国、印度的国际艺术家摄影作品、油画作品、装置作品及中国雕塑家乌日根先生的雕塑作品将展现在大家面前。[鼓掌] [心]","validation","54937","weibo-54937"
"weibo-7823","1","同喜同喜[哈哈]@孙燕姿","validation","7823","weibo-7823"
"weibo-55899","1","中国市场广大，且物以稀为贵[挖鼻屎][鼓掌][嘻嘻]","validation","55899","weibo-55899"
"weibo-58096","1","这个要试试看[嘻嘻]","validation","58096","weibo-58096"
"weibo-3000","1","cool！期待影片上映！[鼓掌] //@野树林花: @ZhaiXuming @奥迪汇","test","3000","weibo-3000"
"weibo-8434","1","不会忘记[爱你] @那位主子@love淡淡的小清新//@那位主子:@love淡淡的小清新 @碎碎随随岁岁念 @我是我柯 @超级小牛001 @旁雅雅 @jojotanhot @丝玄忆记","test","8434","weibo-8434"
"weibo-18130","1","在今天这么冷的北京，竟然热出一身汗[偷笑]好像被每天发生的一切拥着推着挤着到了这一刻，12个小时对面的，是一个熟悉又陌生的完全音乐的洛杉矶。新专辑已经开工！LA here I come~~~[可爱][耶][飞机]","test","18130","weibo-18130"
"weibo-54036","1","[哈哈]//@邵小莫: [哈哈]","test","54036","weibo-54036"
"weibo-48875","1","切了一个闪闪的外壳，[哈哈]","test","48875","weibo-48875"
"weibo-58806","1","第一次看到这样的圣诞树，每晚都有点灯哦[蜡烛]在最喜欢的地方和好盆友在一起，啥都不做就是最满足的啦[偷笑]那个太阳狮子上升处女和那个太阳处女上升狮子，悄悄滴说：爱你们[爱你]","test","58806","weibo-58806"
"weibo-35452","1","[赞]//@世图张跃明: @大佳网 @文坛 @周铁东本人 @阿绛85 @qqbrenda [赞] //@世界图书出版公司北京:[嘻嘻]","test","35452","weibo-35452"
"weibo-45813","1","#江西首席旅游体验师#我可以官方的回答你都喜欢吗？[嘻嘻]","test","45813","weibo-45813"
"weibo-47327","1","@刘梦亮 死党。[嘻嘻]","test","47327","weibo-47327"
"weibo-4929","1","//@吴志强-众强国际餐饮联盟:有道理，美女们切身体会一下！[酷][鼓掌]","test","4929","weibo-4929"
"weibo-29812","1","喝药，幸好有喵陪我…[太开心]","test","29812","weibo-29812"
"weibo-42878","1","冬至快?[太开心] ~~~今晚?子、八珍?、??， 一?都不能少[嘻嘻] !!! 出???去啦~~~[太开心]","test","42878","weibo-42878"
"weibo-3624","1","#抢零点福来到#2014，迎接挑战，开年大吉，为自己加油，为明天而努力！[爱你][爱你][爱你]","test","3624","weibo-3624"
"weibo-24971","1","笑哥，大爱无疆，好人一生平安，阿弥陀佛[爱你] //@歌手含笑:[爱心传递] //@田宝虎子:[心] //@公益小青: [爱心传递] //@歌手含笑:今天是感恩节，为了可爱的孩子们过一个温暖的冬天，再转！感恩！","test","24971","weibo-24971"
"weibo-6685","1","期待完整版！[威武][威武][威武] //@啦啦啦妞妞:回复@云洲数字电影:礼物很喜欢哦 这哈子更期待完整的了[哈哈][哈哈][鼓掌][鼓掌] //@云洲数字电影:@啦啦啦妞妞 @啦啦啦鸡腿 两位主角中午好 先收下这份万圣节礼物[嘻嘻][嘻嘻]","test","6685","weibo-6685"
"weibo-33522","1","[哈哈]咱妈","test","33522","weibo-33522"
"weibo-32062","1","旅行者必读心灵书 [嘻嘻] //@大鹏背包走天下:谢谢你的分享！ //@i易怀宇: @大鹏背包走天下 //@i易怀宇:这两天看了《行?色》、美好的文字和图片让我心灵又一次深深触动、","test","32062","weibo-32062"
"weibo-6872","1","//@曾经的水晶泪滴:看看，拉空了吧，这也是一个那什么谈道德的年代[嘻嘻]//@逅然://@i于??: //@蓝天再现:精辟//@阿宝博客: //@草民嘟囔: //@囹眼葙看: //@重庆代平国://@湖旁边人: //@慈面阎王:的确是这个样子的","test","6872","weibo-6872"
"weibo-55184","1","@卤煮鲍鱼 老师的粉丝儿都是貌美如花滴花姑娘啊[嘻嘻]","test","55184","weibo-55184"
"weibo-4407","1","//@花生豆腐猪:@邻家小颖de呗 @绿豆杏仁茶-林骊 @ddtttd @糊里糊涂被叫alina @京K-TT @康康康湿傅 @刘海斌强强 @猫奶奶_QueenMi @烧饼无拘_葵园 @苏小胖er哥哥 @真针儿的摆忙 @张小凡先生 @123_悦 帮转哈，谢啦[爱你]","test","4407","weibo-4407"
"weibo-6059","1","回复@挽不住的终是霎那芳华:不客气哈，有机会再走个沙路[嘻嘻] //@挽不住的终是霎那芳华:恩。谢谢，我已经玩完了，走的水路","test","6059","weibo-6059"
"weibo-33838","1","下午茶 下午酒 三?一刻 ??的 [鼓掌] @vivipoon @nyconnor @yankee杨 @小小皮皮小小球球 @我叫汤小mo @?小豆同?很?喜","test","33838","weibo-33838"
"weibo-53550","1","工字爱马皮带姿势有点儿娘炮[嘻嘻]","test","53550","weibo-53550"
"weibo-58537","1","大片抢先版！！！秒转[给力][给力][给力]致我们三月boracay美好的记忆～[鼓掌][鼓掌][鼓掌]再次感谢敬业的 @三月记忆--月月 @三月记忆摄影_小勇 @造型师祉一 各位老师！[照相机][照相机][照相机]咱北京见～[做鬼脸]","test","58537","weibo-58537"
"weibo-12608","1","先是没到货，再是找到了一本不能卖，再再是发现这是样书要卖得打报告，最后是主动道歉说是腰封（脑残粉扯去？）没有、折扣没有、要买赶紧、下不为例...@pageone北京 是家好书店，书是本好书~祝大卖。这年头，脑残粉不好当！[嘻嘻]@蒋方舟","test","12608","weibo-12608"
"weibo-48325","1","掐指一算，后面@ 的都是美女[嘻嘻]//@吃男食北: 我在北京，我很热，我就想要小ICing！赶紧来陪哥乘凉、饮酒、看美女！@大美妞小汤圆 @Style-Cafe @Pollycs","test","48325","weibo-48325"
"weibo-46894","1","老公说了我姐没被杀猪刀伤到，依然美丽[哈哈][哈哈][哈哈][哈哈]","test","46894","weibo-46894"
"weibo-36183","1","我自己也采了一些草原白灵菇，明知道能无毒，还是不敢吃[嘻嘻]，做野菜生意的已经被毒怕了[偷笑] //@野菜煮妇:颜色好的蘑菇大部分都有毒，一般毒蘑菇颜色鲜艳、伞盖光滑、无虫眼。","test","36183","weibo-36183"
"weibo-19270","1","看未婚男士的选择与纠结了[哈哈][哈哈]","test","19270","weibo-19270"
"weibo-26766","1","看到什么了？@何炅 @孙燕姿 笑成这样[哈哈] ？惊喜哦！这绝对是一个大惊……喜[嘻嘻] ！大家来猜猜介是发生神马事情了[奥特曼] ？","test","26766","weibo-26766"
"weibo-41004","1","厨娘养成记……[嘻嘻]累得一比……好看，味道一般……[挖鼻屎]","test","41004","weibo-41004"
"weibo-24423","1","据说这是不务正业做地下工作者的下场。。。[哈哈][哈哈]","test","24423","weibo-24423"
"weibo-546","1","每晚7:00到8:45，大堂酒廊都会有现场乐队表演。希望您喜欢[可爱]","test","546","weibo-546"
"weibo-31608","1","珍惜这个年龄的快乐啊 //@吉亦昶:回复@王祈帧:[嘻嘻] //@王祈帧:可爱呀！","test","31608","weibo-31608"
"weibo-56101","1","This is funny. 不用喝咖啡,醒了！[哈哈][哈哈]","test","56101","weibo-56101"
"weibo-23664","1","哇哦，刚从梵净山上 下来就收到好消息~~感谢小叶~~[哈哈] @雨桐吾爱 @襄樊咩咩羊 @洋光摄客","test","23664","weibo-23664"
"weibo-29761","1","谢谢，有机会就来[嘻嘻][嘻嘻][嘻嘻]//@v小2Q:转发微博","test","29761","weibo-29761"
"weibo-26216","1","正在看@蒋蒋韵 主笔的@韩庚 专访，欣赏ing[鼓掌]@韩庚粉丝团-江苏 @韩庚吧 @韩庚歌友会官方 @王者韩庚论坛 可买这期杂志看看[呵呵]","test","26216","weibo-26216"
"weibo-17801","1","想第一时间收到最新的摄影资讯？请关注我的 新浪微博 ，记住发私信“DY”订阅我，让我们在私信里交流~。 [挤眼][爱你]","test","17801","weibo-17801"
"weibo-43699","1","哇哇哇哇……[鼓掌][心][喜]到底他说了什么，让李小璐情绪失控、现场飙泪？[花心]到底她回应了什么，让贾乃亮不顾一切、热吻传情？[太开心]到底任重与小璐玩了怎样爆笑的人妻不NG游戏？让亮亮台下大叫“你等着！”[偷笑]明晚深情揭晓……","test","43699","weibo-43699"
"weibo-13390","1","[嘻嘻]//@牛明昱:吕抒扬，这十年来你在支付宝花了11万花天酒地，而你从2007年起就欠我钱一直欠到现在都不还，你好意思吗？你现在还欠我1600，我一毛利息不要，你当初写的字据我也不按那上面说的利息要，你把本金还我也就罢了。别以为躲沈阳做缩头乌龟就好了，这钱你不还我这事完不了。","test","13390","weibo-13390"
"weibo-22805","1","回家就好，下次出门儿遛??????????????一定要拴住啊[鼓掌]","test","22805","weibo-22805"
"weibo-21068","1","@赵伟宁 今天溜达到你公司附近了[哈哈]","test","21068","weibo-21068"
"weibo-31971","1","可爱 //@目前为止郭mm贡献最大://@王惠: @李华民 按照这个标准来一份[哈哈]","test","31971","weibo-31971"
"weibo-37705","1","@梦岛花静开 让你开心一下！嘻嘻！ //@橙梧桐: [嘻嘻]//@此刻_时间到: 王大牌快到三亚鸟。。。转机中。。。。","test","37705","weibo-37705"
"weibo-3590","1","hahaha /@小浪: [哈哈]//@曹增辉: [哈哈]","test","3590","weibo-3590"
"weibo-1215","1","[太开心]明?又黎一个小聚[太开心]","test","1215","weibo-1215"
"weibo-37406","1","#杨晨说话#你是人间四月天！超喜欢超喜欢。杨晨换上那双红鞋喽[哈哈]","test","37406","weibo-37406"
"weibo-21768","1","一定是浪漫醉人[花心] //@王玮Andy:如此浪漫，回甘悠长~~~ //@朱润润:春暖花开了，这一拨拨婚礼秀又该开始了[鼓掌] //@昆哥Q: 介是要多爱喝酒的小夫妻丫[鼓掌] //@LOCAAMANDA: 葡萄酒主题婚礼秀一定与众不同！必到！[花心]","test","21768","weibo-21768"
"weibo-2484","1","今天不晓得算不算好运，由于要等领导走后才能走点掐的很紧！到火车站还要取票排队进站，到中门检票口离开车时间只有3.4分钟了，检票mm说K814不在中门进，心情那个沮丧啊，不会停检在屏幕上消失了吧，要改签无座的k66?准备上2层检票口看看，结果大屏幕显示原1442开的K814晚点到1615开不用误车[鼓掌]","test","2484","weibo-2484"
"weibo-17754","1","在??充??意的清晨醒?，520，陪在我身?的每?你，??你陪我走?的每段仁?路。[爱你][爱你][爱你]不一一AT了[干杯][玫瑰][音乐]","test","17754","weibo-17754"
"weibo-38428","1","[嘻嘻]亲，希望都太的午餐能带给您好心情哦，常来哦~","test","38428","weibo-38428"
"weibo-3856","1","2013，爱你一生。祝大家新一年快快乐乐！[爱你]","test","3856","weibo-3856"
"weibo-50654","1","感谢各位的捧场！～[亲亲]","test","50654","weibo-50654"
"weibo-58163","1","这个还行[嘻嘻]","test","58163","weibo-58163"
"weibo-19234","1","[嘻嘻]给力大生蚝。","test","19234","weibo-19234"
"weibo-58615","1","带着你的TA来英迪格度过一个专属你俩的浪漫唯美情人节[心][嘻嘻][心]//@赵宇_Tes: I [心] Indigo~ TOO TOO TOO~[许愿]","test","58615","weibo-58615"
"weibo-29096","1","[鼓掌][鼓掌] 西宁开唱！！//@蛮有味:很不错的声音","test","29096","weibo-29096"
"weibo-44980","1","胡说，怎么能拿五仁儿月饼和苹果比？五仁儿月饼????????????哪有那么次？[汗] //@笑嘻嘻6:没有乔布斯的苹果~连五仁月饼都不如。[哈哈][哈哈][哈哈] //@同学你该吃药了: 没有乔布斯的苹果连五仁都不如哈哈哈哈哈哈哈哈哈。","test","44980","weibo-44980"
"weibo-55279","1","#段王爷#@韩北辰-小嘿 ……哈哈哈，缺心眼的大奇葩！[哈哈]","test","55279","weibo-55279"
"weibo-38052","1","唱了我 最喜欢听的（情书）、张学友穿的镶满水钻的帽子和衣服我喜欢，一定很重[哈哈]","test","38052","weibo-38052"
"weibo-2622","1","回复@吃饭干革命: 听说很多人心中的“香格里拉”都是丽江~[可爱] //@吃饭干革命:春节我最想去丽江旅游 @翩然若鸿 @阿凡缇大人 @沪上乡下人 地址：http://t.cn/zYAOC0x","test","2622","weibo-2622"
"weibo-19302","1","不错，只是脚太大，别怪我说的直，哈 //@苏梦Cecilia:哇哈哈~超级给力啊~美腿美腿~~这可是我们家的爆款丝袜呢~谢谢美妞的玉照！[爱你] 我做进买家秀版面咯~嘿嘿","test","19302","weibo-19302"
"weibo-18019","1","回复@ThomasCrowne:有，先抵制会儿~[嘻嘻]钓鱼岛是中国的！[酷] //@ThomasCrowne:you should try. //@嗨辣老孙:日货的单麦，至今没敢喝！[汗] //@不惑的老杨:嘴叼了[偷笑]","test","18019","weibo-18019"
"weibo-5681","1","回复@王旭峰营养师:太感谢您啦希望年后咱们多合作[嘻嘻][干杯][干杯]有我才会更精彩[太开心][太开心] //@王旭峰营养师:提前给@金牌厨师磊磊 拜年了！祝身体健康、万事如意哈！[心]","test","5681","weibo-5681"
"weibo-1866","1","[哈哈] 早安！","test","1866","weibo-1866"
"weibo-50359","1","自焚 //@小女子青青Zoo_Cafe:[嘻嘻] //@狐狸大人的围脖:。。。。。 //@Mis_dan:哈哈哈哈","test","50359","weibo-50359"
"weibo-24192","1","混的好，头发向后倒[哈哈]","test","24192","weibo-24192"
"weibo-23300","1","到现在为止，最开心的事就是去菜场买菜，红的绿的一大堆[太开心]站在锅旁边才找到我的价值[奥特曼]","test","23300","weibo-23300"
"weibo-40978","1","回复@蘑小菇even:你才喝多喽，一帮兄弟行酒令，四季财，五魁首，都尼玛李白，杜甫干的活[哈哈] //@蘑小菇even:天哥已经喝多了吧…","test","40978","weibo-40978"
"weibo-40643","1","邪恶的15次。@米斯白兰卡 @北北爱加菲 @Ella张蕾蕾 //@一把柳叶刀: 俺白羊。[哈哈]","test","40643","weibo-40643"
"weibo-41589","1","[鼓掌]！四十席婚宴，大家辛苦！[握手][赞]","test","41589","weibo-41589"
"weibo-55729","1","[哈哈][哈哈][哈哈]//@Flying1128: 哈哈哈","test","55729","weibo-55729"
"weibo-41100","1","[哈哈] //@全球电影收录:这货居然还能骑！[吃惊]","test","41100","weibo-41100"
"weibo-29738","1","回复@赵小叶Leaf:我们一直在合作，你们一直很努力，期待继续！[握手] //@赵小叶Leaf:拜托兄弟姐妹们转发[亲亲][心][心][心]@易鹏 @路一鸣 @谭飞 @石述思 @白云峰 @唐炬的收藏 @高亮 @米蔻miko @皇家驿栈刘少军 @BTV龚宁 @黄超燕 @何璐璐225 @施春蕾 @tzy皮钧 @吴必虎 @王志安","test","29738","weibo-29738"
"weibo-22605","1","本次团购十分火热，希望大家不要错过美味呀[哈哈] [笑哈哈]","test","22605","weibo-22605"
"weibo-15668","1","哦也 存了 哈哈//@Kidul妖性归-残善泯: @M1ssn1na丶 @芝小仙 偶估计这个对你们会有些用[嘻嘻]//@搞笑大百科:装修以后很快后悔的80件事！","test","15668","weibo-15668"
"weibo-56558","1","@C-Y-KO @Alex平图里奇奥 @迎风流泪王小姐 [哈哈] //@今天我吃这个用这个:安妮日坛店我没去过不知如何，但三里屯店非常火爆，要订座不然就得等很久。因为菜色真的算便宜大碗，像意大利人家里妈妈煮的菜，人均80左右够吃high了。","test","56558","weibo-56558"
"weibo-8326","1","谢谢小纯颖给力推荐！[爱你]","test","8326","weibo-8326"
"weibo-19045","1","活动办得不错，外国朋友的中文太牛了[赞]//@嘉力kaly: 感谢国际友人研究院和加拿大使馆的支持,和捐赠企业的爱心!!免费午餐,因你而更加美好~[爱心传递]@邓飞 @肖隆君 @善养浩然 谢谢今天到场的志愿者们[爱你]","test","19045","weibo-19045"
"weibo-48566","1","[转发]//@龙腾精英模特经纪-北京官方: 好福利哪里找，当然是#龙腾精英#[鼓掌][鼓掌]//@田晓龙:[good]","test","48566","weibo-48566"
"weibo-54513","1","[哈哈][哈哈]//@上海陈子善: [哈哈] //@周立民在说话:[哈哈] //@致虚堂主亦工: //@专栏女作家:高端黑！[衰]","test","54513","weibo-54513"
"weibo-30178","1","#新巴中#我姐拿回家饿[嘻嘻]","test","30178","weibo-30178"
"weibo-37111","1","超爱这个现场，特别萌！[爱你][爱你][爱你]","test","37111","weibo-37111"
"weibo-1679","1","回复@光海神翼:呵呵，的确很美[可爱]","test","1679","weibo-1679"
"weibo-2432","1","在@厦门磐基皇冠假日酒店 学东南亚菜@厦门美食在热推 人好多有木有。[嘻嘻]待会有冬阴功哦[偷笑]","test","2432","weibo-2432"
"weibo-40870","1","#5A嵩县微之博动队#【恭祝新春】又是一年了，[嘻嘻]大家都辛苦了。[good]不再总结成绩了。此刻，[bm可爱]让我们张开梦的翅膀，[害羞]荡起双桨，[神马]迈向美好的马年春天......","test","40870","weibo-40870"
"weibo-13635","1","从不过昭苏到伊宁准备回京，利用最后一点时间疯狂采购啊，看俺的战利品，杏干，可以两吃的，外皮是杏脯，壳直接用牙就能嗑开吃杏仁，奶皮子粉、红茶粉也是这里特产，还有一个大烤馒头，还有n多的俄罗斯、土耳其的巧克力糖，还有这搪瓷碗喜欢死了，新家搬过去当饭碗啦[哈哈]","test","13635","weibo-13635"
"weibo-40676","1","等下我来一个，楼上女生的照片！[哈哈][哈哈][哈哈]","test","40676","weibo-40676"
"weibo-52478","1","参加＜男人帮＞FHM2012年度泰国百名最性感女人奖揭晓大典，自知不算性感，特中性打扮参加，用男人的眼光来欣赏尤物们，也是一件挺有意思的事[嘻嘻][嘻嘻]","test","52478","weibo-52478"
"weibo-23705","1","享受美食就是享受快乐！幸福从美食开始！[可爱][可爱]","test","23705","weibo-23705"
"weibo-27118","1","苍老师以后新作品都会在APP首发这件事我会到处乱说吗！ //@尹方鸣: [哈哈]苍老师太识货了，知道App要到360手机助手首发[偷笑]@kentzhu @fabio汪 你们告诉她的吧[哈哈]//@周鸿?:诸位空姐粉丝，我赶紧了解情况再向大家汇报。。。我也一头雾水了。。","test","27118","weibo-27118"
"weibo-43975","1","@大头de猫猫 @vera_hou 呵呵，还是养狗狗可以当神仙[嘻嘻]","test","43975","weibo-43975"
"weibo-50940","1","+1//@丁子烁:大美妞收到小王愤青的祝福咯！[太开心]//@王为4587: 生日快乐！！！大美妞！！！！","test","50940","weibo-50940"
"weibo-16902","1","[哈哈] //@独眼u:哈哈哈","test","16902","weibo-16902"
"weibo-11526","1","ありがとう！！！// 谢谢！！！ //@orangegirl-1985:よかった！おめでとうございます！ //@静冈叔叔:[给力] //@正能量吸收ing:终于成功啦！[哈哈][威武]","test","11526","weibo-11526"
"weibo-14797","1","在农场 肉 鸡 鱼 蔬菜 都是天然的… [哈哈][哈哈][哈哈] 下月员工生日聚会去啊 @宁静致远_峰","test","14797","weibo-14797"
"weibo-12601","1","一早就看正能量！[哈哈]","test","12601","weibo-12601"
"weibo-57045","1","佛山洲际酒店的意大利铜餐具很是特色[嘻嘻][嘻嘻][嘻嘻]@face雄 @广州电台杨滨 @白头佬龙趸","test","57045","weibo-57045"
"weibo-10822","1","生日快乐@忧郁的石头joe ，屁股挺白的啊[哈哈][哈哈]","test","10822","weibo-10822"
"weibo-16418","1","还是那么稀罕你[爱你][爱你][哈哈]","test","16418","weibo-16418"
"weibo-25110","1","第37张明信片！我喜欢这样超大的屏幕！[哈哈]把地址邮编私信过来！","test","25110","weibo-25110"
"weibo-53089","1","最爱踩点神马的了[嘻嘻][嘻嘻]","test","53089","weibo-53089"
"weibo-5202","1","#小编传送门#小编已经看到洋气的墨水啦，好有FU~[太开心]","test","5202","weibo-5202"
"weibo-540","1","哈哈哈谢谢老姐[爱你][爱你]","test","540","weibo-540"
"weibo-23456","1","这太牛掰了，搞一个当手机铃绝对拉轰[哈哈][哈哈][哈哈]@大肥小肥肥","test","23456","weibo-23456"
"weibo-38887","1","#店内风光#此刻真愿意时光停滞，永远这么悠闲自在，喝一杯茶，阅一段风景，旁边有人陪伴我看尽细水长流，那就足够！[可爱][害羞]","test","38887","weibo-38887"
"weibo-46444","1","回复@非乐不忆:掌上自然观察宝典[熊猫] //@非乐不忆:轻巧随行，一手掌控！[ok] //@郭颖谦：中国第一本国家公园自然观察手册！汇集梅里雪山野生动植物400多种，精美彩色图片500余幅！这开本肿么那么可爱啊[太开心]","test","46444","weibo-46444"
"weibo-14027","1","我是很想体验跳伞的……飘飘悠悠的赶紧应该不错[嘻嘻]","test","14027","weibo-14027"
"weibo-54100","1","我们之间木有游戏，只有一辈子的将爱情进行到底，你们懂的[爱你]@蝶舞阡陌 @柳小盒盒儿最迷糊 @侯子爱吃草莓 @芭莎少辉 @yufan616","test","54100","weibo-54100"
"weibo-29477","1","回复@六_悦:这就去试试。哈哈[嘻嘻] //@六_悦:东方新天地门口好打车","test","29477","weibo-29477"
"weibo-45816","1","@好奇官方微博 @帮宝适 @妈咪宝贝 [哈哈]","test","45816","weibo-45816"
"weibo-23821","1","[嘻嘻]//@杨真铸: 下一年还有机会！！[哈哈][哈哈][哈哈] //@消防集成程乔漉:我没参与。实话实说不好意思的感觉。 //@杨真铸: 程总斩获了多少？？？ //@消防集成程乔漉:我有同感，是购物节，好像不买点啥都不好意思。","test","23821","weibo-23821"
"weibo-8709","1","我也要参与[哈哈]@谢元春子 @菜花caulicai @大鹏董成鹏","test","8709","weibo-8709"
"weibo-9557","1","/@欢喜幸福心:因为买你家的地皮菜很干净，很好洗、很好吃，所以这几天基本上天天都是地软包子、地软水煎包、地软炒菜。[嘻嘻] 以前买1斤要吃很久，现在看来我很快就会吃完了。你的网上商店开业了吗？网址？","test","9557","weibo-9557"
"weibo-26132","1","//@闲学少年: 。。。因为 这些吃客不是杂种 都是如假包换的纯种蛀虫[哈哈]","test","26132","weibo-26132"
"weibo-38632","1","这不放一块说都没意思[哈哈] //@海鹏鹏:理想国际四杰 @魔力-老A","test","38632","weibo-38632"
"weibo-29064","1","今天终于吃饱有望@Nuriafeng [哈哈]","test","29064","weibo-29064"
"weibo-55352","1","严禁搞办公室恋情！[哈哈]","test","55352","weibo-55352"
"weibo-44683","1","好牛！ //@冷笑话精选:哇~!!真系劲过王菲喔！[哈哈]","test","44683","weibo-44683"
"weibo-21416","1","感谢zhang局的分享[可爱]#佛罗伦萨西餐厅#的童鞋们在践行calling guest by name方面做得还是很出色的。以后常来坐坐哦～@christina蓉","test","21416","weibo-21416"
"weibo-46805","1","同意……[嘻嘻]","test","46805","weibo-46805"
"weibo-8837","1","[心][围观]//@尚雯婕: 等下MR工体爱心晚会上见哈各位！[爱你][爱你] @MusicRadio音乐之声","test","8837","weibo-8837"
"weibo-43667","1","哇拍立得[爱你]","test","43667","weibo-43667"
"weibo-20058","1","[太开心]生日快乐！！~~幸福哦//@懒猫丫丫的生活别处: @泡饭与逗逗 ，谢谢你的花哈，下次送满把钻石就更让我激动了[哈哈][爱你][太开心]","test","20058","weibo-20058"
"weibo-19791","1","[嘻嘻]最后一张是亮点哦，好可爱的宝宝[太开心]","test","19791","weibo-19791"
"weibo-32699","1","小时候脸型和子子很像你不觉得么？[哈哈][蛋糕] //@大喜庆:一看就挑你好看的发[哼]我小时候不一瘦猴么，邻居家小孩吧这是…禁止再爆隐私啊","test","32699","weibo-32699"
"weibo-20725","1","回复@KENT二??:是地[可爱] //@KENT二??:生日快? 你是?子座? //@远通维景酒店:努力！奋斗！ //@劳拉0215:支持 //@王东东Paul:真给力，这是重视员工、关爱员工的体现！！ //@刘倩lily: //@远通维景酒店: 这个很给力 //@筱爱米:这个可以有！@南京维景国际大酒店","test","20725","weibo-20725"
"weibo-37752","1","[哈哈]换过方式，吃着格拉条和喝着啤酒来旅游//@阜阳王鹏: 唱着防盗rap去旅游//@齐云山风景区: 微博上面有具体的报名方式//@ahfyrdw123夜色: 是个好活动，我参加，在那报名呀","test","37752","weibo-37752"
"weibo-40187","1","[偷乐]吃货的人生就像一列火车……总结起来就是，逛 ------吃，逛----吃，逛---吃，逛吃逛吃逛吃逛吃逛吃……哈哈，欢迎大家来西江美食舫逛吃逛吃逛吃哟~~[嘻嘻][嘻嘻]","test","40187","weibo-40187"
"weibo-31099","1","@爱倒饭 @陈jianfei @张岩_长江 [嘻嘻][嘻嘻]//@何群荣的广州笔记://@樊文泽: //@黄栋林: 当真？ //@传媒老王:【转给好久没有写和看到情书的童鞋】","test","31099","weibo-31099"
"weibo-16805","1","如诗如画的梦幻假期[嘻嘻]","test","16805","weibo-16805"
"weibo-20726","1","#我发备品，你猜酒店# [爱你] 这个大家都会“顺走”吧？[花心]","test","20726","weibo-20726"
"weibo-42621","1","[哈哈]//@懒思理: 这个可以的哈哈哈","test","42621","weibo-42621"
"weibo-39454","1","#刘忻七个朋友# [爱你] //@刘忻:[酷]小样！被我发现了吧[哈哈][哈哈][哈哈][奥特曼]","test","39454","weibo-39454"
"weibo-48324","1","[威武]//@淘宝玄生: 回复@搜狐酒评网:啧啧，幸运的获得第一名，1000元现金到手！感谢各种TV，感谢大家，我爱你们！[嘻嘻] //@搜狐酒评网:一等奖们，快来领奖了。@淘宝玄生 @翩翩百合 @Penny潘潘潘潘 @琦921 @快刀一把","test","48324","weibo-48324"
"weibo-49602","1","//@满华KEVIN: 起诉公交公司 //@笑笑FM1031:贝蒂你是最棒的![爱你][爱你][爱你][good]不要伤心，都会好起来的!相信有一天你会昂首阔步的带爸爸坐上济南公交!!!加油[亲亲][亲亲][亲亲][亲亲][亲亲]","test","49602","weibo-49602"
"weibo-9420","1","以我的性格，回到三国的话，应该是小乔。@王上嘉伤卡 @安国寺的一休 和@神仙爱小妖 发微博的风格像曹操，@维多儿 和@章琳-- 像小乔。[哈哈]测试网址http://t.cn/zO8zpyX","test","9420","weibo-9420"
"weibo-35388","1","[哈哈]//@09高二2雪曼: //@贾洪飞的blog: [那一抹动人的风情] 走进车师古道，也就走进了历史。车师古道跨越天山南北，是一条有两千多年历史的古道，沿途有古代堡垒遗址、烽燧、石人等人文古迹，也有石门、天桥、瀑布、温泉、奇树异花等自然景观。非常的美。","test","35388","weibo-35388"
"weibo-58623","1","这么好的天气上班，为了弥补好心情去逛街吃东西[嘻嘻][哈哈]","test","58623","weibo-58623"
"weibo-27037","1","来到番禺长隆酒店白虎餐厅参加中国电信号码百事通举办的""爱优惠""会员活动.和我照相的是号码百事通的蔡总[嘻嘻][嘻嘻][嘻嘻]","test","27037","weibo-27037"
"weibo-13602","1","回复@落寞天涯V:扬州自古出美女，现在“三个幸福”，更是处处见美女！ //@落寞天涯V:陆总今天心情不错，凭窗远眺，若多个扬州美人，景色更佳[哈哈]","test","13602","weibo-13602"
"weibo-36667","1","有三样菜相伴！生活每天充满激情！[可爱]","test","36667","weibo-36667"
"weibo-43500","1","[鼓掌] //@摩羯玛丽:Lets 热烈关注！猛烈转发！[围观]","test","43500","weibo-43500"
"weibo-14754","1","浩然带来大气[笑哈哈] //@浩然大气:我来逮住你俩！ //@毒眼王文鹏: 哈哈，马上发给微博想念一下你 //@五月V: 文鹏，我想我其实只做到了一件事：逮住你[哈哈]","test","14754","weibo-14754"
"weibo-429","1","没有最假,只有更假!!![哈哈]","test","429","weibo-429"
"weibo-50031","1","酱棒骨+酱豆皮+羊肉串+羊肉烩面，豫大碗，武警总医院旁边[嘻嘻][嘻嘻]","test","50031","weibo-50031"
"weibo-44957","1","李老板生快啊[可爱]","test","44957","weibo-44957"
"weibo-42946","1","[害羞]虽然做的很矬,但是还是需要大家帮我投票哇 http://t.cn/StiNZP 面包机版直接法北海道吐司 就是这个啦[爱你]谢谢大家","test","42946","weibo-42946"
"weibo-2631","1","我称她们为亲爱的or宝贝们[嘻嘻] //@环球家居:我们称她们为姐妹","test","2631","weibo-2631"
"weibo-43962","1","呵呵！是佳佳吗？[可爱] //@阳光下的大格格:哇哦哦，苏帮主又上朝廷台了哈哈哈。你猜你猜我是谁，我猜你猜不对哈哈哈//@三样菜帮主: 呵呵！看到我啦！元旦快乐哦[爱你]","test","43962","weibo-43962"
"weibo-31034","1","空?真好[嘻嘻]","test","31034","weibo-31034"
"weibo-53860","1","上传了17张照片到“微相册”。 #美丽珠江我的家#外拍活动，第一次拍麻豆，还挺好玩的[嘻嘻]，上部分大头照，有机会整个定焦大光圈去拍！@拍好广州 @锦绣半岛-敏捷地产 @珠江新城在线 @机车宝 @徐徐 @牙刷Jon http://t.cn/zHxxB2e","test","53860","weibo-53860"
"weibo-44264","1","开眼开眼！//@自己不加V：@KINKI雯晶ZHAO 你们多找点老的广告吧，放在@昔巷怀旧主题餐厅 多好玩儿[嘻嘻]","test","44264","weibo-44264"
"weibo-41508","1","[哈哈] soldes 中买到的最好用的护肤品！强推荐#O2D-biotic # ―we can say:用了他家的眼霜和面霜之后 肌肤如牛奶般润滑！而且瓶子的造型好Q呀, 重点是3折优惠 吼吼 @CheRieXiXibAbe @嘟嘟小草","test","41508","weibo-41508"
"weibo-48007","1","「上个月的丽江行」谢谢 @孟苗的围脖 ，你总是那么疼人[爱你]。@金霖_爱 @张芷? 上月19号 整整一个月哦[嘻嘻][浮云][音乐]","test","48007","weibo-48007"
"weibo-34987","1","谢谢辩手们带来的精彩[心]大家太棒啦[爱你]@小绿妮儿 @Farewelloy @小熊懂雨桐非未桐 @2012级中国传媒大学文学院 #和学生在一起的大学时光#","test","34987","weibo-34987"
"weibo-30873","1","我想说懒得转…[哈哈] //@懒人业余餐厅厦门店:[偷笑][偷笑][偷笑] //@了了winnie:懒得拍，懒得发，懒得写。所以转了～","test","30873","weibo-30873"
"weibo-26096","1","[哈哈][赞] //@Cindy_wuyunyu:江南落雪了，那是天空写给苏州的情书。[哈哈][哈哈][哈哈]//@朱宁杰Luck_Zhu:@andy蘑菇? @奶油JERRYGU @Cindy_wuyunyu 今夜苏州要下大雪 将有3―5厘米的积雪！[雪][雪][雪]】","test","26096","weibo-26096"
"weibo-6981","1","澳门是个适合旅游的地方[嘻嘻] //@新浪江苏旅游:今天是12月20日，不知不觉，澳门回归已经有第十二个年头了，还记得当年澳门回归那首脍炙人口的歌《七子之歌》吗？“你可知MACAU不是我真姓，我离开你太久了，母亲。”","test","6981","weibo-6981"
"weibo-46692","1","太乖了！[爱你][爱你][爱你]","test","46692","weibo-46692"
"weibo-6007","1","[哈哈]说话越来越有艺术 //@周鸿?:许单单小朋友，你要成熟点，一看就是新创业者刚入行，当心巨头封杀你的网站流量，骂人没用，只会吃官司，还肯定输，说你诽谤首富。你唯一的办法就是鼓励支持市场竞争。","test","6007","weibo-6007"
"weibo-49221","1","#美事偷着乐#积聚了一周的压力，让一幅图给通通扫清！[爱你]","test","49221","weibo-49221"
"weibo-2759","1","那个咱这算赤裸裸的调戏么？[嘻嘻][嘻嘻] //@SARA莹莹-松鼠007:哇咔咔瓦们三个态度空前一致有木有[嘻嘻][嘻嘻][嘻嘻]恩有感脚帅估计她自拍照会灰常好看","test","2759","weibo-2759"
"weibo-38730","1","#过年了#新春我做第一顿[可爱]桂花醪糟蛋[亲亲] 我在:http://t.cn/zYILBtm","test","38730","weibo-38730"
"weibo-22","1","哦，是双子男吗？旅游版组的成分好复杂呢[抱抱] //@玫瑰禁?：欢迎双子男。//@秦洲同：赶紧加上V，要不然走丢了不好找。//@雨齐Daisy：不错呀~ 新同事要加V么…… @伊比利亚火腿","test","22","weibo-22"
"weibo-33883","1","偶的天，原来我们的车不是在贬值，是在升值[哈哈][哈哈]@东南亚小富婆 @蕙蕙ybbhuihui @小富婆她四爷","test","33883","weibo-33883"
"weibo-3787","1","赞气质书女！转整理书评[鼓掌]@普华文化 @雨枫书馆 @人民邮电出版社","test","3787","weibo-3787"
"weibo-25183","1","要木？要木？[哈哈]","test","25183","weibo-25183"
"weibo-31750","1","孟凡贵这下出名了，图片都到了美利坚了！ //@老沉:[哈哈] “这才是真正的总统（主席）…不像生活在美国的那个浪费金钱的白痴（Now there is a REAL President.....not like the money wasting idiot that lives in corrupted America）”","test","31750","weibo-31750"
"weibo-3855","1","遮住是为了掩饰对你的冒犯，可还是挡不住要看[嘻嘻]","test","3855","weibo-3855"
"weibo-17633","1","节能建筑必将是方向。提个小建议，这个配图容易产生歧义：会不会以为绿色建筑就是楼面爬满绿箩啊？[哈哈]","test","17633","weibo-17633"
"weibo-44091","1","回复@Cp猪猪宝宝兔咔仔:原来在新宿店，三月底调过来的。 //@Cp猪猪宝宝兔咔仔:以前我住麻布十番经常去次，怎么不晓得马剑您哦[哈哈][哈哈] //@马剑是谁:回复@海?日?:去中国大使馆的路上，大楼对面 //@海?日?:呵呵，六本木店到现在都不知道在哪里，结果每次都去赤坂店[嘻嘻]","test","44091","weibo-44091"
"weibo-42279","1","你要去相信每一朵花都有自己的春天，你要去相信没有到不了的明天！大家早点休息唷，储备能量迎接周五~[鼓掌]","test","42279","weibo-42279"
"weibo-33590","1","我也?用了?本?薄仔了！[嘻嘻] //@OL醉??房:很?用的?物, 已?在使用中了!//@拉??人: 感?大家?支持！！！@KC?味?? @Isaac的?局?味 @OL醉??房","test","33590","weibo-33590"
"weibo-7979","1","[哈哈] //@北京青年周刊:#北京播报# 北京有大雾，上班别迷路。[生病]","test","7979","weibo-7979"
"weibo-29771","1","目测是个U熊啊，亲[嘻嘻][嘻嘻]@王萌1984","test","29771","weibo-29771"
"weibo-1109","1","寓教于乐的教学，让大家轻松学习，快速掌握！[鼓掌]","test","1109","weibo-1109"
"weibo-44082","1","很美，很惊艳[爱你] //@比撒旦还坏: @Dinah_110 @浪子学士 @Sheryl用心 @橙殇cici @Su苏打夹心 @无敌王笑笑 @??小福的?-_- @Figo晖 @岚渊 @洪亮_蓝蚂蚁 @果果HO @玉Alex @雪_瓶子 @何雪0416 @悠客YUKI @托库托伊芙 @去哪儿网 @冯洁-去哪儿网","test","44082","weibo-44082"
"weibo-40610","1","[哈哈] //@四季芭比:不愧是西安的孩子阿[鼓掌] //@肉夹馍爱上点点:米皮，凉皮，擀面皮！","test","40610","weibo-40610"
"weibo-56873","1","致力于狗狗事业的@?? 同志生日快乐[嘻嘻][蛋糕][礼物]","test","56873","weibo-56873"
"weibo-54338","1","蓝色港湾，北京电台地面推广活动，走起！有在附近的木有？[鼓掌][鼓掌]","test","54338","weibo-54338"
"weibo-5645","1","HSMM依然经典//@于鸿儒: 京东客服太可爱了！//@京东商城: 强烈要求其兑现100台……[哈哈]//@红尘废人: http://t.cn/S2DruK 原链接....哈苏，一台22万，尼玛100台.....//@京东商城: 强烈要求其兑现100台……[哈哈]//@红尘废人: http://t.cn/S2D","test","5645","weibo-5645"
"weibo-10993","1","大概8点20发[哈哈][哈哈]","test","10993","weibo-10993"
"weibo-45793","1","//@刘铨淼: 应该罗着站领奖//@CrazyWorld疯狂世界: [抱抱] 罗汉","test","45793","weibo-45793"
"weibo-17011","1","看不清 要拍大点[哈哈]","test","17011","weibo-17011"
"weibo-55369","1","回复@Shawn7in:望海路 海上世界 C区 //@Shawn7in:打算开在花园城那边? 目前对莲花店比较有爱 //@蚝爷:[哈哈][威武]这6年前 收藏的，终? 家了！将在深圳 蛇口 生根","test","55369","weibo-55369"
"weibo-32700","1","好想带闺女和双双姐姐一起去啊[可爱][嘻嘻] @-豆莎-","test","32700","weibo-32700"
"weibo-22723","1","回复@PLAY娃娃N1:[赞] //@PLAY娃娃N1:回复@途易在线: @途易在线 MS全中了诶！[爱你] //@PLAY娃娃N1:#途易在线竞猜欧洲杯#冠军西班牙，接着是意大利和德国，葡萄牙 @途易在线","test","22723","weibo-22723"
"weibo-56593","1","不要肆意演绎，总司令官是他孙子的爷爷！//@徐昕: 金三本来就是孙子[哈哈] //@作家-天佑:赶紧打吧，不打你们是孙子！","test","56593","weibo-56593"
"weibo-13014","1","@雪花狸 //@蔡康永：就在半?半醒之?、?向下一??末吧哈哈！[嘻嘻]","test","13014","weibo-13014"
"weibo-9384","1","销售情况火爆[哈哈]","test","9384","weibo-9384"
"weibo-57192","1","这么沉？！那么切它的刀?????宝刀啊！不过看着挺好吃的。 //@SOHO中国的小武:比新疆大盘鸡贵多了[哈哈]","test","57192","weibo-57192"
"weibo-7980","1","【获奖公告】恭喜@大美爱拉 被抽中获得台湾免费游的资格！她去台湾想吃台湾牛肉面、想拍无数漂亮的图片~这次都满足你！[太开心]没中奖的童鞋还可以试试新的活动哦>http://t.cn/z84xtcK","test","7980","weibo-7980"
"weibo-5339","1","[哈哈]@opiunnXingXing","test","5339","weibo-5339"
"weibo-33244","1","今天提前为黄总庆祝18岁生日，恭喜快成为成年人了[哈哈]","test","33244","weibo-33244"
"weibo-9681","1","女39 大红 快来一双老板[嘻嘻]","test","9681","weibo-9681"
"weibo-11185","1","//@静观云涛1399: [给力][围观]//@张继坤微语: //@lap-tina:[太开心] //@zhuzi6336: //@lap-tina:[good]","test","11185","weibo-11185"
"weibo-25667","1","所以不是现在不在一起，其实一直在一起[哈哈]","test","25667","weibo-25667"
"weibo-45780","1","实用帖，当然要大家一起分享啦~选口罩也是有学问的[可爱]","test","45780","weibo-45780"
"weibo-50569","1","这样的对话才是最强音[嘻嘻] //@陈朝华:总比写黄色小说的老吊丝高雅那么一滴滴！ //@夏商: 办黄色低俗娱乐杂志的总编格调能高到哪去[挖鼻屎] //@陈朝华: 好吧，我错了！","test","50569","weibo-50569"
"weibo-43467","1","这个拥抱的前后，差距太大鸟~~[嘻嘻] //@家有熊仔:好感人","test","43467","weibo-43467"
"weibo-38459","1","[赞]这重量，绝对的精准啊。。哈哈。。。[嘻嘻][嘻嘻][嘻嘻]","test","38459","weibo-38459"
"weibo-5394","1","美丽海沧在你镜头下更美啦！[嘻嘻]","test","5394","weibo-5394"
"weibo-41456","1","[哈哈][哈哈][哈哈]，现在它是我的手机铃声！","test","41456","weibo-41456"
"weibo-34591","1","有幸当第一个听众，听@付洋Kenny 分享Madrid fusion。名厨、美食、艺术的创意，还有专注的极致。真的，只要用心，不仅能打动味蕾，更能感动心灵。@黑云都 @太原国宏 @花姐爱遛遛 @SandyWM @王菁瑛 @张小姜姜姜 期待@付洋Kenny 的西班牙创意美食！[鼓掌][鼓掌][鼓掌]","test","34591","weibo-34591"
"weibo-27441","1","提醒大家赞助了第三级募捐的朋友，因要快递书，明天是春节前快递最后一天，望大家今天抓紧抢拍，明天就可以把书快递出去了！昨天认购的朋友今天已经收到书了[爱你][爱你]，认购链接: http://t.cn/8FGfuj1","test","27441","weibo-27441"
"weibo-18620","1","又来了吖。。[爱你]天冷泡个温泉真好。。","test","18620","weibo-18620"
"weibo-11637","1","怕怕~~~~[哈哈][哈哈]","test","11637","weibo-11637"
"weibo-12467","1","#幸福家居# 清爽蓝调风格家居设计，是否符合你此时的心境呢？[可爱]","test","12467","weibo-12467"
"weibo-20535","1","水城的初春特?美好，下榻的best western 房?古老?精?，生怕碰??面的玻璃?具[嘻嘻]","test","20535","weibo-20535"
"weibo-53783","1","@付晗CNR 都吃全了没有？[嘻嘻]貌似，对于出去，我只关心吃的好不好~[嘻嘻]//@漫画铺子: 我要去台湾夜市！！ 流口水了！！！","test","53783","weibo-53783"
"weibo-22634","1","[赞][爱你]//@香港卫视杜利勇: 爱她就带她去婺源！","test","22634","weibo-22634"
"weibo-23369","1","?儿驾！[嘻嘻]","test","23369","weibo-23369"
"weibo-34124","1","#昆航三周岁微博派对#有奖转发活动抽奖结果新鲜出炉啦！共有15名幸运粉丝获得了由昆明航空公司提供的金属飞机钥匙链，感谢你们对昆明航空的大力支持，也希望你们能够一如既往的关注昆明航空，我们会在今后不断推出更多、更好的微博活动，期待着您的参与。[可爱]","test","34124","weibo-34124"
"weibo-18374","1","[哈哈]好欢乐的场面[心]#雨枫直播#","test","18374","weibo-18374"
"weibo-33374","1","The best lips in NYC @MianFan [哈哈]","test","33374","weibo-33374"
"weibo-38634","1","[哈哈][哈哈][哈哈][哈哈] //@骑车的小胖:打脸//@zjtop:钱多，人傻，速来！ //@纪许光: 同意右边意见！ //@浩正刘臻:谁傻还不一定呢，你知道有多少回扣？！","test","38634","weibo-38634"
"weibo-20515","1","//@头条新闻:[哈哈]这个老外有趣啊。。。","test","20515","weibo-20515"
"weibo-16048","1","这就是创意！[鼓掌][鼓掌]","test","16048","weibo-16048"
"weibo-42643","1","原来家中的灰尘都是沙漏之沙啊[哈哈]，有趣有趣！","test","42643","weibo-42643"
"weibo-10952","1","动物园饲养员[嘻嘻]负责大型猫科动物和犬科动物~","test","10952","weibo-10952"
"weibo-50698","1","欢迎来蹭饭，心情好的时候还接受点菜！[嘻嘻] //@小脸丽莎:会煮饭的男人最帅气鸟[哈哈][哈哈][哈哈]","test","50698","weibo-50698"
"weibo-17711","1","回复@love_yoka:今天晚上继续更，一边夸年一边更！[哈哈][哈哈] //@love_yoka:[赞]特别棒~等待更新哦~ //@那年那月nina:回复@彼岸_Claire:你起的好早好早 //@彼岸_Claire:这张特别芭比~[可爱]","test","17711","weibo-17711"
"weibo-1864","1","@merlinsher [爱你][太阳]","test","1864","weibo-1864"
"weibo-20902","1","#玩转皇后镇# 路边水果店里墙上的钱币地图，壮观吧[哈哈]！@新西兰旅游局 @新西兰航空中国","test","20902","weibo-20902"
"weibo-811","1","比起费尽心思炒作， 做好定位和挖掘才是最重要。 龚兄所说的也正是我之前一直提倡的路数。 想在微博卖东西的都应该看看。 龚兄这个""学术帖""本身又成为它客户的一个传播点[哈哈]#5min笔记#","test","811","weibo-811"
"weibo-54811","1","嘿嘿…专题出来了呀…[嘻嘻]各种进补(^V^) //@海鲜大叔:回复@牯岭街少年:冬季进补正当时！ //@牯岭街少年:@海鲜大叔 @宴遇吴嵘 @BOSS胡思 @joey8680 @融绘 @卖海鲜的老船长 @厦门晚报美食周刊 @闻香识包子 @玛攸拉 @厦门野牛 @星歌1988","test","54811","weibo-54811"
"weibo-50718","1","[爱你]，一定会给力！","test","50718","weibo-50718"
"weibo-42992","1","超唉这个宝宝~真可耐~~[爱你]","test","42992","weibo-42992"
"weibo-14876","1","逗你玩：可爱猫咪玩躲猫猫[嘻嘻]","test","14876","weibo-14876"
"weibo-2261","1","哈哈，蚊子超多，腿都被咬肿了//@Maggie_邱琼:吼吼~牛鼻哄哄的//@七洲网游侠: [哈哈][爱你]//@七洲网浪侠:[赞]@七洲网","test","2261","weibo-2261"
"weibo-438","1","[嘻嘻]怎么称重呢？//@守望地球野外科研志愿者机构:体长达740～830mm的滇金丝猴，你知道怎么为他称重吗_______？快快来回答探叔的问题，还有机会赢得探路者野餐垫！","test","438","weibo-438"
"weibo-25550","1","恭喜@黄玺赫 获得2013北京富力万丽酒店春季环保婚礼秀微博转发活动大奖！[鼓掌]您将获得北京富力万丽酒店BLD西餐厅双人自助晚餐券一张[挤眼]请您尽快私信小编领取奖品。感谢您积极参与我们的活动，并在婚礼秀当天拍下了那么多那么美那么动人的照片，感谢您的参与！同时也感谢所有到场参观的准新人们！","test","25550","weibo-25550"
"weibo-41321","1","突然很想打电话给某人，想了想又不知道该说什么，脑子里一遍一遍地建构和设想谈话内容，最终还是放弃了~你们有这样的时候么？[可爱]","test","41321","weibo-41321"
"weibo-48557","1","#我为长城添块砖#【穿越金山岭 体验皇家风情】达人带你发现普宁寺大乘之阁的神奇之处，快快来看吧！[爱你]","test","48557","weibo-48557"
"weibo-25388","1","下雨了，呵呵，明天会变冷咯，不过，我的心好暖好暖[嘻嘻][哈哈][爱你]","test","25388","weibo-25388"
"weibo-34181","1","帅气 //@nobutter:@晴天不晒 鼓手 //@DruMen打击乐俱乐部_格_林_丽_芳:欢迎来玩[嘻嘻]音乐 //@超级宇宙朱:音乐也有了，真好，文艺范十足了","test","34181","weibo-34181"
"weibo-30300","1","真近啊，我就在17楼办公室，是不是要马上下5楼@大树芒果 去啊！//@古月之冰: 目前在经三路与广电南路的@大树芒果 //@芷郁兰青:安迪好字！ps:安迪你说说具体地址。 //@安迪中国行:回复@钻石小敏:现在安迪在@大树芒果 处摆摊制作烫字葫芦[可爱] //@钻石小敏:求地点！！","test","30300","weibo-30300"
"weibo-54241","1","我一眼看见彭小坦了[哈哈]//@无气质大中分: 眼花的阵容。。","test","54241","weibo-54241"
"weibo-22322","1","哈哈，里面还有你俩倩影呢[哈哈][哈哈] //@靓靓happiness: 必须转哈~[偷笑]","test","22322","weibo-22322"
"weibo-11396","1","又看清楚了两美女，还是@岳? 的照相水平好啊[哈哈] //@岳?:转发微博。","test","11396","weibo-11396"
"weibo-56187","1","@杨沐春涓 猜得出拍摄地么[可爱]","test","56187","weibo-56187"
"weibo-50508","1","//@全球奇事趣闻:手机也有内裤穿了~[哈哈]","test","50508","weibo-50508"
"weibo-6708","1","@山阳英雄 [熊猫][兔子][嘻嘻]","test","6708","weibo-6708"
"weibo-35832","1","//@大本营鸿才: //@我滴足迹: @小邮袋 @小邮袋1969046637 @小史伯爵子 好像大吃一顿[太开心][太开心][给力]","test","35832","weibo-35832"
"weibo-14239","1","常常微旅行，三五天出门，时间一分一秒，空间一站一到，值得迷恋任何从车窗快速掠过的风景。只要出门，我就带着它，跟着我，Nixon。[嘻嘻]","test","14239","weibo-14239"
"weibo-32245","1","[嘻嘻]想法不错。","test","32245","weibo-32245"
"weibo-29606","1","#55时尚盛典#一个美好而难忘的夜晚[爱你][鼓掌]@55BBS","test","29606","weibo-29606"
"weibo-39323","1","回复@碳粉知己786:[哈哈] //@碳粉知己786:拍得很有感觉，一定是偷偷拍得，唯恐惊扰小家伙！[偷笑]","test","39323","weibo-39323"
"weibo-1936","1","[哈哈]我今天刚和@沈?凝白狐狸 谈起过这个笑话//@崔兰兰Lorraine: 昨晚我绘声绘色的给老爸讲这个笑话，特想让他感受下微博里我们年轻银的欢乐，结果他听完故事，沉默良久，说：奥特曼是什么？[黑线]//@张泉灵: 银行里下象棋的奥特曼。[哈哈]","test","1936","weibo-1936"
"weibo-47001","1","夜游小岛[鼓掌]","test","47001","weibo-47001"
"weibo-10517","1","[哈哈]//@珞珈山小将:准备出发啦~~~","test","10517","weibo-10517"
"weibo-20842","1","因为人家开心撒[哈哈] //@嘻哈包袱铺官方微博:小倩，你敢不敢不一张照片发两条微博？！","test","20842","weibo-20842"
"weibo-58816","1","[鼓掌] //@极之美极地旅行专家: #2012极之美世界之巅破冰之旅#【终于起航了！】我们的北极团队终于从摩尔曼斯克起航了，迎接他们的是广阔壮丽的北冰洋。@极之美极地旅行专家 和@极地俱乐部 将全天候支持！更多精彩内容请继续关注[good]@玄奘之路 @发现中国豆豆 @极之美韩伟韬 @","test","58816","weibo-58816"
"weibo-45771","1","从阿里全资收购高德来看 是不是这几大公司投资了某公司就意味着以后要全资收购了[哈哈]","test","45771","weibo-45771"
"weibo-11339","1","回复@五哥曹进:哈哈，曹老师别笑话我鸟[偷笑] 装甲也行，过足我瘾哪。[馋嘴] 反正我不在“总装”[哈哈] //@五哥曹进:@歌手晗月 又一个装甲兵，＂假装＂的。哈哈[偷笑] //@歌手晗月:[害羞] 我哪有这么美呀[哈哈]","test","11339","weibo-11339"
"weibo-43443","1","//@收录唯美图片:[哈哈]","test","43443","weibo-43443"
"weibo-16247","1","手机听电台，看来是趋势啊！[嘻嘻]","test","16247","weibo-16247"
"weibo-1145","1","家里会很脏吧，不过这样就不怕小孩子在家里乱画了//@ELLE：黑板上老师的粉笔还在拼命叽叽喳喳写个不停，等待着下课等待着放学等待游戏的童年！” [可爱] 你是否也有黑板情结呢，一块小黑板让你的家充满趣味！","test","1145","weibo-1145"
"weibo-43702","1","如果是炒的话，放把＂小青菜＂大战僵尸粉吧，佐料全凭各人喜好，味道应该不错。[哈哈]@山哈小明","test","43702","weibo-43702"
"weibo-15652","1","原来如此[嘻嘻]","test","15652","weibo-15652"
"weibo-19574","1","今天从安顺到宁镇黄果树大瀑布，希望能看到绿水盈盈的瀑布，早餐吃了羊肉粉，羊味很正[哈哈]，还有老板送的辣椒，不错","test","19574","weibo-19574"
"weibo-42029","1","只要功夫深，菜刀刃上论人生！[偷笑]//@小炳刚: 只要功夫深，洋芋梦想会成真！@写手荷青 @南蛮洋芋 [哈哈][哈哈] //@写手荷青:[挤眼] //@小炳刚: 做早餐更营养吧！[馋嘴][馋嘴]@南蛮洋芋 @写手荷青","test","42029","weibo-42029"
"weibo-47538","1","[馋嘴]小杨，我的最爱啊[哈哈] http://t.cn/zOfvs6T","test","47538","weibo-47538"
"weibo-59410","1","黑总来的话，我们一定对外招租你的半边床。[嘻嘻] //@朱小黑:大通铺还是上下铺？谁租半边床？","test","59410","weibo-59410"
"weibo-4717","1","有阳光的日子奏是开森！[嘻嘻][嘻嘻][嘻嘻][嘻嘻][嘻嘻]","test","4717","weibo-4717"
"weibo-9098","1","Ms跑得有点远！[哈哈] 我在:http://t.cn/8sbUG6G","test","9098","weibo-9098"
"weibo-28915","1","准备开工了，天气不错……[嘻嘻]","test","28915","weibo-28915"
"weibo-13521","1","看小二难养，女人怀孕生子不容易，特别感谢我在生孩子这一年给予关照的同学们[可爱]，永远记得[心]@莎_沙漠小草 @处端 @阿坚同学 @小跳你好 @心远则行 @陈国成-伯雷 @淘宝元绰 @机器人小淘 @小逐子驾到 @思函_ @小哲别 @linux_china @枫林夕照_随心而行 @XX的三通 @吴策cc","test","13521","weibo-13521"
"weibo-43429","1","将要奔3的人儿，今儿生日快乐哈！！[哈哈][哈哈][哈哈][蛋糕][蛋糕][蛋糕]@小小祺_vic要休养生息 不愧是一家子，这么巧的事都能发生！哈哈[哈哈]生日快乐","test","43429","weibo-43429"
"weibo-26264","1","最后一本[嘻嘻]","test","26264","weibo-26264"
"weibo-32854","1","六十五?完??束[爱你]","test","32854","weibo-32854"
"weibo-8335","1","//@Kiri_83Y88 无声年代: 宣传一下，[哈哈][哈哈] //@??-Sad 不错呀唱得很有感觉[呵呵] //@-无齿之徒- :回复80后的孩子很多人甚至没听过这首歌 不错哦[笑哈哈]//@坠_花_湮","test","8335","weibo-8335"
"weibo-43265","1","[哈哈]这个点看到转发，你懂的~~","test","43265","weibo-43265"
"weibo-34204","1","[嘻嘻]亲爱的顾客朋友们，来店用餐时别忘给我们投一票哦~","test","34204","weibo-34204"
"weibo-20659","1","回复@卢照清:发财啦，哪天过来消费吧，交个朋友嘛[嘻嘻][哈哈] //@卢照清:我压是这样的：德国0-1意大利1000元、德国1-2意大利3000元、德国2-3意大利1000元。。。结果德国1-2意大利的赔率是14倍[哈哈]","test","20659","weibo-20659"
"weibo-57662","1","万象归春 //@嘻哈包袱铺官方微博:[鼓掌]","test","57662","weibo-57662"
"weibo-33717","1","//@999道私房菜:处女座的你是这样的吗？[爱你]","test","33717","weibo-33717"
"weibo-17182","1","这车开得有水平[嘻嘻]","test","17182","weibo-17182"
"weibo-41586","1","涨价解决不了地铁拥挤根本问题！北京可以考虑换一个方式！比如限制上班，限号出勤！周一身份证号尾数为1，6的不用上班，周二身份证号尾数为2，7的不用上班，周三身份证号尾数为3，8的不用上班，周四身份证号尾数为4，9不用上班，周五身份证号尾数为5，0，x的不用上班。这样明显能缓解地铁压力！[哈哈]","test","41586","weibo-41586"
"weibo-32367","1","@造型师子超 哈哈。嗯。要说句恭喜。你懂的！[哈哈][偷笑][做鬼脸][ok]","test","32367","weibo-32367"
"weibo-58504","1","#吃货走起#昨天问了大家一个关于晚饭的问题，小编觉得，咱们这个地方晚饭还是吃馒头的多~[爱你] 有一个地方，你平时吃一个馒头，到了那儿你会吃仨！要是不信你就去试试看？目的地小馆子，目标三个馒头~lets go！http://t.cn/zYLFTkx","test","58504","weibo-58504"
"weibo-26514","1","筒子们买了神马颜色？丢姐入手了黑红！[抱抱]","test","26514","weibo-26514"
"weibo-48676","1","[鼓掌]获得实体证书啦","test","48676","weibo-48676"
"weibo-58635","1","今年春晚最大的?步是??掌的了！[鼓掌][鼓掌]?回看出?言??目的真正功力了。","test","58635","weibo-58635"
"weibo-49877","1","[给力][给力][鼓掌][鼓掌] //@雪儿1984:转发微博","test","49877","weibo-49877"
"weibo-54182","1","看伦敦奥运会开幕式重播。最喜欢的三个瞬间是：五环，女王和憨豆。[嘻嘻]","test","54182","weibo-54182"
"weibo-8766","1","回复@简白:等待时的情形如在眼前嘞~[哈哈]//@简白:回复@泡鱼儿:一晃三岁了。记得那天，在中医院接她回家，时间真快，祝小小鱼儿生日快乐！！[蛋糕][蛋糕][亲亲][亲亲]","test","8766","weibo-8766"
"weibo-44981","1","毒舌[哈哈]//@唐岩: 时日无多的蠢蛋？您不能这么自嘲。//@经纬张颖: 我总是觉得时间不够用，但同时我也自认自己是个蠢蛋，所以，你的定论还是有问题，我不知道该把自己归类那里。","test","44981","weibo-44981"
"weibo-42237","1","[爱你] //@万里小舟:身材，样貌和技能并存，上帝把门都开给他们了。羡慕…嫉妒…但不恨…为你们骄傲","test","42237","weibo-42237"
"weibo-25538","1","后海12月1日，其实冻得要死，一双爪子冻得通红，但因为沿着水边滴垂柳还有青黄相间滴叶子，拍下来还有春天滴感觉，相机自拍也玩到出神滴地步勒[偷笑]~@eoao @大嘴巴的微笑 你们懂滴，想要原片滴那位童鞋得请客~[嘻嘻]","test","25538","weibo-25538"
"weibo-39174","1","人生难得几回醉[转发]//@及时行乐a: 当时真有些惊恐//@ladySSstephanie:[哈哈][哈哈][哈哈]","test","39174","weibo-39174"
"weibo-39624","1","练到半夜终于学会了仙翁操[太开心]碎觉","test","39624","weibo-39624"
"weibo-20760","1","高，实在是高[哈哈]","test","20760","weibo-20760"
"weibo-8688","1","太可爱了 //@庄鉴韬: 鳌拜长这样啊：） //@蜜丝简-王姬兰:哈哈哈 //@MC曼儿: [哈哈][哈哈]","test","8688","weibo-8688"
"weibo-53402","1","在此祝各位女同胞们节日快乐哈，愿你如百合般芬芳，如玫瑰般美艳，如非洲菊般正能量，也祝愿你的人森如下图般花团锦簇[鼓掌]节日快乐[鼓掌]","test","53402","weibo-53402"
"weibo-12710","1","支持学习杭州模式[哈哈]","test","12710","weibo-12710"
"weibo-47090","1","[鼓掌]//@乔格力: [鼓掌]@雁过留声-桑田","test","47090","weibo-47090"
"weibo-51661","1","三字经 英文版，被迫转，只因为太搞了。[哈哈] //@明翰duuuuuu：玉不琢不成器）（*%￥……&……&* //@佘镇泳全球后援会：If you do not practice all the time, sex will leave you.[哈哈]","test","51661","weibo-51661"
"weibo-21169","1","乙六号翅吧，那个蜂蜜烤面包片加糖，香酥可口，蒜茸生蚝也不错，烤串的味道都还可以[嘻嘻][嘻嘻][嘻嘻]","test","21169","weibo-21169"
"weibo-57138","1","大半夜到家，迎接我的将是玛麻坚持一定要给我做的肉炒酸菜和烙饼鸡蛋（按要求加了谷雨的香椿的喔）；为明天能有时间游泳而分担的稿儿；皇马和巴萨，以及一个越过时差要跟我假装谈话的男人~~生活很幸福[太开心] 今夜务必晚睡，不然对不起这顿大夜宵[懒得理你]","test","57138","weibo-57138"
"weibo-35439","1","哎，这是人生之中不知道什么时候才会明白的道理。 //@巫夜啼:@东东枪 [可爱]","test","35439","weibo-35439"
"weibo-29525","1","一早迷迷糊糊滴被按错门铃儿滴哥们吵醒～半睡眠状态? @沁蓝LY 妞儿做了一顿早餐～这妞儿为了哄我开心滴眼药水装感动～被我发现～[酷]～天呀！趁着我发微博的时候菜都不见啦～交友不慎[哈哈] @摄影师陈小强 @心灵创可贴之2012影像 @北京贵州大厦 @无须豆蔻 @乐乐的石头712 @石头de石头记V","test","29525","weibo-29525"
"weibo-38197","1","霸气侧漏！[哈哈] //@乐视高飞:颠覆，由你开始","test","38197","weibo-38197"
"weibo-52637","1","哎呀呀，介么快就出炉了[可爱]美啊 //@卞洛磊: @媒体人文博 艳照流出[偷笑][偷笑]@裴虹猪鼓励 @孙毓?-?? @高诗语 @陈?inTK","test","52637","weibo-52637"
"weibo-17165","1","「动态外甥」hiahia！大外甥！出生六个小时了，小孩三天塌水膘，就变一个样。现在还有些水肿呢。脸微红，会听声音了，小眼球总转着找人，喝水喝的多起劲！小手还动呢。[偷笑][鼓掌] #WeicoGIF#","test","17165","weibo-17165"
"weibo-26149","1","回复@古雨月文:又好似愤怒的小鸟与猪的结合[嘻嘻] //@古雨月文:感觉像只鸟，愤怒的小鸟，[嘻嘻]","test","26149","weibo-26149"
"weibo-57858","1","[偷笑],办法满好的，就是接着只好趴着睡觉，枕头上要挖个洞[哈哈]","test","57858","weibo-57858"
"weibo-38899","1","[哈哈][哈哈]得闲听雨，与君共把盏，品佳茗！","test","38899","weibo-38899"
"weibo-6806","1","饱和度调太狠了！//@杨小娱:好美丽，有一种冬天冰冷又华丽，同想家...//@贤莹定中: 为什么看完了，有一种想家的感觉…住在东边儿望国贸的同学每天长途奔袭来中关村上班，思乡情切，恶哈哈[嘻嘻]","test","6806","weibo-6806"
"weibo-18180","1","//@翻译与翻译研究: 2010年我辞了那份生物化学研究的工作，专心做脱口秀的演员。---- 还是直接学语文，多好。//@黑马: [哈哈]//@黄昱宁: //@刘夙: 这个采访挺好的，原原本本呈现了部分当年赴美华裔人士的真实心态。//@北山南人:","test","18180","weibo-18180"
"weibo-11791","1","【2013年南非葡萄产量获大丰收】据南非葡萄酒行业信息中心(SAWIS),2013年的葡萄产量预计将突破1491432吨，较去年增加了5.4%，超2008年的最高水平，葡萄汁总产量预计将#超过1百万升#。就质量而言，尤其对红葡萄来说，在颜色、结构、风味方面都很突出。[鼓掌]","test","11791","weibo-11791"
"weibo-37176","1","回复@楚森:学习交流嘛，未来社会化媒体将在这些领域发挥有效作用，相比较硬广，社媒更易扣人心弦、动人心扉。[可爱] //@楚森:补充总结的灰常到位！ //@传易许子靓:除了电影，旅游、餐饮、生活享受类的都蛮适合社会化媒体营销，他们与微博的用户非常Match","test","37176","weibo-37176"
"weibo-43584","1","话说拉拉的毛毛越来越好了呢！虎摸[可爱]","test","43584","weibo-43584"
"weibo-9421","1","回复@江南豪客:北京的中轴线南起永定门，北至钟鼓楼，长约7.8公里。如果不论东西，只走中轴线，几天就可以走完。 //@江南豪客:回复@黄玺赫:你就带我将皇城走遍！[哈哈]","test","9421","weibo-9421"
"weibo-11420","1","【回乡倒计时】“青石板的老街上你我走过的地方，那段斑驳的砖墙如今到底啥模样。到不了的都叫做远方，回不去的名字叫家乡”。回家倒计时，兴奋滴说声早上好！这睡眼惺忪的城市。[太开心][太开心][太开心][太开心]","test","11420","weibo-11420"
"weibo-11585","1","[哈哈] 还有创业板、新三板、天交所//@郑贵辉:那深交所和上交所也算得上了。//@甜团网calvin://@俞文辉: 广东塑料交易所也成互联网公司了？ //@颜桦Amanda:好奇是以什么标准评判的...","test","11585","weibo-11585"
"weibo-30723","1","俞总这种发奖模式很有创新[哈哈][good]","test","30723","weibo-30723"
"weibo-30136","1","回复@曹?勒:所以我们也试试，看看我们能不能提前买完... //@曹?勒:话说有一次马克吐温去书店做通告，到了以后发现全店书架摆放的都是他的新书，他就问老板，怎么只有这本，没有别人的，老板说：别人的书都卖完了。 [嘻嘻]","test","30136","weibo-30136"
"weibo-38927","1","[嘻嘻][嘻嘻][嘻嘻] //@老沈影谈:原来香港放个屁，深圳都能闻到啊。。","test","38927","weibo-38927"
"weibo-33066","1","//@北京远达卓越:[哈哈]","test","33066","weibo-33066"
"weibo-54722","1","#Scotts Family#重奶酪者的天堂[花心] 意面千层面奶香十足[太开心] 玛格丽特绝对的重奶酪披萨，饼很薄酱很多[鼓掌] 蔬菜汤料很丰富，浓郁开胃[嘻嘻] 菠菜沙拉蛮有特色，菠菜有防辐射的功用呦！（地址：朝阳区幸福村路41号?） 感谢美食达人：@薄荷在路上 分享！","test","54722","weibo-54722"
"weibo-24167","1","欢迎 //@刘竹清-:下月韶湖音乐会欢迎你现身。[哈哈][哈哈]","test","24167","weibo-24167"
"weibo-18433","1","每锅价格低20元，你最喜欢的饼便宜5元，距离更近，环境、味道、服务各方面到位，满100返30，送大可乐。。。@大马猴-Stefan 不要怀疑你的眼睛，这就是我今晚去的那家店！[哈哈]","test","18433","weibo-18433"
"weibo-23679","1","济州岛海边小豹纹！high起来！[哈哈][哈哈][哈哈]","test","23679","weibo-23679"
"weibo-52985","1","球球是全家的开心果。谢谢球球带来的欢乐[心][爱你]姥姥也一直夸球球听话[good][鼓掌]爱球球[爱你]#欣生活##欣爱的家人#","test","52985","weibo-52985"
"weibo-15873","1","那是相当的可爱啊[爱你]","test","15873","weibo-15873"
"weibo-46483","1","[哈哈]//@foxtree: //@同创伟业田文: 一针见血[哈哈]","test","46483","weibo-46483"
"weibo-59688","1","伟大的朝鲜再一次向世界证明了实力，让帝国主义望尘莫及，给了修正主义当头一棒子[嘻嘻][嘻嘻][嘻嘻][嘻嘻][嘻嘻][偷笑][偷笑][酷][酷][怒][围观][围观][给力]//@粤蔡粤精彩:饮食圈表示口味不错[馋嘴]","test","59688","weibo-59688"
"weibo-14135","1","[鼓掌]沈阳这座活力和美丽的城市，总是有惊喜带给你[微风]","test","14135","weibo-14135"
"weibo-43264","1","乖儿子，是在等爸爸回家呢[哈哈][哈哈]","test","43264","weibo-43264"
"weibo-49388","1","各种玩各种造型你能让我拿走么？@LoveChanel_Jiang 我太爱它了[可爱] 我在#北京富力万丽酒店# http://t.cn/zOgxfdp","test","49388","weibo-49388"
"weibo-13112","1","回复@枫之雾雨:谢谢鼓励支持[太开心][太开心][太开心][太开心]这篇带任务介绍超详细，写的时候当时情景历历在目于是又?嗦好多，还怕大家看着烦呢 //@枫之雾雨:刚看完，很赞，加油更新！就喜欢看你写的游记","test","13112","weibo-13112"
"weibo-19261","1","今天是活动的最后一天，小伙伴们，拼一下吧，爱拼才会赢！[嘻嘻][威武][给力][酷]","test","19261","weibo-19261"
"weibo-10217","1","又一年了，总结趴~[馋嘴][爱你][手套] @1018王晓磊 @1018昊飞","test","10217","weibo-10217"
"weibo-24691","1","带着阳光味道的美味早餐，芝士蛋糕+原味牛奶鸡蛋布丁，非常好吃啊。一天的心情都会很好了。哈哈……谢谢美食的制作者@凯莉妹妹的厨房 ，辛苦了。还有美食的携带者@我和你讲啊 同学。[嘻嘻][馋嘴][馋嘴][馋嘴]","test","24691","weibo-24691"
"weibo-46272","1","呵呵，欢迎欢迎，热烈欢迎！[嘻嘻][哈哈][爱你]//@徐任重:大龙虾，真心很不错！?http://t.cn/zH1HI9X@嘛妮嘛妮哄 我们快去吃龙虾吧，这家店简直是为我开的！","test","46272","weibo-46272"
"weibo-34316","1","这时候不淡定就完了 //@魅力女人芳芳:淡定 //@糖醋酱麻油拌西瓜皮:[赞]好淡定的麻豆 //@勃派?袖-大?子: [哈哈] //@吴易平: //@-女神有猫-: 拍卡地亚呀 没办法 钱用麻袋背的","test","34316","weibo-34316"
"weibo-17481","1","//@Ningyo柠优: 先转再看，再也不用担心我的K歌水准了！[抱抱]","test","17481","weibo-17481"
"weibo-33608","1","[哈哈]两碗撒！！！","test","33608","weibo-33608"
"weibo-57705","1","必须动起来[鼓掌]","test","57705","weibo-57705"
"weibo-26950","1","回复@古堡往事:[太开心]//@古堡往事:回复@忽略的马甲:现在收到鸟","test","26950","weibo-26950"
"weibo-33529","1","回复@王纪弦: 今天不过去了，我家这个远啊远，俺在家准备呼呼了，哈哈，咱两三天后应该有局，某些人带人回来了，我们要阅一下，对吧？倩：你懂[太开心]hoho @小星星良子 [嘻嘻]//@王纪弦:回复 @张婕J:你来不？来给我电话","test","33529","weibo-33529"
"weibo-44994","1","张总买个送我吧//@CyberAgentVentures：[可爱]","test","44994","weibo-44994"
"weibo-48623","1","[推荐][威武][鼓掌]","test","48623","weibo-48623"
"weibo-31691","1","这是渣浪吗，不科学啊。。。[哈哈]","test","31691","weibo-31691"
"weibo-57767","1","啊哦，有人潜水回来啦！//@鱼落: //@懒人业余餐厅:哥们儿的作品，求扩散[鼓掌]@蘑小菇even @黄天space @阿兹考拉 //@罐透明: 咳咳！“再次”冲出亚洲走向世界加油加油[鼓掌]//@二哥呢: 终于可以再次呈现，感谢所有参与的朋友。","test","57767","weibo-57767"
"weibo-42425","1","cute~圣诞节去HK要买下它~~ //@莎莎网:呢?重有?炸雪糕味呢! 哈哈~[嘻嘻] ??: http://sinaurl.cn/h9lNSi","test","42425","weibo-42425"
"weibo-24948","1","老妈昨个叨叨着要给我做鱼头泡饼，没成想今儿个就做得了！又吃美了，话说那饼怎么烙的，忒好吃了！[爱你][馋嘴][花心][鼓掌][玫瑰]","test","24948","weibo-24948"
"weibo-39565","1","我们台的旧话筒在我这![酷][嘻嘻][哈哈]//@魏小心儿: //@中央人民广播电台：//@姜夕多：亲爱的同仁们，我们挚爱的话筒……。中央人民广播电台最开始所用……还是有点年代了吧。","test","39565","weibo-39565"
"weibo-16076","1","[兔子][给力] //@-看海听涛-:米兔[嘻嘻] //@好人文姬:符合我，你呢？ //@-看海听涛-:无","test","16076","weibo-16076"
"weibo-41434","1","圣诞节前的平安夜，记得送你爱的人一个苹果，果皮刻着快乐，果肉藏着幸福，果汁充满甜蜜，果核里有我的祝福：今夜会有天使在你梦里唱歌，一生平安~[哈哈][哈哈][亲亲][亲亲][鼓掌][鼓掌]","test","41434","weibo-41434"
"weibo-16669","1","我家的员工区域~~[嘻嘻][嘻嘻]","test","16669","weibo-16669"
"weibo-29448","1","//@食全食美史努比:不学就是损失哦[嘻嘻]","test","29448","weibo-29448"
"weibo-31879","1","我的小盒子出山了[嘻嘻]@美国Pelican","test","31879","weibo-31879"
"weibo-44764","1","哈哈！老师！ //@丫头-莎小莎:[偷笑][偷笑][偷笑] //@AstroZY: 第八张拿SX-70的筒子有点儿眼熟！[哈哈] @骨子里的BJ愤青 @霹雳霹璞 @杨2婕娜姆 @丫头-莎小莎 @李鹤_最爱妖蛾子","test","44764","weibo-44764"
"weibo-47306","1","开茶摊[嘻嘻] //@Gaiwey_WB:这大妈也不想想，万一拥堵了咋整？ //@曾老师的生涯小厨: 好厉害啊 //@高长平:大妈真智慧。 //@黎津平:牛 //@泛美??中文?: //@泛美??中文?: [good][偷笑]这条微博一定要转发","test","47306","weibo-47306"
"weibo-47434","1","#高德地图哪都熟#高德地图广告上刊啦！（碰巧和老东家亚马逊的碰到一起[嘻嘻]）。哪位童鞋有看到？@高德地图 官微很快要启动神秘活动，大家关注哦！","test","47434","weibo-47434"
"weibo-49348","1","赠人玫瑰，手留余香[玫瑰]感谢Bryan Williams博士在本周的对客服务培训中和我们分享了这句中国谚语[赞啊] 这次为期两天的培训不仅使我们能够更好地服务客人，为他们创造难忘的入住体验，更使我们成为更有效率的团队领袖[立志青年] 希望我们能有机会向亲们展示我们的培训成果[爱你]","test","49348","weibo-49348"
"weibo-388","1","欢迎//@只是二分之一的我: 回头咱也尝尝去啊@闪电侠小西 //@菊儿小枣:加我微信吧，还有优惠呢[可爱] //@???-婷小妖:@菊儿小枣 这个很有创意啊~~~~~~~~~~~[馋嘴]","test","388","weibo-388"
"weibo-36623","1","回复@蓝桥枫月911:文化之旅，探访台湾民间之美。原始微博里的图片里有十二个入选的主题 //@蓝桥枫月911:怎么看不清你率领的是哪个主题线路啊？ //@叮当说:台湾，我又来了！非常激动，非常感谢[嘻嘻]","test","36623","weibo-36623"
"weibo-48669","1","我们吃的晚餐居然是机器人炒得？太洋气啦[鼓掌] //@阿里墨潇:前几天考察晚餐供应商，人家那儿炒菜都是机器人，一个厨子没有，全靠各种配方。 //@阿里巴巴杨磊:此货淘宝有卖。。。。 //@鲁娜: 揉面也是机器人吧 //@方军_: 转发微博","test","48669","weibo-48669"
"weibo-33513","1","哈哈～进击无违和啊～//@小玉求RP: 那一天，人类终于回想起了，曾经一度被他们所支配的拥堵，还有被俯视于鸭头下的那份屈辱//@八卦_我实在是太CJ了: 进击的巨鸭 //@五月的下午茶://@?藏者:#做鸭真好# //@剑结梵:[哈哈]//@回老家结婚吧: 哈哈哈哈哈哈","test","33513","weibo-33513"
"weibo-28770","1","好久没吃棉花糖了，唱歌地方有免费送，还超大个[good][哈哈][给力]","test","28770","weibo-28770"
"weibo-18694","1","[哈哈]//@老豆BadBean: 无语","test","18694","weibo-18694"
"weibo-46807","1","恭喜发财！[哈哈] //@KwongZau_KING:大吉大利啊[偷笑][偷笑][偷笑][偷笑][偷笑][haha][haha][喜][喜]","test","46807","weibo-46807"
"weibo-20394","1","回复@abcwym:谢谢关注！保持交流！ //@abcwym:一直关注你的围脖，因为儿子在悉尼读书已近一年。非常羡慕你的努力及成功！ //@ABC袁祖文:回复@飞轮韦博:[握手] //@飞轮韦博:羡慕妒忌但不恨[嘻嘻]","test","20394","weibo-20394"
"weibo-27216","1","《小妈妈找蝌蚪》？？//@狼主-紫气贪狼: 谁小时候不都这样么？//@京剧刘魁魁:[哈哈][哈哈][哈哈][哈哈] //@潮人时尚控:你大爷的!!!笑屎我了~[偷笑][笑哈哈]","test","27216","weibo-27216"
"weibo-5070","1","酒室，有几分军火库的烈味。[嘻嘻]//@枫泾古镇官微: 小诗写得好！","test","5070","weibo-5070"
"weibo-39334","1","你为何这么?？[哈哈]","test","39334","weibo-39334"
"weibo-45869","1","午后，看看书，发现 @安妮宝贝 就是这么贴心~[可爱]","test","45869","weibo-45869"
"weibo-15256","1","多少学士？多少硕士？多少博士？名副其实的少//@周永亮博士: //@孙庆生1:化神奇为腐朽[偷笑] //@1句实话:转给学生看看吧 //@丁三青先生: [哈哈]","test","15256","weibo-15256"
"weibo-33442","1","@越南岘港蒙哥马利高尔夫 球场[鼓掌]名师设计，一流水平！","test","33442","weibo-33442"
"weibo-39125","1","#随手拍任泉# @任泉 泉哥又开金嗓啦！！四个人唱的是什么捏！难道是super star咩？[酷][偷笑][嘻嘻] 猜一下~","test","39125","weibo-39125"
"weibo-37254","1","[哈哈] //@伏枥苍龙:无","test","37254","weibo-37254"
"weibo-16754","1","今天继续听讲座，看看俺今天这传统位置[偷笑] 够遥远不[偷笑]爱吃吃，爱聊聊，爱睡睡，想咋地咋地[哈哈] @主播李苏宁","test","16754","weibo-16754"
"weibo-26658","1","我们要听现场版 //@eNet王雪:大洋万岁//@风神小邪:必须是达洋啊~[嘻嘻]//@Haru_灯: 是大洋唱的？不是吧//@风神小邪:娃哈哈，顶起顶起~@eNet王雪 @梦oo???落 @大Ben熊猫叫不高兴要开心 @马强_doff @宠儿畅畅 @Shirley丫头 @Haru_灯 @武晓勃 @New7新七天田原 @阿夙落 快来围观啊~","test","26658","weibo-26658"
"weibo-1288","1","他们说我今天是粉红女！哈哈，一身粉嫩！[哈哈]","test","1288","weibo-1288"
"weibo-43834","1","[给力][围观][威武]//@Tsnow-Queen: [鼓掌][good][耶]","test","43834","weibo-43834"
"weibo-33815","1","要下雨了[哈哈]有木有没带伞的亲，我给送伞去","test","33815","weibo-33815"
"weibo-39933","1","@Miss雪梨长颈鹿 //@卡拉菲的Summer://@经典丶微小说: 据说玩数字游戏输了就要换的头像[哈哈]","test","39933","weibo-39933"
"weibo-37512","1","九皇山上好风景，可惜红叶早了点。期待你们最红叶时的微博//@北川九皇山猿王洞景区: 这几天的红叶要比你们来时更红一些了哦！而且天气也不错呢[嘻嘻][嘻嘻][嘻嘻]","test","37512","weibo-37512"
"weibo-45815","1","给小蜗牛换了新沙子，放了新叶子，小家伙貌似很开心呐? [太开心]","test","45815","weibo-45815"
"weibo-15347","1","美眉们好美啊！[爱你] //@菏底听风:转发","test","15347","weibo-15347"
"weibo-15786","1","[哈哈] //@全球创意搜罗:Tom猫，笑抽了[哈哈] [哈哈]","test","15786","weibo-15786"
"weibo-55997","1","[鼓掌]????","test","55997","weibo-55997"
"weibo-50062","1","明天不用上早班[哈哈][偷笑][围观]阳光不错的 我在这里:http://t.cn/zj5M4uu","test","50062","weibo-50062"
"weibo-8052","1","开奖啦！中奖者是@jodie 中奖信息由微博抽奖平台生成，绝对公正无私心[哈哈] 烦私信地址，下午就寄出。 多谢@RealFoods 友情赞助的奖品[兔子]//@每日维他命Beijing: @每日维他命Beijing 在@转发抽奖平台 上对本次活动进行抽奖，鉴定结果公正有效，参见http://t.cn/zYyE0v1，欢迎大家监督。","test","8052","weibo-8052"
"weibo-33905","1","帮朋友转[嘻嘻]","test","33905","weibo-33905"
"weibo-46296","1","右边亮了！！[走你]//@Palm_耗子: [嘻嘻]//@咸鱼的行摄生活: 人民日报都表示惊讶[思考]//@人民日报:[吃惊]","test","46296","weibo-46296"
"weibo-12031","1","8月16日下午，受海尔卡萨帝之邀，@小李老师健康煮艺 来到了位于成都盛和一路康普雷斯的国美电器商城为其做品牌推广活动。在这里@小李老师健康煮艺 大秀了一把西瓜雕花技艺[嘻嘻][嘻嘻][嘻嘻]，得到了主办方及现场观众[din推撞]的广泛赞扬[good][good]。@卡萨帝 @卡萨帝成都","test","12031","weibo-12031"
"weibo-25562","1","吼吼吼~ 好好看哈，然后来个评论观后感啥地[偷笑][亲亲]","test","25562","weibo-25562"
"weibo-31917","1","[嘻嘻]得转~终于能评论了~[挖鼻屎]","test","31917","weibo-31917"
"weibo-26769","1","奥利奥[爱你]","test","26769","weibo-26769"
"weibo-27884","1","[爱你][爱你] //@bling-bling的岩: @brooke","test","27884","weibo-27884"
"weibo-43984","1","?吃榴?的朋友注意，今季?山王大?收，下星期起每公斤新?$8。香港朋友坐Jetstar?回吃上??也值得。[馋嘴][馋嘴][哈哈][哈哈]","test","43984","weibo-43984"
"weibo-5313","1","[哈哈][哈哈] //@健健康康:[哈哈]@金牌厨师磊磊 ，?到哪?啦？！","test","5313","weibo-5313"
"weibo-42867","1","[哈哈]欢迎来露营公园//@玫瑰小?:下个假期也要这样过[鼓掌]","test","42867","weibo-42867"
"weibo-27059","1","来听我的新歌＂山泉＂吧！很美哦！[可爱]","test","27059","weibo-27059"
"weibo-27039","1","骑着小牛上班去[哈哈]","test","27039","weibo-27039"
"weibo-9163","1","//@柴京瑞:这年头鱼龙混杂，拜啥神的都有！// @云海雪原 : [赞]// @特许连锁李维华 ：支持老梁 // @云海雪原 :[good]// @孙一鸣SUNNY : 非常犀利又非常到位的点评，这期节目我有看[哈哈]","test","9163","weibo-9163"
"weibo-32425","1","[鼓掌][鼓掌]//@leilei_Alice: @Jason_ZhaoXin 优惠//@grace沙漠之舟: [赞][赞][鼓掌][鼓掌]","test","32425","weibo-32425"
"weibo-38344","1","心情大好，补张图。[太开心][太开心][太开心]","test","38344","weibo-38344"
"weibo-56038","1","水晶红果[嘻嘻]","test","56038","weibo-56038"
"weibo-37149","1","吼吼吼吼吼吼吼吼吼吼荷尔蒙。。。。。吼吼吼吼吼吼操翻观众。。。。。。。吼吼吼吼吼吼吼吼吼[哈哈][哈哈][哈哈][哈哈][哈哈][哈哈][哈哈]","test","37149","weibo-37149"
"weibo-30606","1","[偷笑]霸气出发~！[哈哈]//@首责ONE: [吃惊][赞][话筒]","test","30606","weibo-30606"
"weibo-17756","1","@饭团子饭团子 @Eric陈洋 [嘻嘻][偷笑]","test","17756","weibo-17756"
"weibo-48862","1","回复@导演孙继:孙导好 //@导演孙继:[哈哈]乍一看?以?是臧天朔出?了 //@刘小冉0615:[耶][耶][?][?][?]","test","48862","weibo-48862"
"weibo-26207","1","没看到 //@李静: 毛毛这张让我想法太多啊[嘻嘻]","test","26207","weibo-26207"
"weibo-48223","1","哈哈，到周末了就是该让你麻麻伺候你了[哈哈]","test","48223","weibo-48223"
"weibo-48429","1","睡前看到一条喜讯。北京的驴友有福了，亚航即将落地首都机场[鼓掌]","test","48429","weibo-48429"
"weibo-17817","1","控制自己时就变得优雅了，控制得走火入魔的时候就有野心。[哈哈]//@任志强:当你能控制自己时就有野心了。","test","17817","weibo-17817"
"weibo-41264","1","辛苦了，就等你吃饭了[哈哈]","test","41264","weibo-41264"
"weibo-59614","1","[嘻嘻]人生如梦","test","59614","weibo-59614"
"weibo-18166","1","诺阿更适合守门[哈哈] //@Love_NBA小秘书:看诺阿一副认真的样子……干什么都较真儿啊！","test","18166","weibo-18166"
"weibo-9720","1","[哈哈]大笑不止！","test","9720","weibo-9720"
"weibo-1819","1","[鼓掌][鼓掌][鼓掌] //@33你个圈圈:[哈哈][威武]//@游走的胖纸: 好消息[哈哈]","test","1819","weibo-1819"
"weibo-49114","1","过节啦过节啦[嘻嘻]送上一张忧郁王子范儿的卡卡靓照[帅]","test","49114","weibo-49114"
"weibo-9960","1","//@减肥娃娃:[哈哈] 浪漫的巧克力[哈哈]","test","9960","weibo-9960"
"weibo-55677","1","[威武]抵制鸟叔张狮子口骑马[哈哈] //@王焰TV:我也反对春晚用钱砸鸟叔 //@心香一瓣-: 鸟叔的口成了狮子[?] //@聚贤德之淋:@杜楠爆料 @大学生讲坛","test","55677","weibo-55677"
"weibo-23396","1","//@陈树桐说相声的://@周?-小尖果儿: 都来啦[太开心]//@天津相声俱乐部:大半夜的转一个[嘻嘻]，都来呀！[太开心] //@谦祥益:就在今天，我们不见不散！","test","23396","weibo-23396"
"weibo-8212","1","海鲜火锅当然要讲究一个鲜字， 逸品锅的海鲜把来自大海的清爽宜人感觉带到口中，如果发现你喜欢的鱼，随时可以把它们抓到你的锅里去[哈哈]","test","8212","weibo-8212"
"weibo-48022","1","回复@劲松侯老师:这个问题有点难 //@劲松侯老师:爱喝白水的人呢（ ）填空？ //@彭涌_爱美食:共同进步[哈哈][哈哈] //@1039醉洪彬:向彭总学习，向彭总看齐。[哈哈] //@陈玉霞博斐秀禾: 挺准的[偷笑] //@彭涌_爱美食:看来我敌人多，我努力改成红酒行列","test","48022","weibo-48022"
"weibo-8486","1","一起看。[哈哈] //@李智勇:回复@周喜悦:看！ //@周喜悦:如果无意听到男朋友跟自己认识前与别的女人录的AV怎么办","test","8486","weibo-8486"
"weibo-48857","1","协同过滤相对来讲数据收集、分析难度小一些，在同等的技术投入下也更容易有初步产出，但并不意味着个性化就完全没有市场，理想状态应该是在合适的产品场景下去挖掘合适的策略，而不是绝对的东风压倒西风[嘻嘻]","test","48857","weibo-48857"
"weibo-34280","1","熙爷过年好啊，小龙在这拜个年[嘻嘻]","test","34280","weibo-34280"
"weibo-107","1","怎么个免费法[鼓掌] ，估计往返呼伦贝尔的费用自理吧？ @八戒如来神掌 @梁智勇 @海疯 @吹?DO","test","107","weibo-107"
"weibo-25910","1","旗袍穿起来，师姐弟妹们秀起来[鼓掌]","test","25910","weibo-25910"
"weibo-11434","1","惊喜！万能的淘宝有人卖我思念多年的潮汕传统美食鱼饭！还有正宗的牛肉丸子！还有传统的月饼！还有真正放养的鸡做的白切鸡！还有好些熟悉的潮汕美食！http://t.cn/zWWUFle 还等什么？感谢淘宝！另外再呼唤神赐给我一个厨房+ 厨子！[嘻嘻]","test","11434","weibo-11434"
"weibo-12353","1","[哈哈] //@飞常准：咦……下次飞航班你可以这么玩儿~[哈哈]","test","12353","weibo-12353"
"weibo-40074","1","热烈欢迎到浙江和北京指导工作[心] //@夏子帆-酒店职业人:谢谢，找时间去拜访你！//@川北孺子牛:顶//@夏子帆-酒店职业人:谢谢阁主[太开心]//@西塘墨邻阁阁主:[威武][赞][鼓掌][鼓掌][鼓掌]","test","40074","weibo-40074"
"weibo-54923","1","Lee Abbamonte，这位美国最年轻的行者，不仅从AYANA攫取灵感写作了博文“我为什么去巴厘无所事事？""，还在他的博客分享了许多照片哦！[爱你]http://t.cn/zl37Xup","test","54923","weibo-54923"
"weibo-57030","1","用心品味西北乡野菜！//@席窑西北乡野菜1: [鼓掌][鼓掌]用心去感受自己的心@王星餐饮品牌策划人","test","57030","weibo-57030"
"weibo-44327","1","哈哈，我也只认识亚伟兄。[哈哈]","test","44327","weibo-44327"
"weibo-24439","1","我们最牛X的小学！我们又回来啦！我在府学上学我自豪！[哈哈] @Iris小失眠 @刘三水儿 @凡?精?霍树正 #Weico拼图# 我在这里: http://t.cn/z0g5QHB","test","24439","weibo-24439"
"weibo-30340","1","家中的小小日本威士忌收藏系列 [哈哈]","test","30340","weibo-30340"
"weibo-36264","1","//@拔份儿金子: [哈哈] //@追影逐色BG1BSG://@北京顽主_石头: [哈哈]//@别踩我鞋西?花头国安北脸白牛控:35天[鼓掌]//@阳阳爱GuoAn_爱北京://@倩姐是兔牙-倩姐是战士://@北京土著_工体5下:转发微博 [哈哈]","test","36264","weibo-36264"
"weibo-59682","1","[威武] //@唱响CBD:今晚的评委席同样震撼人心！著名声乐教育家@贺冰新国际教学法 网易音乐高级总监@王磊北京 星外星唱片副总经理、资深唱片策划人@丁太升 [鼓掌]","test","59682","weibo-59682"
"weibo-43016","1","真棒 //@怀北国际滑雪场: 必须能，各种烧烤各种搭帐篷[哈哈]//@Flattie专业户: 去回来赶紧报道一下哈 //@冯大白Q: @游泳哥Q 走么哥走么 //@Flattie专业户:能搭帐篷和烧烤么？","test","43016","weibo-43016"
"weibo-59761","1","[哈哈][哈哈][哈哈] //@张思思快乐: [思考][思考]","test","59761","weibo-59761"
"weibo-12948","1","【防雾霾神招来啦！】各城市面对雾霾，会遭遇什么?事？是看不清女友、脱不下口罩，还是报了#携程雾霾险#，等着拿钱？戳图领中枪！[哈哈]普大喜奔，携程旅游雾霾保险即日上线！6城市出游如遇雾霾并满足条件，最高赔付350元！详情戳链接，祝愿大家旅游时天天天晴，给咱们省点！http://t.cn/8sUffc5","test","12948","weibo-12948"
"weibo-24097","1","如果今天中午也能这样那该多美好啊！[可爱]","test","24097","weibo-24097"
"weibo-8838","1","回国倒数15天，无限激动期待中！[太开心]","test","8838","weibo-8838"
"weibo-8613","1","哈哈生娃还能长个啊？和你一样水灵啊[花心]//@江儿何田田: 生了娃，个子长高了1cm，脚也长大了1cm，目测嘴巴还保持原来宽度，俺知足啦啦啦啦啦//@小荃子: 只有大嘴木有变[嘻嘻]","test","8613","weibo-8613"
"weibo-59663","1","这也太专业了！ //@米其林胖三星://@瑶子Y:龙猫[爱你][爱你][爱你]","test","59663","weibo-59663"
"weibo-40018","1","谁说夜宵不丰盛！来小金家各种满足你！[嘻嘻][嘻嘻]","test","40018","weibo-40018"
"weibo-26940","1","弱[哈哈] //@明伦书院崔治中: 现在回想道家的思想:强者示弱;弱能胜强;你就会发现,中国的哲学哲理是从现实的另一个角度,思考人生,大妙也~~ //@学乐中医:转发微博","test","26940","weibo-26940"
"weibo-10924","1","先预热一下，迎面飘来了20多辆保时捷。先是保时捷卡雷拉亚洲赛。[爱你]","test","10924","weibo-10924"
"weibo-38265","1","?暖?好，南方的同?有福了。想想???去的??冬天，就各?冷，如果冬天有??暖?，在南方就享福了。。。[鼓掌][鼓掌][鼓掌]","test","38265","weibo-38265"
"weibo-23397","1","上周五有幸学习如何正确护牙，听完了牙科医生和工作人员的讲述，才发现这么多年，我竟然都没有掌握正确的护牙方法。用完 @飞利浦中国 的声波震动牙刷后感觉挺舒服，牙齿脱胎换骨的感觉：实用色素全刷掉了…而用普通牙刷的那边还有残余…以后护牙就靠HX6711了[嘻嘻]","test","23397","weibo-23397"
"weibo-21187","1","两位旅行者比谁最牛，一个说：“我经常在南极看企鹅”，另一个说：“我经常珠峰遛弯。” 边上一个等车的不屑一顾地说：“每次足球比赛，我都赌中国队赢！”[哈哈]","test","21187","weibo-21187"
"weibo-38180","1","回复@何小侠儿写论文:谢谢亲[亲亲]努力做到更好！ //@何小侠儿写论文:@云想花荣 给你推荐他家的马尔代夫游@天堂马尔代夫 ，价格公道，服务好，你婚礼也可以找他们。下次我们和你们同去也打算走他家定。","test","38180","weibo-38180"
"weibo-48980","1","拍照发微博+#湖北旅游达人分享会#并@湖北旅游，就有机会获得专属礼品哦 [嘻嘻]","test","48980","weibo-48980"
"weibo-2549","1","达?芬奇《蒙娜丽莎》的微笑，永远神秘。俄罗斯一些专家认为，普京总统的微笑最接近蒙娜丽莎的微笑[嘻嘻]。","test","2549","weibo-2549"
"weibo-49944","1","#旅游小贴士#在旅途中，游客被“宰”事件时有发生。当合法权益受到损害时再进行投诉，就显得被动了。 切莫轻信天花乱坠或闪烁其辞的广告宣传，随团出游必须选择透明度高、信誉佳、服务好的旅行社。这样，你的行程就有保障。[可爱]","test","49944","weibo-49944"
"weibo-6609","1","想不想吃想不想吃想不想吃[嘻嘻][嘻嘻][嘻嘻]","test","6609","weibo-6609"
"weibo-31457","1","[给力]//@合肥万达威斯汀酒店: 值得纪念的日子！[鼓掌]","test","31457","weibo-31457"
"weibo-46189","1","#带着微博去旅行##马来西亚乐高之旅#乐高连厕所都相当的可爱。[哈哈][哈哈][哈哈] 我在:http://t.cn/z87kqTu","test","46189","weibo-46189"
"weibo-55226","1","[爱你] 秀出你的美食日记，还能赢奖品哦","test","55226","weibo-55226"
"weibo-8187","1","[给力][爱你][威武]","test","8187","weibo-8187"
"weibo-59954","1","#中联大厦#[哈哈] 烟花三月下扬州，我说不如到武夷，人间四月芳菲尽，我说不如到桐木！@上海红骏茶业 我点评了http://t.cn/z8A4yHa","test","59954","weibo-59954"
"weibo-13621","1","#随手拍蓝天#大郑州的蓝天[爱你]","test","13621","weibo-13621"
"weibo-20177","1","要逆天......[嘻嘻][偷笑]//@焦颖:@小予CAT @边边小猫 哈哈 瞧瞧人家~//@Mark-小太: 转发微博","test","20177","weibo-20177"
"weibo-36825","1","美翻了。[爱你]","test","36825","weibo-36825"
"weibo-12142","1","哈哈，还是有“总”的范儿[江南style] //@越野e族向往神鹰:玩越野的人穿西装别扭阿 //@张杨??不??:传说中的总版主[威武][威武] //@?仔很懒:@越野e族向往神鹰 ？[鼓掌][鼓掌][鼓掌] //@越野E族无锡冰雨:原来是向往神鹰","test","12142","weibo-12142"
"weibo-5045","1","今天运气真好，听说冠洞有设百家宴，急忙包车过来。大开眼界！[太开心]@广西旅游局 @美在广西旅游联盟 @桂林风光 @桂林尊桂旅游网 我在:http://t.cn/zWomQ1e","test","5045","weibo-5045"
"weibo-16981","1","开的太及时了，下周回家办[哈哈]","test","16981","weibo-16981"
"weibo-1995","1","呵呵//@姚晨:[哈哈]","test","1995","weibo-1995"
"weibo-58609","1","赶紧关注吧！//@新余严永华:[话筒]//@新余日报:第二场公车拍卖即将开始，小伙伴准备好了没[嘻嘻]","test","58609","weibo-58609"
"weibo-35280","1","[酷]，不怕冷的请举手！！[嘻嘻]","test","35280","weibo-35280"
"weibo-10320","1","[哈哈]车载导航就该弄个人机对话滴","test","10320","weibo-10320"
"weibo-23151","1","可以推荐给中传的童鞋们哦[嘻嘻][拳头]@丁俊杰@张洪生在传媒大学//@11April: 转发微博","test","23151","weibo-23151"
"weibo-36225","1","庆幸的是，咱的西红柿稳赢，我自豪！！！[嘻嘻]//@TIEasy:[鼓掌]","test","36225","weibo-36225"
"weibo-35247","1","恭喜@百变连旭 连旭老师喜得贵子！[嘻嘻][给力]","test","35247","weibo-35247"
"weibo-34511","1","没想到，一向娇纵吃不得苦的亲，今天竟然主动帮忙抬石槽，值得表扬[鼓掌]，哈哈！","test","34511","weibo-34511"
"weibo-45479","1","#秦淮河御庭#亲，新年快乐，欢迎入住御庭哦?秦淮河御庭位于秦淮河边，古城墙对面，去看灯展很方便哦?御庭餐饮、SPA都值得您体验一把哦?另外，酒店现场也有很丰富的活动呢，欢迎亲参加[嘻嘻]","test","45479","weibo-45479"
"weibo-56905","1","[嘻嘻]美女强悍！//@财讯欧文: NB!//@游心无待: @北青全伟 @北京劳拉 @京城浩子哥 @魔人布欧俱乐部 @海归精英Ivy @Hello海归网-中华 @中国青年海归协会 @海归网haiguiwang @王国伟--海归精英网 @黄尚F @杨洋-爱海的小鱼 @传媒男生 @agendabeijing @the_beijinger @忐忑九歌 @王磊Leon @lotus尧元","test","56905","weibo-56905"
"weibo-29205","1","真是有缘千里北京来相会[嘻嘻] 我们一定与LA旅游局配合让洛杉矶的旅游更加丰富 //@洛杉矶旅游局:回复@朗廷酒店及度假酒店:感谢朗廷酒店的大力支持。周一的活动办得很不错呢，会上与你们洛杉矶帕萨迪纳酒店的同事聊得很好。希望越来越多中国旅客入住朗廷酒店。","test","29205","weibo-29205"
"weibo-8953","1","备降以后终于飞到杭州，回家躺我的床去[哈哈]","test","8953","weibo-8953"
"weibo-49469","1","Amazing! So, if I get one of those watches, will I be able to run 10k? [嘻嘻]","test","49469","weibo-49469"
"weibo-4921","1","[鼓掌][鼓掌] //@王?瑜:[鼓掌]@傅希如 @京剧演员蓝天 @穿Prada的诸葛小乔","test","4921","weibo-4921"
"weibo-23933","1","[哈哈]哈哈哈哈哈//@芥末煮粥:哈哈哈哈","test","23933","weibo-23933"
"weibo-31025","1","咦！你不是在睡?！ //@??人DAVID:期待?[嘻嘻]","test","31025","weibo-31025"
"weibo-25650","1","哈哈，高兴吧。以后争取给你多来几个正脸[笑哈哈]//@美妞911: 也不看看老板娘谁 //@小橘子的诱惑:OMG[吃惊],上电视了？@珍茶栈 [哈哈][鼓掌]","test","25650","weibo-25650"
"weibo-54786","1","回复@心在潮汐:咋没惦记的呢？吃完一麻一辣还想吃一麻一辣[偷笑] //@心在潮汐:回复@笑脸:你才刚吃完回去好吧[哈哈][哈哈]","test","54786","weibo-54786"
"weibo-4216","1","你回来了吗？生日快乐！早日实现你的理想！//@ReneeZhang:张先生生日啊[哈哈][哈哈]生快！生快！应该早点通知嘛，可以一起high一下啊！[蛋糕][蛋糕][蛋糕][蛋糕] @Jun_行走","test","4216","weibo-4216"
"weibo-55456","1","我在这里: #瀛洲公园# 笛子，二胡，迪斯科，下棋，打牌，划船……崇明岛民众的精神文明建设在此很辉煌哈[嘻嘻] http://t.cn/z0FcfD5","test","55456","weibo-55456"
"weibo-23462","1","别兄弟们我错了！都是死胖子@三摩地帮主 他是嫉妒羡慕恨惹的祸[偷笑] //@chef麻老五:又去行走四方了//@鹏的莹: 这在哪呢？马上到[偷笑] //@三摩地帮主:秃子等着瞧@鹏的莹 @现代可汗 [哈哈]//@阿誉菜品设计总监: 回复@ZG厨师网何虹氚:恩 //@ZG厨师网何虹氚:光头-陈庆大师？","test","23462","weibo-23462"
"weibo-8687","1","嘻哈包袱铺四周年庆典：欢乐嘉年华：[哈哈]","test","8687","weibo-8687"
"weibo-22019","1","母上大人默默膜拜！[偷笑][太开心]好吧我也要立志做开明的母上！","test","22019","weibo-22019"
"weibo-16857","1","下回让他起厚鱼片，鱼头骨半煎炸至香，加炸香芋头粗骰子粒，玉竹当归拿汤底，配些肉类蔬菜豆腐一块烫，吃到底连汤喝掉，是为新马流行的鱼头炉。一试难忘[馋嘴][嘻嘻][鼓掌]","test","16857","weibo-16857"
"weibo-11337","1","鼓掌！！[鼓掌]","test","11337","weibo-11337"
"weibo-59298","1","GO嘻嘻！这回终于? 肥成功了,分享下我的方法：http://t.cn/zWkiN31 #天猫出游季#[神马][神马][给力][给力][哈哈][哈哈][哈哈][哈哈][挤眼][挤眼][抱抱][抱抱][怒骂][心][心]5566yyyu77788ii","test","59298","weibo-59298"
"weibo-45239","1","[哈哈] [哈哈] [哈哈] //@黄渤：我替周杰伦谢谢你了","test","45239","weibo-45239"
"weibo-55859","1","回复 @叶飞:[哈哈]都快升级成“粉条""了 //@叶飞:回复 @歌手晗月:耶！什么宽粉、米粉、召粉、地瓜粉、土豆粉、酸辣粉，都不如苹果粉来的猛烈！ //@叶飞:@高晓攀 爱疯5不知道什么时候出，但我知道天亮九点Ipad2就出了。","test","55859","weibo-55859"
"weibo-29256","1","恭喜恭喜！兄弟，为你最爱的电影加油吧！大家一定要多多支持哦！[鼓掌][鼓掌][鼓掌] //@卢晟LEO:电影作曲韩国人，大提琴来自白俄罗斯，巴黎录制！ // @赵宏伟Henry :摄影的支离感透射着苍凉与希望的混合体，后期和声音都很棒。真的是巴黎与韩国的结合，期待正片。","test","29256","weibo-29256"
"weibo-23096","1","加多宝棋高一着，完胜广药王老吉啊！[哈哈]//@张莹牙牙: 正宗好凉茶","test","23096","weibo-23096"
"weibo-41194","1","[赞][赞]柔弱的外表下闪耀着智慧之光。//@风乎舞兮: 读到了慈悲 //@扎西拉姆多多: 要看的[可爱] //@无言的平凡:转发微博","test","41194","weibo-41194"
"weibo-29097","1","007出品，必属精品[爱你]，最稀饭看台下幕后的花絮[花心]#张译#","test","29097","weibo-29097"
